patient_id,EGFR_PROTEIN,EGFR_RNA,EGFR_activity_mean,cohort,batch_domain,phospho_Y1016,phospho_Y1069,phospho_Y1092,phospho_Y1110,phospho_Y1172,EGFR_expression_score,ligand,protein,binding_type,standard_value,standard_units,p_binding
C3L-00001,28.1928745547492,17.07,1,CPTAC,CPTAC,,,,,20.075879232096295,20.075879232096295,CHEMBL941,CHEMBL203,IC50,100000.0,nM,4.0
C3L-00001,28.1928745547492,17.07,1,CPTAC,CPTAC,,,,,20.075879232096295,20.075879232096295,CHEMBL941,CHEMBL203,Kd,10000.0,nM,5.0
C3L-00001,28.1928745547492,17.07,1,CPTAC,CPTAC,,,,,20.075879232096295,20.075879232096295,CHEMBL941,CHEMBL203,Kd,10000.0,nM,5.0
C3L-00001,28.1928745547492,17.07,1,CPTAC,CPTAC,,,,,20.075879232096295,20.075879232096295,CHEMBL941,CHEMBL203,Kd,10000.0,nM,5.0
C3L-00001,28.1928745547492,17.07,1,CPTAC,CPTAC,,,,,20.075879232096295,20.075879232096295,CHEMBL941,CHEMBL203,Kd,10000.0,nM,5.0
C3L-00001,28.1928745547492,17.07,1,CPTAC,CPTAC,,,,,20.075879232096295,20.075879232096295,CHEMBL941,CHEMBL203,Kd,7600.0,nM,5.119186407719209
C3L-00001,28.1928745547492,17.07,1,CPTAC,CPTAC,,,,,20.075879232096295,20.075879232096295,CHEMBL941,CHEMBL203,Kd,10000.0,nM,5.0
C3L-00001,28.1928745547492,17.07,1,CPTAC,CPTAC,,,,,20.075879232096295,20.075879232096295,CHEMBL941,CHEMBL203,Kd,10000.0,nM,5.0
C3L-00001,28.1928745547492,17.07,1,CPTAC,CPTAC,,,,,20.075879232096295,20.075879232096295,CHEMBL941,CHEMBL203,Kd,10000.0,nM,5.0
C3L-00001,28.1928745547492,17.07,1,CPTAC,CPTAC,,,,,20.075879232096295,20.075879232096295,CHEMBL941,CHEMBL203,Kd,10000.0,nM,5.0
C3L-00001,28.1928745547492,17.07,1,CPTAC,CPTAC,,,,,20.075879232096295,20.075879232096295,CHEMBL941,CHEMBL203,Kd,10000.0,nM,5.0
C3L-00001,28.1928745547492,17.07,1,CPTAC,CPTAC,,,,,20.075879232096295,20.075879232096295,CHEMBL1079742,CHEMBL203,IC50,420.0,nM,6.376750709602099
C3L-00001,28.1928745547492,17.07,1,CPTAC,CPTAC,,,,,20.075879232096295,20.075879232096295,CHEMBL1079742,CHEMBL203,IC50,15.0,nM,7.823908740944319
C3L-00001,28.1928745547492,17.07,1,CPTAC,CPTAC,,,,,20.075879232096295,20.075879232096295,CHEMBL941,CHEMBL203,Kd,10000.0,nM,5.0
C3L-00001,28.1928745547492,17.07,1,CPTAC,CPTAC,,,,,20.075879232096295,20.075879232096295,CHEMBL941,CHEMBL203,Kd,10000.0,nM,5.0
C3L-00001,28.1928745547492,17.07,1,CPTAC,CPTAC,,,,,20.075879232096295,20.075879232096295,CHEMBL941,CHEMBL203,Kd,10000.0,nM,5.0
C3L-00001,28.1928745547492,17.07,1,CPTAC,CPTAC,,,,,20.075879232096295,20.075879232096295,CHEMBL941,CHEMBL203,Kd,10000.0,nM,5.0
C3L-00001,28.1928745547492,17.07,1,CPTAC,CPTAC,,,,,20.075879232096295,20.075879232096295,CHEMBL941,CHEMBL203,Kd,7600.0,nM,5.119186407719209
C3L-00001,28.1928745547492,17.07,1,CPTAC,CPTAC,,,,,20.075879232096295,20.075879232096295,CHEMBL941,CHEMBL203,Kd,10000.0,nM,5.0
C3L-00001,28.1928745547492,17.07,1,CPTAC,CPTAC,,,,,20.075879232096295,20.075879232096295,CHEMBL941,CHEMBL203,Kd,10000.0,nM,5.0
C3L-00001,28.1928745547492,17.07,1,CPTAC,CPTAC,,,,,20.075879232096295,20.075879232096295,CHEMBL941,CHEMBL203,Kd,10000.0,nM,5.0
C3L-00001,28.1928745547492,17.07,1,CPTAC,CPTAC,,,,,20.075879232096295,20.075879232096295,CHEMBL941,CHEMBL203,Kd,10000.0,nM,5.0
C3L-00001,28.1928745547492,17.07,1,CPTAC,CPTAC,,,,,20.075879232096295,20.075879232096295,CHEMBL941,CHEMBL203,Kd,10000.0,nM,5.0
C3L-00001,28.1928745547492,17.07,1,CPTAC,CPTAC,,,,,20.075879232096295,20.075879232096295,CHEMBL941,CHEMBL203,Kd,10000.0,nM,5.0
C3L-00001,28.1928745547492,17.07,1,CPTAC,CPTAC,,,,,20.075879232096295,20.075879232096295,CHEMBL941,CHEMBL203,Kd,10000.0,nM,5.0
C3L-00001,28.1928745547492,17.07,1,CPTAC,CPTAC,,,,,20.075879232096295,20.075879232096295,CHEMBL941,CHEMBL203,Kd,30000.0,nM,4.522878745280337
C3L-00001,28.1928745547492,17.07,1,CPTAC,CPTAC,,,,,20.075879232096295,20.075879232096295,CHEMBL1079742,CHEMBL203,IC50,70.0,nM,7.154901959985743
C3L-00001,28.1928745547492,17.07,1,CPTAC,CPTAC,,,,,20.075879232096295,20.075879232096295,CHEMBL941,CHEMBL203,IC50,0.11,nM,9.958607314841775
C3L-00001,28.1928745547492,17.07,1,CPTAC,CPTAC,,,,,20.075879232096295,20.075879232096295,CHEMBL1079742,CHEMBL203,IC50,2.0,nM,8.698970004336019
C3L-00009,25.2195852713392,11.86,1,CPTAC,CPTAC,,,16.9314862480461,,18.76705563200995,17.849270940028028,CHEMBL941,CHEMBL203,IC50,100000.0,nM,4.0
C3L-00009,25.2195852713392,11.86,1,CPTAC,CPTAC,,,16.9314862480461,,18.76705563200995,17.849270940028028,CHEMBL941,CHEMBL203,Kd,10000.0,nM,5.0
C3L-00009,25.2195852713392,11.86,1,CPTAC,CPTAC,,,16.9314862480461,,18.76705563200995,17.849270940028028,CHEMBL941,CHEMBL203,Kd,10000.0,nM,5.0
C3L-00009,25.2195852713392,11.86,1,CPTAC,CPTAC,,,16.9314862480461,,18.76705563200995,17.849270940028028,CHEMBL941,CHEMBL203,Kd,10000.0,nM,5.0
C3L-00009,25.2195852713392,11.86,1,CPTAC,CPTAC,,,16.9314862480461,,18.76705563200995,17.849270940028028,CHEMBL941,CHEMBL203,Kd,10000.0,nM,5.0
C3L-00009,25.2195852713392,11.86,1,CPTAC,CPTAC,,,16.9314862480461,,18.76705563200995,17.849270940028028,CHEMBL941,CHEMBL203,Kd,7600.0,nM,5.119186407719209
C3L-00009,25.2195852713392,11.86,1,CPTAC,CPTAC,,,16.9314862480461,,18.76705563200995,17.849270940028028,CHEMBL941,CHEMBL203,Kd,10000.0,nM,5.0
C3L-00009,25.2195852713392,11.86,1,CPTAC,CPTAC,,,16.9314862480461,,18.76705563200995,17.849270940028028,CHEMBL941,CHEMBL203,Kd,10000.0,nM,5.0
C3L-00009,25.2195852713392,11.86,1,CPTAC,CPTAC,,,16.9314862480461,,18.76705563200995,17.849270940028028,CHEMBL941,CHEMBL203,Kd,10000.0,nM,5.0
C3L-00009,25.2195852713392,11.86,1,CPTAC,CPTAC,,,16.9314862480461,,18.76705563200995,17.849270940028028,CHEMBL941,CHEMBL203,Kd,10000.0,nM,5.0
C3L-00009,25.2195852713392,11.86,1,CPTAC,CPTAC,,,16.9314862480461,,18.76705563200995,17.849270940028028,CHEMBL941,CHEMBL203,Kd,10000.0,nM,5.0
C3L-00009,25.2195852713392,11.86,1,CPTAC,CPTAC,,,16.9314862480461,,18.76705563200995,17.849270940028028,CHEMBL1079742,CHEMBL203,IC50,420.0,nM,6.376750709602099
C3L-00009,25.2195852713392,11.86,1,CPTAC,CPTAC,,,16.9314862480461,,18.76705563200995,17.849270940028028,CHEMBL1079742,CHEMBL203,IC50,15.0,nM,7.823908740944319
C3L-00009,25.2195852713392,11.86,1,CPTAC,CPTAC,,,16.9314862480461,,18.76705563200995,17.849270940028028,CHEMBL941,CHEMBL203,Kd,10000.0,nM,5.0
C3L-00009,25.2195852713392,11.86,1,CPTAC,CPTAC,,,16.9314862480461,,18.76705563200995,17.849270940028028,CHEMBL941,CHEMBL203,Kd,10000.0,nM,5.0
C3L-00009,25.2195852713392,11.86,1,CPTAC,CPTAC,,,16.9314862480461,,18.76705563200995,17.849270940028028,CHEMBL941,CHEMBL203,Kd,10000.0,nM,5.0
C3L-00009,25.2195852713392,11.86,1,CPTAC,CPTAC,,,16.9314862480461,,18.76705563200995,17.849270940028028,CHEMBL941,CHEMBL203,Kd,10000.0,nM,5.0
C3L-00009,25.2195852713392,11.86,1,CPTAC,CPTAC,,,16.9314862480461,,18.76705563200995,17.849270940028028,CHEMBL941,CHEMBL203,Kd,7600.0,nM,5.119186407719209
C3L-00009,25.2195852713392,11.86,1,CPTAC,CPTAC,,,16.9314862480461,,18.76705563200995,17.849270940028028,CHEMBL941,CHEMBL203,Kd,10000.0,nM,5.0
C3L-00009,25.2195852713392,11.86,1,CPTAC,CPTAC,,,16.9314862480461,,18.76705563200995,17.849270940028028,CHEMBL941,CHEMBL203,Kd,10000.0,nM,5.0
C3L-00009,25.2195852713392,11.86,1,CPTAC,CPTAC,,,16.9314862480461,,18.76705563200995,17.849270940028028,CHEMBL941,CHEMBL203,Kd,10000.0,nM,5.0
C3L-00009,25.2195852713392,11.86,1,CPTAC,CPTAC,,,16.9314862480461,,18.76705563200995,17.849270940028028,CHEMBL941,CHEMBL203,Kd,10000.0,nM,5.0
C3L-00009,25.2195852713392,11.86,1,CPTAC,CPTAC,,,16.9314862480461,,18.76705563200995,17.849270940028028,CHEMBL941,CHEMBL203,Kd,10000.0,nM,5.0
C3L-00009,25.2195852713392,11.86,1,CPTAC,CPTAC,,,16.9314862480461,,18.76705563200995,17.849270940028028,CHEMBL941,CHEMBL203,Kd,10000.0,nM,5.0
C3L-00009,25.2195852713392,11.86,1,CPTAC,CPTAC,,,16.9314862480461,,18.76705563200995,17.849270940028028,CHEMBL941,CHEMBL203,Kd,10000.0,nM,5.0
C3L-00009,25.2195852713392,11.86,1,CPTAC,CPTAC,,,16.9314862480461,,18.76705563200995,17.849270940028028,CHEMBL941,CHEMBL203,Kd,30000.0,nM,4.522878745280337
C3L-00009,25.2195852713392,11.86,1,CPTAC,CPTAC,,,16.9314862480461,,18.76705563200995,17.849270940028028,CHEMBL1079742,CHEMBL203,IC50,70.0,nM,7.154901959985743
C3L-00009,25.2195852713392,11.86,1,CPTAC,CPTAC,,,16.9314862480461,,18.76705563200995,17.849270940028028,CHEMBL941,CHEMBL203,IC50,0.11,nM,9.958607314841775
C3L-00009,25.2195852713392,11.86,1,CPTAC,CPTAC,,,16.9314862480461,,18.76705563200995,17.849270940028028,CHEMBL1079742,CHEMBL203,IC50,2.0,nM,8.698970004336019
C3L-00080,25.2388034634108,12.58,1,CPTAC,CPTAC,,,,,18.0262477741692,18.0262477741692,CHEMBL941,CHEMBL203,IC50,100000.0,nM,4.0
C3L-00080,25.2388034634108,12.58,1,CPTAC,CPTAC,,,,,18.0262477741692,18.0262477741692,CHEMBL941,CHEMBL203,Kd,10000.0,nM,5.0
C3L-00080,25.2388034634108,12.58,1,CPTAC,CPTAC,,,,,18.0262477741692,18.0262477741692,CHEMBL941,CHEMBL203,Kd,10000.0,nM,5.0
C3L-00080,25.2388034634108,12.58,1,CPTAC,CPTAC,,,,,18.0262477741692,18.0262477741692,CHEMBL941,CHEMBL203,Kd,10000.0,nM,5.0
C3L-00080,25.2388034634108,12.58,1,CPTAC,CPTAC,,,,,18.0262477741692,18.0262477741692,CHEMBL941,CHEMBL203,Kd,10000.0,nM,5.0
C3L-00080,25.2388034634108,12.58,1,CPTAC,CPTAC,,,,,18.0262477741692,18.0262477741692,CHEMBL941,CHEMBL203,Kd,7600.0,nM,5.119186407719209
C3L-00080,25.2388034634108,12.58,1,CPTAC,CPTAC,,,,,18.0262477741692,18.0262477741692,CHEMBL941,CHEMBL203,Kd,10000.0,nM,5.0
C3L-00080,25.2388034634108,12.58,1,CPTAC,CPTAC,,,,,18.0262477741692,18.0262477741692,CHEMBL941,CHEMBL203,Kd,10000.0,nM,5.0
C3L-00080,25.2388034634108,12.58,1,CPTAC,CPTAC,,,,,18.0262477741692,18.0262477741692,CHEMBL941,CHEMBL203,Kd,10000.0,nM,5.0
C3L-00080,25.2388034634108,12.58,1,CPTAC,CPTAC,,,,,18.0262477741692,18.0262477741692,CHEMBL941,CHEMBL203,Kd,10000.0,nM,5.0
C3L-00080,25.2388034634108,12.58,1,CPTAC,CPTAC,,,,,18.0262477741692,18.0262477741692,CHEMBL941,CHEMBL203,Kd,10000.0,nM,5.0
C3L-00080,25.2388034634108,12.58,1,CPTAC,CPTAC,,,,,18.0262477741692,18.0262477741692,CHEMBL1079742,CHEMBL203,IC50,420.0,nM,6.376750709602099
C3L-00080,25.2388034634108,12.58,1,CPTAC,CPTAC,,,,,18.0262477741692,18.0262477741692,CHEMBL1079742,CHEMBL203,IC50,15.0,nM,7.823908740944319
C3L-00080,25.2388034634108,12.58,1,CPTAC,CPTAC,,,,,18.0262477741692,18.0262477741692,CHEMBL941,CHEMBL203,Kd,10000.0,nM,5.0
C3L-00080,25.2388034634108,12.58,1,CPTAC,CPTAC,,,,,18.0262477741692,18.0262477741692,CHEMBL941,CHEMBL203,Kd,10000.0,nM,5.0
C3L-00080,25.2388034634108,12.58,1,CPTAC,CPTAC,,,,,18.0262477741692,18.0262477741692,CHEMBL941,CHEMBL203,Kd,10000.0,nM,5.0
C3L-00080,25.2388034634108,12.58,1,CPTAC,CPTAC,,,,,18.0262477741692,18.0262477741692,CHEMBL941,CHEMBL203,Kd,10000.0,nM,5.0
C3L-00080,25.2388034634108,12.58,1,CPTAC,CPTAC,,,,,18.0262477741692,18.0262477741692,CHEMBL941,CHEMBL203,Kd,7600.0,nM,5.119186407719209
C3L-00080,25.2388034634108,12.58,1,CPTAC,CPTAC,,,,,18.0262477741692,18.0262477741692,CHEMBL941,CHEMBL203,Kd,10000.0,nM,5.0
C3L-00080,25.2388034634108,12.58,1,CPTAC,CPTAC,,,,,18.0262477741692,18.0262477741692,CHEMBL941,CHEMBL203,Kd,10000.0,nM,5.0
C3L-00080,25.2388034634108,12.58,1,CPTAC,CPTAC,,,,,18.0262477741692,18.0262477741692,CHEMBL941,CHEMBL203,Kd,10000.0,nM,5.0
C3L-00080,25.2388034634108,12.58,1,CPTAC,CPTAC,,,,,18.0262477741692,18.0262477741692,CHEMBL941,CHEMBL203,Kd,10000.0,nM,5.0
C3L-00080,25.2388034634108,12.58,1,CPTAC,CPTAC,,,,,18.0262477741692,18.0262477741692,CHEMBL941,CHEMBL203,Kd,10000.0,nM,5.0
C3L-00080,25.2388034634108,12.58,1,CPTAC,CPTAC,,,,,18.0262477741692,18.0262477741692,CHEMBL941,CHEMBL203,Kd,10000.0,nM,5.0
C3L-00080,25.2388034634108,12.58,1,CPTAC,CPTAC,,,,,18.0262477741692,18.0262477741692,CHEMBL941,CHEMBL203,Kd,10000.0,nM,5.0
C3L-00080,25.2388034634108,12.58,1,CPTAC,CPTAC,,,,,18.0262477741692,18.0262477741692,CHEMBL941,CHEMBL203,Kd,30000.0,nM,4.522878745280337
C3L-00080,25.2388034634108,12.58,1,CPTAC,CPTAC,,,,,18.0262477741692,18.0262477741692,CHEMBL1079742,CHEMBL203,IC50,70.0,nM,7.154901959985743
C3L-00080,25.2388034634108,12.58,1,CPTAC,CPTAC,,,,,18.0262477741692,18.0262477741692,CHEMBL941,CHEMBL203,IC50,0.11,nM,9.958607314841775
C3L-00080,25.2388034634108,12.58,1,CPTAC,CPTAC,,,,,18.0262477741692,18.0262477741692,CHEMBL1079742,CHEMBL203,IC50,2.0,nM,8.698970004336019
C3L-00083,25.0415832172602,10.94,1,CPTAC,CPTAC,,,,,,,CHEMBL941,CHEMBL203,IC50,100000.0,nM,4.0
C3L-00083,25.0415832172602,10.94,1,CPTAC,CPTAC,,,,,,,CHEMBL941,CHEMBL203,Kd,10000.0,nM,5.0
C3L-00083,25.0415832172602,10.94,1,CPTAC,CPTAC,,,,,,,CHEMBL941,CHEMBL203,Kd,10000.0,nM,5.0
C3L-00083,25.0415832172602,10.94,1,CPTAC,CPTAC,,,,,,,CHEMBL941,CHEMBL203,Kd,10000.0,nM,5.0
C3L-00083,25.0415832172602,10.94,1,CPTAC,CPTAC,,,,,,,CHEMBL941,CHEMBL203,Kd,10000.0,nM,5.0
C3L-00083,25.0415832172602,10.94,1,CPTAC,CPTAC,,,,,,,CHEMBL941,CHEMBL203,Kd,7600.0,nM,5.119186407719209
C3L-00083,25.0415832172602,10.94,1,CPTAC,CPTAC,,,,,,,CHEMBL941,CHEMBL203,Kd,10000.0,nM,5.0
C3L-00083,25.0415832172602,10.94,1,CPTAC,CPTAC,,,,,,,CHEMBL941,CHEMBL203,Kd,10000.0,nM,5.0
C3L-00083,25.0415832172602,10.94,1,CPTAC,CPTAC,,,,,,,CHEMBL941,CHEMBL203,Kd,10000.0,nM,5.0
C3L-00083,25.0415832172602,10.94,1,CPTAC,CPTAC,,,,,,,CHEMBL941,CHEMBL203,Kd,10000.0,nM,5.0
C3L-00083,25.0415832172602,10.94,1,CPTAC,CPTAC,,,,,,,CHEMBL941,CHEMBL203,Kd,10000.0,nM,5.0
C3L-00083,25.0415832172602,10.94,1,CPTAC,CPTAC,,,,,,,CHEMBL1079742,CHEMBL203,IC50,420.0,nM,6.376750709602099
C3L-00083,25.0415832172602,10.94,1,CPTAC,CPTAC,,,,,,,CHEMBL1079742,CHEMBL203,IC50,15.0,nM,7.823908740944319
C3L-00083,25.0415832172602,10.94,1,CPTAC,CPTAC,,,,,,,CHEMBL941,CHEMBL203,Kd,10000.0,nM,5.0
C3L-00083,25.0415832172602,10.94,1,CPTAC,CPTAC,,,,,,,CHEMBL941,CHEMBL203,Kd,10000.0,nM,5.0
C3L-00083,25.0415832172602,10.94,1,CPTAC,CPTAC,,,,,,,CHEMBL941,CHEMBL203,Kd,10000.0,nM,5.0
C3L-00083,25.0415832172602,10.94,1,CPTAC,CPTAC,,,,,,,CHEMBL941,CHEMBL203,Kd,10000.0,nM,5.0
C3L-00083,25.0415832172602,10.94,1,CPTAC,CPTAC,,,,,,,CHEMBL941,CHEMBL203,Kd,7600.0,nM,5.119186407719209
C3L-00083,25.0415832172602,10.94,1,CPTAC,CPTAC,,,,,,,CHEMBL941,CHEMBL203,Kd,10000.0,nM,5.0
C3L-00083,25.0415832172602,10.94,1,CPTAC,CPTAC,,,,,,,CHEMBL941,CHEMBL203,Kd,10000.0,nM,5.0
C3L-00083,25.0415832172602,10.94,1,CPTAC,CPTAC,,,,,,,CHEMBL941,CHEMBL203,Kd,10000.0,nM,5.0
C3L-00083,25.0415832172602,10.94,1,CPTAC,CPTAC,,,,,,,CHEMBL941,CHEMBL203,Kd,10000.0,nM,5.0
C3L-00083,25.0415832172602,10.94,1,CPTAC,CPTAC,,,,,,,CHEMBL941,CHEMBL203,Kd,10000.0,nM,5.0
C3L-00083,25.0415832172602,10.94,1,CPTAC,CPTAC,,,,,,,CHEMBL941,CHEMBL203,Kd,10000.0,nM,5.0
C3L-00083,25.0415832172602,10.94,1,CPTAC,CPTAC,,,,,,,CHEMBL941,CHEMBL203,Kd,10000.0,nM,5.0
C3L-00083,25.0415832172602,10.94,1,CPTAC,CPTAC,,,,,,,CHEMBL941,CHEMBL203,Kd,30000.0,nM,4.522878745280337
C3L-00083,25.0415832172602,10.94,1,CPTAC,CPTAC,,,,,,,CHEMBL1079742,CHEMBL203,IC50,70.0,nM,7.154901959985743
C3L-00083,25.0415832172602,10.94,1,CPTAC,CPTAC,,,,,,,CHEMBL941,CHEMBL203,IC50,0.11,nM,9.958607314841775
C3L-00083,25.0415832172602,10.94,1,CPTAC,CPTAC,,,,,,,CHEMBL1079742,CHEMBL203,IC50,2.0,nM,8.698970004336019
C3L-00093,24.4695108198644,12.78,1,CPTAC,CPTAC,,,,,,,CHEMBL941,CHEMBL203,IC50,100000.0,nM,4.0
C3L-00093,24.4695108198644,12.78,1,CPTAC,CPTAC,,,,,,,CHEMBL941,CHEMBL203,Kd,10000.0,nM,5.0
C3L-00093,24.4695108198644,12.78,1,CPTAC,CPTAC,,,,,,,CHEMBL941,CHEMBL203,Kd,10000.0,nM,5.0
C3L-00093,24.4695108198644,12.78,1,CPTAC,CPTAC,,,,,,,CHEMBL941,CHEMBL203,Kd,10000.0,nM,5.0
C3L-00093,24.4695108198644,12.78,1,CPTAC,CPTAC,,,,,,,CHEMBL941,CHEMBL203,Kd,10000.0,nM,5.0
C3L-00093,24.4695108198644,12.78,1,CPTAC,CPTAC,,,,,,,CHEMBL941,CHEMBL203,Kd,7600.0,nM,5.119186407719209
C3L-00093,24.4695108198644,12.78,1,CPTAC,CPTAC,,,,,,,CHEMBL941,CHEMBL203,Kd,10000.0,nM,5.0
C3L-00093,24.4695108198644,12.78,1,CPTAC,CPTAC,,,,,,,CHEMBL941,CHEMBL203,Kd,10000.0,nM,5.0
C3L-00093,24.4695108198644,12.78,1,CPTAC,CPTAC,,,,,,,CHEMBL941,CHEMBL203,Kd,10000.0,nM,5.0
C3L-00093,24.4695108198644,12.78,1,CPTAC,CPTAC,,,,,,,CHEMBL941,CHEMBL203,Kd,10000.0,nM,5.0
C3L-00093,24.4695108198644,12.78,1,CPTAC,CPTAC,,,,,,,CHEMBL941,CHEMBL203,Kd,10000.0,nM,5.0
C3L-00093,24.4695108198644,12.78,1,CPTAC,CPTAC,,,,,,,CHEMBL1079742,CHEMBL203,IC50,420.0,nM,6.376750709602099
C3L-00093,24.4695108198644,12.78,1,CPTAC,CPTAC,,,,,,,CHEMBL1079742,CHEMBL203,IC50,15.0,nM,7.823908740944319
C3L-00093,24.4695108198644,12.78,1,CPTAC,CPTAC,,,,,,,CHEMBL941,CHEMBL203,Kd,10000.0,nM,5.0
C3L-00093,24.4695108198644,12.78,1,CPTAC,CPTAC,,,,,,,CHEMBL941,CHEMBL203,Kd,10000.0,nM,5.0
C3L-00093,24.4695108198644,12.78,1,CPTAC,CPTAC,,,,,,,CHEMBL941,CHEMBL203,Kd,10000.0,nM,5.0
C3L-00093,24.4695108198644,12.78,1,CPTAC,CPTAC,,,,,,,CHEMBL941,CHEMBL203,Kd,10000.0,nM,5.0
C3L-00093,24.4695108198644,12.78,1,CPTAC,CPTAC,,,,,,,CHEMBL941,CHEMBL203,Kd,7600.0,nM,5.119186407719209
C3L-00093,24.4695108198644,12.78,1,CPTAC,CPTAC,,,,,,,CHEMBL941,CHEMBL203,Kd,10000.0,nM,5.0
C3L-00093,24.4695108198644,12.78,1,CPTAC,CPTAC,,,,,,,CHEMBL941,CHEMBL203,Kd,10000.0,nM,5.0
C3L-00093,24.4695108198644,12.78,1,CPTAC,CPTAC,,,,,,,CHEMBL941,CHEMBL203,Kd,10000.0,nM,5.0
C3L-00093,24.4695108198644,12.78,1,CPTAC,CPTAC,,,,,,,CHEMBL941,CHEMBL203,Kd,10000.0,nM,5.0
C3L-00093,24.4695108198644,12.78,1,CPTAC,CPTAC,,,,,,,CHEMBL941,CHEMBL203,Kd,10000.0,nM,5.0
C3L-00093,24.4695108198644,12.78,1,CPTAC,CPTAC,,,,,,,CHEMBL941,CHEMBL203,Kd,10000.0,nM,5.0
C3L-00093,24.4695108198644,12.78,1,CPTAC,CPTAC,,,,,,,CHEMBL941,CHEMBL203,Kd,10000.0,nM,5.0
C3L-00093,24.4695108198644,12.78,1,CPTAC,CPTAC,,,,,,,CHEMBL941,CHEMBL203,Kd,30000.0,nM,4.522878745280337
C3L-00093,24.4695108198644,12.78,1,CPTAC,CPTAC,,,,,,,CHEMBL1079742,CHEMBL203,IC50,70.0,nM,7.154901959985743
C3L-00093,24.4695108198644,12.78,1,CPTAC,CPTAC,,,,,,,CHEMBL941,CHEMBL203,IC50,0.11,nM,9.958607314841775
C3L-00093,24.4695108198644,12.78,1,CPTAC,CPTAC,,,,,,,CHEMBL1079742,CHEMBL203,IC50,2.0,nM,8.698970004336019
C3L-00094,24.7383165786791,12.28,1,CPTAC,CPTAC,,,,,,,CHEMBL941,CHEMBL203,IC50,100000.0,nM,4.0
C3L-00094,24.7383165786791,12.28,1,CPTAC,CPTAC,,,,,,,CHEMBL941,CHEMBL203,Kd,10000.0,nM,5.0
C3L-00094,24.7383165786791,12.28,1,CPTAC,CPTAC,,,,,,,CHEMBL941,CHEMBL203,Kd,10000.0,nM,5.0
C3L-00094,24.7383165786791,12.28,1,CPTAC,CPTAC,,,,,,,CHEMBL941,CHEMBL203,Kd,10000.0,nM,5.0
C3L-00094,24.7383165786791,12.28,1,CPTAC,CPTAC,,,,,,,CHEMBL941,CHEMBL203,Kd,10000.0,nM,5.0
C3L-00094,24.7383165786791,12.28,1,CPTAC,CPTAC,,,,,,,CHEMBL941,CHEMBL203,Kd,7600.0,nM,5.119186407719209
C3L-00094,24.7383165786791,12.28,1,CPTAC,CPTAC,,,,,,,CHEMBL941,CHEMBL203,Kd,10000.0,nM,5.0
C3L-00094,24.7383165786791,12.28,1,CPTAC,CPTAC,,,,,,,CHEMBL941,CHEMBL203,Kd,10000.0,nM,5.0
C3L-00094,24.7383165786791,12.28,1,CPTAC,CPTAC,,,,,,,CHEMBL941,CHEMBL203,Kd,10000.0,nM,5.0
C3L-00094,24.7383165786791,12.28,1,CPTAC,CPTAC,,,,,,,CHEMBL941,CHEMBL203,Kd,10000.0,nM,5.0
C3L-00094,24.7383165786791,12.28,1,CPTAC,CPTAC,,,,,,,CHEMBL941,CHEMBL203,Kd,10000.0,nM,5.0
C3L-00094,24.7383165786791,12.28,1,CPTAC,CPTAC,,,,,,,CHEMBL1079742,CHEMBL203,IC50,420.0,nM,6.376750709602099
C3L-00094,24.7383165786791,12.28,1,CPTAC,CPTAC,,,,,,,CHEMBL1079742,CHEMBL203,IC50,15.0,nM,7.823908740944319
C3L-00094,24.7383165786791,12.28,1,CPTAC,CPTAC,,,,,,,CHEMBL941,CHEMBL203,Kd,10000.0,nM,5.0
C3L-00094,24.7383165786791,12.28,1,CPTAC,CPTAC,,,,,,,CHEMBL941,CHEMBL203,Kd,10000.0,nM,5.0
C3L-00094,24.7383165786791,12.28,1,CPTAC,CPTAC,,,,,,,CHEMBL941,CHEMBL203,Kd,10000.0,nM,5.0
C3L-00094,24.7383165786791,12.28,1,CPTAC,CPTAC,,,,,,,CHEMBL941,CHEMBL203,Kd,10000.0,nM,5.0
C3L-00094,24.7383165786791,12.28,1,CPTAC,CPTAC,,,,,,,CHEMBL941,CHEMBL203,Kd,7600.0,nM,5.119186407719209
C3L-00094,24.7383165786791,12.28,1,CPTAC,CPTAC,,,,,,,CHEMBL941,CHEMBL203,Kd,10000.0,nM,5.0
C3L-00094,24.7383165786791,12.28,1,CPTAC,CPTAC,,,,,,,CHEMBL941,CHEMBL203,Kd,10000.0,nM,5.0
C3L-00094,24.7383165786791,12.28,1,CPTAC,CPTAC,,,,,,,CHEMBL941,CHEMBL203,Kd,10000.0,nM,5.0
C3L-00094,24.7383165786791,12.28,1,CPTAC,CPTAC,,,,,,,CHEMBL941,CHEMBL203,Kd,10000.0,nM,5.0
C3L-00094,24.7383165786791,12.28,1,CPTAC,CPTAC,,,,,,,CHEMBL941,CHEMBL203,Kd,10000.0,nM,5.0
C3L-00094,24.7383165786791,12.28,1,CPTAC,CPTAC,,,,,,,CHEMBL941,CHEMBL203,Kd,10000.0,nM,5.0
C3L-00094,24.7383165786791,12.28,1,CPTAC,CPTAC,,,,,,,CHEMBL941,CHEMBL203,Kd,10000.0,nM,5.0
C3L-00094,24.7383165786791,12.28,1,CPTAC,CPTAC,,,,,,,CHEMBL941,CHEMBL203,Kd,30000.0,nM,4.522878745280337
C3L-00094,24.7383165786791,12.28,1,CPTAC,CPTAC,,,,,,,CHEMBL1079742,CHEMBL203,IC50,70.0,nM,7.154901959985743
C3L-00094,24.7383165786791,12.28,1,CPTAC,CPTAC,,,,,,,CHEMBL941,CHEMBL203,IC50,0.11,nM,9.958607314841775
C3L-00094,24.7383165786791,12.28,1,CPTAC,CPTAC,,,,,,,CHEMBL1079742,CHEMBL203,IC50,2.0,nM,8.698970004336019
C3L-00095,24.9813336570897,12.34,1,CPTAC,CPTAC,,,,,,,CHEMBL941,CHEMBL203,IC50,100000.0,nM,4.0
C3L-00095,24.9813336570897,12.34,1,CPTAC,CPTAC,,,,,,,CHEMBL941,CHEMBL203,Kd,10000.0,nM,5.0
C3L-00095,24.9813336570897,12.34,1,CPTAC,CPTAC,,,,,,,CHEMBL941,CHEMBL203,Kd,10000.0,nM,5.0
C3L-00095,24.9813336570897,12.34,1,CPTAC,CPTAC,,,,,,,CHEMBL941,CHEMBL203,Kd,10000.0,nM,5.0
C3L-00095,24.9813336570897,12.34,1,CPTAC,CPTAC,,,,,,,CHEMBL941,CHEMBL203,Kd,10000.0,nM,5.0
C3L-00095,24.9813336570897,12.34,1,CPTAC,CPTAC,,,,,,,CHEMBL941,CHEMBL203,Kd,7600.0,nM,5.119186407719209
C3L-00095,24.9813336570897,12.34,1,CPTAC,CPTAC,,,,,,,CHEMBL941,CHEMBL203,Kd,10000.0,nM,5.0
C3L-00095,24.9813336570897,12.34,1,CPTAC,CPTAC,,,,,,,CHEMBL941,CHEMBL203,Kd,10000.0,nM,5.0
C3L-00095,24.9813336570897,12.34,1,CPTAC,CPTAC,,,,,,,CHEMBL941,CHEMBL203,Kd,10000.0,nM,5.0
C3L-00095,24.9813336570897,12.34,1,CPTAC,CPTAC,,,,,,,CHEMBL941,CHEMBL203,Kd,10000.0,nM,5.0
C3L-00095,24.9813336570897,12.34,1,CPTAC,CPTAC,,,,,,,CHEMBL941,CHEMBL203,Kd,10000.0,nM,5.0
C3L-00095,24.9813336570897,12.34,1,CPTAC,CPTAC,,,,,,,CHEMBL1079742,CHEMBL203,IC50,420.0,nM,6.376750709602099
C3L-00095,24.9813336570897,12.34,1,CPTAC,CPTAC,,,,,,,CHEMBL1079742,CHEMBL203,IC50,15.0,nM,7.823908740944319
C3L-00095,24.9813336570897,12.34,1,CPTAC,CPTAC,,,,,,,CHEMBL941,CHEMBL203,Kd,10000.0,nM,5.0
C3L-00095,24.9813336570897,12.34,1,CPTAC,CPTAC,,,,,,,CHEMBL941,CHEMBL203,Kd,10000.0,nM,5.0
C3L-00095,24.9813336570897,12.34,1,CPTAC,CPTAC,,,,,,,CHEMBL941,CHEMBL203,Kd,10000.0,nM,5.0
C3L-00095,24.9813336570897,12.34,1,CPTAC,CPTAC,,,,,,,CHEMBL941,CHEMBL203,Kd,10000.0,nM,5.0
C3L-00095,24.9813336570897,12.34,1,CPTAC,CPTAC,,,,,,,CHEMBL941,CHEMBL203,Kd,7600.0,nM,5.119186407719209
C3L-00095,24.9813336570897,12.34,1,CPTAC,CPTAC,,,,,,,CHEMBL941,CHEMBL203,Kd,10000.0,nM,5.0
C3L-00095,24.9813336570897,12.34,1,CPTAC,CPTAC,,,,,,,CHEMBL941,CHEMBL203,Kd,10000.0,nM,5.0
C3L-00095,24.9813336570897,12.34,1,CPTAC,CPTAC,,,,,,,CHEMBL941,CHEMBL203,Kd,10000.0,nM,5.0
C3L-00095,24.9813336570897,12.34,1,CPTAC,CPTAC,,,,,,,CHEMBL941,CHEMBL203,Kd,10000.0,nM,5.0
C3L-00095,24.9813336570897,12.34,1,CPTAC,CPTAC,,,,,,,CHEMBL941,CHEMBL203,Kd,10000.0,nM,5.0
C3L-00095,24.9813336570897,12.34,1,CPTAC,CPTAC,,,,,,,CHEMBL941,CHEMBL203,Kd,10000.0,nM,5.0
C3L-00095,24.9813336570897,12.34,1,CPTAC,CPTAC,,,,,,,CHEMBL941,CHEMBL203,Kd,10000.0,nM,5.0
C3L-00095,24.9813336570897,12.34,1,CPTAC,CPTAC,,,,,,,CHEMBL941,CHEMBL203,Kd,30000.0,nM,4.522878745280337
C3L-00095,24.9813336570897,12.34,1,CPTAC,CPTAC,,,,,,,CHEMBL1079742,CHEMBL203,IC50,70.0,nM,7.154901959985743
C3L-00095,24.9813336570897,12.34,1,CPTAC,CPTAC,,,,,,,CHEMBL941,CHEMBL203,IC50,0.11,nM,9.958607314841775
C3L-00095,24.9813336570897,12.34,1,CPTAC,CPTAC,,,,,,,CHEMBL1079742,CHEMBL203,IC50,2.0,nM,8.698970004336019
C3L-00140,25.030301878115,12.47,1,CPTAC,CPTAC,,,17.530325112873,,18.44859567402295,17.989460393447978,CHEMBL941,CHEMBL203,IC50,100000.0,nM,4.0
C3L-00140,25.030301878115,12.47,1,CPTAC,CPTAC,,,17.530325112873,,18.44859567402295,17.989460393447978,CHEMBL941,CHEMBL203,Kd,10000.0,nM,5.0
C3L-00140,25.030301878115,12.47,1,CPTAC,CPTAC,,,17.530325112873,,18.44859567402295,17.989460393447978,CHEMBL941,CHEMBL203,Kd,10000.0,nM,5.0
C3L-00140,25.030301878115,12.47,1,CPTAC,CPTAC,,,17.530325112873,,18.44859567402295,17.989460393447978,CHEMBL941,CHEMBL203,Kd,10000.0,nM,5.0
C3L-00140,25.030301878115,12.47,1,CPTAC,CPTAC,,,17.530325112873,,18.44859567402295,17.989460393447978,CHEMBL941,CHEMBL203,Kd,10000.0,nM,5.0
C3L-00140,25.030301878115,12.47,1,CPTAC,CPTAC,,,17.530325112873,,18.44859567402295,17.989460393447978,CHEMBL941,CHEMBL203,Kd,7600.0,nM,5.119186407719209
C3L-00140,25.030301878115,12.47,1,CPTAC,CPTAC,,,17.530325112873,,18.44859567402295,17.989460393447978,CHEMBL941,CHEMBL203,Kd,10000.0,nM,5.0
C3L-00140,25.030301878115,12.47,1,CPTAC,CPTAC,,,17.530325112873,,18.44859567402295,17.989460393447978,CHEMBL941,CHEMBL203,Kd,10000.0,nM,5.0
C3L-00140,25.030301878115,12.47,1,CPTAC,CPTAC,,,17.530325112873,,18.44859567402295,17.989460393447978,CHEMBL941,CHEMBL203,Kd,10000.0,nM,5.0
C3L-00140,25.030301878115,12.47,1,CPTAC,CPTAC,,,17.530325112873,,18.44859567402295,17.989460393447978,CHEMBL941,CHEMBL203,Kd,10000.0,nM,5.0
C3L-00140,25.030301878115,12.47,1,CPTAC,CPTAC,,,17.530325112873,,18.44859567402295,17.989460393447978,CHEMBL941,CHEMBL203,Kd,10000.0,nM,5.0
C3L-00140,25.030301878115,12.47,1,CPTAC,CPTAC,,,17.530325112873,,18.44859567402295,17.989460393447978,CHEMBL1079742,CHEMBL203,IC50,420.0,nM,6.376750709602099
C3L-00140,25.030301878115,12.47,1,CPTAC,CPTAC,,,17.530325112873,,18.44859567402295,17.989460393447978,CHEMBL1079742,CHEMBL203,IC50,15.0,nM,7.823908740944319
C3L-00140,25.030301878115,12.47,1,CPTAC,CPTAC,,,17.530325112873,,18.44859567402295,17.989460393447978,CHEMBL941,CHEMBL203,Kd,10000.0,nM,5.0
C3L-00140,25.030301878115,12.47,1,CPTAC,CPTAC,,,17.530325112873,,18.44859567402295,17.989460393447978,CHEMBL941,CHEMBL203,Kd,10000.0,nM,5.0
C3L-00140,25.030301878115,12.47,1,CPTAC,CPTAC,,,17.530325112873,,18.44859567402295,17.989460393447978,CHEMBL941,CHEMBL203,Kd,10000.0,nM,5.0
C3L-00140,25.030301878115,12.47,1,CPTAC,CPTAC,,,17.530325112873,,18.44859567402295,17.989460393447978,CHEMBL941,CHEMBL203,Kd,10000.0,nM,5.0
C3L-00140,25.030301878115,12.47,1,CPTAC,CPTAC,,,17.530325112873,,18.44859567402295,17.989460393447978,CHEMBL941,CHEMBL203,Kd,7600.0,nM,5.119186407719209
C3L-00140,25.030301878115,12.47,1,CPTAC,CPTAC,,,17.530325112873,,18.44859567402295,17.989460393447978,CHEMBL941,CHEMBL203,Kd,10000.0,nM,5.0
C3L-00140,25.030301878115,12.47,1,CPTAC,CPTAC,,,17.530325112873,,18.44859567402295,17.989460393447978,CHEMBL941,CHEMBL203,Kd,10000.0,nM,5.0
C3L-00140,25.030301878115,12.47,1,CPTAC,CPTAC,,,17.530325112873,,18.44859567402295,17.989460393447978,CHEMBL941,CHEMBL203,Kd,10000.0,nM,5.0
C3L-00140,25.030301878115,12.47,1,CPTAC,CPTAC,,,17.530325112873,,18.44859567402295,17.989460393447978,CHEMBL941,CHEMBL203,Kd,10000.0,nM,5.0
C3L-00140,25.030301878115,12.47,1,CPTAC,CPTAC,,,17.530325112873,,18.44859567402295,17.989460393447978,CHEMBL941,CHEMBL203,Kd,10000.0,nM,5.0
C3L-00140,25.030301878115,12.47,1,CPTAC,CPTAC,,,17.530325112873,,18.44859567402295,17.989460393447978,CHEMBL941,CHEMBL203,Kd,10000.0,nM,5.0
C3L-00140,25.030301878115,12.47,1,CPTAC,CPTAC,,,17.530325112873,,18.44859567402295,17.989460393447978,CHEMBL941,CHEMBL203,Kd,10000.0,nM,5.0
C3L-00140,25.030301878115,12.47,1,CPTAC,CPTAC,,,17.530325112873,,18.44859567402295,17.989460393447978,CHEMBL941,CHEMBL203,Kd,30000.0,nM,4.522878745280337
C3L-00140,25.030301878115,12.47,1,CPTAC,CPTAC,,,17.530325112873,,18.44859567402295,17.989460393447978,CHEMBL1079742,CHEMBL203,IC50,70.0,nM,7.154901959985743
C3L-00140,25.030301878115,12.47,1,CPTAC,CPTAC,,,17.530325112873,,18.44859567402295,17.989460393447978,CHEMBL941,CHEMBL203,IC50,0.11,nM,9.958607314841775
C3L-00140,25.030301878115,12.47,1,CPTAC,CPTAC,,,17.530325112873,,18.44859567402295,17.989460393447978,CHEMBL1079742,CHEMBL203,IC50,2.0,nM,8.698970004336019
C3L-00144,25.5229505272406,13.26,1,CPTAC,CPTAC,,,,,,,CHEMBL941,CHEMBL203,IC50,100000.0,nM,4.0
C3L-00144,25.5229505272406,13.26,1,CPTAC,CPTAC,,,,,,,CHEMBL941,CHEMBL203,Kd,10000.0,nM,5.0
C3L-00144,25.5229505272406,13.26,1,CPTAC,CPTAC,,,,,,,CHEMBL941,CHEMBL203,Kd,10000.0,nM,5.0
C3L-00144,25.5229505272406,13.26,1,CPTAC,CPTAC,,,,,,,CHEMBL941,CHEMBL203,Kd,10000.0,nM,5.0
C3L-00144,25.5229505272406,13.26,1,CPTAC,CPTAC,,,,,,,CHEMBL941,CHEMBL203,Kd,10000.0,nM,5.0
C3L-00144,25.5229505272406,13.26,1,CPTAC,CPTAC,,,,,,,CHEMBL941,CHEMBL203,Kd,7600.0,nM,5.119186407719209
C3L-00144,25.5229505272406,13.26,1,CPTAC,CPTAC,,,,,,,CHEMBL941,CHEMBL203,Kd,10000.0,nM,5.0
C3L-00144,25.5229505272406,13.26,1,CPTAC,CPTAC,,,,,,,CHEMBL941,CHEMBL203,Kd,10000.0,nM,5.0
C3L-00144,25.5229505272406,13.26,1,CPTAC,CPTAC,,,,,,,CHEMBL941,CHEMBL203,Kd,10000.0,nM,5.0
C3L-00144,25.5229505272406,13.26,1,CPTAC,CPTAC,,,,,,,CHEMBL941,CHEMBL203,Kd,10000.0,nM,5.0
C3L-00144,25.5229505272406,13.26,1,CPTAC,CPTAC,,,,,,,CHEMBL941,CHEMBL203,Kd,10000.0,nM,5.0
C3L-00144,25.5229505272406,13.26,1,CPTAC,CPTAC,,,,,,,CHEMBL1079742,CHEMBL203,IC50,420.0,nM,6.376750709602099
C3L-00144,25.5229505272406,13.26,1,CPTAC,CPTAC,,,,,,,CHEMBL1079742,CHEMBL203,IC50,15.0,nM,7.823908740944319
C3L-00144,25.5229505272406,13.26,1,CPTAC,CPTAC,,,,,,,CHEMBL941,CHEMBL203,Kd,10000.0,nM,5.0
C3L-00144,25.5229505272406,13.26,1,CPTAC,CPTAC,,,,,,,CHEMBL941,CHEMBL203,Kd,10000.0,nM,5.0
C3L-00144,25.5229505272406,13.26,1,CPTAC,CPTAC,,,,,,,CHEMBL941,CHEMBL203,Kd,10000.0,nM,5.0
C3L-00144,25.5229505272406,13.26,1,CPTAC,CPTAC,,,,,,,CHEMBL941,CHEMBL203,Kd,10000.0,nM,5.0
C3L-00144,25.5229505272406,13.26,1,CPTAC,CPTAC,,,,,,,CHEMBL941,CHEMBL203,Kd,7600.0,nM,5.119186407719209
C3L-00144,25.5229505272406,13.26,1,CPTAC,CPTAC,,,,,,,CHEMBL941,CHEMBL203,Kd,10000.0,nM,5.0
C3L-00144,25.5229505272406,13.26,1,CPTAC,CPTAC,,,,,,,CHEMBL941,CHEMBL203,Kd,10000.0,nM,5.0
C3L-00144,25.5229505272406,13.26,1,CPTAC,CPTAC,,,,,,,CHEMBL941,CHEMBL203,Kd,10000.0,nM,5.0
C3L-00144,25.5229505272406,13.26,1,CPTAC,CPTAC,,,,,,,CHEMBL941,CHEMBL203,Kd,10000.0,nM,5.0
C3L-00144,25.5229505272406,13.26,1,CPTAC,CPTAC,,,,,,,CHEMBL941,CHEMBL203,Kd,10000.0,nM,5.0
C3L-00144,25.5229505272406,13.26,1,CPTAC,CPTAC,,,,,,,CHEMBL941,CHEMBL203,Kd,10000.0,nM,5.0
C3L-00144,25.5229505272406,13.26,1,CPTAC,CPTAC,,,,,,,CHEMBL941,CHEMBL203,Kd,10000.0,nM,5.0
C3L-00144,25.5229505272406,13.26,1,CPTAC,CPTAC,,,,,,,CHEMBL941,CHEMBL203,Kd,30000.0,nM,4.522878745280337
C3L-00144,25.5229505272406,13.26,1,CPTAC,CPTAC,,,,,,,CHEMBL1079742,CHEMBL203,IC50,70.0,nM,7.154901959985743
C3L-00144,25.5229505272406,13.26,1,CPTAC,CPTAC,,,,,,,CHEMBL941,CHEMBL203,IC50,0.11,nM,9.958607314841775
C3L-00144,25.5229505272406,13.26,1,CPTAC,CPTAC,,,,,,,CHEMBL1079742,CHEMBL203,IC50,2.0,nM,8.698970004336019
C3L-00263,25.2077115074721,12.3,1,CPTAC,CPTAC,,,,,18.78487997569265,18.78487997569265,CHEMBL941,CHEMBL203,IC50,100000.0,nM,4.0
C3L-00263,25.2077115074721,12.3,1,CPTAC,CPTAC,,,,,18.78487997569265,18.78487997569265,CHEMBL941,CHEMBL203,Kd,10000.0,nM,5.0
C3L-00263,25.2077115074721,12.3,1,CPTAC,CPTAC,,,,,18.78487997569265,18.78487997569265,CHEMBL941,CHEMBL203,Kd,10000.0,nM,5.0
C3L-00263,25.2077115074721,12.3,1,CPTAC,CPTAC,,,,,18.78487997569265,18.78487997569265,CHEMBL941,CHEMBL203,Kd,10000.0,nM,5.0
C3L-00263,25.2077115074721,12.3,1,CPTAC,CPTAC,,,,,18.78487997569265,18.78487997569265,CHEMBL941,CHEMBL203,Kd,10000.0,nM,5.0
C3L-00263,25.2077115074721,12.3,1,CPTAC,CPTAC,,,,,18.78487997569265,18.78487997569265,CHEMBL941,CHEMBL203,Kd,7600.0,nM,5.119186407719209
C3L-00263,25.2077115074721,12.3,1,CPTAC,CPTAC,,,,,18.78487997569265,18.78487997569265,CHEMBL941,CHEMBL203,Kd,10000.0,nM,5.0
C3L-00263,25.2077115074721,12.3,1,CPTAC,CPTAC,,,,,18.78487997569265,18.78487997569265,CHEMBL941,CHEMBL203,Kd,10000.0,nM,5.0
C3L-00263,25.2077115074721,12.3,1,CPTAC,CPTAC,,,,,18.78487997569265,18.78487997569265,CHEMBL941,CHEMBL203,Kd,10000.0,nM,5.0
C3L-00263,25.2077115074721,12.3,1,CPTAC,CPTAC,,,,,18.78487997569265,18.78487997569265,CHEMBL941,CHEMBL203,Kd,10000.0,nM,5.0
C3L-00263,25.2077115074721,12.3,1,CPTAC,CPTAC,,,,,18.78487997569265,18.78487997569265,CHEMBL941,CHEMBL203,Kd,10000.0,nM,5.0
C3L-00263,25.2077115074721,12.3,1,CPTAC,CPTAC,,,,,18.78487997569265,18.78487997569265,CHEMBL1079742,CHEMBL203,IC50,420.0,nM,6.376750709602099
C3L-00263,25.2077115074721,12.3,1,CPTAC,CPTAC,,,,,18.78487997569265,18.78487997569265,CHEMBL1079742,CHEMBL203,IC50,15.0,nM,7.823908740944319
C3L-00263,25.2077115074721,12.3,1,CPTAC,CPTAC,,,,,18.78487997569265,18.78487997569265,CHEMBL941,CHEMBL203,Kd,10000.0,nM,5.0
C3L-00263,25.2077115074721,12.3,1,CPTAC,CPTAC,,,,,18.78487997569265,18.78487997569265,CHEMBL941,CHEMBL203,Kd,10000.0,nM,5.0
C3L-00263,25.2077115074721,12.3,1,CPTAC,CPTAC,,,,,18.78487997569265,18.78487997569265,CHEMBL941,CHEMBL203,Kd,10000.0,nM,5.0
C3L-00263,25.2077115074721,12.3,1,CPTAC,CPTAC,,,,,18.78487997569265,18.78487997569265,CHEMBL941,CHEMBL203,Kd,10000.0,nM,5.0
C3L-00263,25.2077115074721,12.3,1,CPTAC,CPTAC,,,,,18.78487997569265,18.78487997569265,CHEMBL941,CHEMBL203,Kd,7600.0,nM,5.119186407719209
C3L-00263,25.2077115074721,12.3,1,CPTAC,CPTAC,,,,,18.78487997569265,18.78487997569265,CHEMBL941,CHEMBL203,Kd,10000.0,nM,5.0
C3L-00263,25.2077115074721,12.3,1,CPTAC,CPTAC,,,,,18.78487997569265,18.78487997569265,CHEMBL941,CHEMBL203,Kd,10000.0,nM,5.0
C3L-00263,25.2077115074721,12.3,1,CPTAC,CPTAC,,,,,18.78487997569265,18.78487997569265,CHEMBL941,CHEMBL203,Kd,10000.0,nM,5.0
C3L-00263,25.2077115074721,12.3,1,CPTAC,CPTAC,,,,,18.78487997569265,18.78487997569265,CHEMBL941,CHEMBL203,Kd,10000.0,nM,5.0
C3L-00263,25.2077115074721,12.3,1,CPTAC,CPTAC,,,,,18.78487997569265,18.78487997569265,CHEMBL941,CHEMBL203,Kd,10000.0,nM,5.0
C3L-00263,25.2077115074721,12.3,1,CPTAC,CPTAC,,,,,18.78487997569265,18.78487997569265,CHEMBL941,CHEMBL203,Kd,10000.0,nM,5.0
C3L-00263,25.2077115074721,12.3,1,CPTAC,CPTAC,,,,,18.78487997569265,18.78487997569265,CHEMBL941,CHEMBL203,Kd,10000.0,nM,5.0
C3L-00263,25.2077115074721,12.3,1,CPTAC,CPTAC,,,,,18.78487997569265,18.78487997569265,CHEMBL941,CHEMBL203,Kd,30000.0,nM,4.522878745280337
C3L-00263,25.2077115074721,12.3,1,CPTAC,CPTAC,,,,,18.78487997569265,18.78487997569265,CHEMBL1079742,CHEMBL203,IC50,70.0,nM,7.154901959985743
C3L-00263,25.2077115074721,12.3,1,CPTAC,CPTAC,,,,,18.78487997569265,18.78487997569265,CHEMBL941,CHEMBL203,IC50,0.11,nM,9.958607314841775
C3L-00263,25.2077115074721,12.3,1,CPTAC,CPTAC,,,,,18.78487997569265,18.78487997569265,CHEMBL1079742,CHEMBL203,IC50,2.0,nM,8.698970004336019
C3L-00279,25.7485218030559,13.15,1,CPTAC,CPTAC,,,,,18.6326719038641,18.6326719038641,CHEMBL941,CHEMBL203,IC50,100000.0,nM,4.0
C3L-00279,25.7485218030559,13.15,1,CPTAC,CPTAC,,,,,18.6326719038641,18.6326719038641,CHEMBL941,CHEMBL203,Kd,10000.0,nM,5.0
C3L-00279,25.7485218030559,13.15,1,CPTAC,CPTAC,,,,,18.6326719038641,18.6326719038641,CHEMBL941,CHEMBL203,Kd,10000.0,nM,5.0
C3L-00279,25.7485218030559,13.15,1,CPTAC,CPTAC,,,,,18.6326719038641,18.6326719038641,CHEMBL941,CHEMBL203,Kd,10000.0,nM,5.0
C3L-00279,25.7485218030559,13.15,1,CPTAC,CPTAC,,,,,18.6326719038641,18.6326719038641,CHEMBL941,CHEMBL203,Kd,10000.0,nM,5.0
C3L-00279,25.7485218030559,13.15,1,CPTAC,CPTAC,,,,,18.6326719038641,18.6326719038641,CHEMBL941,CHEMBL203,Kd,7600.0,nM,5.119186407719209
C3L-00279,25.7485218030559,13.15,1,CPTAC,CPTAC,,,,,18.6326719038641,18.6326719038641,CHEMBL941,CHEMBL203,Kd,10000.0,nM,5.0
C3L-00279,25.7485218030559,13.15,1,CPTAC,CPTAC,,,,,18.6326719038641,18.6326719038641,CHEMBL941,CHEMBL203,Kd,10000.0,nM,5.0
C3L-00279,25.7485218030559,13.15,1,CPTAC,CPTAC,,,,,18.6326719038641,18.6326719038641,CHEMBL941,CHEMBL203,Kd,10000.0,nM,5.0
C3L-00279,25.7485218030559,13.15,1,CPTAC,CPTAC,,,,,18.6326719038641,18.6326719038641,CHEMBL941,CHEMBL203,Kd,10000.0,nM,5.0
C3L-00279,25.7485218030559,13.15,1,CPTAC,CPTAC,,,,,18.6326719038641,18.6326719038641,CHEMBL941,CHEMBL203,Kd,10000.0,nM,5.0
C3L-00279,25.7485218030559,13.15,1,CPTAC,CPTAC,,,,,18.6326719038641,18.6326719038641,CHEMBL1079742,CHEMBL203,IC50,420.0,nM,6.376750709602099
C3L-00279,25.7485218030559,13.15,1,CPTAC,CPTAC,,,,,18.6326719038641,18.6326719038641,CHEMBL1079742,CHEMBL203,IC50,15.0,nM,7.823908740944319
C3L-00279,25.7485218030559,13.15,1,CPTAC,CPTAC,,,,,18.6326719038641,18.6326719038641,CHEMBL941,CHEMBL203,Kd,10000.0,nM,5.0
C3L-00279,25.7485218030559,13.15,1,CPTAC,CPTAC,,,,,18.6326719038641,18.6326719038641,CHEMBL941,CHEMBL203,Kd,10000.0,nM,5.0
C3L-00279,25.7485218030559,13.15,1,CPTAC,CPTAC,,,,,18.6326719038641,18.6326719038641,CHEMBL941,CHEMBL203,Kd,10000.0,nM,5.0
C3L-00279,25.7485218030559,13.15,1,CPTAC,CPTAC,,,,,18.6326719038641,18.6326719038641,CHEMBL941,CHEMBL203,Kd,10000.0,nM,5.0
C3L-00279,25.7485218030559,13.15,1,CPTAC,CPTAC,,,,,18.6326719038641,18.6326719038641,CHEMBL941,CHEMBL203,Kd,7600.0,nM,5.119186407719209
C3L-00279,25.7485218030559,13.15,1,CPTAC,CPTAC,,,,,18.6326719038641,18.6326719038641,CHEMBL941,CHEMBL203,Kd,10000.0,nM,5.0
C3L-00279,25.7485218030559,13.15,1,CPTAC,CPTAC,,,,,18.6326719038641,18.6326719038641,CHEMBL941,CHEMBL203,Kd,10000.0,nM,5.0
C3L-00279,25.7485218030559,13.15,1,CPTAC,CPTAC,,,,,18.6326719038641,18.6326719038641,CHEMBL941,CHEMBL203,Kd,10000.0,nM,5.0
C3L-00279,25.7485218030559,13.15,1,CPTAC,CPTAC,,,,,18.6326719038641,18.6326719038641,CHEMBL941,CHEMBL203,Kd,10000.0,nM,5.0
C3L-00279,25.7485218030559,13.15,1,CPTAC,CPTAC,,,,,18.6326719038641,18.6326719038641,CHEMBL941,CHEMBL203,Kd,10000.0,nM,5.0
C3L-00279,25.7485218030559,13.15,1,CPTAC,CPTAC,,,,,18.6326719038641,18.6326719038641,CHEMBL941,CHEMBL203,Kd,10000.0,nM,5.0
C3L-00279,25.7485218030559,13.15,1,CPTAC,CPTAC,,,,,18.6326719038641,18.6326719038641,CHEMBL941,CHEMBL203,Kd,10000.0,nM,5.0
C3L-00279,25.7485218030559,13.15,1,CPTAC,CPTAC,,,,,18.6326719038641,18.6326719038641,CHEMBL941,CHEMBL203,Kd,30000.0,nM,4.522878745280337
C3L-00279,25.7485218030559,13.15,1,CPTAC,CPTAC,,,,,18.6326719038641,18.6326719038641,CHEMBL1079742,CHEMBL203,IC50,70.0,nM,7.154901959985743
C3L-00279,25.7485218030559,13.15,1,CPTAC,CPTAC,,,,,18.6326719038641,18.6326719038641,CHEMBL941,CHEMBL203,IC50,0.11,nM,9.958607314841775
C3L-00279,25.7485218030559,13.15,1,CPTAC,CPTAC,,,,,18.6326719038641,18.6326719038641,CHEMBL1079742,CHEMBL203,IC50,2.0,nM,8.698970004336019
C3L-00368,25.8287616618409,13.59,1,CPTAC,CPTAC,,,18.3238196875235,,19.256333267017556,18.790076477270524,CHEMBL941,CHEMBL203,IC50,100000.0,nM,4.0
C3L-00368,25.8287616618409,13.59,1,CPTAC,CPTAC,,,18.3238196875235,,19.256333267017556,18.790076477270524,CHEMBL941,CHEMBL203,Kd,10000.0,nM,5.0
C3L-00368,25.8287616618409,13.59,1,CPTAC,CPTAC,,,18.3238196875235,,19.256333267017556,18.790076477270524,CHEMBL941,CHEMBL203,Kd,10000.0,nM,5.0
C3L-00368,25.8287616618409,13.59,1,CPTAC,CPTAC,,,18.3238196875235,,19.256333267017556,18.790076477270524,CHEMBL941,CHEMBL203,Kd,10000.0,nM,5.0
C3L-00368,25.8287616618409,13.59,1,CPTAC,CPTAC,,,18.3238196875235,,19.256333267017556,18.790076477270524,CHEMBL941,CHEMBL203,Kd,10000.0,nM,5.0
C3L-00368,25.8287616618409,13.59,1,CPTAC,CPTAC,,,18.3238196875235,,19.256333267017556,18.790076477270524,CHEMBL941,CHEMBL203,Kd,7600.0,nM,5.119186407719209
C3L-00368,25.8287616618409,13.59,1,CPTAC,CPTAC,,,18.3238196875235,,19.256333267017556,18.790076477270524,CHEMBL941,CHEMBL203,Kd,10000.0,nM,5.0
C3L-00368,25.8287616618409,13.59,1,CPTAC,CPTAC,,,18.3238196875235,,19.256333267017556,18.790076477270524,CHEMBL941,CHEMBL203,Kd,10000.0,nM,5.0
C3L-00368,25.8287616618409,13.59,1,CPTAC,CPTAC,,,18.3238196875235,,19.256333267017556,18.790076477270524,CHEMBL941,CHEMBL203,Kd,10000.0,nM,5.0
C3L-00368,25.8287616618409,13.59,1,CPTAC,CPTAC,,,18.3238196875235,,19.256333267017556,18.790076477270524,CHEMBL941,CHEMBL203,Kd,10000.0,nM,5.0
C3L-00368,25.8287616618409,13.59,1,CPTAC,CPTAC,,,18.3238196875235,,19.256333267017556,18.790076477270524,CHEMBL941,CHEMBL203,Kd,10000.0,nM,5.0
C3L-00368,25.8287616618409,13.59,1,CPTAC,CPTAC,,,18.3238196875235,,19.256333267017556,18.790076477270524,CHEMBL1079742,CHEMBL203,IC50,420.0,nM,6.376750709602099
C3L-00368,25.8287616618409,13.59,1,CPTAC,CPTAC,,,18.3238196875235,,19.256333267017556,18.790076477270524,CHEMBL1079742,CHEMBL203,IC50,15.0,nM,7.823908740944319
C3L-00368,25.8287616618409,13.59,1,CPTAC,CPTAC,,,18.3238196875235,,19.256333267017556,18.790076477270524,CHEMBL941,CHEMBL203,Kd,10000.0,nM,5.0
C3L-00368,25.8287616618409,13.59,1,CPTAC,CPTAC,,,18.3238196875235,,19.256333267017556,18.790076477270524,CHEMBL941,CHEMBL203,Kd,10000.0,nM,5.0
C3L-00368,25.8287616618409,13.59,1,CPTAC,CPTAC,,,18.3238196875235,,19.256333267017556,18.790076477270524,CHEMBL941,CHEMBL203,Kd,10000.0,nM,5.0
C3L-00368,25.8287616618409,13.59,1,CPTAC,CPTAC,,,18.3238196875235,,19.256333267017556,18.790076477270524,CHEMBL941,CHEMBL203,Kd,10000.0,nM,5.0
C3L-00368,25.8287616618409,13.59,1,CPTAC,CPTAC,,,18.3238196875235,,19.256333267017556,18.790076477270524,CHEMBL941,CHEMBL203,Kd,7600.0,nM,5.119186407719209
C3L-00368,25.8287616618409,13.59,1,CPTAC,CPTAC,,,18.3238196875235,,19.256333267017556,18.790076477270524,CHEMBL941,CHEMBL203,Kd,10000.0,nM,5.0
C3L-00368,25.8287616618409,13.59,1,CPTAC,CPTAC,,,18.3238196875235,,19.256333267017556,18.790076477270524,CHEMBL941,CHEMBL203,Kd,10000.0,nM,5.0
C3L-00368,25.8287616618409,13.59,1,CPTAC,CPTAC,,,18.3238196875235,,19.256333267017556,18.790076477270524,CHEMBL941,CHEMBL203,Kd,10000.0,nM,5.0
C3L-00368,25.8287616618409,13.59,1,CPTAC,CPTAC,,,18.3238196875235,,19.256333267017556,18.790076477270524,CHEMBL941,CHEMBL203,Kd,10000.0,nM,5.0
C3L-00368,25.8287616618409,13.59,1,CPTAC,CPTAC,,,18.3238196875235,,19.256333267017556,18.790076477270524,CHEMBL941,CHEMBL203,Kd,10000.0,nM,5.0
C3L-00368,25.8287616618409,13.59,1,CPTAC,CPTAC,,,18.3238196875235,,19.256333267017556,18.790076477270524,CHEMBL941,CHEMBL203,Kd,10000.0,nM,5.0
C3L-00368,25.8287616618409,13.59,1,CPTAC,CPTAC,,,18.3238196875235,,19.256333267017556,18.790076477270524,CHEMBL941,CHEMBL203,Kd,10000.0,nM,5.0
C3L-00368,25.8287616618409,13.59,1,CPTAC,CPTAC,,,18.3238196875235,,19.256333267017556,18.790076477270524,CHEMBL941,CHEMBL203,Kd,30000.0,nM,4.522878745280337
C3L-00368,25.8287616618409,13.59,1,CPTAC,CPTAC,,,18.3238196875235,,19.256333267017556,18.790076477270524,CHEMBL1079742,CHEMBL203,IC50,70.0,nM,7.154901959985743
C3L-00368,25.8287616618409,13.59,1,CPTAC,CPTAC,,,18.3238196875235,,19.256333267017556,18.790076477270524,CHEMBL941,CHEMBL203,IC50,0.11,nM,9.958607314841775
C3L-00368,25.8287616618409,13.59,1,CPTAC,CPTAC,,,18.3238196875235,,19.256333267017556,18.790076477270524,CHEMBL1079742,CHEMBL203,IC50,2.0,nM,8.698970004336019
C3L-00412,24.9982671311309,11.65,1,CPTAC,CPTAC,,,17.7189778877548,,,17.7189778877548,CHEMBL941,CHEMBL203,IC50,100000.0,nM,4.0
C3L-00412,24.9982671311309,11.65,1,CPTAC,CPTAC,,,17.7189778877548,,,17.7189778877548,CHEMBL941,CHEMBL203,Kd,10000.0,nM,5.0
C3L-00412,24.9982671311309,11.65,1,CPTAC,CPTAC,,,17.7189778877548,,,17.7189778877548,CHEMBL941,CHEMBL203,Kd,10000.0,nM,5.0
C3L-00412,24.9982671311309,11.65,1,CPTAC,CPTAC,,,17.7189778877548,,,17.7189778877548,CHEMBL941,CHEMBL203,Kd,10000.0,nM,5.0
C3L-00412,24.9982671311309,11.65,1,CPTAC,CPTAC,,,17.7189778877548,,,17.7189778877548,CHEMBL941,CHEMBL203,Kd,10000.0,nM,5.0
C3L-00412,24.9982671311309,11.65,1,CPTAC,CPTAC,,,17.7189778877548,,,17.7189778877548,CHEMBL941,CHEMBL203,Kd,7600.0,nM,5.119186407719209
C3L-00412,24.9982671311309,11.65,1,CPTAC,CPTAC,,,17.7189778877548,,,17.7189778877548,CHEMBL941,CHEMBL203,Kd,10000.0,nM,5.0
C3L-00412,24.9982671311309,11.65,1,CPTAC,CPTAC,,,17.7189778877548,,,17.7189778877548,CHEMBL941,CHEMBL203,Kd,10000.0,nM,5.0
C3L-00412,24.9982671311309,11.65,1,CPTAC,CPTAC,,,17.7189778877548,,,17.7189778877548,CHEMBL941,CHEMBL203,Kd,10000.0,nM,5.0
C3L-00412,24.9982671311309,11.65,1,CPTAC,CPTAC,,,17.7189778877548,,,17.7189778877548,CHEMBL941,CHEMBL203,Kd,10000.0,nM,5.0
C3L-00412,24.9982671311309,11.65,1,CPTAC,CPTAC,,,17.7189778877548,,,17.7189778877548,CHEMBL941,CHEMBL203,Kd,10000.0,nM,5.0
C3L-00412,24.9982671311309,11.65,1,CPTAC,CPTAC,,,17.7189778877548,,,17.7189778877548,CHEMBL1079742,CHEMBL203,IC50,420.0,nM,6.376750709602099
C3L-00412,24.9982671311309,11.65,1,CPTAC,CPTAC,,,17.7189778877548,,,17.7189778877548,CHEMBL1079742,CHEMBL203,IC50,15.0,nM,7.823908740944319
C3L-00412,24.9982671311309,11.65,1,CPTAC,CPTAC,,,17.7189778877548,,,17.7189778877548,CHEMBL941,CHEMBL203,Kd,10000.0,nM,5.0
C3L-00412,24.9982671311309,11.65,1,CPTAC,CPTAC,,,17.7189778877548,,,17.7189778877548,CHEMBL941,CHEMBL203,Kd,10000.0,nM,5.0
C3L-00412,24.9982671311309,11.65,1,CPTAC,CPTAC,,,17.7189778877548,,,17.7189778877548,CHEMBL941,CHEMBL203,Kd,10000.0,nM,5.0
C3L-00412,24.9982671311309,11.65,1,CPTAC,CPTAC,,,17.7189778877548,,,17.7189778877548,CHEMBL941,CHEMBL203,Kd,10000.0,nM,5.0
C3L-00412,24.9982671311309,11.65,1,CPTAC,CPTAC,,,17.7189778877548,,,17.7189778877548,CHEMBL941,CHEMBL203,Kd,7600.0,nM,5.119186407719209
C3L-00412,24.9982671311309,11.65,1,CPTAC,CPTAC,,,17.7189778877548,,,17.7189778877548,CHEMBL941,CHEMBL203,Kd,10000.0,nM,5.0
C3L-00412,24.9982671311309,11.65,1,CPTAC,CPTAC,,,17.7189778877548,,,17.7189778877548,CHEMBL941,CHEMBL203,Kd,10000.0,nM,5.0
C3L-00412,24.9982671311309,11.65,1,CPTAC,CPTAC,,,17.7189778877548,,,17.7189778877548,CHEMBL941,CHEMBL203,Kd,10000.0,nM,5.0
C3L-00412,24.9982671311309,11.65,1,CPTAC,CPTAC,,,17.7189778877548,,,17.7189778877548,CHEMBL941,CHEMBL203,Kd,10000.0,nM,5.0
C3L-00412,24.9982671311309,11.65,1,CPTAC,CPTAC,,,17.7189778877548,,,17.7189778877548,CHEMBL941,CHEMBL203,Kd,10000.0,nM,5.0
C3L-00412,24.9982671311309,11.65,1,CPTAC,CPTAC,,,17.7189778877548,,,17.7189778877548,CHEMBL941,CHEMBL203,Kd,10000.0,nM,5.0
C3L-00412,24.9982671311309,11.65,1,CPTAC,CPTAC,,,17.7189778877548,,,17.7189778877548,CHEMBL941,CHEMBL203,Kd,10000.0,nM,5.0
C3L-00412,24.9982671311309,11.65,1,CPTAC,CPTAC,,,17.7189778877548,,,17.7189778877548,CHEMBL941,CHEMBL203,Kd,30000.0,nM,4.522878745280337
C3L-00412,24.9982671311309,11.65,1,CPTAC,CPTAC,,,17.7189778877548,,,17.7189778877548,CHEMBL1079742,CHEMBL203,IC50,70.0,nM,7.154901959985743
C3L-00412,24.9982671311309,11.65,1,CPTAC,CPTAC,,,17.7189778877548,,,17.7189778877548,CHEMBL941,CHEMBL203,IC50,0.11,nM,9.958607314841775
C3L-00412,24.9982671311309,11.65,1,CPTAC,CPTAC,,,17.7189778877548,,,17.7189778877548,CHEMBL1079742,CHEMBL203,IC50,2.0,nM,8.698970004336019
C3L-00422,25.5854863398615,13.28,1,CPTAC,CPTAC,,,,,,,CHEMBL941,CHEMBL203,IC50,100000.0,nM,4.0
C3L-00422,25.5854863398615,13.28,1,CPTAC,CPTAC,,,,,,,CHEMBL941,CHEMBL203,Kd,10000.0,nM,5.0
C3L-00422,25.5854863398615,13.28,1,CPTAC,CPTAC,,,,,,,CHEMBL941,CHEMBL203,Kd,10000.0,nM,5.0
C3L-00422,25.5854863398615,13.28,1,CPTAC,CPTAC,,,,,,,CHEMBL941,CHEMBL203,Kd,10000.0,nM,5.0
C3L-00422,25.5854863398615,13.28,1,CPTAC,CPTAC,,,,,,,CHEMBL941,CHEMBL203,Kd,10000.0,nM,5.0
C3L-00422,25.5854863398615,13.28,1,CPTAC,CPTAC,,,,,,,CHEMBL941,CHEMBL203,Kd,7600.0,nM,5.119186407719209
C3L-00422,25.5854863398615,13.28,1,CPTAC,CPTAC,,,,,,,CHEMBL941,CHEMBL203,Kd,10000.0,nM,5.0
C3L-00422,25.5854863398615,13.28,1,CPTAC,CPTAC,,,,,,,CHEMBL941,CHEMBL203,Kd,10000.0,nM,5.0
C3L-00422,25.5854863398615,13.28,1,CPTAC,CPTAC,,,,,,,CHEMBL941,CHEMBL203,Kd,10000.0,nM,5.0
C3L-00422,25.5854863398615,13.28,1,CPTAC,CPTAC,,,,,,,CHEMBL941,CHEMBL203,Kd,10000.0,nM,5.0
C3L-00422,25.5854863398615,13.28,1,CPTAC,CPTAC,,,,,,,CHEMBL941,CHEMBL203,Kd,10000.0,nM,5.0
C3L-00422,25.5854863398615,13.28,1,CPTAC,CPTAC,,,,,,,CHEMBL1079742,CHEMBL203,IC50,420.0,nM,6.376750709602099
C3L-00422,25.5854863398615,13.28,1,CPTAC,CPTAC,,,,,,,CHEMBL1079742,CHEMBL203,IC50,15.0,nM,7.823908740944319
C3L-00422,25.5854863398615,13.28,1,CPTAC,CPTAC,,,,,,,CHEMBL941,CHEMBL203,Kd,10000.0,nM,5.0
C3L-00422,25.5854863398615,13.28,1,CPTAC,CPTAC,,,,,,,CHEMBL941,CHEMBL203,Kd,10000.0,nM,5.0
C3L-00422,25.5854863398615,13.28,1,CPTAC,CPTAC,,,,,,,CHEMBL941,CHEMBL203,Kd,10000.0,nM,5.0
C3L-00422,25.5854863398615,13.28,1,CPTAC,CPTAC,,,,,,,CHEMBL941,CHEMBL203,Kd,10000.0,nM,5.0
C3L-00422,25.5854863398615,13.28,1,CPTAC,CPTAC,,,,,,,CHEMBL941,CHEMBL203,Kd,7600.0,nM,5.119186407719209
C3L-00422,25.5854863398615,13.28,1,CPTAC,CPTAC,,,,,,,CHEMBL941,CHEMBL203,Kd,10000.0,nM,5.0
C3L-00422,25.5854863398615,13.28,1,CPTAC,CPTAC,,,,,,,CHEMBL941,CHEMBL203,Kd,10000.0,nM,5.0
C3L-00422,25.5854863398615,13.28,1,CPTAC,CPTAC,,,,,,,CHEMBL941,CHEMBL203,Kd,10000.0,nM,5.0
C3L-00422,25.5854863398615,13.28,1,CPTAC,CPTAC,,,,,,,CHEMBL941,CHEMBL203,Kd,10000.0,nM,5.0
C3L-00422,25.5854863398615,13.28,1,CPTAC,CPTAC,,,,,,,CHEMBL941,CHEMBL203,Kd,10000.0,nM,5.0
C3L-00422,25.5854863398615,13.28,1,CPTAC,CPTAC,,,,,,,CHEMBL941,CHEMBL203,Kd,10000.0,nM,5.0
C3L-00422,25.5854863398615,13.28,1,CPTAC,CPTAC,,,,,,,CHEMBL941,CHEMBL203,Kd,10000.0,nM,5.0
C3L-00422,25.5854863398615,13.28,1,CPTAC,CPTAC,,,,,,,CHEMBL941,CHEMBL203,Kd,30000.0,nM,4.522878745280337
C3L-00422,25.5854863398615,13.28,1,CPTAC,CPTAC,,,,,,,CHEMBL1079742,CHEMBL203,IC50,70.0,nM,7.154901959985743
C3L-00422,25.5854863398615,13.28,1,CPTAC,CPTAC,,,,,,,CHEMBL941,CHEMBL203,IC50,0.11,nM,9.958607314841775
C3L-00422,25.5854863398615,13.28,1,CPTAC,CPTAC,,,,,,,CHEMBL1079742,CHEMBL203,IC50,2.0,nM,8.698970004336019
C3L-00510,25.1276540810189,13.11,1,CPTAC,CPTAC,,,,,,,CHEMBL941,CHEMBL203,IC50,100000.0,nM,4.0
C3L-00510,25.1276540810189,13.11,1,CPTAC,CPTAC,,,,,,,CHEMBL941,CHEMBL203,Kd,10000.0,nM,5.0
C3L-00510,25.1276540810189,13.11,1,CPTAC,CPTAC,,,,,,,CHEMBL941,CHEMBL203,Kd,10000.0,nM,5.0
C3L-00510,25.1276540810189,13.11,1,CPTAC,CPTAC,,,,,,,CHEMBL941,CHEMBL203,Kd,10000.0,nM,5.0
C3L-00510,25.1276540810189,13.11,1,CPTAC,CPTAC,,,,,,,CHEMBL941,CHEMBL203,Kd,10000.0,nM,5.0
C3L-00510,25.1276540810189,13.11,1,CPTAC,CPTAC,,,,,,,CHEMBL941,CHEMBL203,Kd,7600.0,nM,5.119186407719209
C3L-00510,25.1276540810189,13.11,1,CPTAC,CPTAC,,,,,,,CHEMBL941,CHEMBL203,Kd,10000.0,nM,5.0
C3L-00510,25.1276540810189,13.11,1,CPTAC,CPTAC,,,,,,,CHEMBL941,CHEMBL203,Kd,10000.0,nM,5.0
C3L-00510,25.1276540810189,13.11,1,CPTAC,CPTAC,,,,,,,CHEMBL941,CHEMBL203,Kd,10000.0,nM,5.0
C3L-00510,25.1276540810189,13.11,1,CPTAC,CPTAC,,,,,,,CHEMBL941,CHEMBL203,Kd,10000.0,nM,5.0
C3L-00510,25.1276540810189,13.11,1,CPTAC,CPTAC,,,,,,,CHEMBL941,CHEMBL203,Kd,10000.0,nM,5.0
C3L-00510,25.1276540810189,13.11,1,CPTAC,CPTAC,,,,,,,CHEMBL1079742,CHEMBL203,IC50,420.0,nM,6.376750709602099
C3L-00510,25.1276540810189,13.11,1,CPTAC,CPTAC,,,,,,,CHEMBL1079742,CHEMBL203,IC50,15.0,nM,7.823908740944319
C3L-00510,25.1276540810189,13.11,1,CPTAC,CPTAC,,,,,,,CHEMBL941,CHEMBL203,Kd,10000.0,nM,5.0
C3L-00510,25.1276540810189,13.11,1,CPTAC,CPTAC,,,,,,,CHEMBL941,CHEMBL203,Kd,10000.0,nM,5.0
C3L-00510,25.1276540810189,13.11,1,CPTAC,CPTAC,,,,,,,CHEMBL941,CHEMBL203,Kd,10000.0,nM,5.0
C3L-00510,25.1276540810189,13.11,1,CPTAC,CPTAC,,,,,,,CHEMBL941,CHEMBL203,Kd,10000.0,nM,5.0
C3L-00510,25.1276540810189,13.11,1,CPTAC,CPTAC,,,,,,,CHEMBL941,CHEMBL203,Kd,7600.0,nM,5.119186407719209
C3L-00510,25.1276540810189,13.11,1,CPTAC,CPTAC,,,,,,,CHEMBL941,CHEMBL203,Kd,10000.0,nM,5.0
C3L-00510,25.1276540810189,13.11,1,CPTAC,CPTAC,,,,,,,CHEMBL941,CHEMBL203,Kd,10000.0,nM,5.0
C3L-00510,25.1276540810189,13.11,1,CPTAC,CPTAC,,,,,,,CHEMBL941,CHEMBL203,Kd,10000.0,nM,5.0
C3L-00510,25.1276540810189,13.11,1,CPTAC,CPTAC,,,,,,,CHEMBL941,CHEMBL203,Kd,10000.0,nM,5.0
C3L-00510,25.1276540810189,13.11,1,CPTAC,CPTAC,,,,,,,CHEMBL941,CHEMBL203,Kd,10000.0,nM,5.0
C3L-00510,25.1276540810189,13.11,1,CPTAC,CPTAC,,,,,,,CHEMBL941,CHEMBL203,Kd,10000.0,nM,5.0
C3L-00510,25.1276540810189,13.11,1,CPTAC,CPTAC,,,,,,,CHEMBL941,CHEMBL203,Kd,10000.0,nM,5.0
C3L-00510,25.1276540810189,13.11,1,CPTAC,CPTAC,,,,,,,CHEMBL941,CHEMBL203,Kd,30000.0,nM,4.522878745280337
C3L-00510,25.1276540810189,13.11,1,CPTAC,CPTAC,,,,,,,CHEMBL1079742,CHEMBL203,IC50,70.0,nM,7.154901959985743
C3L-00510,25.1276540810189,13.11,1,CPTAC,CPTAC,,,,,,,CHEMBL941,CHEMBL203,IC50,0.11,nM,9.958607314841775
C3L-00510,25.1276540810189,13.11,1,CPTAC,CPTAC,,,,,,,CHEMBL1079742,CHEMBL203,IC50,2.0,nM,8.698970004336019
C3L-00604,25.5789469370576,13.28,1,CPTAC,CPTAC,,11.70987316125485,17.31265957314855,,18.46905993551355,15.830530889972316,CHEMBL941,CHEMBL203,IC50,100000.0,nM,4.0
C3L-00604,25.5789469370576,13.28,1,CPTAC,CPTAC,,11.70987316125485,17.31265957314855,,18.46905993551355,15.830530889972316,CHEMBL941,CHEMBL203,Kd,10000.0,nM,5.0
C3L-00604,25.5789469370576,13.28,1,CPTAC,CPTAC,,11.70987316125485,17.31265957314855,,18.46905993551355,15.830530889972316,CHEMBL941,CHEMBL203,Kd,10000.0,nM,5.0
C3L-00604,25.5789469370576,13.28,1,CPTAC,CPTAC,,11.70987316125485,17.31265957314855,,18.46905993551355,15.830530889972316,CHEMBL941,CHEMBL203,Kd,10000.0,nM,5.0
C3L-00604,25.5789469370576,13.28,1,CPTAC,CPTAC,,11.70987316125485,17.31265957314855,,18.46905993551355,15.830530889972316,CHEMBL941,CHEMBL203,Kd,10000.0,nM,5.0
C3L-00604,25.5789469370576,13.28,1,CPTAC,CPTAC,,11.70987316125485,17.31265957314855,,18.46905993551355,15.830530889972316,CHEMBL941,CHEMBL203,Kd,7600.0,nM,5.119186407719209
C3L-00604,25.5789469370576,13.28,1,CPTAC,CPTAC,,11.70987316125485,17.31265957314855,,18.46905993551355,15.830530889972316,CHEMBL941,CHEMBL203,Kd,10000.0,nM,5.0
C3L-00604,25.5789469370576,13.28,1,CPTAC,CPTAC,,11.70987316125485,17.31265957314855,,18.46905993551355,15.830530889972316,CHEMBL941,CHEMBL203,Kd,10000.0,nM,5.0
C3L-00604,25.5789469370576,13.28,1,CPTAC,CPTAC,,11.70987316125485,17.31265957314855,,18.46905993551355,15.830530889972316,CHEMBL941,CHEMBL203,Kd,10000.0,nM,5.0
C3L-00604,25.5789469370576,13.28,1,CPTAC,CPTAC,,11.70987316125485,17.31265957314855,,18.46905993551355,15.830530889972316,CHEMBL941,CHEMBL203,Kd,10000.0,nM,5.0
C3L-00604,25.5789469370576,13.28,1,CPTAC,CPTAC,,11.70987316125485,17.31265957314855,,18.46905993551355,15.830530889972316,CHEMBL941,CHEMBL203,Kd,10000.0,nM,5.0
C3L-00604,25.5789469370576,13.28,1,CPTAC,CPTAC,,11.70987316125485,17.31265957314855,,18.46905993551355,15.830530889972316,CHEMBL1079742,CHEMBL203,IC50,420.0,nM,6.376750709602099
C3L-00604,25.5789469370576,13.28,1,CPTAC,CPTAC,,11.70987316125485,17.31265957314855,,18.46905993551355,15.830530889972316,CHEMBL1079742,CHEMBL203,IC50,15.0,nM,7.823908740944319
C3L-00604,25.5789469370576,13.28,1,CPTAC,CPTAC,,11.70987316125485,17.31265957314855,,18.46905993551355,15.830530889972316,CHEMBL941,CHEMBL203,Kd,10000.0,nM,5.0
C3L-00604,25.5789469370576,13.28,1,CPTAC,CPTAC,,11.70987316125485,17.31265957314855,,18.46905993551355,15.830530889972316,CHEMBL941,CHEMBL203,Kd,10000.0,nM,5.0
C3L-00604,25.5789469370576,13.28,1,CPTAC,CPTAC,,11.70987316125485,17.31265957314855,,18.46905993551355,15.830530889972316,CHEMBL941,CHEMBL203,Kd,10000.0,nM,5.0
C3L-00604,25.5789469370576,13.28,1,CPTAC,CPTAC,,11.70987316125485,17.31265957314855,,18.46905993551355,15.830530889972316,CHEMBL941,CHEMBL203,Kd,10000.0,nM,5.0
C3L-00604,25.5789469370576,13.28,1,CPTAC,CPTAC,,11.70987316125485,17.31265957314855,,18.46905993551355,15.830530889972316,CHEMBL941,CHEMBL203,Kd,7600.0,nM,5.119186407719209
C3L-00604,25.5789469370576,13.28,1,CPTAC,CPTAC,,11.70987316125485,17.31265957314855,,18.46905993551355,15.830530889972316,CHEMBL941,CHEMBL203,Kd,10000.0,nM,5.0
C3L-00604,25.5789469370576,13.28,1,CPTAC,CPTAC,,11.70987316125485,17.31265957314855,,18.46905993551355,15.830530889972316,CHEMBL941,CHEMBL203,Kd,10000.0,nM,5.0
C3L-00604,25.5789469370576,13.28,1,CPTAC,CPTAC,,11.70987316125485,17.31265957314855,,18.46905993551355,15.830530889972316,CHEMBL941,CHEMBL203,Kd,10000.0,nM,5.0
C3L-00604,25.5789469370576,13.28,1,CPTAC,CPTAC,,11.70987316125485,17.31265957314855,,18.46905993551355,15.830530889972316,CHEMBL941,CHEMBL203,Kd,10000.0,nM,5.0
C3L-00604,25.5789469370576,13.28,1,CPTAC,CPTAC,,11.70987316125485,17.31265957314855,,18.46905993551355,15.830530889972316,CHEMBL941,CHEMBL203,Kd,10000.0,nM,5.0
C3L-00604,25.5789469370576,13.28,1,CPTAC,CPTAC,,11.70987316125485,17.31265957314855,,18.46905993551355,15.830530889972316,CHEMBL941,CHEMBL203,Kd,10000.0,nM,5.0
C3L-00604,25.5789469370576,13.28,1,CPTAC,CPTAC,,11.70987316125485,17.31265957314855,,18.46905993551355,15.830530889972316,CHEMBL941,CHEMBL203,Kd,10000.0,nM,5.0
C3L-00604,25.5789469370576,13.28,1,CPTAC,CPTAC,,11.70987316125485,17.31265957314855,,18.46905993551355,15.830530889972316,CHEMBL941,CHEMBL203,Kd,30000.0,nM,4.522878745280337
C3L-00604,25.5789469370576,13.28,1,CPTAC,CPTAC,,11.70987316125485,17.31265957314855,,18.46905993551355,15.830530889972316,CHEMBL1079742,CHEMBL203,IC50,70.0,nM,7.154901959985743
C3L-00604,25.5789469370576,13.28,1,CPTAC,CPTAC,,11.70987316125485,17.31265957314855,,18.46905993551355,15.830530889972316,CHEMBL941,CHEMBL203,IC50,0.11,nM,9.958607314841775
C3L-00604,25.5789469370576,13.28,1,CPTAC,CPTAC,,11.70987316125485,17.31265957314855,,18.46905993551355,15.830530889972316,CHEMBL1079742,CHEMBL203,IC50,2.0,nM,8.698970004336019
C3L-00893,25.535569904301,13.81,1,CPTAC,CPTAC,,,,,,,CHEMBL941,CHEMBL203,IC50,100000.0,nM,4.0
C3L-00893,25.535569904301,13.81,1,CPTAC,CPTAC,,,,,,,CHEMBL941,CHEMBL203,Kd,10000.0,nM,5.0
C3L-00893,25.535569904301,13.81,1,CPTAC,CPTAC,,,,,,,CHEMBL941,CHEMBL203,Kd,10000.0,nM,5.0
C3L-00893,25.535569904301,13.81,1,CPTAC,CPTAC,,,,,,,CHEMBL941,CHEMBL203,Kd,10000.0,nM,5.0
C3L-00893,25.535569904301,13.81,1,CPTAC,CPTAC,,,,,,,CHEMBL941,CHEMBL203,Kd,10000.0,nM,5.0
C3L-00893,25.535569904301,13.81,1,CPTAC,CPTAC,,,,,,,CHEMBL941,CHEMBL203,Kd,7600.0,nM,5.119186407719209
C3L-00893,25.535569904301,13.81,1,CPTAC,CPTAC,,,,,,,CHEMBL941,CHEMBL203,Kd,10000.0,nM,5.0
C3L-00893,25.535569904301,13.81,1,CPTAC,CPTAC,,,,,,,CHEMBL941,CHEMBL203,Kd,10000.0,nM,5.0
C3L-00893,25.535569904301,13.81,1,CPTAC,CPTAC,,,,,,,CHEMBL941,CHEMBL203,Kd,10000.0,nM,5.0
C3L-00893,25.535569904301,13.81,1,CPTAC,CPTAC,,,,,,,CHEMBL941,CHEMBL203,Kd,10000.0,nM,5.0
C3L-00893,25.535569904301,13.81,1,CPTAC,CPTAC,,,,,,,CHEMBL941,CHEMBL203,Kd,10000.0,nM,5.0
C3L-00893,25.535569904301,13.81,1,CPTAC,CPTAC,,,,,,,CHEMBL1079742,CHEMBL203,IC50,420.0,nM,6.376750709602099
C3L-00893,25.535569904301,13.81,1,CPTAC,CPTAC,,,,,,,CHEMBL1079742,CHEMBL203,IC50,15.0,nM,7.823908740944319
C3L-00893,25.535569904301,13.81,1,CPTAC,CPTAC,,,,,,,CHEMBL941,CHEMBL203,Kd,10000.0,nM,5.0
C3L-00893,25.535569904301,13.81,1,CPTAC,CPTAC,,,,,,,CHEMBL941,CHEMBL203,Kd,10000.0,nM,5.0
C3L-00893,25.535569904301,13.81,1,CPTAC,CPTAC,,,,,,,CHEMBL941,CHEMBL203,Kd,10000.0,nM,5.0
C3L-00893,25.535569904301,13.81,1,CPTAC,CPTAC,,,,,,,CHEMBL941,CHEMBL203,Kd,10000.0,nM,5.0
C3L-00893,25.535569904301,13.81,1,CPTAC,CPTAC,,,,,,,CHEMBL941,CHEMBL203,Kd,7600.0,nM,5.119186407719209
C3L-00893,25.535569904301,13.81,1,CPTAC,CPTAC,,,,,,,CHEMBL941,CHEMBL203,Kd,10000.0,nM,5.0
C3L-00893,25.535569904301,13.81,1,CPTAC,CPTAC,,,,,,,CHEMBL941,CHEMBL203,Kd,10000.0,nM,5.0
C3L-00893,25.535569904301,13.81,1,CPTAC,CPTAC,,,,,,,CHEMBL941,CHEMBL203,Kd,10000.0,nM,5.0
C3L-00893,25.535569904301,13.81,1,CPTAC,CPTAC,,,,,,,CHEMBL941,CHEMBL203,Kd,10000.0,nM,5.0
C3L-00893,25.535569904301,13.81,1,CPTAC,CPTAC,,,,,,,CHEMBL941,CHEMBL203,Kd,10000.0,nM,5.0
C3L-00893,25.535569904301,13.81,1,CPTAC,CPTAC,,,,,,,CHEMBL941,CHEMBL203,Kd,10000.0,nM,5.0
C3L-00893,25.535569904301,13.81,1,CPTAC,CPTAC,,,,,,,CHEMBL941,CHEMBL203,Kd,10000.0,nM,5.0
C3L-00893,25.535569904301,13.81,1,CPTAC,CPTAC,,,,,,,CHEMBL941,CHEMBL203,Kd,30000.0,nM,4.522878745280337
C3L-00893,25.535569904301,13.81,1,CPTAC,CPTAC,,,,,,,CHEMBL1079742,CHEMBL203,IC50,70.0,nM,7.154901959985743
C3L-00893,25.535569904301,13.81,1,CPTAC,CPTAC,,,,,,,CHEMBL941,CHEMBL203,IC50,0.11,nM,9.958607314841775
C3L-00893,25.535569904301,13.81,1,CPTAC,CPTAC,,,,,,,CHEMBL1079742,CHEMBL203,IC50,2.0,nM,8.698970004336019
C3L-00913,25.0545503955683,11.34,1,CPTAC,CPTAC,,,,,,,CHEMBL941,CHEMBL203,IC50,100000.0,nM,4.0
C3L-00913,25.0545503955683,11.34,1,CPTAC,CPTAC,,,,,,,CHEMBL941,CHEMBL203,Kd,10000.0,nM,5.0
C3L-00913,25.0545503955683,11.34,1,CPTAC,CPTAC,,,,,,,CHEMBL941,CHEMBL203,Kd,10000.0,nM,5.0
C3L-00913,25.0545503955683,11.34,1,CPTAC,CPTAC,,,,,,,CHEMBL941,CHEMBL203,Kd,10000.0,nM,5.0
C3L-00913,25.0545503955683,11.34,1,CPTAC,CPTAC,,,,,,,CHEMBL941,CHEMBL203,Kd,10000.0,nM,5.0
C3L-00913,25.0545503955683,11.34,1,CPTAC,CPTAC,,,,,,,CHEMBL941,CHEMBL203,Kd,7600.0,nM,5.119186407719209
C3L-00913,25.0545503955683,11.34,1,CPTAC,CPTAC,,,,,,,CHEMBL941,CHEMBL203,Kd,10000.0,nM,5.0
C3L-00913,25.0545503955683,11.34,1,CPTAC,CPTAC,,,,,,,CHEMBL941,CHEMBL203,Kd,10000.0,nM,5.0
C3L-00913,25.0545503955683,11.34,1,CPTAC,CPTAC,,,,,,,CHEMBL941,CHEMBL203,Kd,10000.0,nM,5.0
C3L-00913,25.0545503955683,11.34,1,CPTAC,CPTAC,,,,,,,CHEMBL941,CHEMBL203,Kd,10000.0,nM,5.0
C3L-00913,25.0545503955683,11.34,1,CPTAC,CPTAC,,,,,,,CHEMBL941,CHEMBL203,Kd,10000.0,nM,5.0
C3L-00913,25.0545503955683,11.34,1,CPTAC,CPTAC,,,,,,,CHEMBL1079742,CHEMBL203,IC50,420.0,nM,6.376750709602099
C3L-00913,25.0545503955683,11.34,1,CPTAC,CPTAC,,,,,,,CHEMBL1079742,CHEMBL203,IC50,15.0,nM,7.823908740944319
C3L-00913,25.0545503955683,11.34,1,CPTAC,CPTAC,,,,,,,CHEMBL941,CHEMBL203,Kd,10000.0,nM,5.0
C3L-00913,25.0545503955683,11.34,1,CPTAC,CPTAC,,,,,,,CHEMBL941,CHEMBL203,Kd,10000.0,nM,5.0
C3L-00913,25.0545503955683,11.34,1,CPTAC,CPTAC,,,,,,,CHEMBL941,CHEMBL203,Kd,10000.0,nM,5.0
C3L-00913,25.0545503955683,11.34,1,CPTAC,CPTAC,,,,,,,CHEMBL941,CHEMBL203,Kd,10000.0,nM,5.0
C3L-00913,25.0545503955683,11.34,1,CPTAC,CPTAC,,,,,,,CHEMBL941,CHEMBL203,Kd,7600.0,nM,5.119186407719209
C3L-00913,25.0545503955683,11.34,1,CPTAC,CPTAC,,,,,,,CHEMBL941,CHEMBL203,Kd,10000.0,nM,5.0
C3L-00913,25.0545503955683,11.34,1,CPTAC,CPTAC,,,,,,,CHEMBL941,CHEMBL203,Kd,10000.0,nM,5.0
C3L-00913,25.0545503955683,11.34,1,CPTAC,CPTAC,,,,,,,CHEMBL941,CHEMBL203,Kd,10000.0,nM,5.0
C3L-00913,25.0545503955683,11.34,1,CPTAC,CPTAC,,,,,,,CHEMBL941,CHEMBL203,Kd,10000.0,nM,5.0
C3L-00913,25.0545503955683,11.34,1,CPTAC,CPTAC,,,,,,,CHEMBL941,CHEMBL203,Kd,10000.0,nM,5.0
C3L-00913,25.0545503955683,11.34,1,CPTAC,CPTAC,,,,,,,CHEMBL941,CHEMBL203,Kd,10000.0,nM,5.0
C3L-00913,25.0545503955683,11.34,1,CPTAC,CPTAC,,,,,,,CHEMBL941,CHEMBL203,Kd,10000.0,nM,5.0
C3L-00913,25.0545503955683,11.34,1,CPTAC,CPTAC,,,,,,,CHEMBL941,CHEMBL203,Kd,30000.0,nM,4.522878745280337
C3L-00913,25.0545503955683,11.34,1,CPTAC,CPTAC,,,,,,,CHEMBL1079742,CHEMBL203,IC50,70.0,nM,7.154901959985743
C3L-00913,25.0545503955683,11.34,1,CPTAC,CPTAC,,,,,,,CHEMBL941,CHEMBL203,IC50,0.11,nM,9.958607314841775
C3L-00913,25.0545503955683,11.34,1,CPTAC,CPTAC,,,,,,,CHEMBL1079742,CHEMBL203,IC50,2.0,nM,8.698970004336019
C3L-00973,24.89454976491,11.81,1,CPTAC,CPTAC,13.0873727155154,,,,,13.0873727155154,CHEMBL941,CHEMBL203,IC50,100000.0,nM,4.0
C3L-00973,24.89454976491,11.81,1,CPTAC,CPTAC,13.0873727155154,,,,,13.0873727155154,CHEMBL941,CHEMBL203,Kd,10000.0,nM,5.0
C3L-00973,24.89454976491,11.81,1,CPTAC,CPTAC,13.0873727155154,,,,,13.0873727155154,CHEMBL941,CHEMBL203,Kd,10000.0,nM,5.0
C3L-00973,24.89454976491,11.81,1,CPTAC,CPTAC,13.0873727155154,,,,,13.0873727155154,CHEMBL941,CHEMBL203,Kd,10000.0,nM,5.0
C3L-00973,24.89454976491,11.81,1,CPTAC,CPTAC,13.0873727155154,,,,,13.0873727155154,CHEMBL941,CHEMBL203,Kd,10000.0,nM,5.0
C3L-00973,24.89454976491,11.81,1,CPTAC,CPTAC,13.0873727155154,,,,,13.0873727155154,CHEMBL941,CHEMBL203,Kd,7600.0,nM,5.119186407719209
C3L-00973,24.89454976491,11.81,1,CPTAC,CPTAC,13.0873727155154,,,,,13.0873727155154,CHEMBL941,CHEMBL203,Kd,10000.0,nM,5.0
C3L-00973,24.89454976491,11.81,1,CPTAC,CPTAC,13.0873727155154,,,,,13.0873727155154,CHEMBL941,CHEMBL203,Kd,10000.0,nM,5.0
C3L-00973,24.89454976491,11.81,1,CPTAC,CPTAC,13.0873727155154,,,,,13.0873727155154,CHEMBL941,CHEMBL203,Kd,10000.0,nM,5.0
C3L-00973,24.89454976491,11.81,1,CPTAC,CPTAC,13.0873727155154,,,,,13.0873727155154,CHEMBL941,CHEMBL203,Kd,10000.0,nM,5.0
C3L-00973,24.89454976491,11.81,1,CPTAC,CPTAC,13.0873727155154,,,,,13.0873727155154,CHEMBL941,CHEMBL203,Kd,10000.0,nM,5.0
C3L-00973,24.89454976491,11.81,1,CPTAC,CPTAC,13.0873727155154,,,,,13.0873727155154,CHEMBL1079742,CHEMBL203,IC50,420.0,nM,6.376750709602099
C3L-00973,24.89454976491,11.81,1,CPTAC,CPTAC,13.0873727155154,,,,,13.0873727155154,CHEMBL1079742,CHEMBL203,IC50,15.0,nM,7.823908740944319
C3L-00973,24.89454976491,11.81,1,CPTAC,CPTAC,13.0873727155154,,,,,13.0873727155154,CHEMBL941,CHEMBL203,Kd,10000.0,nM,5.0
C3L-00973,24.89454976491,11.81,1,CPTAC,CPTAC,13.0873727155154,,,,,13.0873727155154,CHEMBL941,CHEMBL203,Kd,10000.0,nM,5.0
C3L-00973,24.89454976491,11.81,1,CPTAC,CPTAC,13.0873727155154,,,,,13.0873727155154,CHEMBL941,CHEMBL203,Kd,10000.0,nM,5.0
C3L-00973,24.89454976491,11.81,1,CPTAC,CPTAC,13.0873727155154,,,,,13.0873727155154,CHEMBL941,CHEMBL203,Kd,10000.0,nM,5.0
C3L-00973,24.89454976491,11.81,1,CPTAC,CPTAC,13.0873727155154,,,,,13.0873727155154,CHEMBL941,CHEMBL203,Kd,7600.0,nM,5.119186407719209
C3L-00973,24.89454976491,11.81,1,CPTAC,CPTAC,13.0873727155154,,,,,13.0873727155154,CHEMBL941,CHEMBL203,Kd,10000.0,nM,5.0
C3L-00973,24.89454976491,11.81,1,CPTAC,CPTAC,13.0873727155154,,,,,13.0873727155154,CHEMBL941,CHEMBL203,Kd,10000.0,nM,5.0
C3L-00973,24.89454976491,11.81,1,CPTAC,CPTAC,13.0873727155154,,,,,13.0873727155154,CHEMBL941,CHEMBL203,Kd,10000.0,nM,5.0
C3L-00973,24.89454976491,11.81,1,CPTAC,CPTAC,13.0873727155154,,,,,13.0873727155154,CHEMBL941,CHEMBL203,Kd,10000.0,nM,5.0
C3L-00973,24.89454976491,11.81,1,CPTAC,CPTAC,13.0873727155154,,,,,13.0873727155154,CHEMBL941,CHEMBL203,Kd,10000.0,nM,5.0
C3L-00973,24.89454976491,11.81,1,CPTAC,CPTAC,13.0873727155154,,,,,13.0873727155154,CHEMBL941,CHEMBL203,Kd,10000.0,nM,5.0
C3L-00973,24.89454976491,11.81,1,CPTAC,CPTAC,13.0873727155154,,,,,13.0873727155154,CHEMBL941,CHEMBL203,Kd,10000.0,nM,5.0
C3L-00973,24.89454976491,11.81,1,CPTAC,CPTAC,13.0873727155154,,,,,13.0873727155154,CHEMBL941,CHEMBL203,Kd,30000.0,nM,4.522878745280337
C3L-00973,24.89454976491,11.81,1,CPTAC,CPTAC,13.0873727155154,,,,,13.0873727155154,CHEMBL1079742,CHEMBL203,IC50,70.0,nM,7.154901959985743
C3L-00973,24.89454976491,11.81,1,CPTAC,CPTAC,13.0873727155154,,,,,13.0873727155154,CHEMBL941,CHEMBL203,IC50,0.11,nM,9.958607314841775
C3L-00973,24.89454976491,11.81,1,CPTAC,CPTAC,13.0873727155154,,,,,13.0873727155154,CHEMBL1079742,CHEMBL203,IC50,2.0,nM,8.698970004336019
C3L-01330,25.4858764937843,13.65,1,CPTAC,CPTAC,,,17.61215485684675,,,17.61215485684675,CHEMBL941,CHEMBL203,IC50,100000.0,nM,4.0
C3L-01330,25.4858764937843,13.65,1,CPTAC,CPTAC,,,17.61215485684675,,,17.61215485684675,CHEMBL941,CHEMBL203,Kd,10000.0,nM,5.0
C3L-01330,25.4858764937843,13.65,1,CPTAC,CPTAC,,,17.61215485684675,,,17.61215485684675,CHEMBL941,CHEMBL203,Kd,10000.0,nM,5.0
C3L-01330,25.4858764937843,13.65,1,CPTAC,CPTAC,,,17.61215485684675,,,17.61215485684675,CHEMBL941,CHEMBL203,Kd,10000.0,nM,5.0
C3L-01330,25.4858764937843,13.65,1,CPTAC,CPTAC,,,17.61215485684675,,,17.61215485684675,CHEMBL941,CHEMBL203,Kd,10000.0,nM,5.0
C3L-01330,25.4858764937843,13.65,1,CPTAC,CPTAC,,,17.61215485684675,,,17.61215485684675,CHEMBL941,CHEMBL203,Kd,7600.0,nM,5.119186407719209
C3L-01330,25.4858764937843,13.65,1,CPTAC,CPTAC,,,17.61215485684675,,,17.61215485684675,CHEMBL941,CHEMBL203,Kd,10000.0,nM,5.0
C3L-01330,25.4858764937843,13.65,1,CPTAC,CPTAC,,,17.61215485684675,,,17.61215485684675,CHEMBL941,CHEMBL203,Kd,10000.0,nM,5.0
C3L-01330,25.4858764937843,13.65,1,CPTAC,CPTAC,,,17.61215485684675,,,17.61215485684675,CHEMBL941,CHEMBL203,Kd,10000.0,nM,5.0
C3L-01330,25.4858764937843,13.65,1,CPTAC,CPTAC,,,17.61215485684675,,,17.61215485684675,CHEMBL941,CHEMBL203,Kd,10000.0,nM,5.0
C3L-01330,25.4858764937843,13.65,1,CPTAC,CPTAC,,,17.61215485684675,,,17.61215485684675,CHEMBL941,CHEMBL203,Kd,10000.0,nM,5.0
C3L-01330,25.4858764937843,13.65,1,CPTAC,CPTAC,,,17.61215485684675,,,17.61215485684675,CHEMBL1079742,CHEMBL203,IC50,420.0,nM,6.376750709602099
C3L-01330,25.4858764937843,13.65,1,CPTAC,CPTAC,,,17.61215485684675,,,17.61215485684675,CHEMBL1079742,CHEMBL203,IC50,15.0,nM,7.823908740944319
C3L-01330,25.4858764937843,13.65,1,CPTAC,CPTAC,,,17.61215485684675,,,17.61215485684675,CHEMBL941,CHEMBL203,Kd,10000.0,nM,5.0
C3L-01330,25.4858764937843,13.65,1,CPTAC,CPTAC,,,17.61215485684675,,,17.61215485684675,CHEMBL941,CHEMBL203,Kd,10000.0,nM,5.0
C3L-01330,25.4858764937843,13.65,1,CPTAC,CPTAC,,,17.61215485684675,,,17.61215485684675,CHEMBL941,CHEMBL203,Kd,10000.0,nM,5.0
C3L-01330,25.4858764937843,13.65,1,CPTAC,CPTAC,,,17.61215485684675,,,17.61215485684675,CHEMBL941,CHEMBL203,Kd,10000.0,nM,5.0
C3L-01330,25.4858764937843,13.65,1,CPTAC,CPTAC,,,17.61215485684675,,,17.61215485684675,CHEMBL941,CHEMBL203,Kd,7600.0,nM,5.119186407719209
C3L-01330,25.4858764937843,13.65,1,CPTAC,CPTAC,,,17.61215485684675,,,17.61215485684675,CHEMBL941,CHEMBL203,Kd,10000.0,nM,5.0
C3L-01330,25.4858764937843,13.65,1,CPTAC,CPTAC,,,17.61215485684675,,,17.61215485684675,CHEMBL941,CHEMBL203,Kd,10000.0,nM,5.0
C3L-01330,25.4858764937843,13.65,1,CPTAC,CPTAC,,,17.61215485684675,,,17.61215485684675,CHEMBL941,CHEMBL203,Kd,10000.0,nM,5.0
C3L-01330,25.4858764937843,13.65,1,CPTAC,CPTAC,,,17.61215485684675,,,17.61215485684675,CHEMBL941,CHEMBL203,Kd,10000.0,nM,5.0
C3L-01330,25.4858764937843,13.65,1,CPTAC,CPTAC,,,17.61215485684675,,,17.61215485684675,CHEMBL941,CHEMBL203,Kd,10000.0,nM,5.0
C3L-01330,25.4858764937843,13.65,1,CPTAC,CPTAC,,,17.61215485684675,,,17.61215485684675,CHEMBL941,CHEMBL203,Kd,10000.0,nM,5.0
C3L-01330,25.4858764937843,13.65,1,CPTAC,CPTAC,,,17.61215485684675,,,17.61215485684675,CHEMBL941,CHEMBL203,Kd,10000.0,nM,5.0
C3L-01330,25.4858764937843,13.65,1,CPTAC,CPTAC,,,17.61215485684675,,,17.61215485684675,CHEMBL941,CHEMBL203,Kd,30000.0,nM,4.522878745280337
C3L-01330,25.4858764937843,13.65,1,CPTAC,CPTAC,,,17.61215485684675,,,17.61215485684675,CHEMBL1079742,CHEMBL203,IC50,70.0,nM,7.154901959985743
C3L-01330,25.4858764937843,13.65,1,CPTAC,CPTAC,,,17.61215485684675,,,17.61215485684675,CHEMBL941,CHEMBL203,IC50,0.11,nM,9.958607314841775
C3L-01330,25.4858764937843,13.65,1,CPTAC,CPTAC,,,17.61215485684675,,,17.61215485684675,CHEMBL1079742,CHEMBL203,IC50,2.0,nM,8.698970004336019
C3L-01632,24.9891486517818,11.41,1,CPTAC,CPTAC,,,,,18.988258975081,18.988258975081,CHEMBL941,CHEMBL203,IC50,100000.0,nM,4.0
C3L-01632,24.9891486517818,11.41,1,CPTAC,CPTAC,,,,,18.988258975081,18.988258975081,CHEMBL941,CHEMBL203,Kd,10000.0,nM,5.0
C3L-01632,24.9891486517818,11.41,1,CPTAC,CPTAC,,,,,18.988258975081,18.988258975081,CHEMBL941,CHEMBL203,Kd,10000.0,nM,5.0
C3L-01632,24.9891486517818,11.41,1,CPTAC,CPTAC,,,,,18.988258975081,18.988258975081,CHEMBL941,CHEMBL203,Kd,10000.0,nM,5.0
C3L-01632,24.9891486517818,11.41,1,CPTAC,CPTAC,,,,,18.988258975081,18.988258975081,CHEMBL941,CHEMBL203,Kd,10000.0,nM,5.0
C3L-01632,24.9891486517818,11.41,1,CPTAC,CPTAC,,,,,18.988258975081,18.988258975081,CHEMBL941,CHEMBL203,Kd,7600.0,nM,5.119186407719209
C3L-01632,24.9891486517818,11.41,1,CPTAC,CPTAC,,,,,18.988258975081,18.988258975081,CHEMBL941,CHEMBL203,Kd,10000.0,nM,5.0
C3L-01632,24.9891486517818,11.41,1,CPTAC,CPTAC,,,,,18.988258975081,18.988258975081,CHEMBL941,CHEMBL203,Kd,10000.0,nM,5.0
C3L-01632,24.9891486517818,11.41,1,CPTAC,CPTAC,,,,,18.988258975081,18.988258975081,CHEMBL941,CHEMBL203,Kd,10000.0,nM,5.0
C3L-01632,24.9891486517818,11.41,1,CPTAC,CPTAC,,,,,18.988258975081,18.988258975081,CHEMBL941,CHEMBL203,Kd,10000.0,nM,5.0
C3L-01632,24.9891486517818,11.41,1,CPTAC,CPTAC,,,,,18.988258975081,18.988258975081,CHEMBL941,CHEMBL203,Kd,10000.0,nM,5.0
C3L-01632,24.9891486517818,11.41,1,CPTAC,CPTAC,,,,,18.988258975081,18.988258975081,CHEMBL1079742,CHEMBL203,IC50,420.0,nM,6.376750709602099
C3L-01632,24.9891486517818,11.41,1,CPTAC,CPTAC,,,,,18.988258975081,18.988258975081,CHEMBL1079742,CHEMBL203,IC50,15.0,nM,7.823908740944319
C3L-01632,24.9891486517818,11.41,1,CPTAC,CPTAC,,,,,18.988258975081,18.988258975081,CHEMBL941,CHEMBL203,Kd,10000.0,nM,5.0
C3L-01632,24.9891486517818,11.41,1,CPTAC,CPTAC,,,,,18.988258975081,18.988258975081,CHEMBL941,CHEMBL203,Kd,10000.0,nM,5.0
C3L-01632,24.9891486517818,11.41,1,CPTAC,CPTAC,,,,,18.988258975081,18.988258975081,CHEMBL941,CHEMBL203,Kd,10000.0,nM,5.0
C3L-01632,24.9891486517818,11.41,1,CPTAC,CPTAC,,,,,18.988258975081,18.988258975081,CHEMBL941,CHEMBL203,Kd,10000.0,nM,5.0
C3L-01632,24.9891486517818,11.41,1,CPTAC,CPTAC,,,,,18.988258975081,18.988258975081,CHEMBL941,CHEMBL203,Kd,7600.0,nM,5.119186407719209
C3L-01632,24.9891486517818,11.41,1,CPTAC,CPTAC,,,,,18.988258975081,18.988258975081,CHEMBL941,CHEMBL203,Kd,10000.0,nM,5.0
C3L-01632,24.9891486517818,11.41,1,CPTAC,CPTAC,,,,,18.988258975081,18.988258975081,CHEMBL941,CHEMBL203,Kd,10000.0,nM,5.0
C3L-01632,24.9891486517818,11.41,1,CPTAC,CPTAC,,,,,18.988258975081,18.988258975081,CHEMBL941,CHEMBL203,Kd,10000.0,nM,5.0
C3L-01632,24.9891486517818,11.41,1,CPTAC,CPTAC,,,,,18.988258975081,18.988258975081,CHEMBL941,CHEMBL203,Kd,10000.0,nM,5.0
C3L-01632,24.9891486517818,11.41,1,CPTAC,CPTAC,,,,,18.988258975081,18.988258975081,CHEMBL941,CHEMBL203,Kd,10000.0,nM,5.0
C3L-01632,24.9891486517818,11.41,1,CPTAC,CPTAC,,,,,18.988258975081,18.988258975081,CHEMBL941,CHEMBL203,Kd,10000.0,nM,5.0
C3L-01632,24.9891486517818,11.41,1,CPTAC,CPTAC,,,,,18.988258975081,18.988258975081,CHEMBL941,CHEMBL203,Kd,10000.0,nM,5.0
C3L-01632,24.9891486517818,11.41,1,CPTAC,CPTAC,,,,,18.988258975081,18.988258975081,CHEMBL941,CHEMBL203,Kd,30000.0,nM,4.522878745280337
C3L-01632,24.9891486517818,11.41,1,CPTAC,CPTAC,,,,,18.988258975081,18.988258975081,CHEMBL1079742,CHEMBL203,IC50,70.0,nM,7.154901959985743
C3L-01632,24.9891486517818,11.41,1,CPTAC,CPTAC,,,,,18.988258975081,18.988258975081,CHEMBL941,CHEMBL203,IC50,0.11,nM,9.958607314841775
C3L-01632,24.9891486517818,11.41,1,CPTAC,CPTAC,,,,,18.988258975081,18.988258975081,CHEMBL1079742,CHEMBL203,IC50,2.0,nM,8.698970004336019
C3L-01682,25.3644515302173,13.05,1,CPTAC,CPTAC,,,,,,,CHEMBL941,CHEMBL203,IC50,100000.0,nM,4.0
C3L-01682,25.3644515302173,13.05,1,CPTAC,CPTAC,,,,,,,CHEMBL941,CHEMBL203,Kd,10000.0,nM,5.0
C3L-01682,25.3644515302173,13.05,1,CPTAC,CPTAC,,,,,,,CHEMBL941,CHEMBL203,Kd,10000.0,nM,5.0
C3L-01682,25.3644515302173,13.05,1,CPTAC,CPTAC,,,,,,,CHEMBL941,CHEMBL203,Kd,10000.0,nM,5.0
C3L-01682,25.3644515302173,13.05,1,CPTAC,CPTAC,,,,,,,CHEMBL941,CHEMBL203,Kd,10000.0,nM,5.0
C3L-01682,25.3644515302173,13.05,1,CPTAC,CPTAC,,,,,,,CHEMBL941,CHEMBL203,Kd,7600.0,nM,5.119186407719209
C3L-01682,25.3644515302173,13.05,1,CPTAC,CPTAC,,,,,,,CHEMBL941,CHEMBL203,Kd,10000.0,nM,5.0
C3L-01682,25.3644515302173,13.05,1,CPTAC,CPTAC,,,,,,,CHEMBL941,CHEMBL203,Kd,10000.0,nM,5.0
C3L-01682,25.3644515302173,13.05,1,CPTAC,CPTAC,,,,,,,CHEMBL941,CHEMBL203,Kd,10000.0,nM,5.0
C3L-01682,25.3644515302173,13.05,1,CPTAC,CPTAC,,,,,,,CHEMBL941,CHEMBL203,Kd,10000.0,nM,5.0
C3L-01682,25.3644515302173,13.05,1,CPTAC,CPTAC,,,,,,,CHEMBL941,CHEMBL203,Kd,10000.0,nM,5.0
C3L-01682,25.3644515302173,13.05,1,CPTAC,CPTAC,,,,,,,CHEMBL1079742,CHEMBL203,IC50,420.0,nM,6.376750709602099
C3L-01682,25.3644515302173,13.05,1,CPTAC,CPTAC,,,,,,,CHEMBL1079742,CHEMBL203,IC50,15.0,nM,7.823908740944319
C3L-01682,25.3644515302173,13.05,1,CPTAC,CPTAC,,,,,,,CHEMBL941,CHEMBL203,Kd,10000.0,nM,5.0
C3L-01682,25.3644515302173,13.05,1,CPTAC,CPTAC,,,,,,,CHEMBL941,CHEMBL203,Kd,10000.0,nM,5.0
C3L-01682,25.3644515302173,13.05,1,CPTAC,CPTAC,,,,,,,CHEMBL941,CHEMBL203,Kd,10000.0,nM,5.0
C3L-01682,25.3644515302173,13.05,1,CPTAC,CPTAC,,,,,,,CHEMBL941,CHEMBL203,Kd,10000.0,nM,5.0
C3L-01682,25.3644515302173,13.05,1,CPTAC,CPTAC,,,,,,,CHEMBL941,CHEMBL203,Kd,7600.0,nM,5.119186407719209
C3L-01682,25.3644515302173,13.05,1,CPTAC,CPTAC,,,,,,,CHEMBL941,CHEMBL203,Kd,10000.0,nM,5.0
C3L-01682,25.3644515302173,13.05,1,CPTAC,CPTAC,,,,,,,CHEMBL941,CHEMBL203,Kd,10000.0,nM,5.0
C3L-01682,25.3644515302173,13.05,1,CPTAC,CPTAC,,,,,,,CHEMBL941,CHEMBL203,Kd,10000.0,nM,5.0
C3L-01682,25.3644515302173,13.05,1,CPTAC,CPTAC,,,,,,,CHEMBL941,CHEMBL203,Kd,10000.0,nM,5.0
C3L-01682,25.3644515302173,13.05,1,CPTAC,CPTAC,,,,,,,CHEMBL941,CHEMBL203,Kd,10000.0,nM,5.0
C3L-01682,25.3644515302173,13.05,1,CPTAC,CPTAC,,,,,,,CHEMBL941,CHEMBL203,Kd,10000.0,nM,5.0
C3L-01682,25.3644515302173,13.05,1,CPTAC,CPTAC,,,,,,,CHEMBL941,CHEMBL203,Kd,10000.0,nM,5.0
C3L-01682,25.3644515302173,13.05,1,CPTAC,CPTAC,,,,,,,CHEMBL941,CHEMBL203,Kd,30000.0,nM,4.522878745280337
C3L-01682,25.3644515302173,13.05,1,CPTAC,CPTAC,,,,,,,CHEMBL1079742,CHEMBL203,IC50,70.0,nM,7.154901959985743
C3L-01682,25.3644515302173,13.05,1,CPTAC,CPTAC,,,,,,,CHEMBL941,CHEMBL203,IC50,0.11,nM,9.958607314841775
C3L-01682,25.3644515302173,13.05,1,CPTAC,CPTAC,,,,,,,CHEMBL1079742,CHEMBL203,IC50,2.0,nM,8.698970004336019
C3L-01683,24.5714842659513,11.65,1,CPTAC,CPTAC,,,,,,,CHEMBL941,CHEMBL203,IC50,100000.0,nM,4.0
C3L-01683,24.5714842659513,11.65,1,CPTAC,CPTAC,,,,,,,CHEMBL941,CHEMBL203,Kd,10000.0,nM,5.0
C3L-01683,24.5714842659513,11.65,1,CPTAC,CPTAC,,,,,,,CHEMBL941,CHEMBL203,Kd,10000.0,nM,5.0
C3L-01683,24.5714842659513,11.65,1,CPTAC,CPTAC,,,,,,,CHEMBL941,CHEMBL203,Kd,10000.0,nM,5.0
C3L-01683,24.5714842659513,11.65,1,CPTAC,CPTAC,,,,,,,CHEMBL941,CHEMBL203,Kd,10000.0,nM,5.0
C3L-01683,24.5714842659513,11.65,1,CPTAC,CPTAC,,,,,,,CHEMBL941,CHEMBL203,Kd,7600.0,nM,5.119186407719209
C3L-01683,24.5714842659513,11.65,1,CPTAC,CPTAC,,,,,,,CHEMBL941,CHEMBL203,Kd,10000.0,nM,5.0
C3L-01683,24.5714842659513,11.65,1,CPTAC,CPTAC,,,,,,,CHEMBL941,CHEMBL203,Kd,10000.0,nM,5.0
C3L-01683,24.5714842659513,11.65,1,CPTAC,CPTAC,,,,,,,CHEMBL941,CHEMBL203,Kd,10000.0,nM,5.0
C3L-01683,24.5714842659513,11.65,1,CPTAC,CPTAC,,,,,,,CHEMBL941,CHEMBL203,Kd,10000.0,nM,5.0
C3L-01683,24.5714842659513,11.65,1,CPTAC,CPTAC,,,,,,,CHEMBL941,CHEMBL203,Kd,10000.0,nM,5.0
C3L-01683,24.5714842659513,11.65,1,CPTAC,CPTAC,,,,,,,CHEMBL1079742,CHEMBL203,IC50,420.0,nM,6.376750709602099
C3L-01683,24.5714842659513,11.65,1,CPTAC,CPTAC,,,,,,,CHEMBL1079742,CHEMBL203,IC50,15.0,nM,7.823908740944319
C3L-01683,24.5714842659513,11.65,1,CPTAC,CPTAC,,,,,,,CHEMBL941,CHEMBL203,Kd,10000.0,nM,5.0
C3L-01683,24.5714842659513,11.65,1,CPTAC,CPTAC,,,,,,,CHEMBL941,CHEMBL203,Kd,10000.0,nM,5.0
C3L-01683,24.5714842659513,11.65,1,CPTAC,CPTAC,,,,,,,CHEMBL941,CHEMBL203,Kd,10000.0,nM,5.0
C3L-01683,24.5714842659513,11.65,1,CPTAC,CPTAC,,,,,,,CHEMBL941,CHEMBL203,Kd,10000.0,nM,5.0
C3L-01683,24.5714842659513,11.65,1,CPTAC,CPTAC,,,,,,,CHEMBL941,CHEMBL203,Kd,7600.0,nM,5.119186407719209
C3L-01683,24.5714842659513,11.65,1,CPTAC,CPTAC,,,,,,,CHEMBL941,CHEMBL203,Kd,10000.0,nM,5.0
C3L-01683,24.5714842659513,11.65,1,CPTAC,CPTAC,,,,,,,CHEMBL941,CHEMBL203,Kd,10000.0,nM,5.0
C3L-01683,24.5714842659513,11.65,1,CPTAC,CPTAC,,,,,,,CHEMBL941,CHEMBL203,Kd,10000.0,nM,5.0
C3L-01683,24.5714842659513,11.65,1,CPTAC,CPTAC,,,,,,,CHEMBL941,CHEMBL203,Kd,10000.0,nM,5.0
C3L-01683,24.5714842659513,11.65,1,CPTAC,CPTAC,,,,,,,CHEMBL941,CHEMBL203,Kd,10000.0,nM,5.0
C3L-01683,24.5714842659513,11.65,1,CPTAC,CPTAC,,,,,,,CHEMBL941,CHEMBL203,Kd,10000.0,nM,5.0
C3L-01683,24.5714842659513,11.65,1,CPTAC,CPTAC,,,,,,,CHEMBL941,CHEMBL203,Kd,10000.0,nM,5.0
C3L-01683,24.5714842659513,11.65,1,CPTAC,CPTAC,,,,,,,CHEMBL941,CHEMBL203,Kd,30000.0,nM,4.522878745280337
C3L-01683,24.5714842659513,11.65,1,CPTAC,CPTAC,,,,,,,CHEMBL1079742,CHEMBL203,IC50,70.0,nM,7.154901959985743
C3L-01683,24.5714842659513,11.65,1,CPTAC,CPTAC,,,,,,,CHEMBL941,CHEMBL203,IC50,0.11,nM,9.958607314841775
C3L-01683,24.5714842659513,11.65,1,CPTAC,CPTAC,,,,,,,CHEMBL1079742,CHEMBL203,IC50,2.0,nM,8.698970004336019
C3L-01862,24.8657895228368,11.44,1,CPTAC,CPTAC,,,,,,,CHEMBL941,CHEMBL203,IC50,100000.0,nM,4.0
C3L-01862,24.8657895228368,11.44,1,CPTAC,CPTAC,,,,,,,CHEMBL941,CHEMBL203,Kd,10000.0,nM,5.0
C3L-01862,24.8657895228368,11.44,1,CPTAC,CPTAC,,,,,,,CHEMBL941,CHEMBL203,Kd,10000.0,nM,5.0
C3L-01862,24.8657895228368,11.44,1,CPTAC,CPTAC,,,,,,,CHEMBL941,CHEMBL203,Kd,10000.0,nM,5.0
C3L-01862,24.8657895228368,11.44,1,CPTAC,CPTAC,,,,,,,CHEMBL941,CHEMBL203,Kd,10000.0,nM,5.0
C3L-01862,24.8657895228368,11.44,1,CPTAC,CPTAC,,,,,,,CHEMBL941,CHEMBL203,Kd,7600.0,nM,5.119186407719209
C3L-01862,24.8657895228368,11.44,1,CPTAC,CPTAC,,,,,,,CHEMBL941,CHEMBL203,Kd,10000.0,nM,5.0
C3L-01862,24.8657895228368,11.44,1,CPTAC,CPTAC,,,,,,,CHEMBL941,CHEMBL203,Kd,10000.0,nM,5.0
C3L-01862,24.8657895228368,11.44,1,CPTAC,CPTAC,,,,,,,CHEMBL941,CHEMBL203,Kd,10000.0,nM,5.0
C3L-01862,24.8657895228368,11.44,1,CPTAC,CPTAC,,,,,,,CHEMBL941,CHEMBL203,Kd,10000.0,nM,5.0
C3L-01862,24.8657895228368,11.44,1,CPTAC,CPTAC,,,,,,,CHEMBL941,CHEMBL203,Kd,10000.0,nM,5.0
C3L-01862,24.8657895228368,11.44,1,CPTAC,CPTAC,,,,,,,CHEMBL1079742,CHEMBL203,IC50,420.0,nM,6.376750709602099
C3L-01862,24.8657895228368,11.44,1,CPTAC,CPTAC,,,,,,,CHEMBL1079742,CHEMBL203,IC50,15.0,nM,7.823908740944319
C3L-01862,24.8657895228368,11.44,1,CPTAC,CPTAC,,,,,,,CHEMBL941,CHEMBL203,Kd,10000.0,nM,5.0
C3L-01862,24.8657895228368,11.44,1,CPTAC,CPTAC,,,,,,,CHEMBL941,CHEMBL203,Kd,10000.0,nM,5.0
C3L-01862,24.8657895228368,11.44,1,CPTAC,CPTAC,,,,,,,CHEMBL941,CHEMBL203,Kd,10000.0,nM,5.0
C3L-01862,24.8657895228368,11.44,1,CPTAC,CPTAC,,,,,,,CHEMBL941,CHEMBL203,Kd,10000.0,nM,5.0
C3L-01862,24.8657895228368,11.44,1,CPTAC,CPTAC,,,,,,,CHEMBL941,CHEMBL203,Kd,7600.0,nM,5.119186407719209
C3L-01862,24.8657895228368,11.44,1,CPTAC,CPTAC,,,,,,,CHEMBL941,CHEMBL203,Kd,10000.0,nM,5.0
C3L-01862,24.8657895228368,11.44,1,CPTAC,CPTAC,,,,,,,CHEMBL941,CHEMBL203,Kd,10000.0,nM,5.0
C3L-01862,24.8657895228368,11.44,1,CPTAC,CPTAC,,,,,,,CHEMBL941,CHEMBL203,Kd,10000.0,nM,5.0
C3L-01862,24.8657895228368,11.44,1,CPTAC,CPTAC,,,,,,,CHEMBL941,CHEMBL203,Kd,10000.0,nM,5.0
C3L-01862,24.8657895228368,11.44,1,CPTAC,CPTAC,,,,,,,CHEMBL941,CHEMBL203,Kd,10000.0,nM,5.0
C3L-01862,24.8657895228368,11.44,1,CPTAC,CPTAC,,,,,,,CHEMBL941,CHEMBL203,Kd,10000.0,nM,5.0
C3L-01862,24.8657895228368,11.44,1,CPTAC,CPTAC,,,,,,,CHEMBL941,CHEMBL203,Kd,10000.0,nM,5.0
C3L-01862,24.8657895228368,11.44,1,CPTAC,CPTAC,,,,,,,CHEMBL941,CHEMBL203,Kd,30000.0,nM,4.522878745280337
C3L-01862,24.8657895228368,11.44,1,CPTAC,CPTAC,,,,,,,CHEMBL1079742,CHEMBL203,IC50,70.0,nM,7.154901959985743
C3L-01862,24.8657895228368,11.44,1,CPTAC,CPTAC,,,,,,,CHEMBL941,CHEMBL203,IC50,0.11,nM,9.958607314841775
C3L-01862,24.8657895228368,11.44,1,CPTAC,CPTAC,,,,,,,CHEMBL1079742,CHEMBL203,IC50,2.0,nM,8.698970004336019
C3L-01889,25.492147508708,12.88,1,CPTAC,CPTAC,,,,,,,CHEMBL941,CHEMBL203,IC50,100000.0,nM,4.0
C3L-01889,25.492147508708,12.88,1,CPTAC,CPTAC,,,,,,,CHEMBL941,CHEMBL203,Kd,10000.0,nM,5.0
C3L-01889,25.492147508708,12.88,1,CPTAC,CPTAC,,,,,,,CHEMBL941,CHEMBL203,Kd,10000.0,nM,5.0
C3L-01889,25.492147508708,12.88,1,CPTAC,CPTAC,,,,,,,CHEMBL941,CHEMBL203,Kd,10000.0,nM,5.0
C3L-01889,25.492147508708,12.88,1,CPTAC,CPTAC,,,,,,,CHEMBL941,CHEMBL203,Kd,10000.0,nM,5.0
C3L-01889,25.492147508708,12.88,1,CPTAC,CPTAC,,,,,,,CHEMBL941,CHEMBL203,Kd,7600.0,nM,5.119186407719209
C3L-01889,25.492147508708,12.88,1,CPTAC,CPTAC,,,,,,,CHEMBL941,CHEMBL203,Kd,10000.0,nM,5.0
C3L-01889,25.492147508708,12.88,1,CPTAC,CPTAC,,,,,,,CHEMBL941,CHEMBL203,Kd,10000.0,nM,5.0
C3L-01889,25.492147508708,12.88,1,CPTAC,CPTAC,,,,,,,CHEMBL941,CHEMBL203,Kd,10000.0,nM,5.0
C3L-01889,25.492147508708,12.88,1,CPTAC,CPTAC,,,,,,,CHEMBL941,CHEMBL203,Kd,10000.0,nM,5.0
C3L-01889,25.492147508708,12.88,1,CPTAC,CPTAC,,,,,,,CHEMBL941,CHEMBL203,Kd,10000.0,nM,5.0
C3L-01889,25.492147508708,12.88,1,CPTAC,CPTAC,,,,,,,CHEMBL1079742,CHEMBL203,IC50,420.0,nM,6.376750709602099
C3L-01889,25.492147508708,12.88,1,CPTAC,CPTAC,,,,,,,CHEMBL1079742,CHEMBL203,IC50,15.0,nM,7.823908740944319
C3L-01889,25.492147508708,12.88,1,CPTAC,CPTAC,,,,,,,CHEMBL941,CHEMBL203,Kd,10000.0,nM,5.0
C3L-01889,25.492147508708,12.88,1,CPTAC,CPTAC,,,,,,,CHEMBL941,CHEMBL203,Kd,10000.0,nM,5.0
C3L-01889,25.492147508708,12.88,1,CPTAC,CPTAC,,,,,,,CHEMBL941,CHEMBL203,Kd,10000.0,nM,5.0
C3L-01889,25.492147508708,12.88,1,CPTAC,CPTAC,,,,,,,CHEMBL941,CHEMBL203,Kd,10000.0,nM,5.0
C3L-01889,25.492147508708,12.88,1,CPTAC,CPTAC,,,,,,,CHEMBL941,CHEMBL203,Kd,7600.0,nM,5.119186407719209
C3L-01889,25.492147508708,12.88,1,CPTAC,CPTAC,,,,,,,CHEMBL941,CHEMBL203,Kd,10000.0,nM,5.0
C3L-01889,25.492147508708,12.88,1,CPTAC,CPTAC,,,,,,,CHEMBL941,CHEMBL203,Kd,10000.0,nM,5.0
C3L-01889,25.492147508708,12.88,1,CPTAC,CPTAC,,,,,,,CHEMBL941,CHEMBL203,Kd,10000.0,nM,5.0
C3L-01889,25.492147508708,12.88,1,CPTAC,CPTAC,,,,,,,CHEMBL941,CHEMBL203,Kd,10000.0,nM,5.0
C3L-01889,25.492147508708,12.88,1,CPTAC,CPTAC,,,,,,,CHEMBL941,CHEMBL203,Kd,10000.0,nM,5.0
C3L-01889,25.492147508708,12.88,1,CPTAC,CPTAC,,,,,,,CHEMBL941,CHEMBL203,Kd,10000.0,nM,5.0
C3L-01889,25.492147508708,12.88,1,CPTAC,CPTAC,,,,,,,CHEMBL941,CHEMBL203,Kd,10000.0,nM,5.0
C3L-01889,25.492147508708,12.88,1,CPTAC,CPTAC,,,,,,,CHEMBL941,CHEMBL203,Kd,30000.0,nM,4.522878745280337
C3L-01889,25.492147508708,12.88,1,CPTAC,CPTAC,,,,,,,CHEMBL1079742,CHEMBL203,IC50,70.0,nM,7.154901959985743
C3L-01889,25.492147508708,12.88,1,CPTAC,CPTAC,,,,,,,CHEMBL941,CHEMBL203,IC50,0.11,nM,9.958607314841775
C3L-01889,25.492147508708,12.88,1,CPTAC,CPTAC,,,,,,,CHEMBL1079742,CHEMBL203,IC50,2.0,nM,8.698970004336019
C3L-01890,25.1959125801797,12.16,1,CPTAC,CPTAC,,,,,,,CHEMBL941,CHEMBL203,IC50,100000.0,nM,4.0
C3L-01890,25.1959125801797,12.16,1,CPTAC,CPTAC,,,,,,,CHEMBL941,CHEMBL203,Kd,10000.0,nM,5.0
C3L-01890,25.1959125801797,12.16,1,CPTAC,CPTAC,,,,,,,CHEMBL941,CHEMBL203,Kd,10000.0,nM,5.0
C3L-01890,25.1959125801797,12.16,1,CPTAC,CPTAC,,,,,,,CHEMBL941,CHEMBL203,Kd,10000.0,nM,5.0
C3L-01890,25.1959125801797,12.16,1,CPTAC,CPTAC,,,,,,,CHEMBL941,CHEMBL203,Kd,10000.0,nM,5.0
C3L-01890,25.1959125801797,12.16,1,CPTAC,CPTAC,,,,,,,CHEMBL941,CHEMBL203,Kd,7600.0,nM,5.119186407719209
C3L-01890,25.1959125801797,12.16,1,CPTAC,CPTAC,,,,,,,CHEMBL941,CHEMBL203,Kd,10000.0,nM,5.0
C3L-01890,25.1959125801797,12.16,1,CPTAC,CPTAC,,,,,,,CHEMBL941,CHEMBL203,Kd,10000.0,nM,5.0
C3L-01890,25.1959125801797,12.16,1,CPTAC,CPTAC,,,,,,,CHEMBL941,CHEMBL203,Kd,10000.0,nM,5.0
C3L-01890,25.1959125801797,12.16,1,CPTAC,CPTAC,,,,,,,CHEMBL941,CHEMBL203,Kd,10000.0,nM,5.0
C3L-01890,25.1959125801797,12.16,1,CPTAC,CPTAC,,,,,,,CHEMBL941,CHEMBL203,Kd,10000.0,nM,5.0
C3L-01890,25.1959125801797,12.16,1,CPTAC,CPTAC,,,,,,,CHEMBL1079742,CHEMBL203,IC50,420.0,nM,6.376750709602099
C3L-01890,25.1959125801797,12.16,1,CPTAC,CPTAC,,,,,,,CHEMBL1079742,CHEMBL203,IC50,15.0,nM,7.823908740944319
C3L-01890,25.1959125801797,12.16,1,CPTAC,CPTAC,,,,,,,CHEMBL941,CHEMBL203,Kd,10000.0,nM,5.0
C3L-01890,25.1959125801797,12.16,1,CPTAC,CPTAC,,,,,,,CHEMBL941,CHEMBL203,Kd,10000.0,nM,5.0
C3L-01890,25.1959125801797,12.16,1,CPTAC,CPTAC,,,,,,,CHEMBL941,CHEMBL203,Kd,10000.0,nM,5.0
C3L-01890,25.1959125801797,12.16,1,CPTAC,CPTAC,,,,,,,CHEMBL941,CHEMBL203,Kd,10000.0,nM,5.0
C3L-01890,25.1959125801797,12.16,1,CPTAC,CPTAC,,,,,,,CHEMBL941,CHEMBL203,Kd,7600.0,nM,5.119186407719209
C3L-01890,25.1959125801797,12.16,1,CPTAC,CPTAC,,,,,,,CHEMBL941,CHEMBL203,Kd,10000.0,nM,5.0
C3L-01890,25.1959125801797,12.16,1,CPTAC,CPTAC,,,,,,,CHEMBL941,CHEMBL203,Kd,10000.0,nM,5.0
C3L-01890,25.1959125801797,12.16,1,CPTAC,CPTAC,,,,,,,CHEMBL941,CHEMBL203,Kd,10000.0,nM,5.0
C3L-01890,25.1959125801797,12.16,1,CPTAC,CPTAC,,,,,,,CHEMBL941,CHEMBL203,Kd,10000.0,nM,5.0
C3L-01890,25.1959125801797,12.16,1,CPTAC,CPTAC,,,,,,,CHEMBL941,CHEMBL203,Kd,10000.0,nM,5.0
C3L-01890,25.1959125801797,12.16,1,CPTAC,CPTAC,,,,,,,CHEMBL941,CHEMBL203,Kd,10000.0,nM,5.0
C3L-01890,25.1959125801797,12.16,1,CPTAC,CPTAC,,,,,,,CHEMBL941,CHEMBL203,Kd,10000.0,nM,5.0
C3L-01890,25.1959125801797,12.16,1,CPTAC,CPTAC,,,,,,,CHEMBL941,CHEMBL203,Kd,30000.0,nM,4.522878745280337
C3L-01890,25.1959125801797,12.16,1,CPTAC,CPTAC,,,,,,,CHEMBL1079742,CHEMBL203,IC50,70.0,nM,7.154901959985743
C3L-01890,25.1959125801797,12.16,1,CPTAC,CPTAC,,,,,,,CHEMBL941,CHEMBL203,IC50,0.11,nM,9.958607314841775
C3L-01890,25.1959125801797,12.16,1,CPTAC,CPTAC,,,,,,,CHEMBL1079742,CHEMBL203,IC50,2.0,nM,8.698970004336019
C3L-01924,26.0774438258352,13.49,1,CPTAC,CPTAC,,,,,,,CHEMBL941,CHEMBL203,IC50,100000.0,nM,4.0
C3L-01924,26.0774438258352,13.49,1,CPTAC,CPTAC,,,,,,,CHEMBL941,CHEMBL203,Kd,10000.0,nM,5.0
C3L-01924,26.0774438258352,13.49,1,CPTAC,CPTAC,,,,,,,CHEMBL941,CHEMBL203,Kd,10000.0,nM,5.0
C3L-01924,26.0774438258352,13.49,1,CPTAC,CPTAC,,,,,,,CHEMBL941,CHEMBL203,Kd,10000.0,nM,5.0
C3L-01924,26.0774438258352,13.49,1,CPTAC,CPTAC,,,,,,,CHEMBL941,CHEMBL203,Kd,10000.0,nM,5.0
C3L-01924,26.0774438258352,13.49,1,CPTAC,CPTAC,,,,,,,CHEMBL941,CHEMBL203,Kd,7600.0,nM,5.119186407719209
C3L-01924,26.0774438258352,13.49,1,CPTAC,CPTAC,,,,,,,CHEMBL941,CHEMBL203,Kd,10000.0,nM,5.0
C3L-01924,26.0774438258352,13.49,1,CPTAC,CPTAC,,,,,,,CHEMBL941,CHEMBL203,Kd,10000.0,nM,5.0
C3L-01924,26.0774438258352,13.49,1,CPTAC,CPTAC,,,,,,,CHEMBL941,CHEMBL203,Kd,10000.0,nM,5.0
C3L-01924,26.0774438258352,13.49,1,CPTAC,CPTAC,,,,,,,CHEMBL941,CHEMBL203,Kd,10000.0,nM,5.0
C3L-01924,26.0774438258352,13.49,1,CPTAC,CPTAC,,,,,,,CHEMBL941,CHEMBL203,Kd,10000.0,nM,5.0
C3L-01924,26.0774438258352,13.49,1,CPTAC,CPTAC,,,,,,,CHEMBL1079742,CHEMBL203,IC50,420.0,nM,6.376750709602099
C3L-01924,26.0774438258352,13.49,1,CPTAC,CPTAC,,,,,,,CHEMBL1079742,CHEMBL203,IC50,15.0,nM,7.823908740944319
C3L-01924,26.0774438258352,13.49,1,CPTAC,CPTAC,,,,,,,CHEMBL941,CHEMBL203,Kd,10000.0,nM,5.0
C3L-01924,26.0774438258352,13.49,1,CPTAC,CPTAC,,,,,,,CHEMBL941,CHEMBL203,Kd,10000.0,nM,5.0
C3L-01924,26.0774438258352,13.49,1,CPTAC,CPTAC,,,,,,,CHEMBL941,CHEMBL203,Kd,10000.0,nM,5.0
C3L-01924,26.0774438258352,13.49,1,CPTAC,CPTAC,,,,,,,CHEMBL941,CHEMBL203,Kd,10000.0,nM,5.0
C3L-01924,26.0774438258352,13.49,1,CPTAC,CPTAC,,,,,,,CHEMBL941,CHEMBL203,Kd,7600.0,nM,5.119186407719209
C3L-01924,26.0774438258352,13.49,1,CPTAC,CPTAC,,,,,,,CHEMBL941,CHEMBL203,Kd,10000.0,nM,5.0
C3L-01924,26.0774438258352,13.49,1,CPTAC,CPTAC,,,,,,,CHEMBL941,CHEMBL203,Kd,10000.0,nM,5.0
C3L-01924,26.0774438258352,13.49,1,CPTAC,CPTAC,,,,,,,CHEMBL941,CHEMBL203,Kd,10000.0,nM,5.0
C3L-01924,26.0774438258352,13.49,1,CPTAC,CPTAC,,,,,,,CHEMBL941,CHEMBL203,Kd,10000.0,nM,5.0
C3L-01924,26.0774438258352,13.49,1,CPTAC,CPTAC,,,,,,,CHEMBL941,CHEMBL203,Kd,10000.0,nM,5.0
C3L-01924,26.0774438258352,13.49,1,CPTAC,CPTAC,,,,,,,CHEMBL941,CHEMBL203,Kd,10000.0,nM,5.0
C3L-01924,26.0774438258352,13.49,1,CPTAC,CPTAC,,,,,,,CHEMBL941,CHEMBL203,Kd,10000.0,nM,5.0
C3L-01924,26.0774438258352,13.49,1,CPTAC,CPTAC,,,,,,,CHEMBL941,CHEMBL203,Kd,30000.0,nM,4.522878745280337
C3L-01924,26.0774438258352,13.49,1,CPTAC,CPTAC,,,,,,,CHEMBL1079742,CHEMBL203,IC50,70.0,nM,7.154901959985743
C3L-01924,26.0774438258352,13.49,1,CPTAC,CPTAC,,,,,,,CHEMBL941,CHEMBL203,IC50,0.11,nM,9.958607314841775
C3L-01924,26.0774438258352,13.49,1,CPTAC,CPTAC,,,,,,,CHEMBL1079742,CHEMBL203,IC50,2.0,nM,8.698970004336019
C3L-02219,26.9307217620976,13.56,1,CPTAC,CPTAC,,,,,,,CHEMBL941,CHEMBL203,IC50,100000.0,nM,4.0
C3L-02219,26.9307217620976,13.56,1,CPTAC,CPTAC,,,,,,,CHEMBL941,CHEMBL203,Kd,10000.0,nM,5.0
C3L-02219,26.9307217620976,13.56,1,CPTAC,CPTAC,,,,,,,CHEMBL941,CHEMBL203,Kd,10000.0,nM,5.0
C3L-02219,26.9307217620976,13.56,1,CPTAC,CPTAC,,,,,,,CHEMBL941,CHEMBL203,Kd,10000.0,nM,5.0
C3L-02219,26.9307217620976,13.56,1,CPTAC,CPTAC,,,,,,,CHEMBL941,CHEMBL203,Kd,10000.0,nM,5.0
C3L-02219,26.9307217620976,13.56,1,CPTAC,CPTAC,,,,,,,CHEMBL941,CHEMBL203,Kd,7600.0,nM,5.119186407719209
C3L-02219,26.9307217620976,13.56,1,CPTAC,CPTAC,,,,,,,CHEMBL941,CHEMBL203,Kd,10000.0,nM,5.0
C3L-02219,26.9307217620976,13.56,1,CPTAC,CPTAC,,,,,,,CHEMBL941,CHEMBL203,Kd,10000.0,nM,5.0
C3L-02219,26.9307217620976,13.56,1,CPTAC,CPTAC,,,,,,,CHEMBL941,CHEMBL203,Kd,10000.0,nM,5.0
C3L-02219,26.9307217620976,13.56,1,CPTAC,CPTAC,,,,,,,CHEMBL941,CHEMBL203,Kd,10000.0,nM,5.0
C3L-02219,26.9307217620976,13.56,1,CPTAC,CPTAC,,,,,,,CHEMBL941,CHEMBL203,Kd,10000.0,nM,5.0
C3L-02219,26.9307217620976,13.56,1,CPTAC,CPTAC,,,,,,,CHEMBL1079742,CHEMBL203,IC50,420.0,nM,6.376750709602099
C3L-02219,26.9307217620976,13.56,1,CPTAC,CPTAC,,,,,,,CHEMBL1079742,CHEMBL203,IC50,15.0,nM,7.823908740944319
C3L-02219,26.9307217620976,13.56,1,CPTAC,CPTAC,,,,,,,CHEMBL941,CHEMBL203,Kd,10000.0,nM,5.0
C3L-02219,26.9307217620976,13.56,1,CPTAC,CPTAC,,,,,,,CHEMBL941,CHEMBL203,Kd,10000.0,nM,5.0
C3L-02219,26.9307217620976,13.56,1,CPTAC,CPTAC,,,,,,,CHEMBL941,CHEMBL203,Kd,10000.0,nM,5.0
C3L-02219,26.9307217620976,13.56,1,CPTAC,CPTAC,,,,,,,CHEMBL941,CHEMBL203,Kd,10000.0,nM,5.0
C3L-02219,26.9307217620976,13.56,1,CPTAC,CPTAC,,,,,,,CHEMBL941,CHEMBL203,Kd,7600.0,nM,5.119186407719209
C3L-02219,26.9307217620976,13.56,1,CPTAC,CPTAC,,,,,,,CHEMBL941,CHEMBL203,Kd,10000.0,nM,5.0
C3L-02219,26.9307217620976,13.56,1,CPTAC,CPTAC,,,,,,,CHEMBL941,CHEMBL203,Kd,10000.0,nM,5.0
C3L-02219,26.9307217620976,13.56,1,CPTAC,CPTAC,,,,,,,CHEMBL941,CHEMBL203,Kd,10000.0,nM,5.0
C3L-02219,26.9307217620976,13.56,1,CPTAC,CPTAC,,,,,,,CHEMBL941,CHEMBL203,Kd,10000.0,nM,5.0
C3L-02219,26.9307217620976,13.56,1,CPTAC,CPTAC,,,,,,,CHEMBL941,CHEMBL203,Kd,10000.0,nM,5.0
C3L-02219,26.9307217620976,13.56,1,CPTAC,CPTAC,,,,,,,CHEMBL941,CHEMBL203,Kd,10000.0,nM,5.0
C3L-02219,26.9307217620976,13.56,1,CPTAC,CPTAC,,,,,,,CHEMBL941,CHEMBL203,Kd,10000.0,nM,5.0
C3L-02219,26.9307217620976,13.56,1,CPTAC,CPTAC,,,,,,,CHEMBL941,CHEMBL203,Kd,30000.0,nM,4.522878745280337
C3L-02219,26.9307217620976,13.56,1,CPTAC,CPTAC,,,,,,,CHEMBL1079742,CHEMBL203,IC50,70.0,nM,7.154901959985743
C3L-02219,26.9307217620976,13.56,1,CPTAC,CPTAC,,,,,,,CHEMBL941,CHEMBL203,IC50,0.11,nM,9.958607314841775
C3L-02219,26.9307217620976,13.56,1,CPTAC,CPTAC,,,,,,,CHEMBL1079742,CHEMBL203,IC50,2.0,nM,8.698970004336019
C3L-02345,24.8007349321607,12.12,1,CPTAC,CPTAC,,,,,,,CHEMBL941,CHEMBL203,IC50,100000.0,nM,4.0
C3L-02345,24.8007349321607,12.12,1,CPTAC,CPTAC,,,,,,,CHEMBL941,CHEMBL203,Kd,10000.0,nM,5.0
C3L-02345,24.8007349321607,12.12,1,CPTAC,CPTAC,,,,,,,CHEMBL941,CHEMBL203,Kd,10000.0,nM,5.0
C3L-02345,24.8007349321607,12.12,1,CPTAC,CPTAC,,,,,,,CHEMBL941,CHEMBL203,Kd,10000.0,nM,5.0
C3L-02345,24.8007349321607,12.12,1,CPTAC,CPTAC,,,,,,,CHEMBL941,CHEMBL203,Kd,10000.0,nM,5.0
C3L-02345,24.8007349321607,12.12,1,CPTAC,CPTAC,,,,,,,CHEMBL941,CHEMBL203,Kd,7600.0,nM,5.119186407719209
C3L-02345,24.8007349321607,12.12,1,CPTAC,CPTAC,,,,,,,CHEMBL941,CHEMBL203,Kd,10000.0,nM,5.0
C3L-02345,24.8007349321607,12.12,1,CPTAC,CPTAC,,,,,,,CHEMBL941,CHEMBL203,Kd,10000.0,nM,5.0
C3L-02345,24.8007349321607,12.12,1,CPTAC,CPTAC,,,,,,,CHEMBL941,CHEMBL203,Kd,10000.0,nM,5.0
C3L-02345,24.8007349321607,12.12,1,CPTAC,CPTAC,,,,,,,CHEMBL941,CHEMBL203,Kd,10000.0,nM,5.0
C3L-02345,24.8007349321607,12.12,1,CPTAC,CPTAC,,,,,,,CHEMBL941,CHEMBL203,Kd,10000.0,nM,5.0
C3L-02345,24.8007349321607,12.12,1,CPTAC,CPTAC,,,,,,,CHEMBL1079742,CHEMBL203,IC50,420.0,nM,6.376750709602099
C3L-02345,24.8007349321607,12.12,1,CPTAC,CPTAC,,,,,,,CHEMBL1079742,CHEMBL203,IC50,15.0,nM,7.823908740944319
C3L-02345,24.8007349321607,12.12,1,CPTAC,CPTAC,,,,,,,CHEMBL941,CHEMBL203,Kd,10000.0,nM,5.0
C3L-02345,24.8007349321607,12.12,1,CPTAC,CPTAC,,,,,,,CHEMBL941,CHEMBL203,Kd,10000.0,nM,5.0
C3L-02345,24.8007349321607,12.12,1,CPTAC,CPTAC,,,,,,,CHEMBL941,CHEMBL203,Kd,10000.0,nM,5.0
C3L-02345,24.8007349321607,12.12,1,CPTAC,CPTAC,,,,,,,CHEMBL941,CHEMBL203,Kd,10000.0,nM,5.0
C3L-02345,24.8007349321607,12.12,1,CPTAC,CPTAC,,,,,,,CHEMBL941,CHEMBL203,Kd,7600.0,nM,5.119186407719209
C3L-02345,24.8007349321607,12.12,1,CPTAC,CPTAC,,,,,,,CHEMBL941,CHEMBL203,Kd,10000.0,nM,5.0
C3L-02345,24.8007349321607,12.12,1,CPTAC,CPTAC,,,,,,,CHEMBL941,CHEMBL203,Kd,10000.0,nM,5.0
C3L-02345,24.8007349321607,12.12,1,CPTAC,CPTAC,,,,,,,CHEMBL941,CHEMBL203,Kd,10000.0,nM,5.0
C3L-02345,24.8007349321607,12.12,1,CPTAC,CPTAC,,,,,,,CHEMBL941,CHEMBL203,Kd,10000.0,nM,5.0
C3L-02345,24.8007349321607,12.12,1,CPTAC,CPTAC,,,,,,,CHEMBL941,CHEMBL203,Kd,10000.0,nM,5.0
C3L-02345,24.8007349321607,12.12,1,CPTAC,CPTAC,,,,,,,CHEMBL941,CHEMBL203,Kd,10000.0,nM,5.0
C3L-02345,24.8007349321607,12.12,1,CPTAC,CPTAC,,,,,,,CHEMBL941,CHEMBL203,Kd,10000.0,nM,5.0
C3L-02345,24.8007349321607,12.12,1,CPTAC,CPTAC,,,,,,,CHEMBL941,CHEMBL203,Kd,30000.0,nM,4.522878745280337
C3L-02345,24.8007349321607,12.12,1,CPTAC,CPTAC,,,,,,,CHEMBL1079742,CHEMBL203,IC50,70.0,nM,7.154901959985743
C3L-02345,24.8007349321607,12.12,1,CPTAC,CPTAC,,,,,,,CHEMBL941,CHEMBL203,IC50,0.11,nM,9.958607314841775
C3L-02345,24.8007349321607,12.12,1,CPTAC,CPTAC,,,,,,,CHEMBL1079742,CHEMBL203,IC50,2.0,nM,8.698970004336019
C3L-02348,25.2410354113575,12.62,1,CPTAC,CPTAC,13.065650406197651,,,,,13.065650406197651,CHEMBL941,CHEMBL203,IC50,100000.0,nM,4.0
C3L-02348,25.2410354113575,12.62,1,CPTAC,CPTAC,13.065650406197651,,,,,13.065650406197651,CHEMBL941,CHEMBL203,Kd,10000.0,nM,5.0
C3L-02348,25.2410354113575,12.62,1,CPTAC,CPTAC,13.065650406197651,,,,,13.065650406197651,CHEMBL941,CHEMBL203,Kd,10000.0,nM,5.0
C3L-02348,25.2410354113575,12.62,1,CPTAC,CPTAC,13.065650406197651,,,,,13.065650406197651,CHEMBL941,CHEMBL203,Kd,10000.0,nM,5.0
C3L-02348,25.2410354113575,12.62,1,CPTAC,CPTAC,13.065650406197651,,,,,13.065650406197651,CHEMBL941,CHEMBL203,Kd,10000.0,nM,5.0
C3L-02348,25.2410354113575,12.62,1,CPTAC,CPTAC,13.065650406197651,,,,,13.065650406197651,CHEMBL941,CHEMBL203,Kd,7600.0,nM,5.119186407719209
C3L-02348,25.2410354113575,12.62,1,CPTAC,CPTAC,13.065650406197651,,,,,13.065650406197651,CHEMBL941,CHEMBL203,Kd,10000.0,nM,5.0
C3L-02348,25.2410354113575,12.62,1,CPTAC,CPTAC,13.065650406197651,,,,,13.065650406197651,CHEMBL941,CHEMBL203,Kd,10000.0,nM,5.0
C3L-02348,25.2410354113575,12.62,1,CPTAC,CPTAC,13.065650406197651,,,,,13.065650406197651,CHEMBL941,CHEMBL203,Kd,10000.0,nM,5.0
C3L-02348,25.2410354113575,12.62,1,CPTAC,CPTAC,13.065650406197651,,,,,13.065650406197651,CHEMBL941,CHEMBL203,Kd,10000.0,nM,5.0
C3L-02348,25.2410354113575,12.62,1,CPTAC,CPTAC,13.065650406197651,,,,,13.065650406197651,CHEMBL941,CHEMBL203,Kd,10000.0,nM,5.0
C3L-02348,25.2410354113575,12.62,1,CPTAC,CPTAC,13.065650406197651,,,,,13.065650406197651,CHEMBL1079742,CHEMBL203,IC50,420.0,nM,6.376750709602099
C3L-02348,25.2410354113575,12.62,1,CPTAC,CPTAC,13.065650406197651,,,,,13.065650406197651,CHEMBL1079742,CHEMBL203,IC50,15.0,nM,7.823908740944319
C3L-02348,25.2410354113575,12.62,1,CPTAC,CPTAC,13.065650406197651,,,,,13.065650406197651,CHEMBL941,CHEMBL203,Kd,10000.0,nM,5.0
C3L-02348,25.2410354113575,12.62,1,CPTAC,CPTAC,13.065650406197651,,,,,13.065650406197651,CHEMBL941,CHEMBL203,Kd,10000.0,nM,5.0
C3L-02348,25.2410354113575,12.62,1,CPTAC,CPTAC,13.065650406197651,,,,,13.065650406197651,CHEMBL941,CHEMBL203,Kd,10000.0,nM,5.0
C3L-02348,25.2410354113575,12.62,1,CPTAC,CPTAC,13.065650406197651,,,,,13.065650406197651,CHEMBL941,CHEMBL203,Kd,10000.0,nM,5.0
C3L-02348,25.2410354113575,12.62,1,CPTAC,CPTAC,13.065650406197651,,,,,13.065650406197651,CHEMBL941,CHEMBL203,Kd,7600.0,nM,5.119186407719209
C3L-02348,25.2410354113575,12.62,1,CPTAC,CPTAC,13.065650406197651,,,,,13.065650406197651,CHEMBL941,CHEMBL203,Kd,10000.0,nM,5.0
C3L-02348,25.2410354113575,12.62,1,CPTAC,CPTAC,13.065650406197651,,,,,13.065650406197651,CHEMBL941,CHEMBL203,Kd,10000.0,nM,5.0
C3L-02348,25.2410354113575,12.62,1,CPTAC,CPTAC,13.065650406197651,,,,,13.065650406197651,CHEMBL941,CHEMBL203,Kd,10000.0,nM,5.0
C3L-02348,25.2410354113575,12.62,1,CPTAC,CPTAC,13.065650406197651,,,,,13.065650406197651,CHEMBL941,CHEMBL203,Kd,10000.0,nM,5.0
C3L-02348,25.2410354113575,12.62,1,CPTAC,CPTAC,13.065650406197651,,,,,13.065650406197651,CHEMBL941,CHEMBL203,Kd,10000.0,nM,5.0
C3L-02348,25.2410354113575,12.62,1,CPTAC,CPTAC,13.065650406197651,,,,,13.065650406197651,CHEMBL941,CHEMBL203,Kd,10000.0,nM,5.0
C3L-02348,25.2410354113575,12.62,1,CPTAC,CPTAC,13.065650406197651,,,,,13.065650406197651,CHEMBL941,CHEMBL203,Kd,10000.0,nM,5.0
C3L-02348,25.2410354113575,12.62,1,CPTAC,CPTAC,13.065650406197651,,,,,13.065650406197651,CHEMBL941,CHEMBL203,Kd,30000.0,nM,4.522878745280337
C3L-02348,25.2410354113575,12.62,1,CPTAC,CPTAC,13.065650406197651,,,,,13.065650406197651,CHEMBL1079742,CHEMBL203,IC50,70.0,nM,7.154901959985743
C3L-02348,25.2410354113575,12.62,1,CPTAC,CPTAC,13.065650406197651,,,,,13.065650406197651,CHEMBL941,CHEMBL203,IC50,0.11,nM,9.958607314841775
C3L-02348,25.2410354113575,12.62,1,CPTAC,CPTAC,13.065650406197651,,,,,13.065650406197651,CHEMBL1079742,CHEMBL203,IC50,2.0,nM,8.698970004336019
C3L-02350,25.0004800680721,11.75,1,CPTAC,CPTAC,,,17.37976128112005,,,17.37976128112005,CHEMBL941,CHEMBL203,IC50,100000.0,nM,4.0
C3L-02350,25.0004800680721,11.75,1,CPTAC,CPTAC,,,17.37976128112005,,,17.37976128112005,CHEMBL941,CHEMBL203,Kd,10000.0,nM,5.0
C3L-02350,25.0004800680721,11.75,1,CPTAC,CPTAC,,,17.37976128112005,,,17.37976128112005,CHEMBL941,CHEMBL203,Kd,10000.0,nM,5.0
C3L-02350,25.0004800680721,11.75,1,CPTAC,CPTAC,,,17.37976128112005,,,17.37976128112005,CHEMBL941,CHEMBL203,Kd,10000.0,nM,5.0
C3L-02350,25.0004800680721,11.75,1,CPTAC,CPTAC,,,17.37976128112005,,,17.37976128112005,CHEMBL941,CHEMBL203,Kd,10000.0,nM,5.0
C3L-02350,25.0004800680721,11.75,1,CPTAC,CPTAC,,,17.37976128112005,,,17.37976128112005,CHEMBL941,CHEMBL203,Kd,7600.0,nM,5.119186407719209
C3L-02350,25.0004800680721,11.75,1,CPTAC,CPTAC,,,17.37976128112005,,,17.37976128112005,CHEMBL941,CHEMBL203,Kd,10000.0,nM,5.0
C3L-02350,25.0004800680721,11.75,1,CPTAC,CPTAC,,,17.37976128112005,,,17.37976128112005,CHEMBL941,CHEMBL203,Kd,10000.0,nM,5.0
C3L-02350,25.0004800680721,11.75,1,CPTAC,CPTAC,,,17.37976128112005,,,17.37976128112005,CHEMBL941,CHEMBL203,Kd,10000.0,nM,5.0
C3L-02350,25.0004800680721,11.75,1,CPTAC,CPTAC,,,17.37976128112005,,,17.37976128112005,CHEMBL941,CHEMBL203,Kd,10000.0,nM,5.0
C3L-02350,25.0004800680721,11.75,1,CPTAC,CPTAC,,,17.37976128112005,,,17.37976128112005,CHEMBL941,CHEMBL203,Kd,10000.0,nM,5.0
C3L-02350,25.0004800680721,11.75,1,CPTAC,CPTAC,,,17.37976128112005,,,17.37976128112005,CHEMBL1079742,CHEMBL203,IC50,420.0,nM,6.376750709602099
C3L-02350,25.0004800680721,11.75,1,CPTAC,CPTAC,,,17.37976128112005,,,17.37976128112005,CHEMBL1079742,CHEMBL203,IC50,15.0,nM,7.823908740944319
C3L-02350,25.0004800680721,11.75,1,CPTAC,CPTAC,,,17.37976128112005,,,17.37976128112005,CHEMBL941,CHEMBL203,Kd,10000.0,nM,5.0
C3L-02350,25.0004800680721,11.75,1,CPTAC,CPTAC,,,17.37976128112005,,,17.37976128112005,CHEMBL941,CHEMBL203,Kd,10000.0,nM,5.0
C3L-02350,25.0004800680721,11.75,1,CPTAC,CPTAC,,,17.37976128112005,,,17.37976128112005,CHEMBL941,CHEMBL203,Kd,10000.0,nM,5.0
C3L-02350,25.0004800680721,11.75,1,CPTAC,CPTAC,,,17.37976128112005,,,17.37976128112005,CHEMBL941,CHEMBL203,Kd,10000.0,nM,5.0
C3L-02350,25.0004800680721,11.75,1,CPTAC,CPTAC,,,17.37976128112005,,,17.37976128112005,CHEMBL941,CHEMBL203,Kd,7600.0,nM,5.119186407719209
C3L-02350,25.0004800680721,11.75,1,CPTAC,CPTAC,,,17.37976128112005,,,17.37976128112005,CHEMBL941,CHEMBL203,Kd,10000.0,nM,5.0
C3L-02350,25.0004800680721,11.75,1,CPTAC,CPTAC,,,17.37976128112005,,,17.37976128112005,CHEMBL941,CHEMBL203,Kd,10000.0,nM,5.0
C3L-02350,25.0004800680721,11.75,1,CPTAC,CPTAC,,,17.37976128112005,,,17.37976128112005,CHEMBL941,CHEMBL203,Kd,10000.0,nM,5.0
C3L-02350,25.0004800680721,11.75,1,CPTAC,CPTAC,,,17.37976128112005,,,17.37976128112005,CHEMBL941,CHEMBL203,Kd,10000.0,nM,5.0
C3L-02350,25.0004800680721,11.75,1,CPTAC,CPTAC,,,17.37976128112005,,,17.37976128112005,CHEMBL941,CHEMBL203,Kd,10000.0,nM,5.0
C3L-02350,25.0004800680721,11.75,1,CPTAC,CPTAC,,,17.37976128112005,,,17.37976128112005,CHEMBL941,CHEMBL203,Kd,10000.0,nM,5.0
C3L-02350,25.0004800680721,11.75,1,CPTAC,CPTAC,,,17.37976128112005,,,17.37976128112005,CHEMBL941,CHEMBL203,Kd,10000.0,nM,5.0
C3L-02350,25.0004800680721,11.75,1,CPTAC,CPTAC,,,17.37976128112005,,,17.37976128112005,CHEMBL941,CHEMBL203,Kd,30000.0,nM,4.522878745280337
C3L-02350,25.0004800680721,11.75,1,CPTAC,CPTAC,,,17.37976128112005,,,17.37976128112005,CHEMBL1079742,CHEMBL203,IC50,70.0,nM,7.154901959985743
C3L-02350,25.0004800680721,11.75,1,CPTAC,CPTAC,,,17.37976128112005,,,17.37976128112005,CHEMBL941,CHEMBL203,IC50,0.11,nM,9.958607314841775
C3L-02350,25.0004800680721,11.75,1,CPTAC,CPTAC,,,17.37976128112005,,,17.37976128112005,CHEMBL1079742,CHEMBL203,IC50,2.0,nM,8.698970004336019
C3L-02365,25.8407891861086,13.51,1,CPTAC,CPTAC,,,17.90627991903495,,,17.90627991903495,CHEMBL941,CHEMBL203,IC50,100000.0,nM,4.0
C3L-02365,25.8407891861086,13.51,1,CPTAC,CPTAC,,,17.90627991903495,,,17.90627991903495,CHEMBL941,CHEMBL203,Kd,10000.0,nM,5.0
C3L-02365,25.8407891861086,13.51,1,CPTAC,CPTAC,,,17.90627991903495,,,17.90627991903495,CHEMBL941,CHEMBL203,Kd,10000.0,nM,5.0
C3L-02365,25.8407891861086,13.51,1,CPTAC,CPTAC,,,17.90627991903495,,,17.90627991903495,CHEMBL941,CHEMBL203,Kd,10000.0,nM,5.0
C3L-02365,25.8407891861086,13.51,1,CPTAC,CPTAC,,,17.90627991903495,,,17.90627991903495,CHEMBL941,CHEMBL203,Kd,10000.0,nM,5.0
C3L-02365,25.8407891861086,13.51,1,CPTAC,CPTAC,,,17.90627991903495,,,17.90627991903495,CHEMBL941,CHEMBL203,Kd,7600.0,nM,5.119186407719209
C3L-02365,25.8407891861086,13.51,1,CPTAC,CPTAC,,,17.90627991903495,,,17.90627991903495,CHEMBL941,CHEMBL203,Kd,10000.0,nM,5.0
C3L-02365,25.8407891861086,13.51,1,CPTAC,CPTAC,,,17.90627991903495,,,17.90627991903495,CHEMBL941,CHEMBL203,Kd,10000.0,nM,5.0
C3L-02365,25.8407891861086,13.51,1,CPTAC,CPTAC,,,17.90627991903495,,,17.90627991903495,CHEMBL941,CHEMBL203,Kd,10000.0,nM,5.0
C3L-02365,25.8407891861086,13.51,1,CPTAC,CPTAC,,,17.90627991903495,,,17.90627991903495,CHEMBL941,CHEMBL203,Kd,10000.0,nM,5.0
C3L-02365,25.8407891861086,13.51,1,CPTAC,CPTAC,,,17.90627991903495,,,17.90627991903495,CHEMBL941,CHEMBL203,Kd,10000.0,nM,5.0
C3L-02365,25.8407891861086,13.51,1,CPTAC,CPTAC,,,17.90627991903495,,,17.90627991903495,CHEMBL1079742,CHEMBL203,IC50,420.0,nM,6.376750709602099
C3L-02365,25.8407891861086,13.51,1,CPTAC,CPTAC,,,17.90627991903495,,,17.90627991903495,CHEMBL1079742,CHEMBL203,IC50,15.0,nM,7.823908740944319
C3L-02365,25.8407891861086,13.51,1,CPTAC,CPTAC,,,17.90627991903495,,,17.90627991903495,CHEMBL941,CHEMBL203,Kd,10000.0,nM,5.0
C3L-02365,25.8407891861086,13.51,1,CPTAC,CPTAC,,,17.90627991903495,,,17.90627991903495,CHEMBL941,CHEMBL203,Kd,10000.0,nM,5.0
C3L-02365,25.8407891861086,13.51,1,CPTAC,CPTAC,,,17.90627991903495,,,17.90627991903495,CHEMBL941,CHEMBL203,Kd,10000.0,nM,5.0
C3L-02365,25.8407891861086,13.51,1,CPTAC,CPTAC,,,17.90627991903495,,,17.90627991903495,CHEMBL941,CHEMBL203,Kd,10000.0,nM,5.0
C3L-02365,25.8407891861086,13.51,1,CPTAC,CPTAC,,,17.90627991903495,,,17.90627991903495,CHEMBL941,CHEMBL203,Kd,7600.0,nM,5.119186407719209
C3L-02365,25.8407891861086,13.51,1,CPTAC,CPTAC,,,17.90627991903495,,,17.90627991903495,CHEMBL941,CHEMBL203,Kd,10000.0,nM,5.0
C3L-02365,25.8407891861086,13.51,1,CPTAC,CPTAC,,,17.90627991903495,,,17.90627991903495,CHEMBL941,CHEMBL203,Kd,10000.0,nM,5.0
C3L-02365,25.8407891861086,13.51,1,CPTAC,CPTAC,,,17.90627991903495,,,17.90627991903495,CHEMBL941,CHEMBL203,Kd,10000.0,nM,5.0
C3L-02365,25.8407891861086,13.51,1,CPTAC,CPTAC,,,17.90627991903495,,,17.90627991903495,CHEMBL941,CHEMBL203,Kd,10000.0,nM,5.0
C3L-02365,25.8407891861086,13.51,1,CPTAC,CPTAC,,,17.90627991903495,,,17.90627991903495,CHEMBL941,CHEMBL203,Kd,10000.0,nM,5.0
C3L-02365,25.8407891861086,13.51,1,CPTAC,CPTAC,,,17.90627991903495,,,17.90627991903495,CHEMBL941,CHEMBL203,Kd,10000.0,nM,5.0
C3L-02365,25.8407891861086,13.51,1,CPTAC,CPTAC,,,17.90627991903495,,,17.90627991903495,CHEMBL941,CHEMBL203,Kd,10000.0,nM,5.0
C3L-02365,25.8407891861086,13.51,1,CPTAC,CPTAC,,,17.90627991903495,,,17.90627991903495,CHEMBL941,CHEMBL203,Kd,30000.0,nM,4.522878745280337
C3L-02365,25.8407891861086,13.51,1,CPTAC,CPTAC,,,17.90627991903495,,,17.90627991903495,CHEMBL1079742,CHEMBL203,IC50,70.0,nM,7.154901959985743
C3L-02365,25.8407891861086,13.51,1,CPTAC,CPTAC,,,17.90627991903495,,,17.90627991903495,CHEMBL941,CHEMBL203,IC50,0.11,nM,9.958607314841775
C3L-02365,25.8407891861086,13.51,1,CPTAC,CPTAC,,,17.90627991903495,,,17.90627991903495,CHEMBL1079742,CHEMBL203,IC50,2.0,nM,8.698970004336019
C3L-02508,24.9253582626231,11.06,1,CPTAC,CPTAC,13.02924094564425,,,,,13.02924094564425,CHEMBL941,CHEMBL203,IC50,100000.0,nM,4.0
C3L-02508,24.9253582626231,11.06,1,CPTAC,CPTAC,13.02924094564425,,,,,13.02924094564425,CHEMBL941,CHEMBL203,Kd,10000.0,nM,5.0
C3L-02508,24.9253582626231,11.06,1,CPTAC,CPTAC,13.02924094564425,,,,,13.02924094564425,CHEMBL941,CHEMBL203,Kd,10000.0,nM,5.0
C3L-02508,24.9253582626231,11.06,1,CPTAC,CPTAC,13.02924094564425,,,,,13.02924094564425,CHEMBL941,CHEMBL203,Kd,10000.0,nM,5.0
C3L-02508,24.9253582626231,11.06,1,CPTAC,CPTAC,13.02924094564425,,,,,13.02924094564425,CHEMBL941,CHEMBL203,Kd,10000.0,nM,5.0
C3L-02508,24.9253582626231,11.06,1,CPTAC,CPTAC,13.02924094564425,,,,,13.02924094564425,CHEMBL941,CHEMBL203,Kd,7600.0,nM,5.119186407719209
C3L-02508,24.9253582626231,11.06,1,CPTAC,CPTAC,13.02924094564425,,,,,13.02924094564425,CHEMBL941,CHEMBL203,Kd,10000.0,nM,5.0
C3L-02508,24.9253582626231,11.06,1,CPTAC,CPTAC,13.02924094564425,,,,,13.02924094564425,CHEMBL941,CHEMBL203,Kd,10000.0,nM,5.0
C3L-02508,24.9253582626231,11.06,1,CPTAC,CPTAC,13.02924094564425,,,,,13.02924094564425,CHEMBL941,CHEMBL203,Kd,10000.0,nM,5.0
C3L-02508,24.9253582626231,11.06,1,CPTAC,CPTAC,13.02924094564425,,,,,13.02924094564425,CHEMBL941,CHEMBL203,Kd,10000.0,nM,5.0
C3L-02508,24.9253582626231,11.06,1,CPTAC,CPTAC,13.02924094564425,,,,,13.02924094564425,CHEMBL941,CHEMBL203,Kd,10000.0,nM,5.0
C3L-02508,24.9253582626231,11.06,1,CPTAC,CPTAC,13.02924094564425,,,,,13.02924094564425,CHEMBL1079742,CHEMBL203,IC50,420.0,nM,6.376750709602099
C3L-02508,24.9253582626231,11.06,1,CPTAC,CPTAC,13.02924094564425,,,,,13.02924094564425,CHEMBL1079742,CHEMBL203,IC50,15.0,nM,7.823908740944319
C3L-02508,24.9253582626231,11.06,1,CPTAC,CPTAC,13.02924094564425,,,,,13.02924094564425,CHEMBL941,CHEMBL203,Kd,10000.0,nM,5.0
C3L-02508,24.9253582626231,11.06,1,CPTAC,CPTAC,13.02924094564425,,,,,13.02924094564425,CHEMBL941,CHEMBL203,Kd,10000.0,nM,5.0
C3L-02508,24.9253582626231,11.06,1,CPTAC,CPTAC,13.02924094564425,,,,,13.02924094564425,CHEMBL941,CHEMBL203,Kd,10000.0,nM,5.0
C3L-02508,24.9253582626231,11.06,1,CPTAC,CPTAC,13.02924094564425,,,,,13.02924094564425,CHEMBL941,CHEMBL203,Kd,10000.0,nM,5.0
C3L-02508,24.9253582626231,11.06,1,CPTAC,CPTAC,13.02924094564425,,,,,13.02924094564425,CHEMBL941,CHEMBL203,Kd,7600.0,nM,5.119186407719209
C3L-02508,24.9253582626231,11.06,1,CPTAC,CPTAC,13.02924094564425,,,,,13.02924094564425,CHEMBL941,CHEMBL203,Kd,10000.0,nM,5.0
C3L-02508,24.9253582626231,11.06,1,CPTAC,CPTAC,13.02924094564425,,,,,13.02924094564425,CHEMBL941,CHEMBL203,Kd,10000.0,nM,5.0
C3L-02508,24.9253582626231,11.06,1,CPTAC,CPTAC,13.02924094564425,,,,,13.02924094564425,CHEMBL941,CHEMBL203,Kd,10000.0,nM,5.0
C3L-02508,24.9253582626231,11.06,1,CPTAC,CPTAC,13.02924094564425,,,,,13.02924094564425,CHEMBL941,CHEMBL203,Kd,10000.0,nM,5.0
C3L-02508,24.9253582626231,11.06,1,CPTAC,CPTAC,13.02924094564425,,,,,13.02924094564425,CHEMBL941,CHEMBL203,Kd,10000.0,nM,5.0
C3L-02508,24.9253582626231,11.06,1,CPTAC,CPTAC,13.02924094564425,,,,,13.02924094564425,CHEMBL941,CHEMBL203,Kd,10000.0,nM,5.0
C3L-02508,24.9253582626231,11.06,1,CPTAC,CPTAC,13.02924094564425,,,,,13.02924094564425,CHEMBL941,CHEMBL203,Kd,10000.0,nM,5.0
C3L-02508,24.9253582626231,11.06,1,CPTAC,CPTAC,13.02924094564425,,,,,13.02924094564425,CHEMBL941,CHEMBL203,Kd,30000.0,nM,4.522878745280337
C3L-02508,24.9253582626231,11.06,1,CPTAC,CPTAC,13.02924094564425,,,,,13.02924094564425,CHEMBL1079742,CHEMBL203,IC50,70.0,nM,7.154901959985743
C3L-02508,24.9253582626231,11.06,1,CPTAC,CPTAC,13.02924094564425,,,,,13.02924094564425,CHEMBL941,CHEMBL203,IC50,0.11,nM,9.958607314841775
C3L-02508,24.9253582626231,11.06,1,CPTAC,CPTAC,13.02924094564425,,,,,13.02924094564425,CHEMBL1079742,CHEMBL203,IC50,2.0,nM,8.698970004336019
C3L-02549,25.5473840840909,12.17,1,CPTAC,CPTAC,,,17.6470758759427,,,17.6470758759427,CHEMBL941,CHEMBL203,IC50,100000.0,nM,4.0
C3L-02549,25.5473840840909,12.17,1,CPTAC,CPTAC,,,17.6470758759427,,,17.6470758759427,CHEMBL941,CHEMBL203,Kd,10000.0,nM,5.0
C3L-02549,25.5473840840909,12.17,1,CPTAC,CPTAC,,,17.6470758759427,,,17.6470758759427,CHEMBL941,CHEMBL203,Kd,10000.0,nM,5.0
C3L-02549,25.5473840840909,12.17,1,CPTAC,CPTAC,,,17.6470758759427,,,17.6470758759427,CHEMBL941,CHEMBL203,Kd,10000.0,nM,5.0
C3L-02549,25.5473840840909,12.17,1,CPTAC,CPTAC,,,17.6470758759427,,,17.6470758759427,CHEMBL941,CHEMBL203,Kd,10000.0,nM,5.0
C3L-02549,25.5473840840909,12.17,1,CPTAC,CPTAC,,,17.6470758759427,,,17.6470758759427,CHEMBL941,CHEMBL203,Kd,7600.0,nM,5.119186407719209
C3L-02549,25.5473840840909,12.17,1,CPTAC,CPTAC,,,17.6470758759427,,,17.6470758759427,CHEMBL941,CHEMBL203,Kd,10000.0,nM,5.0
C3L-02549,25.5473840840909,12.17,1,CPTAC,CPTAC,,,17.6470758759427,,,17.6470758759427,CHEMBL941,CHEMBL203,Kd,10000.0,nM,5.0
C3L-02549,25.5473840840909,12.17,1,CPTAC,CPTAC,,,17.6470758759427,,,17.6470758759427,CHEMBL941,CHEMBL203,Kd,10000.0,nM,5.0
C3L-02549,25.5473840840909,12.17,1,CPTAC,CPTAC,,,17.6470758759427,,,17.6470758759427,CHEMBL941,CHEMBL203,Kd,10000.0,nM,5.0
C3L-02549,25.5473840840909,12.17,1,CPTAC,CPTAC,,,17.6470758759427,,,17.6470758759427,CHEMBL941,CHEMBL203,Kd,10000.0,nM,5.0
C3L-02549,25.5473840840909,12.17,1,CPTAC,CPTAC,,,17.6470758759427,,,17.6470758759427,CHEMBL1079742,CHEMBL203,IC50,420.0,nM,6.376750709602099
C3L-02549,25.5473840840909,12.17,1,CPTAC,CPTAC,,,17.6470758759427,,,17.6470758759427,CHEMBL1079742,CHEMBL203,IC50,15.0,nM,7.823908740944319
C3L-02549,25.5473840840909,12.17,1,CPTAC,CPTAC,,,17.6470758759427,,,17.6470758759427,CHEMBL941,CHEMBL203,Kd,10000.0,nM,5.0
C3L-02549,25.5473840840909,12.17,1,CPTAC,CPTAC,,,17.6470758759427,,,17.6470758759427,CHEMBL941,CHEMBL203,Kd,10000.0,nM,5.0
C3L-02549,25.5473840840909,12.17,1,CPTAC,CPTAC,,,17.6470758759427,,,17.6470758759427,CHEMBL941,CHEMBL203,Kd,10000.0,nM,5.0
C3L-02549,25.5473840840909,12.17,1,CPTAC,CPTAC,,,17.6470758759427,,,17.6470758759427,CHEMBL941,CHEMBL203,Kd,10000.0,nM,5.0
C3L-02549,25.5473840840909,12.17,1,CPTAC,CPTAC,,,17.6470758759427,,,17.6470758759427,CHEMBL941,CHEMBL203,Kd,7600.0,nM,5.119186407719209
C3L-02549,25.5473840840909,12.17,1,CPTAC,CPTAC,,,17.6470758759427,,,17.6470758759427,CHEMBL941,CHEMBL203,Kd,10000.0,nM,5.0
C3L-02549,25.5473840840909,12.17,1,CPTAC,CPTAC,,,17.6470758759427,,,17.6470758759427,CHEMBL941,CHEMBL203,Kd,10000.0,nM,5.0
C3L-02549,25.5473840840909,12.17,1,CPTAC,CPTAC,,,17.6470758759427,,,17.6470758759427,CHEMBL941,CHEMBL203,Kd,10000.0,nM,5.0
C3L-02549,25.5473840840909,12.17,1,CPTAC,CPTAC,,,17.6470758759427,,,17.6470758759427,CHEMBL941,CHEMBL203,Kd,10000.0,nM,5.0
C3L-02549,25.5473840840909,12.17,1,CPTAC,CPTAC,,,17.6470758759427,,,17.6470758759427,CHEMBL941,CHEMBL203,Kd,10000.0,nM,5.0
C3L-02549,25.5473840840909,12.17,1,CPTAC,CPTAC,,,17.6470758759427,,,17.6470758759427,CHEMBL941,CHEMBL203,Kd,10000.0,nM,5.0
C3L-02549,25.5473840840909,12.17,1,CPTAC,CPTAC,,,17.6470758759427,,,17.6470758759427,CHEMBL941,CHEMBL203,Kd,10000.0,nM,5.0
C3L-02549,25.5473840840909,12.17,1,CPTAC,CPTAC,,,17.6470758759427,,,17.6470758759427,CHEMBL941,CHEMBL203,Kd,30000.0,nM,4.522878745280337
C3L-02549,25.5473840840909,12.17,1,CPTAC,CPTAC,,,17.6470758759427,,,17.6470758759427,CHEMBL1079742,CHEMBL203,IC50,70.0,nM,7.154901959985743
C3L-02549,25.5473840840909,12.17,1,CPTAC,CPTAC,,,17.6470758759427,,,17.6470758759427,CHEMBL941,CHEMBL203,IC50,0.11,nM,9.958607314841775
C3L-02549,25.5473840840909,12.17,1,CPTAC,CPTAC,,,17.6470758759427,,,17.6470758759427,CHEMBL1079742,CHEMBL203,IC50,2.0,nM,8.698970004336019
C3N-00167,25.8302570918315,14.29,1,CPTAC,CPTAC,,,,,18.9414062257186,18.9414062257186,CHEMBL941,CHEMBL203,IC50,100000.0,nM,4.0
C3N-00167,25.8302570918315,14.29,1,CPTAC,CPTAC,,,,,18.9414062257186,18.9414062257186,CHEMBL941,CHEMBL203,Kd,10000.0,nM,5.0
C3N-00167,25.8302570918315,14.29,1,CPTAC,CPTAC,,,,,18.9414062257186,18.9414062257186,CHEMBL941,CHEMBL203,Kd,10000.0,nM,5.0
C3N-00167,25.8302570918315,14.29,1,CPTAC,CPTAC,,,,,18.9414062257186,18.9414062257186,CHEMBL941,CHEMBL203,Kd,10000.0,nM,5.0
C3N-00167,25.8302570918315,14.29,1,CPTAC,CPTAC,,,,,18.9414062257186,18.9414062257186,CHEMBL941,CHEMBL203,Kd,10000.0,nM,5.0
C3N-00167,25.8302570918315,14.29,1,CPTAC,CPTAC,,,,,18.9414062257186,18.9414062257186,CHEMBL941,CHEMBL203,Kd,7600.0,nM,5.119186407719209
C3N-00167,25.8302570918315,14.29,1,CPTAC,CPTAC,,,,,18.9414062257186,18.9414062257186,CHEMBL941,CHEMBL203,Kd,10000.0,nM,5.0
C3N-00167,25.8302570918315,14.29,1,CPTAC,CPTAC,,,,,18.9414062257186,18.9414062257186,CHEMBL941,CHEMBL203,Kd,10000.0,nM,5.0
C3N-00167,25.8302570918315,14.29,1,CPTAC,CPTAC,,,,,18.9414062257186,18.9414062257186,CHEMBL941,CHEMBL203,Kd,10000.0,nM,5.0
C3N-00167,25.8302570918315,14.29,1,CPTAC,CPTAC,,,,,18.9414062257186,18.9414062257186,CHEMBL941,CHEMBL203,Kd,10000.0,nM,5.0
C3N-00167,25.8302570918315,14.29,1,CPTAC,CPTAC,,,,,18.9414062257186,18.9414062257186,CHEMBL941,CHEMBL203,Kd,10000.0,nM,5.0
C3N-00167,25.8302570918315,14.29,1,CPTAC,CPTAC,,,,,18.9414062257186,18.9414062257186,CHEMBL1079742,CHEMBL203,IC50,420.0,nM,6.376750709602099
C3N-00167,25.8302570918315,14.29,1,CPTAC,CPTAC,,,,,18.9414062257186,18.9414062257186,CHEMBL1079742,CHEMBL203,IC50,15.0,nM,7.823908740944319
C3N-00167,25.8302570918315,14.29,1,CPTAC,CPTAC,,,,,18.9414062257186,18.9414062257186,CHEMBL941,CHEMBL203,Kd,10000.0,nM,5.0
C3N-00167,25.8302570918315,14.29,1,CPTAC,CPTAC,,,,,18.9414062257186,18.9414062257186,CHEMBL941,CHEMBL203,Kd,10000.0,nM,5.0
C3N-00167,25.8302570918315,14.29,1,CPTAC,CPTAC,,,,,18.9414062257186,18.9414062257186,CHEMBL941,CHEMBL203,Kd,10000.0,nM,5.0
C3N-00167,25.8302570918315,14.29,1,CPTAC,CPTAC,,,,,18.9414062257186,18.9414062257186,CHEMBL941,CHEMBL203,Kd,10000.0,nM,5.0
C3N-00167,25.8302570918315,14.29,1,CPTAC,CPTAC,,,,,18.9414062257186,18.9414062257186,CHEMBL941,CHEMBL203,Kd,7600.0,nM,5.119186407719209
C3N-00167,25.8302570918315,14.29,1,CPTAC,CPTAC,,,,,18.9414062257186,18.9414062257186,CHEMBL941,CHEMBL203,Kd,10000.0,nM,5.0
C3N-00167,25.8302570918315,14.29,1,CPTAC,CPTAC,,,,,18.9414062257186,18.9414062257186,CHEMBL941,CHEMBL203,Kd,10000.0,nM,5.0
C3N-00167,25.8302570918315,14.29,1,CPTAC,CPTAC,,,,,18.9414062257186,18.9414062257186,CHEMBL941,CHEMBL203,Kd,10000.0,nM,5.0
C3N-00167,25.8302570918315,14.29,1,CPTAC,CPTAC,,,,,18.9414062257186,18.9414062257186,CHEMBL941,CHEMBL203,Kd,10000.0,nM,5.0
C3N-00167,25.8302570918315,14.29,1,CPTAC,CPTAC,,,,,18.9414062257186,18.9414062257186,CHEMBL941,CHEMBL203,Kd,10000.0,nM,5.0
C3N-00167,25.8302570918315,14.29,1,CPTAC,CPTAC,,,,,18.9414062257186,18.9414062257186,CHEMBL941,CHEMBL203,Kd,10000.0,nM,5.0
C3N-00167,25.8302570918315,14.29,1,CPTAC,CPTAC,,,,,18.9414062257186,18.9414062257186,CHEMBL941,CHEMBL203,Kd,10000.0,nM,5.0
C3N-00167,25.8302570918315,14.29,1,CPTAC,CPTAC,,,,,18.9414062257186,18.9414062257186,CHEMBL941,CHEMBL203,Kd,30000.0,nM,4.522878745280337
C3N-00167,25.8302570918315,14.29,1,CPTAC,CPTAC,,,,,18.9414062257186,18.9414062257186,CHEMBL1079742,CHEMBL203,IC50,70.0,nM,7.154901959985743
C3N-00167,25.8302570918315,14.29,1,CPTAC,CPTAC,,,,,18.9414062257186,18.9414062257186,CHEMBL941,CHEMBL203,IC50,0.11,nM,9.958607314841775
C3N-00167,25.8302570918315,14.29,1,CPTAC,CPTAC,,,,,18.9414062257186,18.9414062257186,CHEMBL1079742,CHEMBL203,IC50,2.0,nM,8.698970004336019
C3N-00169,26.209111897473,13.59,1,CPTAC,CPTAC,,,,,,,CHEMBL941,CHEMBL203,IC50,100000.0,nM,4.0
C3N-00169,26.209111897473,13.59,1,CPTAC,CPTAC,,,,,,,CHEMBL941,CHEMBL203,Kd,10000.0,nM,5.0
C3N-00169,26.209111897473,13.59,1,CPTAC,CPTAC,,,,,,,CHEMBL941,CHEMBL203,Kd,10000.0,nM,5.0
C3N-00169,26.209111897473,13.59,1,CPTAC,CPTAC,,,,,,,CHEMBL941,CHEMBL203,Kd,10000.0,nM,5.0
C3N-00169,26.209111897473,13.59,1,CPTAC,CPTAC,,,,,,,CHEMBL941,CHEMBL203,Kd,10000.0,nM,5.0
C3N-00169,26.209111897473,13.59,1,CPTAC,CPTAC,,,,,,,CHEMBL941,CHEMBL203,Kd,7600.0,nM,5.119186407719209
C3N-00169,26.209111897473,13.59,1,CPTAC,CPTAC,,,,,,,CHEMBL941,CHEMBL203,Kd,10000.0,nM,5.0
C3N-00169,26.209111897473,13.59,1,CPTAC,CPTAC,,,,,,,CHEMBL941,CHEMBL203,Kd,10000.0,nM,5.0
C3N-00169,26.209111897473,13.59,1,CPTAC,CPTAC,,,,,,,CHEMBL941,CHEMBL203,Kd,10000.0,nM,5.0
C3N-00169,26.209111897473,13.59,1,CPTAC,CPTAC,,,,,,,CHEMBL941,CHEMBL203,Kd,10000.0,nM,5.0
C3N-00169,26.209111897473,13.59,1,CPTAC,CPTAC,,,,,,,CHEMBL941,CHEMBL203,Kd,10000.0,nM,5.0
C3N-00169,26.209111897473,13.59,1,CPTAC,CPTAC,,,,,,,CHEMBL1079742,CHEMBL203,IC50,420.0,nM,6.376750709602099
C3N-00169,26.209111897473,13.59,1,CPTAC,CPTAC,,,,,,,CHEMBL1079742,CHEMBL203,IC50,15.0,nM,7.823908740944319
C3N-00169,26.209111897473,13.59,1,CPTAC,CPTAC,,,,,,,CHEMBL941,CHEMBL203,Kd,10000.0,nM,5.0
C3N-00169,26.209111897473,13.59,1,CPTAC,CPTAC,,,,,,,CHEMBL941,CHEMBL203,Kd,10000.0,nM,5.0
C3N-00169,26.209111897473,13.59,1,CPTAC,CPTAC,,,,,,,CHEMBL941,CHEMBL203,Kd,10000.0,nM,5.0
C3N-00169,26.209111897473,13.59,1,CPTAC,CPTAC,,,,,,,CHEMBL941,CHEMBL203,Kd,10000.0,nM,5.0
C3N-00169,26.209111897473,13.59,1,CPTAC,CPTAC,,,,,,,CHEMBL941,CHEMBL203,Kd,7600.0,nM,5.119186407719209
C3N-00169,26.209111897473,13.59,1,CPTAC,CPTAC,,,,,,,CHEMBL941,CHEMBL203,Kd,10000.0,nM,5.0
C3N-00169,26.209111897473,13.59,1,CPTAC,CPTAC,,,,,,,CHEMBL941,CHEMBL203,Kd,10000.0,nM,5.0
C3N-00169,26.209111897473,13.59,1,CPTAC,CPTAC,,,,,,,CHEMBL941,CHEMBL203,Kd,10000.0,nM,5.0
C3N-00169,26.209111897473,13.59,1,CPTAC,CPTAC,,,,,,,CHEMBL941,CHEMBL203,Kd,10000.0,nM,5.0
C3N-00169,26.209111897473,13.59,1,CPTAC,CPTAC,,,,,,,CHEMBL941,CHEMBL203,Kd,10000.0,nM,5.0
C3N-00169,26.209111897473,13.59,1,CPTAC,CPTAC,,,,,,,CHEMBL941,CHEMBL203,Kd,10000.0,nM,5.0
C3N-00169,26.209111897473,13.59,1,CPTAC,CPTAC,,,,,,,CHEMBL941,CHEMBL203,Kd,10000.0,nM,5.0
C3N-00169,26.209111897473,13.59,1,CPTAC,CPTAC,,,,,,,CHEMBL941,CHEMBL203,Kd,30000.0,nM,4.522878745280337
C3N-00169,26.209111897473,13.59,1,CPTAC,CPTAC,,,,,,,CHEMBL1079742,CHEMBL203,IC50,70.0,nM,7.154901959985743
C3N-00169,26.209111897473,13.59,1,CPTAC,CPTAC,,,,,,,CHEMBL941,CHEMBL203,IC50,0.11,nM,9.958607314841775
C3N-00169,26.209111897473,13.59,1,CPTAC,CPTAC,,,,,,,CHEMBL1079742,CHEMBL203,IC50,2.0,nM,8.698970004336019
C3N-00175,25.8620795992577,13.63,1,CPTAC,CPTAC,,,17.55734646737845,,,17.55734646737845,CHEMBL941,CHEMBL203,IC50,100000.0,nM,4.0
C3N-00175,25.8620795992577,13.63,1,CPTAC,CPTAC,,,17.55734646737845,,,17.55734646737845,CHEMBL941,CHEMBL203,Kd,10000.0,nM,5.0
C3N-00175,25.8620795992577,13.63,1,CPTAC,CPTAC,,,17.55734646737845,,,17.55734646737845,CHEMBL941,CHEMBL203,Kd,10000.0,nM,5.0
C3N-00175,25.8620795992577,13.63,1,CPTAC,CPTAC,,,17.55734646737845,,,17.55734646737845,CHEMBL941,CHEMBL203,Kd,10000.0,nM,5.0
C3N-00175,25.8620795992577,13.63,1,CPTAC,CPTAC,,,17.55734646737845,,,17.55734646737845,CHEMBL941,CHEMBL203,Kd,10000.0,nM,5.0
C3N-00175,25.8620795992577,13.63,1,CPTAC,CPTAC,,,17.55734646737845,,,17.55734646737845,CHEMBL941,CHEMBL203,Kd,7600.0,nM,5.119186407719209
C3N-00175,25.8620795992577,13.63,1,CPTAC,CPTAC,,,17.55734646737845,,,17.55734646737845,CHEMBL941,CHEMBL203,Kd,10000.0,nM,5.0
C3N-00175,25.8620795992577,13.63,1,CPTAC,CPTAC,,,17.55734646737845,,,17.55734646737845,CHEMBL941,CHEMBL203,Kd,10000.0,nM,5.0
C3N-00175,25.8620795992577,13.63,1,CPTAC,CPTAC,,,17.55734646737845,,,17.55734646737845,CHEMBL941,CHEMBL203,Kd,10000.0,nM,5.0
C3N-00175,25.8620795992577,13.63,1,CPTAC,CPTAC,,,17.55734646737845,,,17.55734646737845,CHEMBL941,CHEMBL203,Kd,10000.0,nM,5.0
C3N-00175,25.8620795992577,13.63,1,CPTAC,CPTAC,,,17.55734646737845,,,17.55734646737845,CHEMBL941,CHEMBL203,Kd,10000.0,nM,5.0
C3N-00175,25.8620795992577,13.63,1,CPTAC,CPTAC,,,17.55734646737845,,,17.55734646737845,CHEMBL1079742,CHEMBL203,IC50,420.0,nM,6.376750709602099
C3N-00175,25.8620795992577,13.63,1,CPTAC,CPTAC,,,17.55734646737845,,,17.55734646737845,CHEMBL1079742,CHEMBL203,IC50,15.0,nM,7.823908740944319
C3N-00175,25.8620795992577,13.63,1,CPTAC,CPTAC,,,17.55734646737845,,,17.55734646737845,CHEMBL941,CHEMBL203,Kd,10000.0,nM,5.0
C3N-00175,25.8620795992577,13.63,1,CPTAC,CPTAC,,,17.55734646737845,,,17.55734646737845,CHEMBL941,CHEMBL203,Kd,10000.0,nM,5.0
C3N-00175,25.8620795992577,13.63,1,CPTAC,CPTAC,,,17.55734646737845,,,17.55734646737845,CHEMBL941,CHEMBL203,Kd,10000.0,nM,5.0
C3N-00175,25.8620795992577,13.63,1,CPTAC,CPTAC,,,17.55734646737845,,,17.55734646737845,CHEMBL941,CHEMBL203,Kd,10000.0,nM,5.0
C3N-00175,25.8620795992577,13.63,1,CPTAC,CPTAC,,,17.55734646737845,,,17.55734646737845,CHEMBL941,CHEMBL203,Kd,7600.0,nM,5.119186407719209
C3N-00175,25.8620795992577,13.63,1,CPTAC,CPTAC,,,17.55734646737845,,,17.55734646737845,CHEMBL941,CHEMBL203,Kd,10000.0,nM,5.0
C3N-00175,25.8620795992577,13.63,1,CPTAC,CPTAC,,,17.55734646737845,,,17.55734646737845,CHEMBL941,CHEMBL203,Kd,10000.0,nM,5.0
C3N-00175,25.8620795992577,13.63,1,CPTAC,CPTAC,,,17.55734646737845,,,17.55734646737845,CHEMBL941,CHEMBL203,Kd,10000.0,nM,5.0
C3N-00175,25.8620795992577,13.63,1,CPTAC,CPTAC,,,17.55734646737845,,,17.55734646737845,CHEMBL941,CHEMBL203,Kd,10000.0,nM,5.0
C3N-00175,25.8620795992577,13.63,1,CPTAC,CPTAC,,,17.55734646737845,,,17.55734646737845,CHEMBL941,CHEMBL203,Kd,10000.0,nM,5.0
C3N-00175,25.8620795992577,13.63,1,CPTAC,CPTAC,,,17.55734646737845,,,17.55734646737845,CHEMBL941,CHEMBL203,Kd,10000.0,nM,5.0
C3N-00175,25.8620795992577,13.63,1,CPTAC,CPTAC,,,17.55734646737845,,,17.55734646737845,CHEMBL941,CHEMBL203,Kd,10000.0,nM,5.0
C3N-00175,25.8620795992577,13.63,1,CPTAC,CPTAC,,,17.55734646737845,,,17.55734646737845,CHEMBL941,CHEMBL203,Kd,30000.0,nM,4.522878745280337
C3N-00175,25.8620795992577,13.63,1,CPTAC,CPTAC,,,17.55734646737845,,,17.55734646737845,CHEMBL1079742,CHEMBL203,IC50,70.0,nM,7.154901959985743
C3N-00175,25.8620795992577,13.63,1,CPTAC,CPTAC,,,17.55734646737845,,,17.55734646737845,CHEMBL941,CHEMBL203,IC50,0.11,nM,9.958607314841775
C3N-00175,25.8620795992577,13.63,1,CPTAC,CPTAC,,,17.55734646737845,,,17.55734646737845,CHEMBL1079742,CHEMBL203,IC50,2.0,nM,8.698970004336019
C3N-00180,25.6285355522037,12.45,1,CPTAC,CPTAC,,,,,,,CHEMBL941,CHEMBL203,IC50,100000.0,nM,4.0
C3N-00180,25.6285355522037,12.45,1,CPTAC,CPTAC,,,,,,,CHEMBL941,CHEMBL203,Kd,10000.0,nM,5.0
C3N-00180,25.6285355522037,12.45,1,CPTAC,CPTAC,,,,,,,CHEMBL941,CHEMBL203,Kd,10000.0,nM,5.0
C3N-00180,25.6285355522037,12.45,1,CPTAC,CPTAC,,,,,,,CHEMBL941,CHEMBL203,Kd,10000.0,nM,5.0
C3N-00180,25.6285355522037,12.45,1,CPTAC,CPTAC,,,,,,,CHEMBL941,CHEMBL203,Kd,10000.0,nM,5.0
C3N-00180,25.6285355522037,12.45,1,CPTAC,CPTAC,,,,,,,CHEMBL941,CHEMBL203,Kd,7600.0,nM,5.119186407719209
C3N-00180,25.6285355522037,12.45,1,CPTAC,CPTAC,,,,,,,CHEMBL941,CHEMBL203,Kd,10000.0,nM,5.0
C3N-00180,25.6285355522037,12.45,1,CPTAC,CPTAC,,,,,,,CHEMBL941,CHEMBL203,Kd,10000.0,nM,5.0
C3N-00180,25.6285355522037,12.45,1,CPTAC,CPTAC,,,,,,,CHEMBL941,CHEMBL203,Kd,10000.0,nM,5.0
C3N-00180,25.6285355522037,12.45,1,CPTAC,CPTAC,,,,,,,CHEMBL941,CHEMBL203,Kd,10000.0,nM,5.0
C3N-00180,25.6285355522037,12.45,1,CPTAC,CPTAC,,,,,,,CHEMBL941,CHEMBL203,Kd,10000.0,nM,5.0
C3N-00180,25.6285355522037,12.45,1,CPTAC,CPTAC,,,,,,,CHEMBL1079742,CHEMBL203,IC50,420.0,nM,6.376750709602099
C3N-00180,25.6285355522037,12.45,1,CPTAC,CPTAC,,,,,,,CHEMBL1079742,CHEMBL203,IC50,15.0,nM,7.823908740944319
C3N-00180,25.6285355522037,12.45,1,CPTAC,CPTAC,,,,,,,CHEMBL941,CHEMBL203,Kd,10000.0,nM,5.0
C3N-00180,25.6285355522037,12.45,1,CPTAC,CPTAC,,,,,,,CHEMBL941,CHEMBL203,Kd,10000.0,nM,5.0
C3N-00180,25.6285355522037,12.45,1,CPTAC,CPTAC,,,,,,,CHEMBL941,CHEMBL203,Kd,10000.0,nM,5.0
C3N-00180,25.6285355522037,12.45,1,CPTAC,CPTAC,,,,,,,CHEMBL941,CHEMBL203,Kd,10000.0,nM,5.0
C3N-00180,25.6285355522037,12.45,1,CPTAC,CPTAC,,,,,,,CHEMBL941,CHEMBL203,Kd,7600.0,nM,5.119186407719209
C3N-00180,25.6285355522037,12.45,1,CPTAC,CPTAC,,,,,,,CHEMBL941,CHEMBL203,Kd,10000.0,nM,5.0
C3N-00180,25.6285355522037,12.45,1,CPTAC,CPTAC,,,,,,,CHEMBL941,CHEMBL203,Kd,10000.0,nM,5.0
C3N-00180,25.6285355522037,12.45,1,CPTAC,CPTAC,,,,,,,CHEMBL941,CHEMBL203,Kd,10000.0,nM,5.0
C3N-00180,25.6285355522037,12.45,1,CPTAC,CPTAC,,,,,,,CHEMBL941,CHEMBL203,Kd,10000.0,nM,5.0
C3N-00180,25.6285355522037,12.45,1,CPTAC,CPTAC,,,,,,,CHEMBL941,CHEMBL203,Kd,10000.0,nM,5.0
C3N-00180,25.6285355522037,12.45,1,CPTAC,CPTAC,,,,,,,CHEMBL941,CHEMBL203,Kd,10000.0,nM,5.0
C3N-00180,25.6285355522037,12.45,1,CPTAC,CPTAC,,,,,,,CHEMBL941,CHEMBL203,Kd,10000.0,nM,5.0
C3N-00180,25.6285355522037,12.45,1,CPTAC,CPTAC,,,,,,,CHEMBL941,CHEMBL203,Kd,30000.0,nM,4.522878745280337
C3N-00180,25.6285355522037,12.45,1,CPTAC,CPTAC,,,,,,,CHEMBL1079742,CHEMBL203,IC50,70.0,nM,7.154901959985743
C3N-00180,25.6285355522037,12.45,1,CPTAC,CPTAC,,,,,,,CHEMBL941,CHEMBL203,IC50,0.11,nM,9.958607314841775
C3N-00180,25.6285355522037,12.45,1,CPTAC,CPTAC,,,,,,,CHEMBL1079742,CHEMBL203,IC50,2.0,nM,8.698970004336019
C3N-00199,26.5569262633047,14.87,1,CPTAC,CPTAC,,12.7013173580964,17.7926138668204,,19.7902750794112,16.761402101442666,CHEMBL941,CHEMBL203,IC50,100000.0,nM,4.0
C3N-00199,26.5569262633047,14.87,1,CPTAC,CPTAC,,12.7013173580964,17.7926138668204,,19.7902750794112,16.761402101442666,CHEMBL941,CHEMBL203,Kd,10000.0,nM,5.0
C3N-00199,26.5569262633047,14.87,1,CPTAC,CPTAC,,12.7013173580964,17.7926138668204,,19.7902750794112,16.761402101442666,CHEMBL941,CHEMBL203,Kd,10000.0,nM,5.0
C3N-00199,26.5569262633047,14.87,1,CPTAC,CPTAC,,12.7013173580964,17.7926138668204,,19.7902750794112,16.761402101442666,CHEMBL941,CHEMBL203,Kd,10000.0,nM,5.0
C3N-00199,26.5569262633047,14.87,1,CPTAC,CPTAC,,12.7013173580964,17.7926138668204,,19.7902750794112,16.761402101442666,CHEMBL941,CHEMBL203,Kd,10000.0,nM,5.0
C3N-00199,26.5569262633047,14.87,1,CPTAC,CPTAC,,12.7013173580964,17.7926138668204,,19.7902750794112,16.761402101442666,CHEMBL941,CHEMBL203,Kd,7600.0,nM,5.119186407719209
C3N-00199,26.5569262633047,14.87,1,CPTAC,CPTAC,,12.7013173580964,17.7926138668204,,19.7902750794112,16.761402101442666,CHEMBL941,CHEMBL203,Kd,10000.0,nM,5.0
C3N-00199,26.5569262633047,14.87,1,CPTAC,CPTAC,,12.7013173580964,17.7926138668204,,19.7902750794112,16.761402101442666,CHEMBL941,CHEMBL203,Kd,10000.0,nM,5.0
C3N-00199,26.5569262633047,14.87,1,CPTAC,CPTAC,,12.7013173580964,17.7926138668204,,19.7902750794112,16.761402101442666,CHEMBL941,CHEMBL203,Kd,10000.0,nM,5.0
C3N-00199,26.5569262633047,14.87,1,CPTAC,CPTAC,,12.7013173580964,17.7926138668204,,19.7902750794112,16.761402101442666,CHEMBL941,CHEMBL203,Kd,10000.0,nM,5.0
C3N-00199,26.5569262633047,14.87,1,CPTAC,CPTAC,,12.7013173580964,17.7926138668204,,19.7902750794112,16.761402101442666,CHEMBL941,CHEMBL203,Kd,10000.0,nM,5.0
C3N-00199,26.5569262633047,14.87,1,CPTAC,CPTAC,,12.7013173580964,17.7926138668204,,19.7902750794112,16.761402101442666,CHEMBL1079742,CHEMBL203,IC50,420.0,nM,6.376750709602099
C3N-00199,26.5569262633047,14.87,1,CPTAC,CPTAC,,12.7013173580964,17.7926138668204,,19.7902750794112,16.761402101442666,CHEMBL1079742,CHEMBL203,IC50,15.0,nM,7.823908740944319
C3N-00199,26.5569262633047,14.87,1,CPTAC,CPTAC,,12.7013173580964,17.7926138668204,,19.7902750794112,16.761402101442666,CHEMBL941,CHEMBL203,Kd,10000.0,nM,5.0
C3N-00199,26.5569262633047,14.87,1,CPTAC,CPTAC,,12.7013173580964,17.7926138668204,,19.7902750794112,16.761402101442666,CHEMBL941,CHEMBL203,Kd,10000.0,nM,5.0
C3N-00199,26.5569262633047,14.87,1,CPTAC,CPTAC,,12.7013173580964,17.7926138668204,,19.7902750794112,16.761402101442666,CHEMBL941,CHEMBL203,Kd,10000.0,nM,5.0
C3N-00199,26.5569262633047,14.87,1,CPTAC,CPTAC,,12.7013173580964,17.7926138668204,,19.7902750794112,16.761402101442666,CHEMBL941,CHEMBL203,Kd,10000.0,nM,5.0
C3N-00199,26.5569262633047,14.87,1,CPTAC,CPTAC,,12.7013173580964,17.7926138668204,,19.7902750794112,16.761402101442666,CHEMBL941,CHEMBL203,Kd,7600.0,nM,5.119186407719209
C3N-00199,26.5569262633047,14.87,1,CPTAC,CPTAC,,12.7013173580964,17.7926138668204,,19.7902750794112,16.761402101442666,CHEMBL941,CHEMBL203,Kd,10000.0,nM,5.0
C3N-00199,26.5569262633047,14.87,1,CPTAC,CPTAC,,12.7013173580964,17.7926138668204,,19.7902750794112,16.761402101442666,CHEMBL941,CHEMBL203,Kd,10000.0,nM,5.0
C3N-00199,26.5569262633047,14.87,1,CPTAC,CPTAC,,12.7013173580964,17.7926138668204,,19.7902750794112,16.761402101442666,CHEMBL941,CHEMBL203,Kd,10000.0,nM,5.0
C3N-00199,26.5569262633047,14.87,1,CPTAC,CPTAC,,12.7013173580964,17.7926138668204,,19.7902750794112,16.761402101442666,CHEMBL941,CHEMBL203,Kd,10000.0,nM,5.0
C3N-00199,26.5569262633047,14.87,1,CPTAC,CPTAC,,12.7013173580964,17.7926138668204,,19.7902750794112,16.761402101442666,CHEMBL941,CHEMBL203,Kd,10000.0,nM,5.0
C3N-00199,26.5569262633047,14.87,1,CPTAC,CPTAC,,12.7013173580964,17.7926138668204,,19.7902750794112,16.761402101442666,CHEMBL941,CHEMBL203,Kd,10000.0,nM,5.0
C3N-00199,26.5569262633047,14.87,1,CPTAC,CPTAC,,12.7013173580964,17.7926138668204,,19.7902750794112,16.761402101442666,CHEMBL941,CHEMBL203,Kd,10000.0,nM,5.0
C3N-00199,26.5569262633047,14.87,1,CPTAC,CPTAC,,12.7013173580964,17.7926138668204,,19.7902750794112,16.761402101442666,CHEMBL941,CHEMBL203,Kd,30000.0,nM,4.522878745280337
C3N-00199,26.5569262633047,14.87,1,CPTAC,CPTAC,,12.7013173580964,17.7926138668204,,19.7902750794112,16.761402101442666,CHEMBL1079742,CHEMBL203,IC50,70.0,nM,7.154901959985743
C3N-00199,26.5569262633047,14.87,1,CPTAC,CPTAC,,12.7013173580964,17.7926138668204,,19.7902750794112,16.761402101442666,CHEMBL941,CHEMBL203,IC50,0.11,nM,9.958607314841775
C3N-00199,26.5569262633047,14.87,1,CPTAC,CPTAC,,12.7013173580964,17.7926138668204,,19.7902750794112,16.761402101442666,CHEMBL1079742,CHEMBL203,IC50,2.0,nM,8.698970004336019
C3N-00203,25.7426584106461,12.68,1,CPTAC,CPTAC,,,18.2669136413368,,,18.2669136413368,CHEMBL941,CHEMBL203,IC50,100000.0,nM,4.0
C3N-00203,25.7426584106461,12.68,1,CPTAC,CPTAC,,,18.2669136413368,,,18.2669136413368,CHEMBL941,CHEMBL203,Kd,10000.0,nM,5.0
C3N-00203,25.7426584106461,12.68,1,CPTAC,CPTAC,,,18.2669136413368,,,18.2669136413368,CHEMBL941,CHEMBL203,Kd,10000.0,nM,5.0
C3N-00203,25.7426584106461,12.68,1,CPTAC,CPTAC,,,18.2669136413368,,,18.2669136413368,CHEMBL941,CHEMBL203,Kd,10000.0,nM,5.0
C3N-00203,25.7426584106461,12.68,1,CPTAC,CPTAC,,,18.2669136413368,,,18.2669136413368,CHEMBL941,CHEMBL203,Kd,10000.0,nM,5.0
C3N-00203,25.7426584106461,12.68,1,CPTAC,CPTAC,,,18.2669136413368,,,18.2669136413368,CHEMBL941,CHEMBL203,Kd,7600.0,nM,5.119186407719209
C3N-00203,25.7426584106461,12.68,1,CPTAC,CPTAC,,,18.2669136413368,,,18.2669136413368,CHEMBL941,CHEMBL203,Kd,10000.0,nM,5.0
C3N-00203,25.7426584106461,12.68,1,CPTAC,CPTAC,,,18.2669136413368,,,18.2669136413368,CHEMBL941,CHEMBL203,Kd,10000.0,nM,5.0
C3N-00203,25.7426584106461,12.68,1,CPTAC,CPTAC,,,18.2669136413368,,,18.2669136413368,CHEMBL941,CHEMBL203,Kd,10000.0,nM,5.0
C3N-00203,25.7426584106461,12.68,1,CPTAC,CPTAC,,,18.2669136413368,,,18.2669136413368,CHEMBL941,CHEMBL203,Kd,10000.0,nM,5.0
C3N-00203,25.7426584106461,12.68,1,CPTAC,CPTAC,,,18.2669136413368,,,18.2669136413368,CHEMBL941,CHEMBL203,Kd,10000.0,nM,5.0
C3N-00203,25.7426584106461,12.68,1,CPTAC,CPTAC,,,18.2669136413368,,,18.2669136413368,CHEMBL1079742,CHEMBL203,IC50,420.0,nM,6.376750709602099
C3N-00203,25.7426584106461,12.68,1,CPTAC,CPTAC,,,18.2669136413368,,,18.2669136413368,CHEMBL1079742,CHEMBL203,IC50,15.0,nM,7.823908740944319
C3N-00203,25.7426584106461,12.68,1,CPTAC,CPTAC,,,18.2669136413368,,,18.2669136413368,CHEMBL941,CHEMBL203,Kd,10000.0,nM,5.0
C3N-00203,25.7426584106461,12.68,1,CPTAC,CPTAC,,,18.2669136413368,,,18.2669136413368,CHEMBL941,CHEMBL203,Kd,10000.0,nM,5.0
C3N-00203,25.7426584106461,12.68,1,CPTAC,CPTAC,,,18.2669136413368,,,18.2669136413368,CHEMBL941,CHEMBL203,Kd,10000.0,nM,5.0
C3N-00203,25.7426584106461,12.68,1,CPTAC,CPTAC,,,18.2669136413368,,,18.2669136413368,CHEMBL941,CHEMBL203,Kd,10000.0,nM,5.0
C3N-00203,25.7426584106461,12.68,1,CPTAC,CPTAC,,,18.2669136413368,,,18.2669136413368,CHEMBL941,CHEMBL203,Kd,7600.0,nM,5.119186407719209
C3N-00203,25.7426584106461,12.68,1,CPTAC,CPTAC,,,18.2669136413368,,,18.2669136413368,CHEMBL941,CHEMBL203,Kd,10000.0,nM,5.0
C3N-00203,25.7426584106461,12.68,1,CPTAC,CPTAC,,,18.2669136413368,,,18.2669136413368,CHEMBL941,CHEMBL203,Kd,10000.0,nM,5.0
C3N-00203,25.7426584106461,12.68,1,CPTAC,CPTAC,,,18.2669136413368,,,18.2669136413368,CHEMBL941,CHEMBL203,Kd,10000.0,nM,5.0
C3N-00203,25.7426584106461,12.68,1,CPTAC,CPTAC,,,18.2669136413368,,,18.2669136413368,CHEMBL941,CHEMBL203,Kd,10000.0,nM,5.0
C3N-00203,25.7426584106461,12.68,1,CPTAC,CPTAC,,,18.2669136413368,,,18.2669136413368,CHEMBL941,CHEMBL203,Kd,10000.0,nM,5.0
C3N-00203,25.7426584106461,12.68,1,CPTAC,CPTAC,,,18.2669136413368,,,18.2669136413368,CHEMBL941,CHEMBL203,Kd,10000.0,nM,5.0
C3N-00203,25.7426584106461,12.68,1,CPTAC,CPTAC,,,18.2669136413368,,,18.2669136413368,CHEMBL941,CHEMBL203,Kd,10000.0,nM,5.0
C3N-00203,25.7426584106461,12.68,1,CPTAC,CPTAC,,,18.2669136413368,,,18.2669136413368,CHEMBL941,CHEMBL203,Kd,30000.0,nM,4.522878745280337
C3N-00203,25.7426584106461,12.68,1,CPTAC,CPTAC,,,18.2669136413368,,,18.2669136413368,CHEMBL1079742,CHEMBL203,IC50,70.0,nM,7.154901959985743
C3N-00203,25.7426584106461,12.68,1,CPTAC,CPTAC,,,18.2669136413368,,,18.2669136413368,CHEMBL941,CHEMBL203,IC50,0.11,nM,9.958607314841775
C3N-00203,25.7426584106461,12.68,1,CPTAC,CPTAC,,,18.2669136413368,,,18.2669136413368,CHEMBL1079742,CHEMBL203,IC50,2.0,nM,8.698970004336019
C3N-00217,24.9492776634389,10.69,1,CPTAC,CPTAC,,,,,19.453806346749047,19.453806346749047,CHEMBL941,CHEMBL203,IC50,100000.0,nM,4.0
C3N-00217,24.9492776634389,10.69,1,CPTAC,CPTAC,,,,,19.453806346749047,19.453806346749047,CHEMBL941,CHEMBL203,Kd,10000.0,nM,5.0
C3N-00217,24.9492776634389,10.69,1,CPTAC,CPTAC,,,,,19.453806346749047,19.453806346749047,CHEMBL941,CHEMBL203,Kd,10000.0,nM,5.0
C3N-00217,24.9492776634389,10.69,1,CPTAC,CPTAC,,,,,19.453806346749047,19.453806346749047,CHEMBL941,CHEMBL203,Kd,10000.0,nM,5.0
C3N-00217,24.9492776634389,10.69,1,CPTAC,CPTAC,,,,,19.453806346749047,19.453806346749047,CHEMBL941,CHEMBL203,Kd,10000.0,nM,5.0
C3N-00217,24.9492776634389,10.69,1,CPTAC,CPTAC,,,,,19.453806346749047,19.453806346749047,CHEMBL941,CHEMBL203,Kd,7600.0,nM,5.119186407719209
C3N-00217,24.9492776634389,10.69,1,CPTAC,CPTAC,,,,,19.453806346749047,19.453806346749047,CHEMBL941,CHEMBL203,Kd,10000.0,nM,5.0
C3N-00217,24.9492776634389,10.69,1,CPTAC,CPTAC,,,,,19.453806346749047,19.453806346749047,CHEMBL941,CHEMBL203,Kd,10000.0,nM,5.0
C3N-00217,24.9492776634389,10.69,1,CPTAC,CPTAC,,,,,19.453806346749047,19.453806346749047,CHEMBL941,CHEMBL203,Kd,10000.0,nM,5.0
C3N-00217,24.9492776634389,10.69,1,CPTAC,CPTAC,,,,,19.453806346749047,19.453806346749047,CHEMBL941,CHEMBL203,Kd,10000.0,nM,5.0
C3N-00217,24.9492776634389,10.69,1,CPTAC,CPTAC,,,,,19.453806346749047,19.453806346749047,CHEMBL941,CHEMBL203,Kd,10000.0,nM,5.0
C3N-00217,24.9492776634389,10.69,1,CPTAC,CPTAC,,,,,19.453806346749047,19.453806346749047,CHEMBL1079742,CHEMBL203,IC50,420.0,nM,6.376750709602099
C3N-00217,24.9492776634389,10.69,1,CPTAC,CPTAC,,,,,19.453806346749047,19.453806346749047,CHEMBL1079742,CHEMBL203,IC50,15.0,nM,7.823908740944319
C3N-00217,24.9492776634389,10.69,1,CPTAC,CPTAC,,,,,19.453806346749047,19.453806346749047,CHEMBL941,CHEMBL203,Kd,10000.0,nM,5.0
C3N-00217,24.9492776634389,10.69,1,CPTAC,CPTAC,,,,,19.453806346749047,19.453806346749047,CHEMBL941,CHEMBL203,Kd,10000.0,nM,5.0
C3N-00217,24.9492776634389,10.69,1,CPTAC,CPTAC,,,,,19.453806346749047,19.453806346749047,CHEMBL941,CHEMBL203,Kd,10000.0,nM,5.0
C3N-00217,24.9492776634389,10.69,1,CPTAC,CPTAC,,,,,19.453806346749047,19.453806346749047,CHEMBL941,CHEMBL203,Kd,10000.0,nM,5.0
C3N-00217,24.9492776634389,10.69,1,CPTAC,CPTAC,,,,,19.453806346749047,19.453806346749047,CHEMBL941,CHEMBL203,Kd,7600.0,nM,5.119186407719209
C3N-00217,24.9492776634389,10.69,1,CPTAC,CPTAC,,,,,19.453806346749047,19.453806346749047,CHEMBL941,CHEMBL203,Kd,10000.0,nM,5.0
C3N-00217,24.9492776634389,10.69,1,CPTAC,CPTAC,,,,,19.453806346749047,19.453806346749047,CHEMBL941,CHEMBL203,Kd,10000.0,nM,5.0
C3N-00217,24.9492776634389,10.69,1,CPTAC,CPTAC,,,,,19.453806346749047,19.453806346749047,CHEMBL941,CHEMBL203,Kd,10000.0,nM,5.0
C3N-00217,24.9492776634389,10.69,1,CPTAC,CPTAC,,,,,19.453806346749047,19.453806346749047,CHEMBL941,CHEMBL203,Kd,10000.0,nM,5.0
C3N-00217,24.9492776634389,10.69,1,CPTAC,CPTAC,,,,,19.453806346749047,19.453806346749047,CHEMBL941,CHEMBL203,Kd,10000.0,nM,5.0
C3N-00217,24.9492776634389,10.69,1,CPTAC,CPTAC,,,,,19.453806346749047,19.453806346749047,CHEMBL941,CHEMBL203,Kd,10000.0,nM,5.0
C3N-00217,24.9492776634389,10.69,1,CPTAC,CPTAC,,,,,19.453806346749047,19.453806346749047,CHEMBL941,CHEMBL203,Kd,10000.0,nM,5.0
C3N-00217,24.9492776634389,10.69,1,CPTAC,CPTAC,,,,,19.453806346749047,19.453806346749047,CHEMBL941,CHEMBL203,Kd,30000.0,nM,4.522878745280337
C3N-00217,24.9492776634389,10.69,1,CPTAC,CPTAC,,,,,19.453806346749047,19.453806346749047,CHEMBL1079742,CHEMBL203,IC50,70.0,nM,7.154901959985743
C3N-00217,24.9492776634389,10.69,1,CPTAC,CPTAC,,,,,19.453806346749047,19.453806346749047,CHEMBL941,CHEMBL203,IC50,0.11,nM,9.958607314841775
C3N-00217,24.9492776634389,10.69,1,CPTAC,CPTAC,,,,,19.453806346749047,19.453806346749047,CHEMBL1079742,CHEMBL203,IC50,2.0,nM,8.698970004336019
C3N-00223,25.7043818597271,13.17,1,CPTAC,CPTAC,,,,,,,CHEMBL941,CHEMBL203,IC50,100000.0,nM,4.0
C3N-00223,25.7043818597271,13.17,1,CPTAC,CPTAC,,,,,,,CHEMBL941,CHEMBL203,Kd,10000.0,nM,5.0
C3N-00223,25.7043818597271,13.17,1,CPTAC,CPTAC,,,,,,,CHEMBL941,CHEMBL203,Kd,10000.0,nM,5.0
C3N-00223,25.7043818597271,13.17,1,CPTAC,CPTAC,,,,,,,CHEMBL941,CHEMBL203,Kd,10000.0,nM,5.0
C3N-00223,25.7043818597271,13.17,1,CPTAC,CPTAC,,,,,,,CHEMBL941,CHEMBL203,Kd,10000.0,nM,5.0
C3N-00223,25.7043818597271,13.17,1,CPTAC,CPTAC,,,,,,,CHEMBL941,CHEMBL203,Kd,7600.0,nM,5.119186407719209
C3N-00223,25.7043818597271,13.17,1,CPTAC,CPTAC,,,,,,,CHEMBL941,CHEMBL203,Kd,10000.0,nM,5.0
C3N-00223,25.7043818597271,13.17,1,CPTAC,CPTAC,,,,,,,CHEMBL941,CHEMBL203,Kd,10000.0,nM,5.0
C3N-00223,25.7043818597271,13.17,1,CPTAC,CPTAC,,,,,,,CHEMBL941,CHEMBL203,Kd,10000.0,nM,5.0
C3N-00223,25.7043818597271,13.17,1,CPTAC,CPTAC,,,,,,,CHEMBL941,CHEMBL203,Kd,10000.0,nM,5.0
C3N-00223,25.7043818597271,13.17,1,CPTAC,CPTAC,,,,,,,CHEMBL941,CHEMBL203,Kd,10000.0,nM,5.0
C3N-00223,25.7043818597271,13.17,1,CPTAC,CPTAC,,,,,,,CHEMBL1079742,CHEMBL203,IC50,420.0,nM,6.376750709602099
C3N-00223,25.7043818597271,13.17,1,CPTAC,CPTAC,,,,,,,CHEMBL1079742,CHEMBL203,IC50,15.0,nM,7.823908740944319
C3N-00223,25.7043818597271,13.17,1,CPTAC,CPTAC,,,,,,,CHEMBL941,CHEMBL203,Kd,10000.0,nM,5.0
C3N-00223,25.7043818597271,13.17,1,CPTAC,CPTAC,,,,,,,CHEMBL941,CHEMBL203,Kd,10000.0,nM,5.0
C3N-00223,25.7043818597271,13.17,1,CPTAC,CPTAC,,,,,,,CHEMBL941,CHEMBL203,Kd,10000.0,nM,5.0
C3N-00223,25.7043818597271,13.17,1,CPTAC,CPTAC,,,,,,,CHEMBL941,CHEMBL203,Kd,10000.0,nM,5.0
C3N-00223,25.7043818597271,13.17,1,CPTAC,CPTAC,,,,,,,CHEMBL941,CHEMBL203,Kd,7600.0,nM,5.119186407719209
C3N-00223,25.7043818597271,13.17,1,CPTAC,CPTAC,,,,,,,CHEMBL941,CHEMBL203,Kd,10000.0,nM,5.0
C3N-00223,25.7043818597271,13.17,1,CPTAC,CPTAC,,,,,,,CHEMBL941,CHEMBL203,Kd,10000.0,nM,5.0
C3N-00223,25.7043818597271,13.17,1,CPTAC,CPTAC,,,,,,,CHEMBL941,CHEMBL203,Kd,10000.0,nM,5.0
C3N-00223,25.7043818597271,13.17,1,CPTAC,CPTAC,,,,,,,CHEMBL941,CHEMBL203,Kd,10000.0,nM,5.0
C3N-00223,25.7043818597271,13.17,1,CPTAC,CPTAC,,,,,,,CHEMBL941,CHEMBL203,Kd,10000.0,nM,5.0
C3N-00223,25.7043818597271,13.17,1,CPTAC,CPTAC,,,,,,,CHEMBL941,CHEMBL203,Kd,10000.0,nM,5.0
C3N-00223,25.7043818597271,13.17,1,CPTAC,CPTAC,,,,,,,CHEMBL941,CHEMBL203,Kd,10000.0,nM,5.0
C3N-00223,25.7043818597271,13.17,1,CPTAC,CPTAC,,,,,,,CHEMBL941,CHEMBL203,Kd,30000.0,nM,4.522878745280337
C3N-00223,25.7043818597271,13.17,1,CPTAC,CPTAC,,,,,,,CHEMBL1079742,CHEMBL203,IC50,70.0,nM,7.154901959985743
C3N-00223,25.7043818597271,13.17,1,CPTAC,CPTAC,,,,,,,CHEMBL941,CHEMBL203,IC50,0.11,nM,9.958607314841775
C3N-00223,25.7043818597271,13.17,1,CPTAC,CPTAC,,,,,,,CHEMBL1079742,CHEMBL203,IC50,2.0,nM,8.698970004336019
C3N-00293,25.5681915327736,12.86,1,CPTAC,CPTAC,,,,,,,CHEMBL941,CHEMBL203,IC50,100000.0,nM,4.0
C3N-00293,25.5681915327736,12.86,1,CPTAC,CPTAC,,,,,,,CHEMBL941,CHEMBL203,Kd,10000.0,nM,5.0
C3N-00293,25.5681915327736,12.86,1,CPTAC,CPTAC,,,,,,,CHEMBL941,CHEMBL203,Kd,10000.0,nM,5.0
C3N-00293,25.5681915327736,12.86,1,CPTAC,CPTAC,,,,,,,CHEMBL941,CHEMBL203,Kd,10000.0,nM,5.0
C3N-00293,25.5681915327736,12.86,1,CPTAC,CPTAC,,,,,,,CHEMBL941,CHEMBL203,Kd,10000.0,nM,5.0
C3N-00293,25.5681915327736,12.86,1,CPTAC,CPTAC,,,,,,,CHEMBL941,CHEMBL203,Kd,7600.0,nM,5.119186407719209
C3N-00293,25.5681915327736,12.86,1,CPTAC,CPTAC,,,,,,,CHEMBL941,CHEMBL203,Kd,10000.0,nM,5.0
C3N-00293,25.5681915327736,12.86,1,CPTAC,CPTAC,,,,,,,CHEMBL941,CHEMBL203,Kd,10000.0,nM,5.0
C3N-00293,25.5681915327736,12.86,1,CPTAC,CPTAC,,,,,,,CHEMBL941,CHEMBL203,Kd,10000.0,nM,5.0
C3N-00293,25.5681915327736,12.86,1,CPTAC,CPTAC,,,,,,,CHEMBL941,CHEMBL203,Kd,10000.0,nM,5.0
C3N-00293,25.5681915327736,12.86,1,CPTAC,CPTAC,,,,,,,CHEMBL941,CHEMBL203,Kd,10000.0,nM,5.0
C3N-00293,25.5681915327736,12.86,1,CPTAC,CPTAC,,,,,,,CHEMBL1079742,CHEMBL203,IC50,420.0,nM,6.376750709602099
C3N-00293,25.5681915327736,12.86,1,CPTAC,CPTAC,,,,,,,CHEMBL1079742,CHEMBL203,IC50,15.0,nM,7.823908740944319
C3N-00293,25.5681915327736,12.86,1,CPTAC,CPTAC,,,,,,,CHEMBL941,CHEMBL203,Kd,10000.0,nM,5.0
C3N-00293,25.5681915327736,12.86,1,CPTAC,CPTAC,,,,,,,CHEMBL941,CHEMBL203,Kd,10000.0,nM,5.0
C3N-00293,25.5681915327736,12.86,1,CPTAC,CPTAC,,,,,,,CHEMBL941,CHEMBL203,Kd,10000.0,nM,5.0
C3N-00293,25.5681915327736,12.86,1,CPTAC,CPTAC,,,,,,,CHEMBL941,CHEMBL203,Kd,10000.0,nM,5.0
C3N-00293,25.5681915327736,12.86,1,CPTAC,CPTAC,,,,,,,CHEMBL941,CHEMBL203,Kd,7600.0,nM,5.119186407719209
C3N-00293,25.5681915327736,12.86,1,CPTAC,CPTAC,,,,,,,CHEMBL941,CHEMBL203,Kd,10000.0,nM,5.0
C3N-00293,25.5681915327736,12.86,1,CPTAC,CPTAC,,,,,,,CHEMBL941,CHEMBL203,Kd,10000.0,nM,5.0
C3N-00293,25.5681915327736,12.86,1,CPTAC,CPTAC,,,,,,,CHEMBL941,CHEMBL203,Kd,10000.0,nM,5.0
C3N-00293,25.5681915327736,12.86,1,CPTAC,CPTAC,,,,,,,CHEMBL941,CHEMBL203,Kd,10000.0,nM,5.0
C3N-00293,25.5681915327736,12.86,1,CPTAC,CPTAC,,,,,,,CHEMBL941,CHEMBL203,Kd,10000.0,nM,5.0
C3N-00293,25.5681915327736,12.86,1,CPTAC,CPTAC,,,,,,,CHEMBL941,CHEMBL203,Kd,10000.0,nM,5.0
C3N-00293,25.5681915327736,12.86,1,CPTAC,CPTAC,,,,,,,CHEMBL941,CHEMBL203,Kd,10000.0,nM,5.0
C3N-00293,25.5681915327736,12.86,1,CPTAC,CPTAC,,,,,,,CHEMBL941,CHEMBL203,Kd,30000.0,nM,4.522878745280337
C3N-00293,25.5681915327736,12.86,1,CPTAC,CPTAC,,,,,,,CHEMBL1079742,CHEMBL203,IC50,70.0,nM,7.154901959985743
C3N-00293,25.5681915327736,12.86,1,CPTAC,CPTAC,,,,,,,CHEMBL941,CHEMBL203,IC50,0.11,nM,9.958607314841775
C3N-00293,25.5681915327736,12.86,1,CPTAC,CPTAC,,,,,,,CHEMBL1079742,CHEMBL203,IC50,2.0,nM,8.698970004336019
C3N-00294,26.3535539994835,14.21,1,CPTAC,CPTAC,,,18.6429779761161,9.4812042681664,20.1290208219156,16.084401022066032,CHEMBL941,CHEMBL203,IC50,100000.0,nM,4.0
C3N-00294,26.3535539994835,14.21,1,CPTAC,CPTAC,,,18.6429779761161,9.4812042681664,20.1290208219156,16.084401022066032,CHEMBL941,CHEMBL203,Kd,10000.0,nM,5.0
C3N-00294,26.3535539994835,14.21,1,CPTAC,CPTAC,,,18.6429779761161,9.4812042681664,20.1290208219156,16.084401022066032,CHEMBL941,CHEMBL203,Kd,10000.0,nM,5.0
C3N-00294,26.3535539994835,14.21,1,CPTAC,CPTAC,,,18.6429779761161,9.4812042681664,20.1290208219156,16.084401022066032,CHEMBL941,CHEMBL203,Kd,10000.0,nM,5.0
C3N-00294,26.3535539994835,14.21,1,CPTAC,CPTAC,,,18.6429779761161,9.4812042681664,20.1290208219156,16.084401022066032,CHEMBL941,CHEMBL203,Kd,10000.0,nM,5.0
C3N-00294,26.3535539994835,14.21,1,CPTAC,CPTAC,,,18.6429779761161,9.4812042681664,20.1290208219156,16.084401022066032,CHEMBL941,CHEMBL203,Kd,7600.0,nM,5.119186407719209
C3N-00294,26.3535539994835,14.21,1,CPTAC,CPTAC,,,18.6429779761161,9.4812042681664,20.1290208219156,16.084401022066032,CHEMBL941,CHEMBL203,Kd,10000.0,nM,5.0
C3N-00294,26.3535539994835,14.21,1,CPTAC,CPTAC,,,18.6429779761161,9.4812042681664,20.1290208219156,16.084401022066032,CHEMBL941,CHEMBL203,Kd,10000.0,nM,5.0
C3N-00294,26.3535539994835,14.21,1,CPTAC,CPTAC,,,18.6429779761161,9.4812042681664,20.1290208219156,16.084401022066032,CHEMBL941,CHEMBL203,Kd,10000.0,nM,5.0
C3N-00294,26.3535539994835,14.21,1,CPTAC,CPTAC,,,18.6429779761161,9.4812042681664,20.1290208219156,16.084401022066032,CHEMBL941,CHEMBL203,Kd,10000.0,nM,5.0
C3N-00294,26.3535539994835,14.21,1,CPTAC,CPTAC,,,18.6429779761161,9.4812042681664,20.1290208219156,16.084401022066032,CHEMBL941,CHEMBL203,Kd,10000.0,nM,5.0
C3N-00294,26.3535539994835,14.21,1,CPTAC,CPTAC,,,18.6429779761161,9.4812042681664,20.1290208219156,16.084401022066032,CHEMBL1079742,CHEMBL203,IC50,420.0,nM,6.376750709602099
C3N-00294,26.3535539994835,14.21,1,CPTAC,CPTAC,,,18.6429779761161,9.4812042681664,20.1290208219156,16.084401022066032,CHEMBL1079742,CHEMBL203,IC50,15.0,nM,7.823908740944319
C3N-00294,26.3535539994835,14.21,1,CPTAC,CPTAC,,,18.6429779761161,9.4812042681664,20.1290208219156,16.084401022066032,CHEMBL941,CHEMBL203,Kd,10000.0,nM,5.0
C3N-00294,26.3535539994835,14.21,1,CPTAC,CPTAC,,,18.6429779761161,9.4812042681664,20.1290208219156,16.084401022066032,CHEMBL941,CHEMBL203,Kd,10000.0,nM,5.0
C3N-00294,26.3535539994835,14.21,1,CPTAC,CPTAC,,,18.6429779761161,9.4812042681664,20.1290208219156,16.084401022066032,CHEMBL941,CHEMBL203,Kd,10000.0,nM,5.0
C3N-00294,26.3535539994835,14.21,1,CPTAC,CPTAC,,,18.6429779761161,9.4812042681664,20.1290208219156,16.084401022066032,CHEMBL941,CHEMBL203,Kd,10000.0,nM,5.0
C3N-00294,26.3535539994835,14.21,1,CPTAC,CPTAC,,,18.6429779761161,9.4812042681664,20.1290208219156,16.084401022066032,CHEMBL941,CHEMBL203,Kd,7600.0,nM,5.119186407719209
C3N-00294,26.3535539994835,14.21,1,CPTAC,CPTAC,,,18.6429779761161,9.4812042681664,20.1290208219156,16.084401022066032,CHEMBL941,CHEMBL203,Kd,10000.0,nM,5.0
C3N-00294,26.3535539994835,14.21,1,CPTAC,CPTAC,,,18.6429779761161,9.4812042681664,20.1290208219156,16.084401022066032,CHEMBL941,CHEMBL203,Kd,10000.0,nM,5.0
C3N-00294,26.3535539994835,14.21,1,CPTAC,CPTAC,,,18.6429779761161,9.4812042681664,20.1290208219156,16.084401022066032,CHEMBL941,CHEMBL203,Kd,10000.0,nM,5.0
C3N-00294,26.3535539994835,14.21,1,CPTAC,CPTAC,,,18.6429779761161,9.4812042681664,20.1290208219156,16.084401022066032,CHEMBL941,CHEMBL203,Kd,10000.0,nM,5.0
C3N-00294,26.3535539994835,14.21,1,CPTAC,CPTAC,,,18.6429779761161,9.4812042681664,20.1290208219156,16.084401022066032,CHEMBL941,CHEMBL203,Kd,10000.0,nM,5.0
C3N-00294,26.3535539994835,14.21,1,CPTAC,CPTAC,,,18.6429779761161,9.4812042681664,20.1290208219156,16.084401022066032,CHEMBL941,CHEMBL203,Kd,10000.0,nM,5.0
C3N-00294,26.3535539994835,14.21,1,CPTAC,CPTAC,,,18.6429779761161,9.4812042681664,20.1290208219156,16.084401022066032,CHEMBL941,CHEMBL203,Kd,10000.0,nM,5.0
C3N-00294,26.3535539994835,14.21,1,CPTAC,CPTAC,,,18.6429779761161,9.4812042681664,20.1290208219156,16.084401022066032,CHEMBL941,CHEMBL203,Kd,30000.0,nM,4.522878745280337
C3N-00294,26.3535539994835,14.21,1,CPTAC,CPTAC,,,18.6429779761161,9.4812042681664,20.1290208219156,16.084401022066032,CHEMBL1079742,CHEMBL203,IC50,70.0,nM,7.154901959985743
C3N-00294,26.3535539994835,14.21,1,CPTAC,CPTAC,,,18.6429779761161,9.4812042681664,20.1290208219156,16.084401022066032,CHEMBL941,CHEMBL203,IC50,0.11,nM,9.958607314841775
C3N-00294,26.3535539994835,14.21,1,CPTAC,CPTAC,,,18.6429779761161,9.4812042681664,20.1290208219156,16.084401022066032,CHEMBL1079742,CHEMBL203,IC50,2.0,nM,8.698970004336019
C3N-00433,24.7488290292835,11.77,1,CPTAC,CPTAC,,,,,,,CHEMBL941,CHEMBL203,IC50,100000.0,nM,4.0
C3N-00433,24.7488290292835,11.77,1,CPTAC,CPTAC,,,,,,,CHEMBL941,CHEMBL203,Kd,10000.0,nM,5.0
C3N-00433,24.7488290292835,11.77,1,CPTAC,CPTAC,,,,,,,CHEMBL941,CHEMBL203,Kd,10000.0,nM,5.0
C3N-00433,24.7488290292835,11.77,1,CPTAC,CPTAC,,,,,,,CHEMBL941,CHEMBL203,Kd,10000.0,nM,5.0
C3N-00433,24.7488290292835,11.77,1,CPTAC,CPTAC,,,,,,,CHEMBL941,CHEMBL203,Kd,10000.0,nM,5.0
C3N-00433,24.7488290292835,11.77,1,CPTAC,CPTAC,,,,,,,CHEMBL941,CHEMBL203,Kd,7600.0,nM,5.119186407719209
C3N-00433,24.7488290292835,11.77,1,CPTAC,CPTAC,,,,,,,CHEMBL941,CHEMBL203,Kd,10000.0,nM,5.0
C3N-00433,24.7488290292835,11.77,1,CPTAC,CPTAC,,,,,,,CHEMBL941,CHEMBL203,Kd,10000.0,nM,5.0
C3N-00433,24.7488290292835,11.77,1,CPTAC,CPTAC,,,,,,,CHEMBL941,CHEMBL203,Kd,10000.0,nM,5.0
C3N-00433,24.7488290292835,11.77,1,CPTAC,CPTAC,,,,,,,CHEMBL941,CHEMBL203,Kd,10000.0,nM,5.0
C3N-00433,24.7488290292835,11.77,1,CPTAC,CPTAC,,,,,,,CHEMBL941,CHEMBL203,Kd,10000.0,nM,5.0
C3N-00433,24.7488290292835,11.77,1,CPTAC,CPTAC,,,,,,,CHEMBL1079742,CHEMBL203,IC50,420.0,nM,6.376750709602099
C3N-00433,24.7488290292835,11.77,1,CPTAC,CPTAC,,,,,,,CHEMBL1079742,CHEMBL203,IC50,15.0,nM,7.823908740944319
C3N-00433,24.7488290292835,11.77,1,CPTAC,CPTAC,,,,,,,CHEMBL941,CHEMBL203,Kd,10000.0,nM,5.0
C3N-00433,24.7488290292835,11.77,1,CPTAC,CPTAC,,,,,,,CHEMBL941,CHEMBL203,Kd,10000.0,nM,5.0
C3N-00433,24.7488290292835,11.77,1,CPTAC,CPTAC,,,,,,,CHEMBL941,CHEMBL203,Kd,10000.0,nM,5.0
C3N-00433,24.7488290292835,11.77,1,CPTAC,CPTAC,,,,,,,CHEMBL941,CHEMBL203,Kd,10000.0,nM,5.0
C3N-00433,24.7488290292835,11.77,1,CPTAC,CPTAC,,,,,,,CHEMBL941,CHEMBL203,Kd,7600.0,nM,5.119186407719209
C3N-00433,24.7488290292835,11.77,1,CPTAC,CPTAC,,,,,,,CHEMBL941,CHEMBL203,Kd,10000.0,nM,5.0
C3N-00433,24.7488290292835,11.77,1,CPTAC,CPTAC,,,,,,,CHEMBL941,CHEMBL203,Kd,10000.0,nM,5.0
C3N-00433,24.7488290292835,11.77,1,CPTAC,CPTAC,,,,,,,CHEMBL941,CHEMBL203,Kd,10000.0,nM,5.0
C3N-00433,24.7488290292835,11.77,1,CPTAC,CPTAC,,,,,,,CHEMBL941,CHEMBL203,Kd,10000.0,nM,5.0
C3N-00433,24.7488290292835,11.77,1,CPTAC,CPTAC,,,,,,,CHEMBL941,CHEMBL203,Kd,10000.0,nM,5.0
C3N-00433,24.7488290292835,11.77,1,CPTAC,CPTAC,,,,,,,CHEMBL941,CHEMBL203,Kd,10000.0,nM,5.0
C3N-00433,24.7488290292835,11.77,1,CPTAC,CPTAC,,,,,,,CHEMBL941,CHEMBL203,Kd,10000.0,nM,5.0
C3N-00433,24.7488290292835,11.77,1,CPTAC,CPTAC,,,,,,,CHEMBL941,CHEMBL203,Kd,30000.0,nM,4.522878745280337
C3N-00433,24.7488290292835,11.77,1,CPTAC,CPTAC,,,,,,,CHEMBL1079742,CHEMBL203,IC50,70.0,nM,7.154901959985743
C3N-00433,24.7488290292835,11.77,1,CPTAC,CPTAC,,,,,,,CHEMBL941,CHEMBL203,IC50,0.11,nM,9.958607314841775
C3N-00433,24.7488290292835,11.77,1,CPTAC,CPTAC,,,,,,,CHEMBL1079742,CHEMBL203,IC50,2.0,nM,8.698970004336019
C3N-00546,26.5493584527283,15.11,1,CPTAC,CPTAC,,,18.21680060337085,,19.2092088906635,18.713004747017173,CHEMBL941,CHEMBL203,IC50,100000.0,nM,4.0
C3N-00546,26.5493584527283,15.11,1,CPTAC,CPTAC,,,18.21680060337085,,19.2092088906635,18.713004747017173,CHEMBL941,CHEMBL203,Kd,10000.0,nM,5.0
C3N-00546,26.5493584527283,15.11,1,CPTAC,CPTAC,,,18.21680060337085,,19.2092088906635,18.713004747017173,CHEMBL941,CHEMBL203,Kd,10000.0,nM,5.0
C3N-00546,26.5493584527283,15.11,1,CPTAC,CPTAC,,,18.21680060337085,,19.2092088906635,18.713004747017173,CHEMBL941,CHEMBL203,Kd,10000.0,nM,5.0
C3N-00546,26.5493584527283,15.11,1,CPTAC,CPTAC,,,18.21680060337085,,19.2092088906635,18.713004747017173,CHEMBL941,CHEMBL203,Kd,10000.0,nM,5.0
C3N-00546,26.5493584527283,15.11,1,CPTAC,CPTAC,,,18.21680060337085,,19.2092088906635,18.713004747017173,CHEMBL941,CHEMBL203,Kd,7600.0,nM,5.119186407719209
C3N-00546,26.5493584527283,15.11,1,CPTAC,CPTAC,,,18.21680060337085,,19.2092088906635,18.713004747017173,CHEMBL941,CHEMBL203,Kd,10000.0,nM,5.0
C3N-00546,26.5493584527283,15.11,1,CPTAC,CPTAC,,,18.21680060337085,,19.2092088906635,18.713004747017173,CHEMBL941,CHEMBL203,Kd,10000.0,nM,5.0
C3N-00546,26.5493584527283,15.11,1,CPTAC,CPTAC,,,18.21680060337085,,19.2092088906635,18.713004747017173,CHEMBL941,CHEMBL203,Kd,10000.0,nM,5.0
C3N-00546,26.5493584527283,15.11,1,CPTAC,CPTAC,,,18.21680060337085,,19.2092088906635,18.713004747017173,CHEMBL941,CHEMBL203,Kd,10000.0,nM,5.0
C3N-00546,26.5493584527283,15.11,1,CPTAC,CPTAC,,,18.21680060337085,,19.2092088906635,18.713004747017173,CHEMBL941,CHEMBL203,Kd,10000.0,nM,5.0
C3N-00546,26.5493584527283,15.11,1,CPTAC,CPTAC,,,18.21680060337085,,19.2092088906635,18.713004747017173,CHEMBL1079742,CHEMBL203,IC50,420.0,nM,6.376750709602099
C3N-00546,26.5493584527283,15.11,1,CPTAC,CPTAC,,,18.21680060337085,,19.2092088906635,18.713004747017173,CHEMBL1079742,CHEMBL203,IC50,15.0,nM,7.823908740944319
C3N-00546,26.5493584527283,15.11,1,CPTAC,CPTAC,,,18.21680060337085,,19.2092088906635,18.713004747017173,CHEMBL941,CHEMBL203,Kd,10000.0,nM,5.0
C3N-00546,26.5493584527283,15.11,1,CPTAC,CPTAC,,,18.21680060337085,,19.2092088906635,18.713004747017173,CHEMBL941,CHEMBL203,Kd,10000.0,nM,5.0
C3N-00546,26.5493584527283,15.11,1,CPTAC,CPTAC,,,18.21680060337085,,19.2092088906635,18.713004747017173,CHEMBL941,CHEMBL203,Kd,10000.0,nM,5.0
C3N-00546,26.5493584527283,15.11,1,CPTAC,CPTAC,,,18.21680060337085,,19.2092088906635,18.713004747017173,CHEMBL941,CHEMBL203,Kd,10000.0,nM,5.0
C3N-00546,26.5493584527283,15.11,1,CPTAC,CPTAC,,,18.21680060337085,,19.2092088906635,18.713004747017173,CHEMBL941,CHEMBL203,Kd,7600.0,nM,5.119186407719209
C3N-00546,26.5493584527283,15.11,1,CPTAC,CPTAC,,,18.21680060337085,,19.2092088906635,18.713004747017173,CHEMBL941,CHEMBL203,Kd,10000.0,nM,5.0
C3N-00546,26.5493584527283,15.11,1,CPTAC,CPTAC,,,18.21680060337085,,19.2092088906635,18.713004747017173,CHEMBL941,CHEMBL203,Kd,10000.0,nM,5.0
C3N-00546,26.5493584527283,15.11,1,CPTAC,CPTAC,,,18.21680060337085,,19.2092088906635,18.713004747017173,CHEMBL941,CHEMBL203,Kd,10000.0,nM,5.0
C3N-00546,26.5493584527283,15.11,1,CPTAC,CPTAC,,,18.21680060337085,,19.2092088906635,18.713004747017173,CHEMBL941,CHEMBL203,Kd,10000.0,nM,5.0
C3N-00546,26.5493584527283,15.11,1,CPTAC,CPTAC,,,18.21680060337085,,19.2092088906635,18.713004747017173,CHEMBL941,CHEMBL203,Kd,10000.0,nM,5.0
C3N-00546,26.5493584527283,15.11,1,CPTAC,CPTAC,,,18.21680060337085,,19.2092088906635,18.713004747017173,CHEMBL941,CHEMBL203,Kd,10000.0,nM,5.0
C3N-00546,26.5493584527283,15.11,1,CPTAC,CPTAC,,,18.21680060337085,,19.2092088906635,18.713004747017173,CHEMBL941,CHEMBL203,Kd,10000.0,nM,5.0
C3N-00546,26.5493584527283,15.11,1,CPTAC,CPTAC,,,18.21680060337085,,19.2092088906635,18.713004747017173,CHEMBL941,CHEMBL203,Kd,30000.0,nM,4.522878745280337
C3N-00546,26.5493584527283,15.11,1,CPTAC,CPTAC,,,18.21680060337085,,19.2092088906635,18.713004747017173,CHEMBL1079742,CHEMBL203,IC50,70.0,nM,7.154901959985743
C3N-00546,26.5493584527283,15.11,1,CPTAC,CPTAC,,,18.21680060337085,,19.2092088906635,18.713004747017173,CHEMBL941,CHEMBL203,IC50,0.11,nM,9.958607314841775
C3N-00546,26.5493584527283,15.11,1,CPTAC,CPTAC,,,18.21680060337085,,19.2092088906635,18.713004747017173,CHEMBL1079742,CHEMBL203,IC50,2.0,nM,8.698970004336019
C3N-00547,25.5763653447642,12.63,1,CPTAC,CPTAC,,,,,17.809195319469453,17.809195319469453,CHEMBL941,CHEMBL203,IC50,100000.0,nM,4.0
C3N-00547,25.5763653447642,12.63,1,CPTAC,CPTAC,,,,,17.809195319469453,17.809195319469453,CHEMBL941,CHEMBL203,Kd,10000.0,nM,5.0
C3N-00547,25.5763653447642,12.63,1,CPTAC,CPTAC,,,,,17.809195319469453,17.809195319469453,CHEMBL941,CHEMBL203,Kd,10000.0,nM,5.0
C3N-00547,25.5763653447642,12.63,1,CPTAC,CPTAC,,,,,17.809195319469453,17.809195319469453,CHEMBL941,CHEMBL203,Kd,10000.0,nM,5.0
C3N-00547,25.5763653447642,12.63,1,CPTAC,CPTAC,,,,,17.809195319469453,17.809195319469453,CHEMBL941,CHEMBL203,Kd,10000.0,nM,5.0
C3N-00547,25.5763653447642,12.63,1,CPTAC,CPTAC,,,,,17.809195319469453,17.809195319469453,CHEMBL941,CHEMBL203,Kd,7600.0,nM,5.119186407719209
C3N-00547,25.5763653447642,12.63,1,CPTAC,CPTAC,,,,,17.809195319469453,17.809195319469453,CHEMBL941,CHEMBL203,Kd,10000.0,nM,5.0
C3N-00547,25.5763653447642,12.63,1,CPTAC,CPTAC,,,,,17.809195319469453,17.809195319469453,CHEMBL941,CHEMBL203,Kd,10000.0,nM,5.0
C3N-00547,25.5763653447642,12.63,1,CPTAC,CPTAC,,,,,17.809195319469453,17.809195319469453,CHEMBL941,CHEMBL203,Kd,10000.0,nM,5.0
C3N-00547,25.5763653447642,12.63,1,CPTAC,CPTAC,,,,,17.809195319469453,17.809195319469453,CHEMBL941,CHEMBL203,Kd,10000.0,nM,5.0
C3N-00547,25.5763653447642,12.63,1,CPTAC,CPTAC,,,,,17.809195319469453,17.809195319469453,CHEMBL941,CHEMBL203,Kd,10000.0,nM,5.0
C3N-00547,25.5763653447642,12.63,1,CPTAC,CPTAC,,,,,17.809195319469453,17.809195319469453,CHEMBL1079742,CHEMBL203,IC50,420.0,nM,6.376750709602099
C3N-00547,25.5763653447642,12.63,1,CPTAC,CPTAC,,,,,17.809195319469453,17.809195319469453,CHEMBL1079742,CHEMBL203,IC50,15.0,nM,7.823908740944319
C3N-00547,25.5763653447642,12.63,1,CPTAC,CPTAC,,,,,17.809195319469453,17.809195319469453,CHEMBL941,CHEMBL203,Kd,10000.0,nM,5.0
C3N-00547,25.5763653447642,12.63,1,CPTAC,CPTAC,,,,,17.809195319469453,17.809195319469453,CHEMBL941,CHEMBL203,Kd,10000.0,nM,5.0
C3N-00547,25.5763653447642,12.63,1,CPTAC,CPTAC,,,,,17.809195319469453,17.809195319469453,CHEMBL941,CHEMBL203,Kd,10000.0,nM,5.0
C3N-00547,25.5763653447642,12.63,1,CPTAC,CPTAC,,,,,17.809195319469453,17.809195319469453,CHEMBL941,CHEMBL203,Kd,10000.0,nM,5.0
C3N-00547,25.5763653447642,12.63,1,CPTAC,CPTAC,,,,,17.809195319469453,17.809195319469453,CHEMBL941,CHEMBL203,Kd,7600.0,nM,5.119186407719209
C3N-00547,25.5763653447642,12.63,1,CPTAC,CPTAC,,,,,17.809195319469453,17.809195319469453,CHEMBL941,CHEMBL203,Kd,10000.0,nM,5.0
C3N-00547,25.5763653447642,12.63,1,CPTAC,CPTAC,,,,,17.809195319469453,17.809195319469453,CHEMBL941,CHEMBL203,Kd,10000.0,nM,5.0
C3N-00547,25.5763653447642,12.63,1,CPTAC,CPTAC,,,,,17.809195319469453,17.809195319469453,CHEMBL941,CHEMBL203,Kd,10000.0,nM,5.0
C3N-00547,25.5763653447642,12.63,1,CPTAC,CPTAC,,,,,17.809195319469453,17.809195319469453,CHEMBL941,CHEMBL203,Kd,10000.0,nM,5.0
C3N-00547,25.5763653447642,12.63,1,CPTAC,CPTAC,,,,,17.809195319469453,17.809195319469453,CHEMBL941,CHEMBL203,Kd,10000.0,nM,5.0
C3N-00547,25.5763653447642,12.63,1,CPTAC,CPTAC,,,,,17.809195319469453,17.809195319469453,CHEMBL941,CHEMBL203,Kd,10000.0,nM,5.0
C3N-00547,25.5763653447642,12.63,1,CPTAC,CPTAC,,,,,17.809195319469453,17.809195319469453,CHEMBL941,CHEMBL203,Kd,10000.0,nM,5.0
C3N-00547,25.5763653447642,12.63,1,CPTAC,CPTAC,,,,,17.809195319469453,17.809195319469453,CHEMBL941,CHEMBL203,Kd,30000.0,nM,4.522878745280337
C3N-00547,25.5763653447642,12.63,1,CPTAC,CPTAC,,,,,17.809195319469453,17.809195319469453,CHEMBL1079742,CHEMBL203,IC50,70.0,nM,7.154901959985743
C3N-00547,25.5763653447642,12.63,1,CPTAC,CPTAC,,,,,17.809195319469453,17.809195319469453,CHEMBL941,CHEMBL203,IC50,0.11,nM,9.958607314841775
C3N-00547,25.5763653447642,12.63,1,CPTAC,CPTAC,,,,,17.809195319469453,17.809195319469453,CHEMBL1079742,CHEMBL203,IC50,2.0,nM,8.698970004336019
C3N-00549,24.877413478776,8.77,1,CPTAC,CPTAC,,,17.0322744834888,,,17.0322744834888,CHEMBL941,CHEMBL203,IC50,100000.0,nM,4.0
C3N-00549,24.877413478776,8.77,1,CPTAC,CPTAC,,,17.0322744834888,,,17.0322744834888,CHEMBL941,CHEMBL203,Kd,10000.0,nM,5.0
C3N-00549,24.877413478776,8.77,1,CPTAC,CPTAC,,,17.0322744834888,,,17.0322744834888,CHEMBL941,CHEMBL203,Kd,10000.0,nM,5.0
C3N-00549,24.877413478776,8.77,1,CPTAC,CPTAC,,,17.0322744834888,,,17.0322744834888,CHEMBL941,CHEMBL203,Kd,10000.0,nM,5.0
C3N-00549,24.877413478776,8.77,1,CPTAC,CPTAC,,,17.0322744834888,,,17.0322744834888,CHEMBL941,CHEMBL203,Kd,10000.0,nM,5.0
C3N-00549,24.877413478776,8.77,1,CPTAC,CPTAC,,,17.0322744834888,,,17.0322744834888,CHEMBL941,CHEMBL203,Kd,7600.0,nM,5.119186407719209
C3N-00549,24.877413478776,8.77,1,CPTAC,CPTAC,,,17.0322744834888,,,17.0322744834888,CHEMBL941,CHEMBL203,Kd,10000.0,nM,5.0
C3N-00549,24.877413478776,8.77,1,CPTAC,CPTAC,,,17.0322744834888,,,17.0322744834888,CHEMBL941,CHEMBL203,Kd,10000.0,nM,5.0
C3N-00549,24.877413478776,8.77,1,CPTAC,CPTAC,,,17.0322744834888,,,17.0322744834888,CHEMBL941,CHEMBL203,Kd,10000.0,nM,5.0
C3N-00549,24.877413478776,8.77,1,CPTAC,CPTAC,,,17.0322744834888,,,17.0322744834888,CHEMBL941,CHEMBL203,Kd,10000.0,nM,5.0
C3N-00549,24.877413478776,8.77,1,CPTAC,CPTAC,,,17.0322744834888,,,17.0322744834888,CHEMBL941,CHEMBL203,Kd,10000.0,nM,5.0
C3N-00549,24.877413478776,8.77,1,CPTAC,CPTAC,,,17.0322744834888,,,17.0322744834888,CHEMBL1079742,CHEMBL203,IC50,420.0,nM,6.376750709602099
C3N-00549,24.877413478776,8.77,1,CPTAC,CPTAC,,,17.0322744834888,,,17.0322744834888,CHEMBL1079742,CHEMBL203,IC50,15.0,nM,7.823908740944319
C3N-00549,24.877413478776,8.77,1,CPTAC,CPTAC,,,17.0322744834888,,,17.0322744834888,CHEMBL941,CHEMBL203,Kd,10000.0,nM,5.0
C3N-00549,24.877413478776,8.77,1,CPTAC,CPTAC,,,17.0322744834888,,,17.0322744834888,CHEMBL941,CHEMBL203,Kd,10000.0,nM,5.0
C3N-00549,24.877413478776,8.77,1,CPTAC,CPTAC,,,17.0322744834888,,,17.0322744834888,CHEMBL941,CHEMBL203,Kd,10000.0,nM,5.0
C3N-00549,24.877413478776,8.77,1,CPTAC,CPTAC,,,17.0322744834888,,,17.0322744834888,CHEMBL941,CHEMBL203,Kd,10000.0,nM,5.0
C3N-00549,24.877413478776,8.77,1,CPTAC,CPTAC,,,17.0322744834888,,,17.0322744834888,CHEMBL941,CHEMBL203,Kd,7600.0,nM,5.119186407719209
C3N-00549,24.877413478776,8.77,1,CPTAC,CPTAC,,,17.0322744834888,,,17.0322744834888,CHEMBL941,CHEMBL203,Kd,10000.0,nM,5.0
C3N-00549,24.877413478776,8.77,1,CPTAC,CPTAC,,,17.0322744834888,,,17.0322744834888,CHEMBL941,CHEMBL203,Kd,10000.0,nM,5.0
C3N-00549,24.877413478776,8.77,1,CPTAC,CPTAC,,,17.0322744834888,,,17.0322744834888,CHEMBL941,CHEMBL203,Kd,10000.0,nM,5.0
C3N-00549,24.877413478776,8.77,1,CPTAC,CPTAC,,,17.0322744834888,,,17.0322744834888,CHEMBL941,CHEMBL203,Kd,10000.0,nM,5.0
C3N-00549,24.877413478776,8.77,1,CPTAC,CPTAC,,,17.0322744834888,,,17.0322744834888,CHEMBL941,CHEMBL203,Kd,10000.0,nM,5.0
C3N-00549,24.877413478776,8.77,1,CPTAC,CPTAC,,,17.0322744834888,,,17.0322744834888,CHEMBL941,CHEMBL203,Kd,10000.0,nM,5.0
C3N-00549,24.877413478776,8.77,1,CPTAC,CPTAC,,,17.0322744834888,,,17.0322744834888,CHEMBL941,CHEMBL203,Kd,10000.0,nM,5.0
C3N-00549,24.877413478776,8.77,1,CPTAC,CPTAC,,,17.0322744834888,,,17.0322744834888,CHEMBL941,CHEMBL203,Kd,30000.0,nM,4.522878745280337
C3N-00549,24.877413478776,8.77,1,CPTAC,CPTAC,,,17.0322744834888,,,17.0322744834888,CHEMBL1079742,CHEMBL203,IC50,70.0,nM,7.154901959985743
C3N-00549,24.877413478776,8.77,1,CPTAC,CPTAC,,,17.0322744834888,,,17.0322744834888,CHEMBL941,CHEMBL203,IC50,0.11,nM,9.958607314841775
C3N-00549,24.877413478776,8.77,1,CPTAC,CPTAC,,,17.0322744834888,,,17.0322744834888,CHEMBL1079742,CHEMBL203,IC50,2.0,nM,8.698970004336019
C3N-00550,25.5427290588497,13.03,1,CPTAC,CPTAC,,,,,18.3067029059481,18.3067029059481,CHEMBL941,CHEMBL203,IC50,100000.0,nM,4.0
C3N-00550,25.5427290588497,13.03,1,CPTAC,CPTAC,,,,,18.3067029059481,18.3067029059481,CHEMBL941,CHEMBL203,Kd,10000.0,nM,5.0
C3N-00550,25.5427290588497,13.03,1,CPTAC,CPTAC,,,,,18.3067029059481,18.3067029059481,CHEMBL941,CHEMBL203,Kd,10000.0,nM,5.0
C3N-00550,25.5427290588497,13.03,1,CPTAC,CPTAC,,,,,18.3067029059481,18.3067029059481,CHEMBL941,CHEMBL203,Kd,10000.0,nM,5.0
C3N-00550,25.5427290588497,13.03,1,CPTAC,CPTAC,,,,,18.3067029059481,18.3067029059481,CHEMBL941,CHEMBL203,Kd,10000.0,nM,5.0
C3N-00550,25.5427290588497,13.03,1,CPTAC,CPTAC,,,,,18.3067029059481,18.3067029059481,CHEMBL941,CHEMBL203,Kd,7600.0,nM,5.119186407719209
C3N-00550,25.5427290588497,13.03,1,CPTAC,CPTAC,,,,,18.3067029059481,18.3067029059481,CHEMBL941,CHEMBL203,Kd,10000.0,nM,5.0
C3N-00550,25.5427290588497,13.03,1,CPTAC,CPTAC,,,,,18.3067029059481,18.3067029059481,CHEMBL941,CHEMBL203,Kd,10000.0,nM,5.0
C3N-00550,25.5427290588497,13.03,1,CPTAC,CPTAC,,,,,18.3067029059481,18.3067029059481,CHEMBL941,CHEMBL203,Kd,10000.0,nM,5.0
C3N-00550,25.5427290588497,13.03,1,CPTAC,CPTAC,,,,,18.3067029059481,18.3067029059481,CHEMBL941,CHEMBL203,Kd,10000.0,nM,5.0
C3N-00550,25.5427290588497,13.03,1,CPTAC,CPTAC,,,,,18.3067029059481,18.3067029059481,CHEMBL941,CHEMBL203,Kd,10000.0,nM,5.0
C3N-00550,25.5427290588497,13.03,1,CPTAC,CPTAC,,,,,18.3067029059481,18.3067029059481,CHEMBL1079742,CHEMBL203,IC50,420.0,nM,6.376750709602099
C3N-00550,25.5427290588497,13.03,1,CPTAC,CPTAC,,,,,18.3067029059481,18.3067029059481,CHEMBL1079742,CHEMBL203,IC50,15.0,nM,7.823908740944319
C3N-00550,25.5427290588497,13.03,1,CPTAC,CPTAC,,,,,18.3067029059481,18.3067029059481,CHEMBL941,CHEMBL203,Kd,10000.0,nM,5.0
C3N-00550,25.5427290588497,13.03,1,CPTAC,CPTAC,,,,,18.3067029059481,18.3067029059481,CHEMBL941,CHEMBL203,Kd,10000.0,nM,5.0
C3N-00550,25.5427290588497,13.03,1,CPTAC,CPTAC,,,,,18.3067029059481,18.3067029059481,CHEMBL941,CHEMBL203,Kd,10000.0,nM,5.0
C3N-00550,25.5427290588497,13.03,1,CPTAC,CPTAC,,,,,18.3067029059481,18.3067029059481,CHEMBL941,CHEMBL203,Kd,10000.0,nM,5.0
C3N-00550,25.5427290588497,13.03,1,CPTAC,CPTAC,,,,,18.3067029059481,18.3067029059481,CHEMBL941,CHEMBL203,Kd,7600.0,nM,5.119186407719209
C3N-00550,25.5427290588497,13.03,1,CPTAC,CPTAC,,,,,18.3067029059481,18.3067029059481,CHEMBL941,CHEMBL203,Kd,10000.0,nM,5.0
C3N-00550,25.5427290588497,13.03,1,CPTAC,CPTAC,,,,,18.3067029059481,18.3067029059481,CHEMBL941,CHEMBL203,Kd,10000.0,nM,5.0
C3N-00550,25.5427290588497,13.03,1,CPTAC,CPTAC,,,,,18.3067029059481,18.3067029059481,CHEMBL941,CHEMBL203,Kd,10000.0,nM,5.0
C3N-00550,25.5427290588497,13.03,1,CPTAC,CPTAC,,,,,18.3067029059481,18.3067029059481,CHEMBL941,CHEMBL203,Kd,10000.0,nM,5.0
C3N-00550,25.5427290588497,13.03,1,CPTAC,CPTAC,,,,,18.3067029059481,18.3067029059481,CHEMBL941,CHEMBL203,Kd,10000.0,nM,5.0
C3N-00550,25.5427290588497,13.03,1,CPTAC,CPTAC,,,,,18.3067029059481,18.3067029059481,CHEMBL941,CHEMBL203,Kd,10000.0,nM,5.0
C3N-00550,25.5427290588497,13.03,1,CPTAC,CPTAC,,,,,18.3067029059481,18.3067029059481,CHEMBL941,CHEMBL203,Kd,10000.0,nM,5.0
C3N-00550,25.5427290588497,13.03,1,CPTAC,CPTAC,,,,,18.3067029059481,18.3067029059481,CHEMBL941,CHEMBL203,Kd,30000.0,nM,4.522878745280337
C3N-00550,25.5427290588497,13.03,1,CPTAC,CPTAC,,,,,18.3067029059481,18.3067029059481,CHEMBL1079742,CHEMBL203,IC50,70.0,nM,7.154901959985743
C3N-00550,25.5427290588497,13.03,1,CPTAC,CPTAC,,,,,18.3067029059481,18.3067029059481,CHEMBL941,CHEMBL203,IC50,0.11,nM,9.958607314841775
C3N-00550,25.5427290588497,13.03,1,CPTAC,CPTAC,,,,,18.3067029059481,18.3067029059481,CHEMBL1079742,CHEMBL203,IC50,2.0,nM,8.698970004336019
C3N-00551,25.8130418993541,13.61,1,CPTAC,CPTAC,,,,,,,CHEMBL941,CHEMBL203,IC50,100000.0,nM,4.0
C3N-00551,25.8130418993541,13.61,1,CPTAC,CPTAC,,,,,,,CHEMBL941,CHEMBL203,Kd,10000.0,nM,5.0
C3N-00551,25.8130418993541,13.61,1,CPTAC,CPTAC,,,,,,,CHEMBL941,CHEMBL203,Kd,10000.0,nM,5.0
C3N-00551,25.8130418993541,13.61,1,CPTAC,CPTAC,,,,,,,CHEMBL941,CHEMBL203,Kd,10000.0,nM,5.0
C3N-00551,25.8130418993541,13.61,1,CPTAC,CPTAC,,,,,,,CHEMBL941,CHEMBL203,Kd,10000.0,nM,5.0
C3N-00551,25.8130418993541,13.61,1,CPTAC,CPTAC,,,,,,,CHEMBL941,CHEMBL203,Kd,7600.0,nM,5.119186407719209
C3N-00551,25.8130418993541,13.61,1,CPTAC,CPTAC,,,,,,,CHEMBL941,CHEMBL203,Kd,10000.0,nM,5.0
C3N-00551,25.8130418993541,13.61,1,CPTAC,CPTAC,,,,,,,CHEMBL941,CHEMBL203,Kd,10000.0,nM,5.0
C3N-00551,25.8130418993541,13.61,1,CPTAC,CPTAC,,,,,,,CHEMBL941,CHEMBL203,Kd,10000.0,nM,5.0
C3N-00551,25.8130418993541,13.61,1,CPTAC,CPTAC,,,,,,,CHEMBL941,CHEMBL203,Kd,10000.0,nM,5.0
C3N-00551,25.8130418993541,13.61,1,CPTAC,CPTAC,,,,,,,CHEMBL941,CHEMBL203,Kd,10000.0,nM,5.0
C3N-00551,25.8130418993541,13.61,1,CPTAC,CPTAC,,,,,,,CHEMBL1079742,CHEMBL203,IC50,420.0,nM,6.376750709602099
C3N-00551,25.8130418993541,13.61,1,CPTAC,CPTAC,,,,,,,CHEMBL1079742,CHEMBL203,IC50,15.0,nM,7.823908740944319
C3N-00551,25.8130418993541,13.61,1,CPTAC,CPTAC,,,,,,,CHEMBL941,CHEMBL203,Kd,10000.0,nM,5.0
C3N-00551,25.8130418993541,13.61,1,CPTAC,CPTAC,,,,,,,CHEMBL941,CHEMBL203,Kd,10000.0,nM,5.0
C3N-00551,25.8130418993541,13.61,1,CPTAC,CPTAC,,,,,,,CHEMBL941,CHEMBL203,Kd,10000.0,nM,5.0
C3N-00551,25.8130418993541,13.61,1,CPTAC,CPTAC,,,,,,,CHEMBL941,CHEMBL203,Kd,10000.0,nM,5.0
C3N-00551,25.8130418993541,13.61,1,CPTAC,CPTAC,,,,,,,CHEMBL941,CHEMBL203,Kd,7600.0,nM,5.119186407719209
C3N-00551,25.8130418993541,13.61,1,CPTAC,CPTAC,,,,,,,CHEMBL941,CHEMBL203,Kd,10000.0,nM,5.0
C3N-00551,25.8130418993541,13.61,1,CPTAC,CPTAC,,,,,,,CHEMBL941,CHEMBL203,Kd,10000.0,nM,5.0
C3N-00551,25.8130418993541,13.61,1,CPTAC,CPTAC,,,,,,,CHEMBL941,CHEMBL203,Kd,10000.0,nM,5.0
C3N-00551,25.8130418993541,13.61,1,CPTAC,CPTAC,,,,,,,CHEMBL941,CHEMBL203,Kd,10000.0,nM,5.0
C3N-00551,25.8130418993541,13.61,1,CPTAC,CPTAC,,,,,,,CHEMBL941,CHEMBL203,Kd,10000.0,nM,5.0
C3N-00551,25.8130418993541,13.61,1,CPTAC,CPTAC,,,,,,,CHEMBL941,CHEMBL203,Kd,10000.0,nM,5.0
C3N-00551,25.8130418993541,13.61,1,CPTAC,CPTAC,,,,,,,CHEMBL941,CHEMBL203,Kd,10000.0,nM,5.0
C3N-00551,25.8130418993541,13.61,1,CPTAC,CPTAC,,,,,,,CHEMBL941,CHEMBL203,Kd,30000.0,nM,4.522878745280337
C3N-00551,25.8130418993541,13.61,1,CPTAC,CPTAC,,,,,,,CHEMBL1079742,CHEMBL203,IC50,70.0,nM,7.154901959985743
C3N-00551,25.8130418993541,13.61,1,CPTAC,CPTAC,,,,,,,CHEMBL941,CHEMBL203,IC50,0.11,nM,9.958607314841775
C3N-00551,25.8130418993541,13.61,1,CPTAC,CPTAC,,,,,,,CHEMBL1079742,CHEMBL203,IC50,2.0,nM,8.698970004336019
C3N-00552,26.1295411312732,12.96,1,CPTAC,CPTAC,,,,,,,CHEMBL941,CHEMBL203,IC50,100000.0,nM,4.0
C3N-00552,26.1295411312732,12.96,1,CPTAC,CPTAC,,,,,,,CHEMBL941,CHEMBL203,Kd,10000.0,nM,5.0
C3N-00552,26.1295411312732,12.96,1,CPTAC,CPTAC,,,,,,,CHEMBL941,CHEMBL203,Kd,10000.0,nM,5.0
C3N-00552,26.1295411312732,12.96,1,CPTAC,CPTAC,,,,,,,CHEMBL941,CHEMBL203,Kd,10000.0,nM,5.0
C3N-00552,26.1295411312732,12.96,1,CPTAC,CPTAC,,,,,,,CHEMBL941,CHEMBL203,Kd,10000.0,nM,5.0
C3N-00552,26.1295411312732,12.96,1,CPTAC,CPTAC,,,,,,,CHEMBL941,CHEMBL203,Kd,7600.0,nM,5.119186407719209
C3N-00552,26.1295411312732,12.96,1,CPTAC,CPTAC,,,,,,,CHEMBL941,CHEMBL203,Kd,10000.0,nM,5.0
C3N-00552,26.1295411312732,12.96,1,CPTAC,CPTAC,,,,,,,CHEMBL941,CHEMBL203,Kd,10000.0,nM,5.0
C3N-00552,26.1295411312732,12.96,1,CPTAC,CPTAC,,,,,,,CHEMBL941,CHEMBL203,Kd,10000.0,nM,5.0
C3N-00552,26.1295411312732,12.96,1,CPTAC,CPTAC,,,,,,,CHEMBL941,CHEMBL203,Kd,10000.0,nM,5.0
C3N-00552,26.1295411312732,12.96,1,CPTAC,CPTAC,,,,,,,CHEMBL941,CHEMBL203,Kd,10000.0,nM,5.0
C3N-00552,26.1295411312732,12.96,1,CPTAC,CPTAC,,,,,,,CHEMBL1079742,CHEMBL203,IC50,420.0,nM,6.376750709602099
C3N-00552,26.1295411312732,12.96,1,CPTAC,CPTAC,,,,,,,CHEMBL1079742,CHEMBL203,IC50,15.0,nM,7.823908740944319
C3N-00552,26.1295411312732,12.96,1,CPTAC,CPTAC,,,,,,,CHEMBL941,CHEMBL203,Kd,10000.0,nM,5.0
C3N-00552,26.1295411312732,12.96,1,CPTAC,CPTAC,,,,,,,CHEMBL941,CHEMBL203,Kd,10000.0,nM,5.0
C3N-00552,26.1295411312732,12.96,1,CPTAC,CPTAC,,,,,,,CHEMBL941,CHEMBL203,Kd,10000.0,nM,5.0
C3N-00552,26.1295411312732,12.96,1,CPTAC,CPTAC,,,,,,,CHEMBL941,CHEMBL203,Kd,10000.0,nM,5.0
C3N-00552,26.1295411312732,12.96,1,CPTAC,CPTAC,,,,,,,CHEMBL941,CHEMBL203,Kd,7600.0,nM,5.119186407719209
C3N-00552,26.1295411312732,12.96,1,CPTAC,CPTAC,,,,,,,CHEMBL941,CHEMBL203,Kd,10000.0,nM,5.0
C3N-00552,26.1295411312732,12.96,1,CPTAC,CPTAC,,,,,,,CHEMBL941,CHEMBL203,Kd,10000.0,nM,5.0
C3N-00552,26.1295411312732,12.96,1,CPTAC,CPTAC,,,,,,,CHEMBL941,CHEMBL203,Kd,10000.0,nM,5.0
C3N-00552,26.1295411312732,12.96,1,CPTAC,CPTAC,,,,,,,CHEMBL941,CHEMBL203,Kd,10000.0,nM,5.0
C3N-00552,26.1295411312732,12.96,1,CPTAC,CPTAC,,,,,,,CHEMBL941,CHEMBL203,Kd,10000.0,nM,5.0
C3N-00552,26.1295411312732,12.96,1,CPTAC,CPTAC,,,,,,,CHEMBL941,CHEMBL203,Kd,10000.0,nM,5.0
C3N-00552,26.1295411312732,12.96,1,CPTAC,CPTAC,,,,,,,CHEMBL941,CHEMBL203,Kd,10000.0,nM,5.0
C3N-00552,26.1295411312732,12.96,1,CPTAC,CPTAC,,,,,,,CHEMBL941,CHEMBL203,Kd,30000.0,nM,4.522878745280337
C3N-00552,26.1295411312732,12.96,1,CPTAC,CPTAC,,,,,,,CHEMBL1079742,CHEMBL203,IC50,70.0,nM,7.154901959985743
C3N-00552,26.1295411312732,12.96,1,CPTAC,CPTAC,,,,,,,CHEMBL941,CHEMBL203,IC50,0.11,nM,9.958607314841775
C3N-00552,26.1295411312732,12.96,1,CPTAC,CPTAC,,,,,,,CHEMBL1079742,CHEMBL203,IC50,2.0,nM,8.698970004336019
C3N-00556,25.9072613809423,13.61,1,CPTAC,CPTAC,,,17.767914942942703,10.054346078997517,18.7801193713264,15.53412679775554,CHEMBL941,CHEMBL203,IC50,100000.0,nM,4.0
C3N-00556,25.9072613809423,13.61,1,CPTAC,CPTAC,,,17.767914942942703,10.054346078997517,18.7801193713264,15.53412679775554,CHEMBL941,CHEMBL203,Kd,10000.0,nM,5.0
C3N-00556,25.9072613809423,13.61,1,CPTAC,CPTAC,,,17.767914942942703,10.054346078997517,18.7801193713264,15.53412679775554,CHEMBL941,CHEMBL203,Kd,10000.0,nM,5.0
C3N-00556,25.9072613809423,13.61,1,CPTAC,CPTAC,,,17.767914942942703,10.054346078997517,18.7801193713264,15.53412679775554,CHEMBL941,CHEMBL203,Kd,10000.0,nM,5.0
C3N-00556,25.9072613809423,13.61,1,CPTAC,CPTAC,,,17.767914942942703,10.054346078997517,18.7801193713264,15.53412679775554,CHEMBL941,CHEMBL203,Kd,10000.0,nM,5.0
C3N-00556,25.9072613809423,13.61,1,CPTAC,CPTAC,,,17.767914942942703,10.054346078997517,18.7801193713264,15.53412679775554,CHEMBL941,CHEMBL203,Kd,7600.0,nM,5.119186407719209
C3N-00556,25.9072613809423,13.61,1,CPTAC,CPTAC,,,17.767914942942703,10.054346078997517,18.7801193713264,15.53412679775554,CHEMBL941,CHEMBL203,Kd,10000.0,nM,5.0
C3N-00556,25.9072613809423,13.61,1,CPTAC,CPTAC,,,17.767914942942703,10.054346078997517,18.7801193713264,15.53412679775554,CHEMBL941,CHEMBL203,Kd,10000.0,nM,5.0
C3N-00556,25.9072613809423,13.61,1,CPTAC,CPTAC,,,17.767914942942703,10.054346078997517,18.7801193713264,15.53412679775554,CHEMBL941,CHEMBL203,Kd,10000.0,nM,5.0
C3N-00556,25.9072613809423,13.61,1,CPTAC,CPTAC,,,17.767914942942703,10.054346078997517,18.7801193713264,15.53412679775554,CHEMBL941,CHEMBL203,Kd,10000.0,nM,5.0
C3N-00556,25.9072613809423,13.61,1,CPTAC,CPTAC,,,17.767914942942703,10.054346078997517,18.7801193713264,15.53412679775554,CHEMBL941,CHEMBL203,Kd,10000.0,nM,5.0
C3N-00556,25.9072613809423,13.61,1,CPTAC,CPTAC,,,17.767914942942703,10.054346078997517,18.7801193713264,15.53412679775554,CHEMBL1079742,CHEMBL203,IC50,420.0,nM,6.376750709602099
C3N-00556,25.9072613809423,13.61,1,CPTAC,CPTAC,,,17.767914942942703,10.054346078997517,18.7801193713264,15.53412679775554,CHEMBL1079742,CHEMBL203,IC50,15.0,nM,7.823908740944319
C3N-00556,25.9072613809423,13.61,1,CPTAC,CPTAC,,,17.767914942942703,10.054346078997517,18.7801193713264,15.53412679775554,CHEMBL941,CHEMBL203,Kd,10000.0,nM,5.0
C3N-00556,25.9072613809423,13.61,1,CPTAC,CPTAC,,,17.767914942942703,10.054346078997517,18.7801193713264,15.53412679775554,CHEMBL941,CHEMBL203,Kd,10000.0,nM,5.0
C3N-00556,25.9072613809423,13.61,1,CPTAC,CPTAC,,,17.767914942942703,10.054346078997517,18.7801193713264,15.53412679775554,CHEMBL941,CHEMBL203,Kd,10000.0,nM,5.0
C3N-00556,25.9072613809423,13.61,1,CPTAC,CPTAC,,,17.767914942942703,10.054346078997517,18.7801193713264,15.53412679775554,CHEMBL941,CHEMBL203,Kd,10000.0,nM,5.0
C3N-00556,25.9072613809423,13.61,1,CPTAC,CPTAC,,,17.767914942942703,10.054346078997517,18.7801193713264,15.53412679775554,CHEMBL941,CHEMBL203,Kd,7600.0,nM,5.119186407719209
C3N-00556,25.9072613809423,13.61,1,CPTAC,CPTAC,,,17.767914942942703,10.054346078997517,18.7801193713264,15.53412679775554,CHEMBL941,CHEMBL203,Kd,10000.0,nM,5.0
C3N-00556,25.9072613809423,13.61,1,CPTAC,CPTAC,,,17.767914942942703,10.054346078997517,18.7801193713264,15.53412679775554,CHEMBL941,CHEMBL203,Kd,10000.0,nM,5.0
C3N-00556,25.9072613809423,13.61,1,CPTAC,CPTAC,,,17.767914942942703,10.054346078997517,18.7801193713264,15.53412679775554,CHEMBL941,CHEMBL203,Kd,10000.0,nM,5.0
C3N-00556,25.9072613809423,13.61,1,CPTAC,CPTAC,,,17.767914942942703,10.054346078997517,18.7801193713264,15.53412679775554,CHEMBL941,CHEMBL203,Kd,10000.0,nM,5.0
C3N-00556,25.9072613809423,13.61,1,CPTAC,CPTAC,,,17.767914942942703,10.054346078997517,18.7801193713264,15.53412679775554,CHEMBL941,CHEMBL203,Kd,10000.0,nM,5.0
C3N-00556,25.9072613809423,13.61,1,CPTAC,CPTAC,,,17.767914942942703,10.054346078997517,18.7801193713264,15.53412679775554,CHEMBL941,CHEMBL203,Kd,10000.0,nM,5.0
C3N-00556,25.9072613809423,13.61,1,CPTAC,CPTAC,,,17.767914942942703,10.054346078997517,18.7801193713264,15.53412679775554,CHEMBL941,CHEMBL203,Kd,10000.0,nM,5.0
C3N-00556,25.9072613809423,13.61,1,CPTAC,CPTAC,,,17.767914942942703,10.054346078997517,18.7801193713264,15.53412679775554,CHEMBL941,CHEMBL203,Kd,30000.0,nM,4.522878745280337
C3N-00556,25.9072613809423,13.61,1,CPTAC,CPTAC,,,17.767914942942703,10.054346078997517,18.7801193713264,15.53412679775554,CHEMBL1079742,CHEMBL203,IC50,70.0,nM,7.154901959985743
C3N-00556,25.9072613809423,13.61,1,CPTAC,CPTAC,,,17.767914942942703,10.054346078997517,18.7801193713264,15.53412679775554,CHEMBL941,CHEMBL203,IC50,0.11,nM,9.958607314841775
C3N-00556,25.9072613809423,13.61,1,CPTAC,CPTAC,,,17.767914942942703,10.054346078997517,18.7801193713264,15.53412679775554,CHEMBL1079742,CHEMBL203,IC50,2.0,nM,8.698970004336019
C3N-00559,26.1518216848455,14.87,1,CPTAC,CPTAC,,,,,,,CHEMBL941,CHEMBL203,IC50,100000.0,nM,4.0
C3N-00559,26.1518216848455,14.87,1,CPTAC,CPTAC,,,,,,,CHEMBL941,CHEMBL203,Kd,10000.0,nM,5.0
C3N-00559,26.1518216848455,14.87,1,CPTAC,CPTAC,,,,,,,CHEMBL941,CHEMBL203,Kd,10000.0,nM,5.0
C3N-00559,26.1518216848455,14.87,1,CPTAC,CPTAC,,,,,,,CHEMBL941,CHEMBL203,Kd,10000.0,nM,5.0
C3N-00559,26.1518216848455,14.87,1,CPTAC,CPTAC,,,,,,,CHEMBL941,CHEMBL203,Kd,10000.0,nM,5.0
C3N-00559,26.1518216848455,14.87,1,CPTAC,CPTAC,,,,,,,CHEMBL941,CHEMBL203,Kd,7600.0,nM,5.119186407719209
C3N-00559,26.1518216848455,14.87,1,CPTAC,CPTAC,,,,,,,CHEMBL941,CHEMBL203,Kd,10000.0,nM,5.0
C3N-00559,26.1518216848455,14.87,1,CPTAC,CPTAC,,,,,,,CHEMBL941,CHEMBL203,Kd,10000.0,nM,5.0
C3N-00559,26.1518216848455,14.87,1,CPTAC,CPTAC,,,,,,,CHEMBL941,CHEMBL203,Kd,10000.0,nM,5.0
C3N-00559,26.1518216848455,14.87,1,CPTAC,CPTAC,,,,,,,CHEMBL941,CHEMBL203,Kd,10000.0,nM,5.0
C3N-00559,26.1518216848455,14.87,1,CPTAC,CPTAC,,,,,,,CHEMBL941,CHEMBL203,Kd,10000.0,nM,5.0
C3N-00559,26.1518216848455,14.87,1,CPTAC,CPTAC,,,,,,,CHEMBL1079742,CHEMBL203,IC50,420.0,nM,6.376750709602099
C3N-00559,26.1518216848455,14.87,1,CPTAC,CPTAC,,,,,,,CHEMBL1079742,CHEMBL203,IC50,15.0,nM,7.823908740944319
C3N-00559,26.1518216848455,14.87,1,CPTAC,CPTAC,,,,,,,CHEMBL941,CHEMBL203,Kd,10000.0,nM,5.0
C3N-00559,26.1518216848455,14.87,1,CPTAC,CPTAC,,,,,,,CHEMBL941,CHEMBL203,Kd,10000.0,nM,5.0
C3N-00559,26.1518216848455,14.87,1,CPTAC,CPTAC,,,,,,,CHEMBL941,CHEMBL203,Kd,10000.0,nM,5.0
C3N-00559,26.1518216848455,14.87,1,CPTAC,CPTAC,,,,,,,CHEMBL941,CHEMBL203,Kd,10000.0,nM,5.0
C3N-00559,26.1518216848455,14.87,1,CPTAC,CPTAC,,,,,,,CHEMBL941,CHEMBL203,Kd,7600.0,nM,5.119186407719209
C3N-00559,26.1518216848455,14.87,1,CPTAC,CPTAC,,,,,,,CHEMBL941,CHEMBL203,Kd,10000.0,nM,5.0
C3N-00559,26.1518216848455,14.87,1,CPTAC,CPTAC,,,,,,,CHEMBL941,CHEMBL203,Kd,10000.0,nM,5.0
C3N-00559,26.1518216848455,14.87,1,CPTAC,CPTAC,,,,,,,CHEMBL941,CHEMBL203,Kd,10000.0,nM,5.0
C3N-00559,26.1518216848455,14.87,1,CPTAC,CPTAC,,,,,,,CHEMBL941,CHEMBL203,Kd,10000.0,nM,5.0
C3N-00559,26.1518216848455,14.87,1,CPTAC,CPTAC,,,,,,,CHEMBL941,CHEMBL203,Kd,10000.0,nM,5.0
C3N-00559,26.1518216848455,14.87,1,CPTAC,CPTAC,,,,,,,CHEMBL941,CHEMBL203,Kd,10000.0,nM,5.0
C3N-00559,26.1518216848455,14.87,1,CPTAC,CPTAC,,,,,,,CHEMBL941,CHEMBL203,Kd,10000.0,nM,5.0
C3N-00559,26.1518216848455,14.87,1,CPTAC,CPTAC,,,,,,,CHEMBL941,CHEMBL203,Kd,30000.0,nM,4.522878745280337
C3N-00559,26.1518216848455,14.87,1,CPTAC,CPTAC,,,,,,,CHEMBL1079742,CHEMBL203,IC50,70.0,nM,7.154901959985743
C3N-00559,26.1518216848455,14.87,1,CPTAC,CPTAC,,,,,,,CHEMBL941,CHEMBL203,IC50,0.11,nM,9.958607314841775
C3N-00559,26.1518216848455,14.87,1,CPTAC,CPTAC,,,,,,,CHEMBL1079742,CHEMBL203,IC50,2.0,nM,8.698970004336019
C3N-00560,24.5289887737447,9.99,1,CPTAC,CPTAC,13.07873442258365,,,,,13.07873442258365,CHEMBL941,CHEMBL203,IC50,100000.0,nM,4.0
C3N-00560,24.5289887737447,9.99,1,CPTAC,CPTAC,13.07873442258365,,,,,13.07873442258365,CHEMBL941,CHEMBL203,Kd,10000.0,nM,5.0
C3N-00560,24.5289887737447,9.99,1,CPTAC,CPTAC,13.07873442258365,,,,,13.07873442258365,CHEMBL941,CHEMBL203,Kd,10000.0,nM,5.0
C3N-00560,24.5289887737447,9.99,1,CPTAC,CPTAC,13.07873442258365,,,,,13.07873442258365,CHEMBL941,CHEMBL203,Kd,10000.0,nM,5.0
C3N-00560,24.5289887737447,9.99,1,CPTAC,CPTAC,13.07873442258365,,,,,13.07873442258365,CHEMBL941,CHEMBL203,Kd,10000.0,nM,5.0
C3N-00560,24.5289887737447,9.99,1,CPTAC,CPTAC,13.07873442258365,,,,,13.07873442258365,CHEMBL941,CHEMBL203,Kd,7600.0,nM,5.119186407719209
C3N-00560,24.5289887737447,9.99,1,CPTAC,CPTAC,13.07873442258365,,,,,13.07873442258365,CHEMBL941,CHEMBL203,Kd,10000.0,nM,5.0
C3N-00560,24.5289887737447,9.99,1,CPTAC,CPTAC,13.07873442258365,,,,,13.07873442258365,CHEMBL941,CHEMBL203,Kd,10000.0,nM,5.0
C3N-00560,24.5289887737447,9.99,1,CPTAC,CPTAC,13.07873442258365,,,,,13.07873442258365,CHEMBL941,CHEMBL203,Kd,10000.0,nM,5.0
C3N-00560,24.5289887737447,9.99,1,CPTAC,CPTAC,13.07873442258365,,,,,13.07873442258365,CHEMBL941,CHEMBL203,Kd,10000.0,nM,5.0
C3N-00560,24.5289887737447,9.99,1,CPTAC,CPTAC,13.07873442258365,,,,,13.07873442258365,CHEMBL941,CHEMBL203,Kd,10000.0,nM,5.0
C3N-00560,24.5289887737447,9.99,1,CPTAC,CPTAC,13.07873442258365,,,,,13.07873442258365,CHEMBL1079742,CHEMBL203,IC50,420.0,nM,6.376750709602099
C3N-00560,24.5289887737447,9.99,1,CPTAC,CPTAC,13.07873442258365,,,,,13.07873442258365,CHEMBL1079742,CHEMBL203,IC50,15.0,nM,7.823908740944319
C3N-00560,24.5289887737447,9.99,1,CPTAC,CPTAC,13.07873442258365,,,,,13.07873442258365,CHEMBL941,CHEMBL203,Kd,10000.0,nM,5.0
C3N-00560,24.5289887737447,9.99,1,CPTAC,CPTAC,13.07873442258365,,,,,13.07873442258365,CHEMBL941,CHEMBL203,Kd,10000.0,nM,5.0
C3N-00560,24.5289887737447,9.99,1,CPTAC,CPTAC,13.07873442258365,,,,,13.07873442258365,CHEMBL941,CHEMBL203,Kd,10000.0,nM,5.0
C3N-00560,24.5289887737447,9.99,1,CPTAC,CPTAC,13.07873442258365,,,,,13.07873442258365,CHEMBL941,CHEMBL203,Kd,10000.0,nM,5.0
C3N-00560,24.5289887737447,9.99,1,CPTAC,CPTAC,13.07873442258365,,,,,13.07873442258365,CHEMBL941,CHEMBL203,Kd,7600.0,nM,5.119186407719209
C3N-00560,24.5289887737447,9.99,1,CPTAC,CPTAC,13.07873442258365,,,,,13.07873442258365,CHEMBL941,CHEMBL203,Kd,10000.0,nM,5.0
C3N-00560,24.5289887737447,9.99,1,CPTAC,CPTAC,13.07873442258365,,,,,13.07873442258365,CHEMBL941,CHEMBL203,Kd,10000.0,nM,5.0
C3N-00560,24.5289887737447,9.99,1,CPTAC,CPTAC,13.07873442258365,,,,,13.07873442258365,CHEMBL941,CHEMBL203,Kd,10000.0,nM,5.0
C3N-00560,24.5289887737447,9.99,1,CPTAC,CPTAC,13.07873442258365,,,,,13.07873442258365,CHEMBL941,CHEMBL203,Kd,10000.0,nM,5.0
C3N-00560,24.5289887737447,9.99,1,CPTAC,CPTAC,13.07873442258365,,,,,13.07873442258365,CHEMBL941,CHEMBL203,Kd,10000.0,nM,5.0
C3N-00560,24.5289887737447,9.99,1,CPTAC,CPTAC,13.07873442258365,,,,,13.07873442258365,CHEMBL941,CHEMBL203,Kd,10000.0,nM,5.0
C3N-00560,24.5289887737447,9.99,1,CPTAC,CPTAC,13.07873442258365,,,,,13.07873442258365,CHEMBL941,CHEMBL203,Kd,10000.0,nM,5.0
C3N-00560,24.5289887737447,9.99,1,CPTAC,CPTAC,13.07873442258365,,,,,13.07873442258365,CHEMBL941,CHEMBL203,Kd,30000.0,nM,4.522878745280337
C3N-00560,24.5289887737447,9.99,1,CPTAC,CPTAC,13.07873442258365,,,,,13.07873442258365,CHEMBL1079742,CHEMBL203,IC50,70.0,nM,7.154901959985743
C3N-00560,24.5289887737447,9.99,1,CPTAC,CPTAC,13.07873442258365,,,,,13.07873442258365,CHEMBL941,CHEMBL203,IC50,0.11,nM,9.958607314841775
C3N-00560,24.5289887737447,9.99,1,CPTAC,CPTAC,13.07873442258365,,,,,13.07873442258365,CHEMBL1079742,CHEMBL203,IC50,2.0,nM,8.698970004336019
C3N-00572,25.6238341943003,13.01,1,CPTAC,CPTAC,,,,,,,CHEMBL941,CHEMBL203,IC50,100000.0,nM,4.0
C3N-00572,25.6238341943003,13.01,1,CPTAC,CPTAC,,,,,,,CHEMBL941,CHEMBL203,Kd,10000.0,nM,5.0
C3N-00572,25.6238341943003,13.01,1,CPTAC,CPTAC,,,,,,,CHEMBL941,CHEMBL203,Kd,10000.0,nM,5.0
C3N-00572,25.6238341943003,13.01,1,CPTAC,CPTAC,,,,,,,CHEMBL941,CHEMBL203,Kd,10000.0,nM,5.0
C3N-00572,25.6238341943003,13.01,1,CPTAC,CPTAC,,,,,,,CHEMBL941,CHEMBL203,Kd,10000.0,nM,5.0
C3N-00572,25.6238341943003,13.01,1,CPTAC,CPTAC,,,,,,,CHEMBL941,CHEMBL203,Kd,7600.0,nM,5.119186407719209
C3N-00572,25.6238341943003,13.01,1,CPTAC,CPTAC,,,,,,,CHEMBL941,CHEMBL203,Kd,10000.0,nM,5.0
C3N-00572,25.6238341943003,13.01,1,CPTAC,CPTAC,,,,,,,CHEMBL941,CHEMBL203,Kd,10000.0,nM,5.0
C3N-00572,25.6238341943003,13.01,1,CPTAC,CPTAC,,,,,,,CHEMBL941,CHEMBL203,Kd,10000.0,nM,5.0
C3N-00572,25.6238341943003,13.01,1,CPTAC,CPTAC,,,,,,,CHEMBL941,CHEMBL203,Kd,10000.0,nM,5.0
C3N-00572,25.6238341943003,13.01,1,CPTAC,CPTAC,,,,,,,CHEMBL941,CHEMBL203,Kd,10000.0,nM,5.0
C3N-00572,25.6238341943003,13.01,1,CPTAC,CPTAC,,,,,,,CHEMBL1079742,CHEMBL203,IC50,420.0,nM,6.376750709602099
C3N-00572,25.6238341943003,13.01,1,CPTAC,CPTAC,,,,,,,CHEMBL1079742,CHEMBL203,IC50,15.0,nM,7.823908740944319
C3N-00572,25.6238341943003,13.01,1,CPTAC,CPTAC,,,,,,,CHEMBL941,CHEMBL203,Kd,10000.0,nM,5.0
C3N-00572,25.6238341943003,13.01,1,CPTAC,CPTAC,,,,,,,CHEMBL941,CHEMBL203,Kd,10000.0,nM,5.0
C3N-00572,25.6238341943003,13.01,1,CPTAC,CPTAC,,,,,,,CHEMBL941,CHEMBL203,Kd,10000.0,nM,5.0
C3N-00572,25.6238341943003,13.01,1,CPTAC,CPTAC,,,,,,,CHEMBL941,CHEMBL203,Kd,10000.0,nM,5.0
C3N-00572,25.6238341943003,13.01,1,CPTAC,CPTAC,,,,,,,CHEMBL941,CHEMBL203,Kd,7600.0,nM,5.119186407719209
C3N-00572,25.6238341943003,13.01,1,CPTAC,CPTAC,,,,,,,CHEMBL941,CHEMBL203,Kd,10000.0,nM,5.0
C3N-00572,25.6238341943003,13.01,1,CPTAC,CPTAC,,,,,,,CHEMBL941,CHEMBL203,Kd,10000.0,nM,5.0
C3N-00572,25.6238341943003,13.01,1,CPTAC,CPTAC,,,,,,,CHEMBL941,CHEMBL203,Kd,10000.0,nM,5.0
C3N-00572,25.6238341943003,13.01,1,CPTAC,CPTAC,,,,,,,CHEMBL941,CHEMBL203,Kd,10000.0,nM,5.0
C3N-00572,25.6238341943003,13.01,1,CPTAC,CPTAC,,,,,,,CHEMBL941,CHEMBL203,Kd,10000.0,nM,5.0
C3N-00572,25.6238341943003,13.01,1,CPTAC,CPTAC,,,,,,,CHEMBL941,CHEMBL203,Kd,10000.0,nM,5.0
C3N-00572,25.6238341943003,13.01,1,CPTAC,CPTAC,,,,,,,CHEMBL941,CHEMBL203,Kd,10000.0,nM,5.0
C3N-00572,25.6238341943003,13.01,1,CPTAC,CPTAC,,,,,,,CHEMBL941,CHEMBL203,Kd,30000.0,nM,4.522878745280337
C3N-00572,25.6238341943003,13.01,1,CPTAC,CPTAC,,,,,,,CHEMBL1079742,CHEMBL203,IC50,70.0,nM,7.154901959985743
C3N-00572,25.6238341943003,13.01,1,CPTAC,CPTAC,,,,,,,CHEMBL941,CHEMBL203,IC50,0.11,nM,9.958607314841775
C3N-00572,25.6238341943003,13.01,1,CPTAC,CPTAC,,,,,,,CHEMBL1079742,CHEMBL203,IC50,2.0,nM,8.698970004336019
C3N-00574,27.194333921035,15.59,1,CPTAC,CPTAC,,,18.84717269123845,,,18.84717269123845,CHEMBL941,CHEMBL203,IC50,100000.0,nM,4.0
C3N-00574,27.194333921035,15.59,1,CPTAC,CPTAC,,,18.84717269123845,,,18.84717269123845,CHEMBL941,CHEMBL203,Kd,10000.0,nM,5.0
C3N-00574,27.194333921035,15.59,1,CPTAC,CPTAC,,,18.84717269123845,,,18.84717269123845,CHEMBL941,CHEMBL203,Kd,10000.0,nM,5.0
C3N-00574,27.194333921035,15.59,1,CPTAC,CPTAC,,,18.84717269123845,,,18.84717269123845,CHEMBL941,CHEMBL203,Kd,10000.0,nM,5.0
C3N-00574,27.194333921035,15.59,1,CPTAC,CPTAC,,,18.84717269123845,,,18.84717269123845,CHEMBL941,CHEMBL203,Kd,10000.0,nM,5.0
C3N-00574,27.194333921035,15.59,1,CPTAC,CPTAC,,,18.84717269123845,,,18.84717269123845,CHEMBL941,CHEMBL203,Kd,7600.0,nM,5.119186407719209
C3N-00574,27.194333921035,15.59,1,CPTAC,CPTAC,,,18.84717269123845,,,18.84717269123845,CHEMBL941,CHEMBL203,Kd,10000.0,nM,5.0
C3N-00574,27.194333921035,15.59,1,CPTAC,CPTAC,,,18.84717269123845,,,18.84717269123845,CHEMBL941,CHEMBL203,Kd,10000.0,nM,5.0
C3N-00574,27.194333921035,15.59,1,CPTAC,CPTAC,,,18.84717269123845,,,18.84717269123845,CHEMBL941,CHEMBL203,Kd,10000.0,nM,5.0
C3N-00574,27.194333921035,15.59,1,CPTAC,CPTAC,,,18.84717269123845,,,18.84717269123845,CHEMBL941,CHEMBL203,Kd,10000.0,nM,5.0
C3N-00574,27.194333921035,15.59,1,CPTAC,CPTAC,,,18.84717269123845,,,18.84717269123845,CHEMBL941,CHEMBL203,Kd,10000.0,nM,5.0
C3N-00574,27.194333921035,15.59,1,CPTAC,CPTAC,,,18.84717269123845,,,18.84717269123845,CHEMBL1079742,CHEMBL203,IC50,420.0,nM,6.376750709602099
C3N-00574,27.194333921035,15.59,1,CPTAC,CPTAC,,,18.84717269123845,,,18.84717269123845,CHEMBL1079742,CHEMBL203,IC50,15.0,nM,7.823908740944319
C3N-00574,27.194333921035,15.59,1,CPTAC,CPTAC,,,18.84717269123845,,,18.84717269123845,CHEMBL941,CHEMBL203,Kd,10000.0,nM,5.0
C3N-00574,27.194333921035,15.59,1,CPTAC,CPTAC,,,18.84717269123845,,,18.84717269123845,CHEMBL941,CHEMBL203,Kd,10000.0,nM,5.0
C3N-00574,27.194333921035,15.59,1,CPTAC,CPTAC,,,18.84717269123845,,,18.84717269123845,CHEMBL941,CHEMBL203,Kd,10000.0,nM,5.0
C3N-00574,27.194333921035,15.59,1,CPTAC,CPTAC,,,18.84717269123845,,,18.84717269123845,CHEMBL941,CHEMBL203,Kd,10000.0,nM,5.0
C3N-00574,27.194333921035,15.59,1,CPTAC,CPTAC,,,18.84717269123845,,,18.84717269123845,CHEMBL941,CHEMBL203,Kd,7600.0,nM,5.119186407719209
C3N-00574,27.194333921035,15.59,1,CPTAC,CPTAC,,,18.84717269123845,,,18.84717269123845,CHEMBL941,CHEMBL203,Kd,10000.0,nM,5.0
C3N-00574,27.194333921035,15.59,1,CPTAC,CPTAC,,,18.84717269123845,,,18.84717269123845,CHEMBL941,CHEMBL203,Kd,10000.0,nM,5.0
C3N-00574,27.194333921035,15.59,1,CPTAC,CPTAC,,,18.84717269123845,,,18.84717269123845,CHEMBL941,CHEMBL203,Kd,10000.0,nM,5.0
C3N-00574,27.194333921035,15.59,1,CPTAC,CPTAC,,,18.84717269123845,,,18.84717269123845,CHEMBL941,CHEMBL203,Kd,10000.0,nM,5.0
C3N-00574,27.194333921035,15.59,1,CPTAC,CPTAC,,,18.84717269123845,,,18.84717269123845,CHEMBL941,CHEMBL203,Kd,10000.0,nM,5.0
C3N-00574,27.194333921035,15.59,1,CPTAC,CPTAC,,,18.84717269123845,,,18.84717269123845,CHEMBL941,CHEMBL203,Kd,10000.0,nM,5.0
C3N-00574,27.194333921035,15.59,1,CPTAC,CPTAC,,,18.84717269123845,,,18.84717269123845,CHEMBL941,CHEMBL203,Kd,10000.0,nM,5.0
C3N-00574,27.194333921035,15.59,1,CPTAC,CPTAC,,,18.84717269123845,,,18.84717269123845,CHEMBL941,CHEMBL203,Kd,30000.0,nM,4.522878745280337
C3N-00574,27.194333921035,15.59,1,CPTAC,CPTAC,,,18.84717269123845,,,18.84717269123845,CHEMBL1079742,CHEMBL203,IC50,70.0,nM,7.154901959985743
C3N-00574,27.194333921035,15.59,1,CPTAC,CPTAC,,,18.84717269123845,,,18.84717269123845,CHEMBL941,CHEMBL203,IC50,0.11,nM,9.958607314841775
C3N-00574,27.194333921035,15.59,1,CPTAC,CPTAC,,,18.84717269123845,,,18.84717269123845,CHEMBL1079742,CHEMBL203,IC50,2.0,nM,8.698970004336019
C3N-00578,26.9337410983496,15.08,1,CPTAC,CPTAC,,,,,19.19437418164805,19.19437418164805,CHEMBL941,CHEMBL203,IC50,100000.0,nM,4.0
C3N-00578,26.9337410983496,15.08,1,CPTAC,CPTAC,,,,,19.19437418164805,19.19437418164805,CHEMBL941,CHEMBL203,Kd,10000.0,nM,5.0
C3N-00578,26.9337410983496,15.08,1,CPTAC,CPTAC,,,,,19.19437418164805,19.19437418164805,CHEMBL941,CHEMBL203,Kd,10000.0,nM,5.0
C3N-00578,26.9337410983496,15.08,1,CPTAC,CPTAC,,,,,19.19437418164805,19.19437418164805,CHEMBL941,CHEMBL203,Kd,10000.0,nM,5.0
C3N-00578,26.9337410983496,15.08,1,CPTAC,CPTAC,,,,,19.19437418164805,19.19437418164805,CHEMBL941,CHEMBL203,Kd,10000.0,nM,5.0
C3N-00578,26.9337410983496,15.08,1,CPTAC,CPTAC,,,,,19.19437418164805,19.19437418164805,CHEMBL941,CHEMBL203,Kd,7600.0,nM,5.119186407719209
C3N-00578,26.9337410983496,15.08,1,CPTAC,CPTAC,,,,,19.19437418164805,19.19437418164805,CHEMBL941,CHEMBL203,Kd,10000.0,nM,5.0
C3N-00578,26.9337410983496,15.08,1,CPTAC,CPTAC,,,,,19.19437418164805,19.19437418164805,CHEMBL941,CHEMBL203,Kd,10000.0,nM,5.0
C3N-00578,26.9337410983496,15.08,1,CPTAC,CPTAC,,,,,19.19437418164805,19.19437418164805,CHEMBL941,CHEMBL203,Kd,10000.0,nM,5.0
C3N-00578,26.9337410983496,15.08,1,CPTAC,CPTAC,,,,,19.19437418164805,19.19437418164805,CHEMBL941,CHEMBL203,Kd,10000.0,nM,5.0
C3N-00578,26.9337410983496,15.08,1,CPTAC,CPTAC,,,,,19.19437418164805,19.19437418164805,CHEMBL941,CHEMBL203,Kd,10000.0,nM,5.0
C3N-00578,26.9337410983496,15.08,1,CPTAC,CPTAC,,,,,19.19437418164805,19.19437418164805,CHEMBL1079742,CHEMBL203,IC50,420.0,nM,6.376750709602099
C3N-00578,26.9337410983496,15.08,1,CPTAC,CPTAC,,,,,19.19437418164805,19.19437418164805,CHEMBL1079742,CHEMBL203,IC50,15.0,nM,7.823908740944319
C3N-00578,26.9337410983496,15.08,1,CPTAC,CPTAC,,,,,19.19437418164805,19.19437418164805,CHEMBL941,CHEMBL203,Kd,10000.0,nM,5.0
C3N-00578,26.9337410983496,15.08,1,CPTAC,CPTAC,,,,,19.19437418164805,19.19437418164805,CHEMBL941,CHEMBL203,Kd,10000.0,nM,5.0
C3N-00578,26.9337410983496,15.08,1,CPTAC,CPTAC,,,,,19.19437418164805,19.19437418164805,CHEMBL941,CHEMBL203,Kd,10000.0,nM,5.0
C3N-00578,26.9337410983496,15.08,1,CPTAC,CPTAC,,,,,19.19437418164805,19.19437418164805,CHEMBL941,CHEMBL203,Kd,10000.0,nM,5.0
C3N-00578,26.9337410983496,15.08,1,CPTAC,CPTAC,,,,,19.19437418164805,19.19437418164805,CHEMBL941,CHEMBL203,Kd,7600.0,nM,5.119186407719209
C3N-00578,26.9337410983496,15.08,1,CPTAC,CPTAC,,,,,19.19437418164805,19.19437418164805,CHEMBL941,CHEMBL203,Kd,10000.0,nM,5.0
C3N-00578,26.9337410983496,15.08,1,CPTAC,CPTAC,,,,,19.19437418164805,19.19437418164805,CHEMBL941,CHEMBL203,Kd,10000.0,nM,5.0
C3N-00578,26.9337410983496,15.08,1,CPTAC,CPTAC,,,,,19.19437418164805,19.19437418164805,CHEMBL941,CHEMBL203,Kd,10000.0,nM,5.0
C3N-00578,26.9337410983496,15.08,1,CPTAC,CPTAC,,,,,19.19437418164805,19.19437418164805,CHEMBL941,CHEMBL203,Kd,10000.0,nM,5.0
C3N-00578,26.9337410983496,15.08,1,CPTAC,CPTAC,,,,,19.19437418164805,19.19437418164805,CHEMBL941,CHEMBL203,Kd,10000.0,nM,5.0
C3N-00578,26.9337410983496,15.08,1,CPTAC,CPTAC,,,,,19.19437418164805,19.19437418164805,CHEMBL941,CHEMBL203,Kd,10000.0,nM,5.0
C3N-00578,26.9337410983496,15.08,1,CPTAC,CPTAC,,,,,19.19437418164805,19.19437418164805,CHEMBL941,CHEMBL203,Kd,10000.0,nM,5.0
C3N-00578,26.9337410983496,15.08,1,CPTAC,CPTAC,,,,,19.19437418164805,19.19437418164805,CHEMBL941,CHEMBL203,Kd,30000.0,nM,4.522878745280337
C3N-00578,26.9337410983496,15.08,1,CPTAC,CPTAC,,,,,19.19437418164805,19.19437418164805,CHEMBL1079742,CHEMBL203,IC50,70.0,nM,7.154901959985743
C3N-00578,26.9337410983496,15.08,1,CPTAC,CPTAC,,,,,19.19437418164805,19.19437418164805,CHEMBL941,CHEMBL203,IC50,0.11,nM,9.958607314841775
C3N-00578,26.9337410983496,15.08,1,CPTAC,CPTAC,,,,,19.19437418164805,19.19437418164805,CHEMBL1079742,CHEMBL203,IC50,2.0,nM,8.698970004336019
C3N-00579,25.6656738723878,13.29,1,CPTAC,CPTAC,,12.507972192911,17.105680121572448,,19.1669128982862,16.26018840425655,CHEMBL941,CHEMBL203,IC50,100000.0,nM,4.0
C3N-00579,25.6656738723878,13.29,1,CPTAC,CPTAC,,12.507972192911,17.105680121572448,,19.1669128982862,16.26018840425655,CHEMBL941,CHEMBL203,Kd,10000.0,nM,5.0
C3N-00579,25.6656738723878,13.29,1,CPTAC,CPTAC,,12.507972192911,17.105680121572448,,19.1669128982862,16.26018840425655,CHEMBL941,CHEMBL203,Kd,10000.0,nM,5.0
C3N-00579,25.6656738723878,13.29,1,CPTAC,CPTAC,,12.507972192911,17.105680121572448,,19.1669128982862,16.26018840425655,CHEMBL941,CHEMBL203,Kd,10000.0,nM,5.0
C3N-00579,25.6656738723878,13.29,1,CPTAC,CPTAC,,12.507972192911,17.105680121572448,,19.1669128982862,16.26018840425655,CHEMBL941,CHEMBL203,Kd,10000.0,nM,5.0
C3N-00579,25.6656738723878,13.29,1,CPTAC,CPTAC,,12.507972192911,17.105680121572448,,19.1669128982862,16.26018840425655,CHEMBL941,CHEMBL203,Kd,7600.0,nM,5.119186407719209
C3N-00579,25.6656738723878,13.29,1,CPTAC,CPTAC,,12.507972192911,17.105680121572448,,19.1669128982862,16.26018840425655,CHEMBL941,CHEMBL203,Kd,10000.0,nM,5.0
C3N-00579,25.6656738723878,13.29,1,CPTAC,CPTAC,,12.507972192911,17.105680121572448,,19.1669128982862,16.26018840425655,CHEMBL941,CHEMBL203,Kd,10000.0,nM,5.0
C3N-00579,25.6656738723878,13.29,1,CPTAC,CPTAC,,12.507972192911,17.105680121572448,,19.1669128982862,16.26018840425655,CHEMBL941,CHEMBL203,Kd,10000.0,nM,5.0
C3N-00579,25.6656738723878,13.29,1,CPTAC,CPTAC,,12.507972192911,17.105680121572448,,19.1669128982862,16.26018840425655,CHEMBL941,CHEMBL203,Kd,10000.0,nM,5.0
C3N-00579,25.6656738723878,13.29,1,CPTAC,CPTAC,,12.507972192911,17.105680121572448,,19.1669128982862,16.26018840425655,CHEMBL941,CHEMBL203,Kd,10000.0,nM,5.0
C3N-00579,25.6656738723878,13.29,1,CPTAC,CPTAC,,12.507972192911,17.105680121572448,,19.1669128982862,16.26018840425655,CHEMBL1079742,CHEMBL203,IC50,420.0,nM,6.376750709602099
C3N-00579,25.6656738723878,13.29,1,CPTAC,CPTAC,,12.507972192911,17.105680121572448,,19.1669128982862,16.26018840425655,CHEMBL1079742,CHEMBL203,IC50,15.0,nM,7.823908740944319
C3N-00579,25.6656738723878,13.29,1,CPTAC,CPTAC,,12.507972192911,17.105680121572448,,19.1669128982862,16.26018840425655,CHEMBL941,CHEMBL203,Kd,10000.0,nM,5.0
C3N-00579,25.6656738723878,13.29,1,CPTAC,CPTAC,,12.507972192911,17.105680121572448,,19.1669128982862,16.26018840425655,CHEMBL941,CHEMBL203,Kd,10000.0,nM,5.0
C3N-00579,25.6656738723878,13.29,1,CPTAC,CPTAC,,12.507972192911,17.105680121572448,,19.1669128982862,16.26018840425655,CHEMBL941,CHEMBL203,Kd,10000.0,nM,5.0
C3N-00579,25.6656738723878,13.29,1,CPTAC,CPTAC,,12.507972192911,17.105680121572448,,19.1669128982862,16.26018840425655,CHEMBL941,CHEMBL203,Kd,10000.0,nM,5.0
C3N-00579,25.6656738723878,13.29,1,CPTAC,CPTAC,,12.507972192911,17.105680121572448,,19.1669128982862,16.26018840425655,CHEMBL941,CHEMBL203,Kd,7600.0,nM,5.119186407719209
C3N-00579,25.6656738723878,13.29,1,CPTAC,CPTAC,,12.507972192911,17.105680121572448,,19.1669128982862,16.26018840425655,CHEMBL941,CHEMBL203,Kd,10000.0,nM,5.0
C3N-00579,25.6656738723878,13.29,1,CPTAC,CPTAC,,12.507972192911,17.105680121572448,,19.1669128982862,16.26018840425655,CHEMBL941,CHEMBL203,Kd,10000.0,nM,5.0
C3N-00579,25.6656738723878,13.29,1,CPTAC,CPTAC,,12.507972192911,17.105680121572448,,19.1669128982862,16.26018840425655,CHEMBL941,CHEMBL203,Kd,10000.0,nM,5.0
C3N-00579,25.6656738723878,13.29,1,CPTAC,CPTAC,,12.507972192911,17.105680121572448,,19.1669128982862,16.26018840425655,CHEMBL941,CHEMBL203,Kd,10000.0,nM,5.0
C3N-00579,25.6656738723878,13.29,1,CPTAC,CPTAC,,12.507972192911,17.105680121572448,,19.1669128982862,16.26018840425655,CHEMBL941,CHEMBL203,Kd,10000.0,nM,5.0
C3N-00579,25.6656738723878,13.29,1,CPTAC,CPTAC,,12.507972192911,17.105680121572448,,19.1669128982862,16.26018840425655,CHEMBL941,CHEMBL203,Kd,10000.0,nM,5.0
C3N-00579,25.6656738723878,13.29,1,CPTAC,CPTAC,,12.507972192911,17.105680121572448,,19.1669128982862,16.26018840425655,CHEMBL941,CHEMBL203,Kd,10000.0,nM,5.0
C3N-00579,25.6656738723878,13.29,1,CPTAC,CPTAC,,12.507972192911,17.105680121572448,,19.1669128982862,16.26018840425655,CHEMBL941,CHEMBL203,Kd,30000.0,nM,4.522878745280337
C3N-00579,25.6656738723878,13.29,1,CPTAC,CPTAC,,12.507972192911,17.105680121572448,,19.1669128982862,16.26018840425655,CHEMBL1079742,CHEMBL203,IC50,70.0,nM,7.154901959985743
C3N-00579,25.6656738723878,13.29,1,CPTAC,CPTAC,,12.507972192911,17.105680121572448,,19.1669128982862,16.26018840425655,CHEMBL941,CHEMBL203,IC50,0.11,nM,9.958607314841775
C3N-00579,25.6656738723878,13.29,1,CPTAC,CPTAC,,12.507972192911,17.105680121572448,,19.1669128982862,16.26018840425655,CHEMBL1079742,CHEMBL203,IC50,2.0,nM,8.698970004336019
C3N-00580,26.1592661355895,13.57,1,CPTAC,CPTAC,,,,,,,CHEMBL941,CHEMBL203,IC50,100000.0,nM,4.0
C3N-00580,26.1592661355895,13.57,1,CPTAC,CPTAC,,,,,,,CHEMBL941,CHEMBL203,Kd,10000.0,nM,5.0
C3N-00580,26.1592661355895,13.57,1,CPTAC,CPTAC,,,,,,,CHEMBL941,CHEMBL203,Kd,10000.0,nM,5.0
C3N-00580,26.1592661355895,13.57,1,CPTAC,CPTAC,,,,,,,CHEMBL941,CHEMBL203,Kd,10000.0,nM,5.0
C3N-00580,26.1592661355895,13.57,1,CPTAC,CPTAC,,,,,,,CHEMBL941,CHEMBL203,Kd,10000.0,nM,5.0
C3N-00580,26.1592661355895,13.57,1,CPTAC,CPTAC,,,,,,,CHEMBL941,CHEMBL203,Kd,7600.0,nM,5.119186407719209
C3N-00580,26.1592661355895,13.57,1,CPTAC,CPTAC,,,,,,,CHEMBL941,CHEMBL203,Kd,10000.0,nM,5.0
C3N-00580,26.1592661355895,13.57,1,CPTAC,CPTAC,,,,,,,CHEMBL941,CHEMBL203,Kd,10000.0,nM,5.0
C3N-00580,26.1592661355895,13.57,1,CPTAC,CPTAC,,,,,,,CHEMBL941,CHEMBL203,Kd,10000.0,nM,5.0
C3N-00580,26.1592661355895,13.57,1,CPTAC,CPTAC,,,,,,,CHEMBL941,CHEMBL203,Kd,10000.0,nM,5.0
C3N-00580,26.1592661355895,13.57,1,CPTAC,CPTAC,,,,,,,CHEMBL941,CHEMBL203,Kd,10000.0,nM,5.0
C3N-00580,26.1592661355895,13.57,1,CPTAC,CPTAC,,,,,,,CHEMBL1079742,CHEMBL203,IC50,420.0,nM,6.376750709602099
C3N-00580,26.1592661355895,13.57,1,CPTAC,CPTAC,,,,,,,CHEMBL1079742,CHEMBL203,IC50,15.0,nM,7.823908740944319
C3N-00580,26.1592661355895,13.57,1,CPTAC,CPTAC,,,,,,,CHEMBL941,CHEMBL203,Kd,10000.0,nM,5.0
C3N-00580,26.1592661355895,13.57,1,CPTAC,CPTAC,,,,,,,CHEMBL941,CHEMBL203,Kd,10000.0,nM,5.0
C3N-00580,26.1592661355895,13.57,1,CPTAC,CPTAC,,,,,,,CHEMBL941,CHEMBL203,Kd,10000.0,nM,5.0
C3N-00580,26.1592661355895,13.57,1,CPTAC,CPTAC,,,,,,,CHEMBL941,CHEMBL203,Kd,10000.0,nM,5.0
C3N-00580,26.1592661355895,13.57,1,CPTAC,CPTAC,,,,,,,CHEMBL941,CHEMBL203,Kd,7600.0,nM,5.119186407719209
C3N-00580,26.1592661355895,13.57,1,CPTAC,CPTAC,,,,,,,CHEMBL941,CHEMBL203,Kd,10000.0,nM,5.0
C3N-00580,26.1592661355895,13.57,1,CPTAC,CPTAC,,,,,,,CHEMBL941,CHEMBL203,Kd,10000.0,nM,5.0
C3N-00580,26.1592661355895,13.57,1,CPTAC,CPTAC,,,,,,,CHEMBL941,CHEMBL203,Kd,10000.0,nM,5.0
C3N-00580,26.1592661355895,13.57,1,CPTAC,CPTAC,,,,,,,CHEMBL941,CHEMBL203,Kd,10000.0,nM,5.0
C3N-00580,26.1592661355895,13.57,1,CPTAC,CPTAC,,,,,,,CHEMBL941,CHEMBL203,Kd,10000.0,nM,5.0
C3N-00580,26.1592661355895,13.57,1,CPTAC,CPTAC,,,,,,,CHEMBL941,CHEMBL203,Kd,10000.0,nM,5.0
C3N-00580,26.1592661355895,13.57,1,CPTAC,CPTAC,,,,,,,CHEMBL941,CHEMBL203,Kd,10000.0,nM,5.0
C3N-00580,26.1592661355895,13.57,1,CPTAC,CPTAC,,,,,,,CHEMBL941,CHEMBL203,Kd,30000.0,nM,4.522878745280337
C3N-00580,26.1592661355895,13.57,1,CPTAC,CPTAC,,,,,,,CHEMBL1079742,CHEMBL203,IC50,70.0,nM,7.154901959985743
C3N-00580,26.1592661355895,13.57,1,CPTAC,CPTAC,,,,,,,CHEMBL941,CHEMBL203,IC50,0.11,nM,9.958607314841775
C3N-00580,26.1592661355895,13.57,1,CPTAC,CPTAC,,,,,,,CHEMBL1079742,CHEMBL203,IC50,2.0,nM,8.698970004336019
C3N-00704,26.121155134845,13.88,1,CPTAC,CPTAC,,,18.21250276632405,11.0309569060314,19.7619580991693,16.335139257174916,CHEMBL941,CHEMBL203,IC50,100000.0,nM,4.0
C3N-00704,26.121155134845,13.88,1,CPTAC,CPTAC,,,18.21250276632405,11.0309569060314,19.7619580991693,16.335139257174916,CHEMBL941,CHEMBL203,Kd,10000.0,nM,5.0
C3N-00704,26.121155134845,13.88,1,CPTAC,CPTAC,,,18.21250276632405,11.0309569060314,19.7619580991693,16.335139257174916,CHEMBL941,CHEMBL203,Kd,10000.0,nM,5.0
C3N-00704,26.121155134845,13.88,1,CPTAC,CPTAC,,,18.21250276632405,11.0309569060314,19.7619580991693,16.335139257174916,CHEMBL941,CHEMBL203,Kd,10000.0,nM,5.0
C3N-00704,26.121155134845,13.88,1,CPTAC,CPTAC,,,18.21250276632405,11.0309569060314,19.7619580991693,16.335139257174916,CHEMBL941,CHEMBL203,Kd,10000.0,nM,5.0
C3N-00704,26.121155134845,13.88,1,CPTAC,CPTAC,,,18.21250276632405,11.0309569060314,19.7619580991693,16.335139257174916,CHEMBL941,CHEMBL203,Kd,7600.0,nM,5.119186407719209
C3N-00704,26.121155134845,13.88,1,CPTAC,CPTAC,,,18.21250276632405,11.0309569060314,19.7619580991693,16.335139257174916,CHEMBL941,CHEMBL203,Kd,10000.0,nM,5.0
C3N-00704,26.121155134845,13.88,1,CPTAC,CPTAC,,,18.21250276632405,11.0309569060314,19.7619580991693,16.335139257174916,CHEMBL941,CHEMBL203,Kd,10000.0,nM,5.0
C3N-00704,26.121155134845,13.88,1,CPTAC,CPTAC,,,18.21250276632405,11.0309569060314,19.7619580991693,16.335139257174916,CHEMBL941,CHEMBL203,Kd,10000.0,nM,5.0
C3N-00704,26.121155134845,13.88,1,CPTAC,CPTAC,,,18.21250276632405,11.0309569060314,19.7619580991693,16.335139257174916,CHEMBL941,CHEMBL203,Kd,10000.0,nM,5.0
C3N-00704,26.121155134845,13.88,1,CPTAC,CPTAC,,,18.21250276632405,11.0309569060314,19.7619580991693,16.335139257174916,CHEMBL941,CHEMBL203,Kd,10000.0,nM,5.0
C3N-00704,26.121155134845,13.88,1,CPTAC,CPTAC,,,18.21250276632405,11.0309569060314,19.7619580991693,16.335139257174916,CHEMBL1079742,CHEMBL203,IC50,420.0,nM,6.376750709602099
C3N-00704,26.121155134845,13.88,1,CPTAC,CPTAC,,,18.21250276632405,11.0309569060314,19.7619580991693,16.335139257174916,CHEMBL1079742,CHEMBL203,IC50,15.0,nM,7.823908740944319
C3N-00704,26.121155134845,13.88,1,CPTAC,CPTAC,,,18.21250276632405,11.0309569060314,19.7619580991693,16.335139257174916,CHEMBL941,CHEMBL203,Kd,10000.0,nM,5.0
C3N-00704,26.121155134845,13.88,1,CPTAC,CPTAC,,,18.21250276632405,11.0309569060314,19.7619580991693,16.335139257174916,CHEMBL941,CHEMBL203,Kd,10000.0,nM,5.0
C3N-00704,26.121155134845,13.88,1,CPTAC,CPTAC,,,18.21250276632405,11.0309569060314,19.7619580991693,16.335139257174916,CHEMBL941,CHEMBL203,Kd,10000.0,nM,5.0
C3N-00704,26.121155134845,13.88,1,CPTAC,CPTAC,,,18.21250276632405,11.0309569060314,19.7619580991693,16.335139257174916,CHEMBL941,CHEMBL203,Kd,10000.0,nM,5.0
C3N-00704,26.121155134845,13.88,1,CPTAC,CPTAC,,,18.21250276632405,11.0309569060314,19.7619580991693,16.335139257174916,CHEMBL941,CHEMBL203,Kd,7600.0,nM,5.119186407719209
C3N-00704,26.121155134845,13.88,1,CPTAC,CPTAC,,,18.21250276632405,11.0309569060314,19.7619580991693,16.335139257174916,CHEMBL941,CHEMBL203,Kd,10000.0,nM,5.0
C3N-00704,26.121155134845,13.88,1,CPTAC,CPTAC,,,18.21250276632405,11.0309569060314,19.7619580991693,16.335139257174916,CHEMBL941,CHEMBL203,Kd,10000.0,nM,5.0
C3N-00704,26.121155134845,13.88,1,CPTAC,CPTAC,,,18.21250276632405,11.0309569060314,19.7619580991693,16.335139257174916,CHEMBL941,CHEMBL203,Kd,10000.0,nM,5.0
C3N-00704,26.121155134845,13.88,1,CPTAC,CPTAC,,,18.21250276632405,11.0309569060314,19.7619580991693,16.335139257174916,CHEMBL941,CHEMBL203,Kd,10000.0,nM,5.0
C3N-00704,26.121155134845,13.88,1,CPTAC,CPTAC,,,18.21250276632405,11.0309569060314,19.7619580991693,16.335139257174916,CHEMBL941,CHEMBL203,Kd,10000.0,nM,5.0
C3N-00704,26.121155134845,13.88,1,CPTAC,CPTAC,,,18.21250276632405,11.0309569060314,19.7619580991693,16.335139257174916,CHEMBL941,CHEMBL203,Kd,10000.0,nM,5.0
C3N-00704,26.121155134845,13.88,1,CPTAC,CPTAC,,,18.21250276632405,11.0309569060314,19.7619580991693,16.335139257174916,CHEMBL941,CHEMBL203,Kd,10000.0,nM,5.0
C3N-00704,26.121155134845,13.88,1,CPTAC,CPTAC,,,18.21250276632405,11.0309569060314,19.7619580991693,16.335139257174916,CHEMBL941,CHEMBL203,Kd,30000.0,nM,4.522878745280337
C3N-00704,26.121155134845,13.88,1,CPTAC,CPTAC,,,18.21250276632405,11.0309569060314,19.7619580991693,16.335139257174916,CHEMBL1079742,CHEMBL203,IC50,70.0,nM,7.154901959985743
C3N-00704,26.121155134845,13.88,1,CPTAC,CPTAC,,,18.21250276632405,11.0309569060314,19.7619580991693,16.335139257174916,CHEMBL941,CHEMBL203,IC50,0.11,nM,9.958607314841775
C3N-00704,26.121155134845,13.88,1,CPTAC,CPTAC,,,18.21250276632405,11.0309569060314,19.7619580991693,16.335139257174916,CHEMBL1079742,CHEMBL203,IC50,2.0,nM,8.698970004336019
C3N-00737,24.9448217406697,12.0,1,CPTAC,CPTAC,,,,,18.35861572489695,18.35861572489695,CHEMBL941,CHEMBL203,IC50,100000.0,nM,4.0
C3N-00737,24.9448217406697,12.0,1,CPTAC,CPTAC,,,,,18.35861572489695,18.35861572489695,CHEMBL941,CHEMBL203,Kd,10000.0,nM,5.0
C3N-00737,24.9448217406697,12.0,1,CPTAC,CPTAC,,,,,18.35861572489695,18.35861572489695,CHEMBL941,CHEMBL203,Kd,10000.0,nM,5.0
C3N-00737,24.9448217406697,12.0,1,CPTAC,CPTAC,,,,,18.35861572489695,18.35861572489695,CHEMBL941,CHEMBL203,Kd,10000.0,nM,5.0
C3N-00737,24.9448217406697,12.0,1,CPTAC,CPTAC,,,,,18.35861572489695,18.35861572489695,CHEMBL941,CHEMBL203,Kd,10000.0,nM,5.0
C3N-00737,24.9448217406697,12.0,1,CPTAC,CPTAC,,,,,18.35861572489695,18.35861572489695,CHEMBL941,CHEMBL203,Kd,7600.0,nM,5.119186407719209
C3N-00737,24.9448217406697,12.0,1,CPTAC,CPTAC,,,,,18.35861572489695,18.35861572489695,CHEMBL941,CHEMBL203,Kd,10000.0,nM,5.0
C3N-00737,24.9448217406697,12.0,1,CPTAC,CPTAC,,,,,18.35861572489695,18.35861572489695,CHEMBL941,CHEMBL203,Kd,10000.0,nM,5.0
C3N-00737,24.9448217406697,12.0,1,CPTAC,CPTAC,,,,,18.35861572489695,18.35861572489695,CHEMBL941,CHEMBL203,Kd,10000.0,nM,5.0
C3N-00737,24.9448217406697,12.0,1,CPTAC,CPTAC,,,,,18.35861572489695,18.35861572489695,CHEMBL941,CHEMBL203,Kd,10000.0,nM,5.0
C3N-00737,24.9448217406697,12.0,1,CPTAC,CPTAC,,,,,18.35861572489695,18.35861572489695,CHEMBL941,CHEMBL203,Kd,10000.0,nM,5.0
C3N-00737,24.9448217406697,12.0,1,CPTAC,CPTAC,,,,,18.35861572489695,18.35861572489695,CHEMBL1079742,CHEMBL203,IC50,420.0,nM,6.376750709602099
C3N-00737,24.9448217406697,12.0,1,CPTAC,CPTAC,,,,,18.35861572489695,18.35861572489695,CHEMBL1079742,CHEMBL203,IC50,15.0,nM,7.823908740944319
C3N-00737,24.9448217406697,12.0,1,CPTAC,CPTAC,,,,,18.35861572489695,18.35861572489695,CHEMBL941,CHEMBL203,Kd,10000.0,nM,5.0
C3N-00737,24.9448217406697,12.0,1,CPTAC,CPTAC,,,,,18.35861572489695,18.35861572489695,CHEMBL941,CHEMBL203,Kd,10000.0,nM,5.0
C3N-00737,24.9448217406697,12.0,1,CPTAC,CPTAC,,,,,18.35861572489695,18.35861572489695,CHEMBL941,CHEMBL203,Kd,10000.0,nM,5.0
C3N-00737,24.9448217406697,12.0,1,CPTAC,CPTAC,,,,,18.35861572489695,18.35861572489695,CHEMBL941,CHEMBL203,Kd,10000.0,nM,5.0
C3N-00737,24.9448217406697,12.0,1,CPTAC,CPTAC,,,,,18.35861572489695,18.35861572489695,CHEMBL941,CHEMBL203,Kd,7600.0,nM,5.119186407719209
C3N-00737,24.9448217406697,12.0,1,CPTAC,CPTAC,,,,,18.35861572489695,18.35861572489695,CHEMBL941,CHEMBL203,Kd,10000.0,nM,5.0
C3N-00737,24.9448217406697,12.0,1,CPTAC,CPTAC,,,,,18.35861572489695,18.35861572489695,CHEMBL941,CHEMBL203,Kd,10000.0,nM,5.0
C3N-00737,24.9448217406697,12.0,1,CPTAC,CPTAC,,,,,18.35861572489695,18.35861572489695,CHEMBL941,CHEMBL203,Kd,10000.0,nM,5.0
C3N-00737,24.9448217406697,12.0,1,CPTAC,CPTAC,,,,,18.35861572489695,18.35861572489695,CHEMBL941,CHEMBL203,Kd,10000.0,nM,5.0
C3N-00737,24.9448217406697,12.0,1,CPTAC,CPTAC,,,,,18.35861572489695,18.35861572489695,CHEMBL941,CHEMBL203,Kd,10000.0,nM,5.0
C3N-00737,24.9448217406697,12.0,1,CPTAC,CPTAC,,,,,18.35861572489695,18.35861572489695,CHEMBL941,CHEMBL203,Kd,10000.0,nM,5.0
C3N-00737,24.9448217406697,12.0,1,CPTAC,CPTAC,,,,,18.35861572489695,18.35861572489695,CHEMBL941,CHEMBL203,Kd,10000.0,nM,5.0
C3N-00737,24.9448217406697,12.0,1,CPTAC,CPTAC,,,,,18.35861572489695,18.35861572489695,CHEMBL941,CHEMBL203,Kd,30000.0,nM,4.522878745280337
C3N-00737,24.9448217406697,12.0,1,CPTAC,CPTAC,,,,,18.35861572489695,18.35861572489695,CHEMBL1079742,CHEMBL203,IC50,70.0,nM,7.154901959985743
C3N-00737,24.9448217406697,12.0,1,CPTAC,CPTAC,,,,,18.35861572489695,18.35861572489695,CHEMBL941,CHEMBL203,IC50,0.11,nM,9.958607314841775
C3N-00737,24.9448217406697,12.0,1,CPTAC,CPTAC,,,,,18.35861572489695,18.35861572489695,CHEMBL1079742,CHEMBL203,IC50,2.0,nM,8.698970004336019
C3N-00738,25.0238206175351,11.93,1,CPTAC,CPTAC,,,17.798194820644248,,,17.798194820644248,CHEMBL941,CHEMBL203,IC50,100000.0,nM,4.0
C3N-00738,25.0238206175351,11.93,1,CPTAC,CPTAC,,,17.798194820644248,,,17.798194820644248,CHEMBL941,CHEMBL203,Kd,10000.0,nM,5.0
C3N-00738,25.0238206175351,11.93,1,CPTAC,CPTAC,,,17.798194820644248,,,17.798194820644248,CHEMBL941,CHEMBL203,Kd,10000.0,nM,5.0
C3N-00738,25.0238206175351,11.93,1,CPTAC,CPTAC,,,17.798194820644248,,,17.798194820644248,CHEMBL941,CHEMBL203,Kd,10000.0,nM,5.0
C3N-00738,25.0238206175351,11.93,1,CPTAC,CPTAC,,,17.798194820644248,,,17.798194820644248,CHEMBL941,CHEMBL203,Kd,10000.0,nM,5.0
C3N-00738,25.0238206175351,11.93,1,CPTAC,CPTAC,,,17.798194820644248,,,17.798194820644248,CHEMBL941,CHEMBL203,Kd,7600.0,nM,5.119186407719209
C3N-00738,25.0238206175351,11.93,1,CPTAC,CPTAC,,,17.798194820644248,,,17.798194820644248,CHEMBL941,CHEMBL203,Kd,10000.0,nM,5.0
C3N-00738,25.0238206175351,11.93,1,CPTAC,CPTAC,,,17.798194820644248,,,17.798194820644248,CHEMBL941,CHEMBL203,Kd,10000.0,nM,5.0
C3N-00738,25.0238206175351,11.93,1,CPTAC,CPTAC,,,17.798194820644248,,,17.798194820644248,CHEMBL941,CHEMBL203,Kd,10000.0,nM,5.0
C3N-00738,25.0238206175351,11.93,1,CPTAC,CPTAC,,,17.798194820644248,,,17.798194820644248,CHEMBL941,CHEMBL203,Kd,10000.0,nM,5.0
C3N-00738,25.0238206175351,11.93,1,CPTAC,CPTAC,,,17.798194820644248,,,17.798194820644248,CHEMBL941,CHEMBL203,Kd,10000.0,nM,5.0
C3N-00738,25.0238206175351,11.93,1,CPTAC,CPTAC,,,17.798194820644248,,,17.798194820644248,CHEMBL1079742,CHEMBL203,IC50,420.0,nM,6.376750709602099
C3N-00738,25.0238206175351,11.93,1,CPTAC,CPTAC,,,17.798194820644248,,,17.798194820644248,CHEMBL1079742,CHEMBL203,IC50,15.0,nM,7.823908740944319
C3N-00738,25.0238206175351,11.93,1,CPTAC,CPTAC,,,17.798194820644248,,,17.798194820644248,CHEMBL941,CHEMBL203,Kd,10000.0,nM,5.0
C3N-00738,25.0238206175351,11.93,1,CPTAC,CPTAC,,,17.798194820644248,,,17.798194820644248,CHEMBL941,CHEMBL203,Kd,10000.0,nM,5.0
C3N-00738,25.0238206175351,11.93,1,CPTAC,CPTAC,,,17.798194820644248,,,17.798194820644248,CHEMBL941,CHEMBL203,Kd,10000.0,nM,5.0
C3N-00738,25.0238206175351,11.93,1,CPTAC,CPTAC,,,17.798194820644248,,,17.798194820644248,CHEMBL941,CHEMBL203,Kd,10000.0,nM,5.0
C3N-00738,25.0238206175351,11.93,1,CPTAC,CPTAC,,,17.798194820644248,,,17.798194820644248,CHEMBL941,CHEMBL203,Kd,7600.0,nM,5.119186407719209
C3N-00738,25.0238206175351,11.93,1,CPTAC,CPTAC,,,17.798194820644248,,,17.798194820644248,CHEMBL941,CHEMBL203,Kd,10000.0,nM,5.0
C3N-00738,25.0238206175351,11.93,1,CPTAC,CPTAC,,,17.798194820644248,,,17.798194820644248,CHEMBL941,CHEMBL203,Kd,10000.0,nM,5.0
C3N-00738,25.0238206175351,11.93,1,CPTAC,CPTAC,,,17.798194820644248,,,17.798194820644248,CHEMBL941,CHEMBL203,Kd,10000.0,nM,5.0
C3N-00738,25.0238206175351,11.93,1,CPTAC,CPTAC,,,17.798194820644248,,,17.798194820644248,CHEMBL941,CHEMBL203,Kd,10000.0,nM,5.0
C3N-00738,25.0238206175351,11.93,1,CPTAC,CPTAC,,,17.798194820644248,,,17.798194820644248,CHEMBL941,CHEMBL203,Kd,10000.0,nM,5.0
C3N-00738,25.0238206175351,11.93,1,CPTAC,CPTAC,,,17.798194820644248,,,17.798194820644248,CHEMBL941,CHEMBL203,Kd,10000.0,nM,5.0
C3N-00738,25.0238206175351,11.93,1,CPTAC,CPTAC,,,17.798194820644248,,,17.798194820644248,CHEMBL941,CHEMBL203,Kd,10000.0,nM,5.0
C3N-00738,25.0238206175351,11.93,1,CPTAC,CPTAC,,,17.798194820644248,,,17.798194820644248,CHEMBL941,CHEMBL203,Kd,30000.0,nM,4.522878745280337
C3N-00738,25.0238206175351,11.93,1,CPTAC,CPTAC,,,17.798194820644248,,,17.798194820644248,CHEMBL1079742,CHEMBL203,IC50,70.0,nM,7.154901959985743
C3N-00738,25.0238206175351,11.93,1,CPTAC,CPTAC,,,17.798194820644248,,,17.798194820644248,CHEMBL941,CHEMBL203,IC50,0.11,nM,9.958607314841775
C3N-00738,25.0238206175351,11.93,1,CPTAC,CPTAC,,,17.798194820644248,,,17.798194820644248,CHEMBL1079742,CHEMBL203,IC50,2.0,nM,8.698970004336019
C3N-00959,25.0737200585985,11.96,1,CPTAC,CPTAC,,,17.61583864730285,,,17.61583864730285,CHEMBL941,CHEMBL203,IC50,100000.0,nM,4.0
C3N-00959,25.0737200585985,11.96,1,CPTAC,CPTAC,,,17.61583864730285,,,17.61583864730285,CHEMBL941,CHEMBL203,Kd,10000.0,nM,5.0
C3N-00959,25.0737200585985,11.96,1,CPTAC,CPTAC,,,17.61583864730285,,,17.61583864730285,CHEMBL941,CHEMBL203,Kd,10000.0,nM,5.0
C3N-00959,25.0737200585985,11.96,1,CPTAC,CPTAC,,,17.61583864730285,,,17.61583864730285,CHEMBL941,CHEMBL203,Kd,10000.0,nM,5.0
C3N-00959,25.0737200585985,11.96,1,CPTAC,CPTAC,,,17.61583864730285,,,17.61583864730285,CHEMBL941,CHEMBL203,Kd,10000.0,nM,5.0
C3N-00959,25.0737200585985,11.96,1,CPTAC,CPTAC,,,17.61583864730285,,,17.61583864730285,CHEMBL941,CHEMBL203,Kd,7600.0,nM,5.119186407719209
C3N-00959,25.0737200585985,11.96,1,CPTAC,CPTAC,,,17.61583864730285,,,17.61583864730285,CHEMBL941,CHEMBL203,Kd,10000.0,nM,5.0
C3N-00959,25.0737200585985,11.96,1,CPTAC,CPTAC,,,17.61583864730285,,,17.61583864730285,CHEMBL941,CHEMBL203,Kd,10000.0,nM,5.0
C3N-00959,25.0737200585985,11.96,1,CPTAC,CPTAC,,,17.61583864730285,,,17.61583864730285,CHEMBL941,CHEMBL203,Kd,10000.0,nM,5.0
C3N-00959,25.0737200585985,11.96,1,CPTAC,CPTAC,,,17.61583864730285,,,17.61583864730285,CHEMBL941,CHEMBL203,Kd,10000.0,nM,5.0
C3N-00959,25.0737200585985,11.96,1,CPTAC,CPTAC,,,17.61583864730285,,,17.61583864730285,CHEMBL941,CHEMBL203,Kd,10000.0,nM,5.0
C3N-00959,25.0737200585985,11.96,1,CPTAC,CPTAC,,,17.61583864730285,,,17.61583864730285,CHEMBL1079742,CHEMBL203,IC50,420.0,nM,6.376750709602099
C3N-00959,25.0737200585985,11.96,1,CPTAC,CPTAC,,,17.61583864730285,,,17.61583864730285,CHEMBL1079742,CHEMBL203,IC50,15.0,nM,7.823908740944319
C3N-00959,25.0737200585985,11.96,1,CPTAC,CPTAC,,,17.61583864730285,,,17.61583864730285,CHEMBL941,CHEMBL203,Kd,10000.0,nM,5.0
C3N-00959,25.0737200585985,11.96,1,CPTAC,CPTAC,,,17.61583864730285,,,17.61583864730285,CHEMBL941,CHEMBL203,Kd,10000.0,nM,5.0
C3N-00959,25.0737200585985,11.96,1,CPTAC,CPTAC,,,17.61583864730285,,,17.61583864730285,CHEMBL941,CHEMBL203,Kd,10000.0,nM,5.0
C3N-00959,25.0737200585985,11.96,1,CPTAC,CPTAC,,,17.61583864730285,,,17.61583864730285,CHEMBL941,CHEMBL203,Kd,10000.0,nM,5.0
C3N-00959,25.0737200585985,11.96,1,CPTAC,CPTAC,,,17.61583864730285,,,17.61583864730285,CHEMBL941,CHEMBL203,Kd,7600.0,nM,5.119186407719209
C3N-00959,25.0737200585985,11.96,1,CPTAC,CPTAC,,,17.61583864730285,,,17.61583864730285,CHEMBL941,CHEMBL203,Kd,10000.0,nM,5.0
C3N-00959,25.0737200585985,11.96,1,CPTAC,CPTAC,,,17.61583864730285,,,17.61583864730285,CHEMBL941,CHEMBL203,Kd,10000.0,nM,5.0
C3N-00959,25.0737200585985,11.96,1,CPTAC,CPTAC,,,17.61583864730285,,,17.61583864730285,CHEMBL941,CHEMBL203,Kd,10000.0,nM,5.0
C3N-00959,25.0737200585985,11.96,1,CPTAC,CPTAC,,,17.61583864730285,,,17.61583864730285,CHEMBL941,CHEMBL203,Kd,10000.0,nM,5.0
C3N-00959,25.0737200585985,11.96,1,CPTAC,CPTAC,,,17.61583864730285,,,17.61583864730285,CHEMBL941,CHEMBL203,Kd,10000.0,nM,5.0
C3N-00959,25.0737200585985,11.96,1,CPTAC,CPTAC,,,17.61583864730285,,,17.61583864730285,CHEMBL941,CHEMBL203,Kd,10000.0,nM,5.0
C3N-00959,25.0737200585985,11.96,1,CPTAC,CPTAC,,,17.61583864730285,,,17.61583864730285,CHEMBL941,CHEMBL203,Kd,10000.0,nM,5.0
C3N-00959,25.0737200585985,11.96,1,CPTAC,CPTAC,,,17.61583864730285,,,17.61583864730285,CHEMBL941,CHEMBL203,Kd,30000.0,nM,4.522878745280337
C3N-00959,25.0737200585985,11.96,1,CPTAC,CPTAC,,,17.61583864730285,,,17.61583864730285,CHEMBL1079742,CHEMBL203,IC50,70.0,nM,7.154901959985743
C3N-00959,25.0737200585985,11.96,1,CPTAC,CPTAC,,,17.61583864730285,,,17.61583864730285,CHEMBL941,CHEMBL203,IC50,0.11,nM,9.958607314841775
C3N-00959,25.0737200585985,11.96,1,CPTAC,CPTAC,,,17.61583864730285,,,17.61583864730285,CHEMBL1079742,CHEMBL203,IC50,2.0,nM,8.698970004336019
C3N-01016,25.292537531081,11.43,1,CPTAC,CPTAC,,,,,,,CHEMBL941,CHEMBL203,IC50,100000.0,nM,4.0
C3N-01016,25.292537531081,11.43,1,CPTAC,CPTAC,,,,,,,CHEMBL941,CHEMBL203,Kd,10000.0,nM,5.0
C3N-01016,25.292537531081,11.43,1,CPTAC,CPTAC,,,,,,,CHEMBL941,CHEMBL203,Kd,10000.0,nM,5.0
C3N-01016,25.292537531081,11.43,1,CPTAC,CPTAC,,,,,,,CHEMBL941,CHEMBL203,Kd,10000.0,nM,5.0
C3N-01016,25.292537531081,11.43,1,CPTAC,CPTAC,,,,,,,CHEMBL941,CHEMBL203,Kd,10000.0,nM,5.0
C3N-01016,25.292537531081,11.43,1,CPTAC,CPTAC,,,,,,,CHEMBL941,CHEMBL203,Kd,7600.0,nM,5.119186407719209
C3N-01016,25.292537531081,11.43,1,CPTAC,CPTAC,,,,,,,CHEMBL941,CHEMBL203,Kd,10000.0,nM,5.0
C3N-01016,25.292537531081,11.43,1,CPTAC,CPTAC,,,,,,,CHEMBL941,CHEMBL203,Kd,10000.0,nM,5.0
C3N-01016,25.292537531081,11.43,1,CPTAC,CPTAC,,,,,,,CHEMBL941,CHEMBL203,Kd,10000.0,nM,5.0
C3N-01016,25.292537531081,11.43,1,CPTAC,CPTAC,,,,,,,CHEMBL941,CHEMBL203,Kd,10000.0,nM,5.0
C3N-01016,25.292537531081,11.43,1,CPTAC,CPTAC,,,,,,,CHEMBL941,CHEMBL203,Kd,10000.0,nM,5.0
C3N-01016,25.292537531081,11.43,1,CPTAC,CPTAC,,,,,,,CHEMBL1079742,CHEMBL203,IC50,420.0,nM,6.376750709602099
C3N-01016,25.292537531081,11.43,1,CPTAC,CPTAC,,,,,,,CHEMBL1079742,CHEMBL203,IC50,15.0,nM,7.823908740944319
C3N-01016,25.292537531081,11.43,1,CPTAC,CPTAC,,,,,,,CHEMBL941,CHEMBL203,Kd,10000.0,nM,5.0
C3N-01016,25.292537531081,11.43,1,CPTAC,CPTAC,,,,,,,CHEMBL941,CHEMBL203,Kd,10000.0,nM,5.0
C3N-01016,25.292537531081,11.43,1,CPTAC,CPTAC,,,,,,,CHEMBL941,CHEMBL203,Kd,10000.0,nM,5.0
C3N-01016,25.292537531081,11.43,1,CPTAC,CPTAC,,,,,,,CHEMBL941,CHEMBL203,Kd,10000.0,nM,5.0
C3N-01016,25.292537531081,11.43,1,CPTAC,CPTAC,,,,,,,CHEMBL941,CHEMBL203,Kd,7600.0,nM,5.119186407719209
C3N-01016,25.292537531081,11.43,1,CPTAC,CPTAC,,,,,,,CHEMBL941,CHEMBL203,Kd,10000.0,nM,5.0
C3N-01016,25.292537531081,11.43,1,CPTAC,CPTAC,,,,,,,CHEMBL941,CHEMBL203,Kd,10000.0,nM,5.0
C3N-01016,25.292537531081,11.43,1,CPTAC,CPTAC,,,,,,,CHEMBL941,CHEMBL203,Kd,10000.0,nM,5.0
C3N-01016,25.292537531081,11.43,1,CPTAC,CPTAC,,,,,,,CHEMBL941,CHEMBL203,Kd,10000.0,nM,5.0
C3N-01016,25.292537531081,11.43,1,CPTAC,CPTAC,,,,,,,CHEMBL941,CHEMBL203,Kd,10000.0,nM,5.0
C3N-01016,25.292537531081,11.43,1,CPTAC,CPTAC,,,,,,,CHEMBL941,CHEMBL203,Kd,10000.0,nM,5.0
C3N-01016,25.292537531081,11.43,1,CPTAC,CPTAC,,,,,,,CHEMBL941,CHEMBL203,Kd,10000.0,nM,5.0
C3N-01016,25.292537531081,11.43,1,CPTAC,CPTAC,,,,,,,CHEMBL941,CHEMBL203,Kd,30000.0,nM,4.522878745280337
C3N-01016,25.292537531081,11.43,1,CPTAC,CPTAC,,,,,,,CHEMBL1079742,CHEMBL203,IC50,70.0,nM,7.154901959985743
C3N-01016,25.292537531081,11.43,1,CPTAC,CPTAC,,,,,,,CHEMBL941,CHEMBL203,IC50,0.11,nM,9.958607314841775
C3N-01016,25.292537531081,11.43,1,CPTAC,CPTAC,,,,,,,CHEMBL1079742,CHEMBL203,IC50,2.0,nM,8.698970004336019
C3N-01021,25.6077934875998,13.23,1,CPTAC,CPTAC,,,18.00146744647665,,,18.00146744647665,CHEMBL941,CHEMBL203,IC50,100000.0,nM,4.0
C3N-01021,25.6077934875998,13.23,1,CPTAC,CPTAC,,,18.00146744647665,,,18.00146744647665,CHEMBL941,CHEMBL203,Kd,10000.0,nM,5.0
C3N-01021,25.6077934875998,13.23,1,CPTAC,CPTAC,,,18.00146744647665,,,18.00146744647665,CHEMBL941,CHEMBL203,Kd,10000.0,nM,5.0
C3N-01021,25.6077934875998,13.23,1,CPTAC,CPTAC,,,18.00146744647665,,,18.00146744647665,CHEMBL941,CHEMBL203,Kd,10000.0,nM,5.0
C3N-01021,25.6077934875998,13.23,1,CPTAC,CPTAC,,,18.00146744647665,,,18.00146744647665,CHEMBL941,CHEMBL203,Kd,10000.0,nM,5.0
C3N-01021,25.6077934875998,13.23,1,CPTAC,CPTAC,,,18.00146744647665,,,18.00146744647665,CHEMBL941,CHEMBL203,Kd,7600.0,nM,5.119186407719209
C3N-01021,25.6077934875998,13.23,1,CPTAC,CPTAC,,,18.00146744647665,,,18.00146744647665,CHEMBL941,CHEMBL203,Kd,10000.0,nM,5.0
C3N-01021,25.6077934875998,13.23,1,CPTAC,CPTAC,,,18.00146744647665,,,18.00146744647665,CHEMBL941,CHEMBL203,Kd,10000.0,nM,5.0
C3N-01021,25.6077934875998,13.23,1,CPTAC,CPTAC,,,18.00146744647665,,,18.00146744647665,CHEMBL941,CHEMBL203,Kd,10000.0,nM,5.0
C3N-01021,25.6077934875998,13.23,1,CPTAC,CPTAC,,,18.00146744647665,,,18.00146744647665,CHEMBL941,CHEMBL203,Kd,10000.0,nM,5.0
C3N-01021,25.6077934875998,13.23,1,CPTAC,CPTAC,,,18.00146744647665,,,18.00146744647665,CHEMBL941,CHEMBL203,Kd,10000.0,nM,5.0
C3N-01021,25.6077934875998,13.23,1,CPTAC,CPTAC,,,18.00146744647665,,,18.00146744647665,CHEMBL1079742,CHEMBL203,IC50,420.0,nM,6.376750709602099
C3N-01021,25.6077934875998,13.23,1,CPTAC,CPTAC,,,18.00146744647665,,,18.00146744647665,CHEMBL1079742,CHEMBL203,IC50,15.0,nM,7.823908740944319
C3N-01021,25.6077934875998,13.23,1,CPTAC,CPTAC,,,18.00146744647665,,,18.00146744647665,CHEMBL941,CHEMBL203,Kd,10000.0,nM,5.0
C3N-01021,25.6077934875998,13.23,1,CPTAC,CPTAC,,,18.00146744647665,,,18.00146744647665,CHEMBL941,CHEMBL203,Kd,10000.0,nM,5.0
C3N-01021,25.6077934875998,13.23,1,CPTAC,CPTAC,,,18.00146744647665,,,18.00146744647665,CHEMBL941,CHEMBL203,Kd,10000.0,nM,5.0
C3N-01021,25.6077934875998,13.23,1,CPTAC,CPTAC,,,18.00146744647665,,,18.00146744647665,CHEMBL941,CHEMBL203,Kd,10000.0,nM,5.0
C3N-01021,25.6077934875998,13.23,1,CPTAC,CPTAC,,,18.00146744647665,,,18.00146744647665,CHEMBL941,CHEMBL203,Kd,7600.0,nM,5.119186407719209
C3N-01021,25.6077934875998,13.23,1,CPTAC,CPTAC,,,18.00146744647665,,,18.00146744647665,CHEMBL941,CHEMBL203,Kd,10000.0,nM,5.0
C3N-01021,25.6077934875998,13.23,1,CPTAC,CPTAC,,,18.00146744647665,,,18.00146744647665,CHEMBL941,CHEMBL203,Kd,10000.0,nM,5.0
C3N-01021,25.6077934875998,13.23,1,CPTAC,CPTAC,,,18.00146744647665,,,18.00146744647665,CHEMBL941,CHEMBL203,Kd,10000.0,nM,5.0
C3N-01021,25.6077934875998,13.23,1,CPTAC,CPTAC,,,18.00146744647665,,,18.00146744647665,CHEMBL941,CHEMBL203,Kd,10000.0,nM,5.0
C3N-01021,25.6077934875998,13.23,1,CPTAC,CPTAC,,,18.00146744647665,,,18.00146744647665,CHEMBL941,CHEMBL203,Kd,10000.0,nM,5.0
C3N-01021,25.6077934875998,13.23,1,CPTAC,CPTAC,,,18.00146744647665,,,18.00146744647665,CHEMBL941,CHEMBL203,Kd,10000.0,nM,5.0
C3N-01021,25.6077934875998,13.23,1,CPTAC,CPTAC,,,18.00146744647665,,,18.00146744647665,CHEMBL941,CHEMBL203,Kd,10000.0,nM,5.0
C3N-01021,25.6077934875998,13.23,1,CPTAC,CPTAC,,,18.00146744647665,,,18.00146744647665,CHEMBL941,CHEMBL203,Kd,30000.0,nM,4.522878745280337
C3N-01021,25.6077934875998,13.23,1,CPTAC,CPTAC,,,18.00146744647665,,,18.00146744647665,CHEMBL1079742,CHEMBL203,IC50,70.0,nM,7.154901959985743
C3N-01021,25.6077934875998,13.23,1,CPTAC,CPTAC,,,18.00146744647665,,,18.00146744647665,CHEMBL941,CHEMBL203,IC50,0.11,nM,9.958607314841775
C3N-01021,25.6077934875998,13.23,1,CPTAC,CPTAC,,,18.00146744647665,,,18.00146744647665,CHEMBL1079742,CHEMBL203,IC50,2.0,nM,8.698970004336019
C3N-01023,24.8365551759637,11.88,1,CPTAC,CPTAC,,,,,17.70989100525025,17.70989100525025,CHEMBL941,CHEMBL203,IC50,100000.0,nM,4.0
C3N-01023,24.8365551759637,11.88,1,CPTAC,CPTAC,,,,,17.70989100525025,17.70989100525025,CHEMBL941,CHEMBL203,Kd,10000.0,nM,5.0
C3N-01023,24.8365551759637,11.88,1,CPTAC,CPTAC,,,,,17.70989100525025,17.70989100525025,CHEMBL941,CHEMBL203,Kd,10000.0,nM,5.0
C3N-01023,24.8365551759637,11.88,1,CPTAC,CPTAC,,,,,17.70989100525025,17.70989100525025,CHEMBL941,CHEMBL203,Kd,10000.0,nM,5.0
C3N-01023,24.8365551759637,11.88,1,CPTAC,CPTAC,,,,,17.70989100525025,17.70989100525025,CHEMBL941,CHEMBL203,Kd,10000.0,nM,5.0
C3N-01023,24.8365551759637,11.88,1,CPTAC,CPTAC,,,,,17.70989100525025,17.70989100525025,CHEMBL941,CHEMBL203,Kd,7600.0,nM,5.119186407719209
C3N-01023,24.8365551759637,11.88,1,CPTAC,CPTAC,,,,,17.70989100525025,17.70989100525025,CHEMBL941,CHEMBL203,Kd,10000.0,nM,5.0
C3N-01023,24.8365551759637,11.88,1,CPTAC,CPTAC,,,,,17.70989100525025,17.70989100525025,CHEMBL941,CHEMBL203,Kd,10000.0,nM,5.0
C3N-01023,24.8365551759637,11.88,1,CPTAC,CPTAC,,,,,17.70989100525025,17.70989100525025,CHEMBL941,CHEMBL203,Kd,10000.0,nM,5.0
C3N-01023,24.8365551759637,11.88,1,CPTAC,CPTAC,,,,,17.70989100525025,17.70989100525025,CHEMBL941,CHEMBL203,Kd,10000.0,nM,5.0
C3N-01023,24.8365551759637,11.88,1,CPTAC,CPTAC,,,,,17.70989100525025,17.70989100525025,CHEMBL941,CHEMBL203,Kd,10000.0,nM,5.0
C3N-01023,24.8365551759637,11.88,1,CPTAC,CPTAC,,,,,17.70989100525025,17.70989100525025,CHEMBL1079742,CHEMBL203,IC50,420.0,nM,6.376750709602099
C3N-01023,24.8365551759637,11.88,1,CPTAC,CPTAC,,,,,17.70989100525025,17.70989100525025,CHEMBL1079742,CHEMBL203,IC50,15.0,nM,7.823908740944319
C3N-01023,24.8365551759637,11.88,1,CPTAC,CPTAC,,,,,17.70989100525025,17.70989100525025,CHEMBL941,CHEMBL203,Kd,10000.0,nM,5.0
C3N-01023,24.8365551759637,11.88,1,CPTAC,CPTAC,,,,,17.70989100525025,17.70989100525025,CHEMBL941,CHEMBL203,Kd,10000.0,nM,5.0
C3N-01023,24.8365551759637,11.88,1,CPTAC,CPTAC,,,,,17.70989100525025,17.70989100525025,CHEMBL941,CHEMBL203,Kd,10000.0,nM,5.0
C3N-01023,24.8365551759637,11.88,1,CPTAC,CPTAC,,,,,17.70989100525025,17.70989100525025,CHEMBL941,CHEMBL203,Kd,10000.0,nM,5.0
C3N-01023,24.8365551759637,11.88,1,CPTAC,CPTAC,,,,,17.70989100525025,17.70989100525025,CHEMBL941,CHEMBL203,Kd,7600.0,nM,5.119186407719209
C3N-01023,24.8365551759637,11.88,1,CPTAC,CPTAC,,,,,17.70989100525025,17.70989100525025,CHEMBL941,CHEMBL203,Kd,10000.0,nM,5.0
C3N-01023,24.8365551759637,11.88,1,CPTAC,CPTAC,,,,,17.70989100525025,17.70989100525025,CHEMBL941,CHEMBL203,Kd,10000.0,nM,5.0
C3N-01023,24.8365551759637,11.88,1,CPTAC,CPTAC,,,,,17.70989100525025,17.70989100525025,CHEMBL941,CHEMBL203,Kd,10000.0,nM,5.0
C3N-01023,24.8365551759637,11.88,1,CPTAC,CPTAC,,,,,17.70989100525025,17.70989100525025,CHEMBL941,CHEMBL203,Kd,10000.0,nM,5.0
C3N-01023,24.8365551759637,11.88,1,CPTAC,CPTAC,,,,,17.70989100525025,17.70989100525025,CHEMBL941,CHEMBL203,Kd,10000.0,nM,5.0
C3N-01023,24.8365551759637,11.88,1,CPTAC,CPTAC,,,,,17.70989100525025,17.70989100525025,CHEMBL941,CHEMBL203,Kd,10000.0,nM,5.0
C3N-01023,24.8365551759637,11.88,1,CPTAC,CPTAC,,,,,17.70989100525025,17.70989100525025,CHEMBL941,CHEMBL203,Kd,10000.0,nM,5.0
C3N-01023,24.8365551759637,11.88,1,CPTAC,CPTAC,,,,,17.70989100525025,17.70989100525025,CHEMBL941,CHEMBL203,Kd,30000.0,nM,4.522878745280337
C3N-01023,24.8365551759637,11.88,1,CPTAC,CPTAC,,,,,17.70989100525025,17.70989100525025,CHEMBL1079742,CHEMBL203,IC50,70.0,nM,7.154901959985743
C3N-01023,24.8365551759637,11.88,1,CPTAC,CPTAC,,,,,17.70989100525025,17.70989100525025,CHEMBL941,CHEMBL203,IC50,0.11,nM,9.958607314841775
C3N-01023,24.8365551759637,11.88,1,CPTAC,CPTAC,,,,,17.70989100525025,17.70989100525025,CHEMBL1079742,CHEMBL203,IC50,2.0,nM,8.698970004336019
C3N-01024,25.0245566740671,12.42,1,CPTAC,CPTAC,,,,,18.33931340512735,18.33931340512735,CHEMBL941,CHEMBL203,IC50,100000.0,nM,4.0
C3N-01024,25.0245566740671,12.42,1,CPTAC,CPTAC,,,,,18.33931340512735,18.33931340512735,CHEMBL941,CHEMBL203,Kd,10000.0,nM,5.0
C3N-01024,25.0245566740671,12.42,1,CPTAC,CPTAC,,,,,18.33931340512735,18.33931340512735,CHEMBL941,CHEMBL203,Kd,10000.0,nM,5.0
C3N-01024,25.0245566740671,12.42,1,CPTAC,CPTAC,,,,,18.33931340512735,18.33931340512735,CHEMBL941,CHEMBL203,Kd,10000.0,nM,5.0
C3N-01024,25.0245566740671,12.42,1,CPTAC,CPTAC,,,,,18.33931340512735,18.33931340512735,CHEMBL941,CHEMBL203,Kd,10000.0,nM,5.0
C3N-01024,25.0245566740671,12.42,1,CPTAC,CPTAC,,,,,18.33931340512735,18.33931340512735,CHEMBL941,CHEMBL203,Kd,7600.0,nM,5.119186407719209
C3N-01024,25.0245566740671,12.42,1,CPTAC,CPTAC,,,,,18.33931340512735,18.33931340512735,CHEMBL941,CHEMBL203,Kd,10000.0,nM,5.0
C3N-01024,25.0245566740671,12.42,1,CPTAC,CPTAC,,,,,18.33931340512735,18.33931340512735,CHEMBL941,CHEMBL203,Kd,10000.0,nM,5.0
C3N-01024,25.0245566740671,12.42,1,CPTAC,CPTAC,,,,,18.33931340512735,18.33931340512735,CHEMBL941,CHEMBL203,Kd,10000.0,nM,5.0
C3N-01024,25.0245566740671,12.42,1,CPTAC,CPTAC,,,,,18.33931340512735,18.33931340512735,CHEMBL941,CHEMBL203,Kd,10000.0,nM,5.0
C3N-01024,25.0245566740671,12.42,1,CPTAC,CPTAC,,,,,18.33931340512735,18.33931340512735,CHEMBL941,CHEMBL203,Kd,10000.0,nM,5.0
C3N-01024,25.0245566740671,12.42,1,CPTAC,CPTAC,,,,,18.33931340512735,18.33931340512735,CHEMBL1079742,CHEMBL203,IC50,420.0,nM,6.376750709602099
C3N-01024,25.0245566740671,12.42,1,CPTAC,CPTAC,,,,,18.33931340512735,18.33931340512735,CHEMBL1079742,CHEMBL203,IC50,15.0,nM,7.823908740944319
C3N-01024,25.0245566740671,12.42,1,CPTAC,CPTAC,,,,,18.33931340512735,18.33931340512735,CHEMBL941,CHEMBL203,Kd,10000.0,nM,5.0
C3N-01024,25.0245566740671,12.42,1,CPTAC,CPTAC,,,,,18.33931340512735,18.33931340512735,CHEMBL941,CHEMBL203,Kd,10000.0,nM,5.0
C3N-01024,25.0245566740671,12.42,1,CPTAC,CPTAC,,,,,18.33931340512735,18.33931340512735,CHEMBL941,CHEMBL203,Kd,10000.0,nM,5.0
C3N-01024,25.0245566740671,12.42,1,CPTAC,CPTAC,,,,,18.33931340512735,18.33931340512735,CHEMBL941,CHEMBL203,Kd,10000.0,nM,5.0
C3N-01024,25.0245566740671,12.42,1,CPTAC,CPTAC,,,,,18.33931340512735,18.33931340512735,CHEMBL941,CHEMBL203,Kd,7600.0,nM,5.119186407719209
C3N-01024,25.0245566740671,12.42,1,CPTAC,CPTAC,,,,,18.33931340512735,18.33931340512735,CHEMBL941,CHEMBL203,Kd,10000.0,nM,5.0
C3N-01024,25.0245566740671,12.42,1,CPTAC,CPTAC,,,,,18.33931340512735,18.33931340512735,CHEMBL941,CHEMBL203,Kd,10000.0,nM,5.0
C3N-01024,25.0245566740671,12.42,1,CPTAC,CPTAC,,,,,18.33931340512735,18.33931340512735,CHEMBL941,CHEMBL203,Kd,10000.0,nM,5.0
C3N-01024,25.0245566740671,12.42,1,CPTAC,CPTAC,,,,,18.33931340512735,18.33931340512735,CHEMBL941,CHEMBL203,Kd,10000.0,nM,5.0
C3N-01024,25.0245566740671,12.42,1,CPTAC,CPTAC,,,,,18.33931340512735,18.33931340512735,CHEMBL941,CHEMBL203,Kd,10000.0,nM,5.0
C3N-01024,25.0245566740671,12.42,1,CPTAC,CPTAC,,,,,18.33931340512735,18.33931340512735,CHEMBL941,CHEMBL203,Kd,10000.0,nM,5.0
C3N-01024,25.0245566740671,12.42,1,CPTAC,CPTAC,,,,,18.33931340512735,18.33931340512735,CHEMBL941,CHEMBL203,Kd,10000.0,nM,5.0
C3N-01024,25.0245566740671,12.42,1,CPTAC,CPTAC,,,,,18.33931340512735,18.33931340512735,CHEMBL941,CHEMBL203,Kd,30000.0,nM,4.522878745280337
C3N-01024,25.0245566740671,12.42,1,CPTAC,CPTAC,,,,,18.33931340512735,18.33931340512735,CHEMBL1079742,CHEMBL203,IC50,70.0,nM,7.154901959985743
C3N-01024,25.0245566740671,12.42,1,CPTAC,CPTAC,,,,,18.33931340512735,18.33931340512735,CHEMBL941,CHEMBL203,IC50,0.11,nM,9.958607314841775
C3N-01024,25.0245566740671,12.42,1,CPTAC,CPTAC,,,,,18.33931340512735,18.33931340512735,CHEMBL1079742,CHEMBL203,IC50,2.0,nM,8.698970004336019
C3N-01030,25.8151951647821,13.19,1,CPTAC,CPTAC,,,,,,,CHEMBL941,CHEMBL203,IC50,100000.0,nM,4.0
C3N-01030,25.8151951647821,13.19,1,CPTAC,CPTAC,,,,,,,CHEMBL941,CHEMBL203,Kd,10000.0,nM,5.0
C3N-01030,25.8151951647821,13.19,1,CPTAC,CPTAC,,,,,,,CHEMBL941,CHEMBL203,Kd,10000.0,nM,5.0
C3N-01030,25.8151951647821,13.19,1,CPTAC,CPTAC,,,,,,,CHEMBL941,CHEMBL203,Kd,10000.0,nM,5.0
C3N-01030,25.8151951647821,13.19,1,CPTAC,CPTAC,,,,,,,CHEMBL941,CHEMBL203,Kd,10000.0,nM,5.0
C3N-01030,25.8151951647821,13.19,1,CPTAC,CPTAC,,,,,,,CHEMBL941,CHEMBL203,Kd,7600.0,nM,5.119186407719209
C3N-01030,25.8151951647821,13.19,1,CPTAC,CPTAC,,,,,,,CHEMBL941,CHEMBL203,Kd,10000.0,nM,5.0
C3N-01030,25.8151951647821,13.19,1,CPTAC,CPTAC,,,,,,,CHEMBL941,CHEMBL203,Kd,10000.0,nM,5.0
C3N-01030,25.8151951647821,13.19,1,CPTAC,CPTAC,,,,,,,CHEMBL941,CHEMBL203,Kd,10000.0,nM,5.0
C3N-01030,25.8151951647821,13.19,1,CPTAC,CPTAC,,,,,,,CHEMBL941,CHEMBL203,Kd,10000.0,nM,5.0
C3N-01030,25.8151951647821,13.19,1,CPTAC,CPTAC,,,,,,,CHEMBL941,CHEMBL203,Kd,10000.0,nM,5.0
C3N-01030,25.8151951647821,13.19,1,CPTAC,CPTAC,,,,,,,CHEMBL1079742,CHEMBL203,IC50,420.0,nM,6.376750709602099
C3N-01030,25.8151951647821,13.19,1,CPTAC,CPTAC,,,,,,,CHEMBL1079742,CHEMBL203,IC50,15.0,nM,7.823908740944319
C3N-01030,25.8151951647821,13.19,1,CPTAC,CPTAC,,,,,,,CHEMBL941,CHEMBL203,Kd,10000.0,nM,5.0
C3N-01030,25.8151951647821,13.19,1,CPTAC,CPTAC,,,,,,,CHEMBL941,CHEMBL203,Kd,10000.0,nM,5.0
C3N-01030,25.8151951647821,13.19,1,CPTAC,CPTAC,,,,,,,CHEMBL941,CHEMBL203,Kd,10000.0,nM,5.0
C3N-01030,25.8151951647821,13.19,1,CPTAC,CPTAC,,,,,,,CHEMBL941,CHEMBL203,Kd,10000.0,nM,5.0
C3N-01030,25.8151951647821,13.19,1,CPTAC,CPTAC,,,,,,,CHEMBL941,CHEMBL203,Kd,7600.0,nM,5.119186407719209
C3N-01030,25.8151951647821,13.19,1,CPTAC,CPTAC,,,,,,,CHEMBL941,CHEMBL203,Kd,10000.0,nM,5.0
C3N-01030,25.8151951647821,13.19,1,CPTAC,CPTAC,,,,,,,CHEMBL941,CHEMBL203,Kd,10000.0,nM,5.0
C3N-01030,25.8151951647821,13.19,1,CPTAC,CPTAC,,,,,,,CHEMBL941,CHEMBL203,Kd,10000.0,nM,5.0
C3N-01030,25.8151951647821,13.19,1,CPTAC,CPTAC,,,,,,,CHEMBL941,CHEMBL203,Kd,10000.0,nM,5.0
C3N-01030,25.8151951647821,13.19,1,CPTAC,CPTAC,,,,,,,CHEMBL941,CHEMBL203,Kd,10000.0,nM,5.0
C3N-01030,25.8151951647821,13.19,1,CPTAC,CPTAC,,,,,,,CHEMBL941,CHEMBL203,Kd,10000.0,nM,5.0
C3N-01030,25.8151951647821,13.19,1,CPTAC,CPTAC,,,,,,,CHEMBL941,CHEMBL203,Kd,10000.0,nM,5.0
C3N-01030,25.8151951647821,13.19,1,CPTAC,CPTAC,,,,,,,CHEMBL941,CHEMBL203,Kd,30000.0,nM,4.522878745280337
C3N-01030,25.8151951647821,13.19,1,CPTAC,CPTAC,,,,,,,CHEMBL1079742,CHEMBL203,IC50,70.0,nM,7.154901959985743
C3N-01030,25.8151951647821,13.19,1,CPTAC,CPTAC,,,,,,,CHEMBL941,CHEMBL203,IC50,0.11,nM,9.958607314841775
C3N-01030,25.8151951647821,13.19,1,CPTAC,CPTAC,,,,,,,CHEMBL1079742,CHEMBL203,IC50,2.0,nM,8.698970004336019
C3N-01071,24.8046170557369,9.46,1,CPTAC,CPTAC,,,,,17.817716983425953,17.817716983425953,CHEMBL941,CHEMBL203,IC50,100000.0,nM,4.0
C3N-01071,24.8046170557369,9.46,1,CPTAC,CPTAC,,,,,17.817716983425953,17.817716983425953,CHEMBL941,CHEMBL203,Kd,10000.0,nM,5.0
C3N-01071,24.8046170557369,9.46,1,CPTAC,CPTAC,,,,,17.817716983425953,17.817716983425953,CHEMBL941,CHEMBL203,Kd,10000.0,nM,5.0
C3N-01071,24.8046170557369,9.46,1,CPTAC,CPTAC,,,,,17.817716983425953,17.817716983425953,CHEMBL941,CHEMBL203,Kd,10000.0,nM,5.0
C3N-01071,24.8046170557369,9.46,1,CPTAC,CPTAC,,,,,17.817716983425953,17.817716983425953,CHEMBL941,CHEMBL203,Kd,10000.0,nM,5.0
C3N-01071,24.8046170557369,9.46,1,CPTAC,CPTAC,,,,,17.817716983425953,17.817716983425953,CHEMBL941,CHEMBL203,Kd,7600.0,nM,5.119186407719209
C3N-01071,24.8046170557369,9.46,1,CPTAC,CPTAC,,,,,17.817716983425953,17.817716983425953,CHEMBL941,CHEMBL203,Kd,10000.0,nM,5.0
C3N-01071,24.8046170557369,9.46,1,CPTAC,CPTAC,,,,,17.817716983425953,17.817716983425953,CHEMBL941,CHEMBL203,Kd,10000.0,nM,5.0
C3N-01071,24.8046170557369,9.46,1,CPTAC,CPTAC,,,,,17.817716983425953,17.817716983425953,CHEMBL941,CHEMBL203,Kd,10000.0,nM,5.0
C3N-01071,24.8046170557369,9.46,1,CPTAC,CPTAC,,,,,17.817716983425953,17.817716983425953,CHEMBL941,CHEMBL203,Kd,10000.0,nM,5.0
C3N-01071,24.8046170557369,9.46,1,CPTAC,CPTAC,,,,,17.817716983425953,17.817716983425953,CHEMBL941,CHEMBL203,Kd,10000.0,nM,5.0
C3N-01071,24.8046170557369,9.46,1,CPTAC,CPTAC,,,,,17.817716983425953,17.817716983425953,CHEMBL1079742,CHEMBL203,IC50,420.0,nM,6.376750709602099
C3N-01071,24.8046170557369,9.46,1,CPTAC,CPTAC,,,,,17.817716983425953,17.817716983425953,CHEMBL1079742,CHEMBL203,IC50,15.0,nM,7.823908740944319
C3N-01071,24.8046170557369,9.46,1,CPTAC,CPTAC,,,,,17.817716983425953,17.817716983425953,CHEMBL941,CHEMBL203,Kd,10000.0,nM,5.0
C3N-01071,24.8046170557369,9.46,1,CPTAC,CPTAC,,,,,17.817716983425953,17.817716983425953,CHEMBL941,CHEMBL203,Kd,10000.0,nM,5.0
C3N-01071,24.8046170557369,9.46,1,CPTAC,CPTAC,,,,,17.817716983425953,17.817716983425953,CHEMBL941,CHEMBL203,Kd,10000.0,nM,5.0
C3N-01071,24.8046170557369,9.46,1,CPTAC,CPTAC,,,,,17.817716983425953,17.817716983425953,CHEMBL941,CHEMBL203,Kd,10000.0,nM,5.0
C3N-01071,24.8046170557369,9.46,1,CPTAC,CPTAC,,,,,17.817716983425953,17.817716983425953,CHEMBL941,CHEMBL203,Kd,7600.0,nM,5.119186407719209
C3N-01071,24.8046170557369,9.46,1,CPTAC,CPTAC,,,,,17.817716983425953,17.817716983425953,CHEMBL941,CHEMBL203,Kd,10000.0,nM,5.0
C3N-01071,24.8046170557369,9.46,1,CPTAC,CPTAC,,,,,17.817716983425953,17.817716983425953,CHEMBL941,CHEMBL203,Kd,10000.0,nM,5.0
C3N-01071,24.8046170557369,9.46,1,CPTAC,CPTAC,,,,,17.817716983425953,17.817716983425953,CHEMBL941,CHEMBL203,Kd,10000.0,nM,5.0
C3N-01071,24.8046170557369,9.46,1,CPTAC,CPTAC,,,,,17.817716983425953,17.817716983425953,CHEMBL941,CHEMBL203,Kd,10000.0,nM,5.0
C3N-01071,24.8046170557369,9.46,1,CPTAC,CPTAC,,,,,17.817716983425953,17.817716983425953,CHEMBL941,CHEMBL203,Kd,10000.0,nM,5.0
C3N-01071,24.8046170557369,9.46,1,CPTAC,CPTAC,,,,,17.817716983425953,17.817716983425953,CHEMBL941,CHEMBL203,Kd,10000.0,nM,5.0
C3N-01071,24.8046170557369,9.46,1,CPTAC,CPTAC,,,,,17.817716983425953,17.817716983425953,CHEMBL941,CHEMBL203,Kd,10000.0,nM,5.0
C3N-01071,24.8046170557369,9.46,1,CPTAC,CPTAC,,,,,17.817716983425953,17.817716983425953,CHEMBL941,CHEMBL203,Kd,30000.0,nM,4.522878745280337
C3N-01071,24.8046170557369,9.46,1,CPTAC,CPTAC,,,,,17.817716983425953,17.817716983425953,CHEMBL1079742,CHEMBL203,IC50,70.0,nM,7.154901959985743
C3N-01071,24.8046170557369,9.46,1,CPTAC,CPTAC,,,,,17.817716983425953,17.817716983425953,CHEMBL941,CHEMBL203,IC50,0.11,nM,9.958607314841775
C3N-01071,24.8046170557369,9.46,1,CPTAC,CPTAC,,,,,17.817716983425953,17.817716983425953,CHEMBL1079742,CHEMBL203,IC50,2.0,nM,8.698970004336019
C3N-01072,25.8027200760202,13.5,1,CPTAC,CPTAC,,,,,,,CHEMBL941,CHEMBL203,IC50,100000.0,nM,4.0
C3N-01072,25.8027200760202,13.5,1,CPTAC,CPTAC,,,,,,,CHEMBL941,CHEMBL203,Kd,10000.0,nM,5.0
C3N-01072,25.8027200760202,13.5,1,CPTAC,CPTAC,,,,,,,CHEMBL941,CHEMBL203,Kd,10000.0,nM,5.0
C3N-01072,25.8027200760202,13.5,1,CPTAC,CPTAC,,,,,,,CHEMBL941,CHEMBL203,Kd,10000.0,nM,5.0
C3N-01072,25.8027200760202,13.5,1,CPTAC,CPTAC,,,,,,,CHEMBL941,CHEMBL203,Kd,10000.0,nM,5.0
C3N-01072,25.8027200760202,13.5,1,CPTAC,CPTAC,,,,,,,CHEMBL941,CHEMBL203,Kd,7600.0,nM,5.119186407719209
C3N-01072,25.8027200760202,13.5,1,CPTAC,CPTAC,,,,,,,CHEMBL941,CHEMBL203,Kd,10000.0,nM,5.0
C3N-01072,25.8027200760202,13.5,1,CPTAC,CPTAC,,,,,,,CHEMBL941,CHEMBL203,Kd,10000.0,nM,5.0
C3N-01072,25.8027200760202,13.5,1,CPTAC,CPTAC,,,,,,,CHEMBL941,CHEMBL203,Kd,10000.0,nM,5.0
C3N-01072,25.8027200760202,13.5,1,CPTAC,CPTAC,,,,,,,CHEMBL941,CHEMBL203,Kd,10000.0,nM,5.0
C3N-01072,25.8027200760202,13.5,1,CPTAC,CPTAC,,,,,,,CHEMBL941,CHEMBL203,Kd,10000.0,nM,5.0
C3N-01072,25.8027200760202,13.5,1,CPTAC,CPTAC,,,,,,,CHEMBL1079742,CHEMBL203,IC50,420.0,nM,6.376750709602099
C3N-01072,25.8027200760202,13.5,1,CPTAC,CPTAC,,,,,,,CHEMBL1079742,CHEMBL203,IC50,15.0,nM,7.823908740944319
C3N-01072,25.8027200760202,13.5,1,CPTAC,CPTAC,,,,,,,CHEMBL941,CHEMBL203,Kd,10000.0,nM,5.0
C3N-01072,25.8027200760202,13.5,1,CPTAC,CPTAC,,,,,,,CHEMBL941,CHEMBL203,Kd,10000.0,nM,5.0
C3N-01072,25.8027200760202,13.5,1,CPTAC,CPTAC,,,,,,,CHEMBL941,CHEMBL203,Kd,10000.0,nM,5.0
C3N-01072,25.8027200760202,13.5,1,CPTAC,CPTAC,,,,,,,CHEMBL941,CHEMBL203,Kd,10000.0,nM,5.0
C3N-01072,25.8027200760202,13.5,1,CPTAC,CPTAC,,,,,,,CHEMBL941,CHEMBL203,Kd,7600.0,nM,5.119186407719209
C3N-01072,25.8027200760202,13.5,1,CPTAC,CPTAC,,,,,,,CHEMBL941,CHEMBL203,Kd,10000.0,nM,5.0
C3N-01072,25.8027200760202,13.5,1,CPTAC,CPTAC,,,,,,,CHEMBL941,CHEMBL203,Kd,10000.0,nM,5.0
C3N-01072,25.8027200760202,13.5,1,CPTAC,CPTAC,,,,,,,CHEMBL941,CHEMBL203,Kd,10000.0,nM,5.0
C3N-01072,25.8027200760202,13.5,1,CPTAC,CPTAC,,,,,,,CHEMBL941,CHEMBL203,Kd,10000.0,nM,5.0
C3N-01072,25.8027200760202,13.5,1,CPTAC,CPTAC,,,,,,,CHEMBL941,CHEMBL203,Kd,10000.0,nM,5.0
C3N-01072,25.8027200760202,13.5,1,CPTAC,CPTAC,,,,,,,CHEMBL941,CHEMBL203,Kd,10000.0,nM,5.0
C3N-01072,25.8027200760202,13.5,1,CPTAC,CPTAC,,,,,,,CHEMBL941,CHEMBL203,Kd,10000.0,nM,5.0
C3N-01072,25.8027200760202,13.5,1,CPTAC,CPTAC,,,,,,,CHEMBL941,CHEMBL203,Kd,30000.0,nM,4.522878745280337
C3N-01072,25.8027200760202,13.5,1,CPTAC,CPTAC,,,,,,,CHEMBL1079742,CHEMBL203,IC50,70.0,nM,7.154901959985743
C3N-01072,25.8027200760202,13.5,1,CPTAC,CPTAC,,,,,,,CHEMBL941,CHEMBL203,IC50,0.11,nM,9.958607314841775
C3N-01072,25.8027200760202,13.5,1,CPTAC,CPTAC,,,,,,,CHEMBL1079742,CHEMBL203,IC50,2.0,nM,8.698970004336019
C3N-01074,25.7077462374607,12.21,1,CPTAC,CPTAC,,,,,18.4378756012437,18.4378756012437,CHEMBL941,CHEMBL203,IC50,100000.0,nM,4.0
C3N-01074,25.7077462374607,12.21,1,CPTAC,CPTAC,,,,,18.4378756012437,18.4378756012437,CHEMBL941,CHEMBL203,Kd,10000.0,nM,5.0
C3N-01074,25.7077462374607,12.21,1,CPTAC,CPTAC,,,,,18.4378756012437,18.4378756012437,CHEMBL941,CHEMBL203,Kd,10000.0,nM,5.0
C3N-01074,25.7077462374607,12.21,1,CPTAC,CPTAC,,,,,18.4378756012437,18.4378756012437,CHEMBL941,CHEMBL203,Kd,10000.0,nM,5.0
C3N-01074,25.7077462374607,12.21,1,CPTAC,CPTAC,,,,,18.4378756012437,18.4378756012437,CHEMBL941,CHEMBL203,Kd,10000.0,nM,5.0
C3N-01074,25.7077462374607,12.21,1,CPTAC,CPTAC,,,,,18.4378756012437,18.4378756012437,CHEMBL941,CHEMBL203,Kd,7600.0,nM,5.119186407719209
C3N-01074,25.7077462374607,12.21,1,CPTAC,CPTAC,,,,,18.4378756012437,18.4378756012437,CHEMBL941,CHEMBL203,Kd,10000.0,nM,5.0
C3N-01074,25.7077462374607,12.21,1,CPTAC,CPTAC,,,,,18.4378756012437,18.4378756012437,CHEMBL941,CHEMBL203,Kd,10000.0,nM,5.0
C3N-01074,25.7077462374607,12.21,1,CPTAC,CPTAC,,,,,18.4378756012437,18.4378756012437,CHEMBL941,CHEMBL203,Kd,10000.0,nM,5.0
C3N-01074,25.7077462374607,12.21,1,CPTAC,CPTAC,,,,,18.4378756012437,18.4378756012437,CHEMBL941,CHEMBL203,Kd,10000.0,nM,5.0
C3N-01074,25.7077462374607,12.21,1,CPTAC,CPTAC,,,,,18.4378756012437,18.4378756012437,CHEMBL941,CHEMBL203,Kd,10000.0,nM,5.0
C3N-01074,25.7077462374607,12.21,1,CPTAC,CPTAC,,,,,18.4378756012437,18.4378756012437,CHEMBL1079742,CHEMBL203,IC50,420.0,nM,6.376750709602099
C3N-01074,25.7077462374607,12.21,1,CPTAC,CPTAC,,,,,18.4378756012437,18.4378756012437,CHEMBL1079742,CHEMBL203,IC50,15.0,nM,7.823908740944319
C3N-01074,25.7077462374607,12.21,1,CPTAC,CPTAC,,,,,18.4378756012437,18.4378756012437,CHEMBL941,CHEMBL203,Kd,10000.0,nM,5.0
C3N-01074,25.7077462374607,12.21,1,CPTAC,CPTAC,,,,,18.4378756012437,18.4378756012437,CHEMBL941,CHEMBL203,Kd,10000.0,nM,5.0
C3N-01074,25.7077462374607,12.21,1,CPTAC,CPTAC,,,,,18.4378756012437,18.4378756012437,CHEMBL941,CHEMBL203,Kd,10000.0,nM,5.0
C3N-01074,25.7077462374607,12.21,1,CPTAC,CPTAC,,,,,18.4378756012437,18.4378756012437,CHEMBL941,CHEMBL203,Kd,10000.0,nM,5.0
C3N-01074,25.7077462374607,12.21,1,CPTAC,CPTAC,,,,,18.4378756012437,18.4378756012437,CHEMBL941,CHEMBL203,Kd,7600.0,nM,5.119186407719209
C3N-01074,25.7077462374607,12.21,1,CPTAC,CPTAC,,,,,18.4378756012437,18.4378756012437,CHEMBL941,CHEMBL203,Kd,10000.0,nM,5.0
C3N-01074,25.7077462374607,12.21,1,CPTAC,CPTAC,,,,,18.4378756012437,18.4378756012437,CHEMBL941,CHEMBL203,Kd,10000.0,nM,5.0
C3N-01074,25.7077462374607,12.21,1,CPTAC,CPTAC,,,,,18.4378756012437,18.4378756012437,CHEMBL941,CHEMBL203,Kd,10000.0,nM,5.0
C3N-01074,25.7077462374607,12.21,1,CPTAC,CPTAC,,,,,18.4378756012437,18.4378756012437,CHEMBL941,CHEMBL203,Kd,10000.0,nM,5.0
C3N-01074,25.7077462374607,12.21,1,CPTAC,CPTAC,,,,,18.4378756012437,18.4378756012437,CHEMBL941,CHEMBL203,Kd,10000.0,nM,5.0
C3N-01074,25.7077462374607,12.21,1,CPTAC,CPTAC,,,,,18.4378756012437,18.4378756012437,CHEMBL941,CHEMBL203,Kd,10000.0,nM,5.0
C3N-01074,25.7077462374607,12.21,1,CPTAC,CPTAC,,,,,18.4378756012437,18.4378756012437,CHEMBL941,CHEMBL203,Kd,10000.0,nM,5.0
C3N-01074,25.7077462374607,12.21,1,CPTAC,CPTAC,,,,,18.4378756012437,18.4378756012437,CHEMBL941,CHEMBL203,Kd,30000.0,nM,4.522878745280337
C3N-01074,25.7077462374607,12.21,1,CPTAC,CPTAC,,,,,18.4378756012437,18.4378756012437,CHEMBL1079742,CHEMBL203,IC50,70.0,nM,7.154901959985743
C3N-01074,25.7077462374607,12.21,1,CPTAC,CPTAC,,,,,18.4378756012437,18.4378756012437,CHEMBL941,CHEMBL203,IC50,0.11,nM,9.958607314841775
C3N-01074,25.7077462374607,12.21,1,CPTAC,CPTAC,,,,,18.4378756012437,18.4378756012437,CHEMBL1079742,CHEMBL203,IC50,2.0,nM,8.698970004336019
C3N-01405,25.1491148348766,13.29,1,CPTAC,CPTAC,,,,,18.95147733793525,18.95147733793525,CHEMBL941,CHEMBL203,IC50,100000.0,nM,4.0
C3N-01405,25.1491148348766,13.29,1,CPTAC,CPTAC,,,,,18.95147733793525,18.95147733793525,CHEMBL941,CHEMBL203,Kd,10000.0,nM,5.0
C3N-01405,25.1491148348766,13.29,1,CPTAC,CPTAC,,,,,18.95147733793525,18.95147733793525,CHEMBL941,CHEMBL203,Kd,10000.0,nM,5.0
C3N-01405,25.1491148348766,13.29,1,CPTAC,CPTAC,,,,,18.95147733793525,18.95147733793525,CHEMBL941,CHEMBL203,Kd,10000.0,nM,5.0
C3N-01405,25.1491148348766,13.29,1,CPTAC,CPTAC,,,,,18.95147733793525,18.95147733793525,CHEMBL941,CHEMBL203,Kd,10000.0,nM,5.0
C3N-01405,25.1491148348766,13.29,1,CPTAC,CPTAC,,,,,18.95147733793525,18.95147733793525,CHEMBL941,CHEMBL203,Kd,7600.0,nM,5.119186407719209
C3N-01405,25.1491148348766,13.29,1,CPTAC,CPTAC,,,,,18.95147733793525,18.95147733793525,CHEMBL941,CHEMBL203,Kd,10000.0,nM,5.0
C3N-01405,25.1491148348766,13.29,1,CPTAC,CPTAC,,,,,18.95147733793525,18.95147733793525,CHEMBL941,CHEMBL203,Kd,10000.0,nM,5.0
C3N-01405,25.1491148348766,13.29,1,CPTAC,CPTAC,,,,,18.95147733793525,18.95147733793525,CHEMBL941,CHEMBL203,Kd,10000.0,nM,5.0
C3N-01405,25.1491148348766,13.29,1,CPTAC,CPTAC,,,,,18.95147733793525,18.95147733793525,CHEMBL941,CHEMBL203,Kd,10000.0,nM,5.0
C3N-01405,25.1491148348766,13.29,1,CPTAC,CPTAC,,,,,18.95147733793525,18.95147733793525,CHEMBL941,CHEMBL203,Kd,10000.0,nM,5.0
C3N-01405,25.1491148348766,13.29,1,CPTAC,CPTAC,,,,,18.95147733793525,18.95147733793525,CHEMBL1079742,CHEMBL203,IC50,420.0,nM,6.376750709602099
C3N-01405,25.1491148348766,13.29,1,CPTAC,CPTAC,,,,,18.95147733793525,18.95147733793525,CHEMBL1079742,CHEMBL203,IC50,15.0,nM,7.823908740944319
C3N-01405,25.1491148348766,13.29,1,CPTAC,CPTAC,,,,,18.95147733793525,18.95147733793525,CHEMBL941,CHEMBL203,Kd,10000.0,nM,5.0
C3N-01405,25.1491148348766,13.29,1,CPTAC,CPTAC,,,,,18.95147733793525,18.95147733793525,CHEMBL941,CHEMBL203,Kd,10000.0,nM,5.0
C3N-01405,25.1491148348766,13.29,1,CPTAC,CPTAC,,,,,18.95147733793525,18.95147733793525,CHEMBL941,CHEMBL203,Kd,10000.0,nM,5.0
C3N-01405,25.1491148348766,13.29,1,CPTAC,CPTAC,,,,,18.95147733793525,18.95147733793525,CHEMBL941,CHEMBL203,Kd,10000.0,nM,5.0
C3N-01405,25.1491148348766,13.29,1,CPTAC,CPTAC,,,,,18.95147733793525,18.95147733793525,CHEMBL941,CHEMBL203,Kd,7600.0,nM,5.119186407719209
C3N-01405,25.1491148348766,13.29,1,CPTAC,CPTAC,,,,,18.95147733793525,18.95147733793525,CHEMBL941,CHEMBL203,Kd,10000.0,nM,5.0
C3N-01405,25.1491148348766,13.29,1,CPTAC,CPTAC,,,,,18.95147733793525,18.95147733793525,CHEMBL941,CHEMBL203,Kd,10000.0,nM,5.0
C3N-01405,25.1491148348766,13.29,1,CPTAC,CPTAC,,,,,18.95147733793525,18.95147733793525,CHEMBL941,CHEMBL203,Kd,10000.0,nM,5.0
C3N-01405,25.1491148348766,13.29,1,CPTAC,CPTAC,,,,,18.95147733793525,18.95147733793525,CHEMBL941,CHEMBL203,Kd,10000.0,nM,5.0
C3N-01405,25.1491148348766,13.29,1,CPTAC,CPTAC,,,,,18.95147733793525,18.95147733793525,CHEMBL941,CHEMBL203,Kd,10000.0,nM,5.0
C3N-01405,25.1491148348766,13.29,1,CPTAC,CPTAC,,,,,18.95147733793525,18.95147733793525,CHEMBL941,CHEMBL203,Kd,10000.0,nM,5.0
C3N-01405,25.1491148348766,13.29,1,CPTAC,CPTAC,,,,,18.95147733793525,18.95147733793525,CHEMBL941,CHEMBL203,Kd,10000.0,nM,5.0
C3N-01405,25.1491148348766,13.29,1,CPTAC,CPTAC,,,,,18.95147733793525,18.95147733793525,CHEMBL941,CHEMBL203,Kd,30000.0,nM,4.522878745280337
C3N-01405,25.1491148348766,13.29,1,CPTAC,CPTAC,,,,,18.95147733793525,18.95147733793525,CHEMBL1079742,CHEMBL203,IC50,70.0,nM,7.154901959985743
C3N-01405,25.1491148348766,13.29,1,CPTAC,CPTAC,,,,,18.95147733793525,18.95147733793525,CHEMBL941,CHEMBL203,IC50,0.11,nM,9.958607314841775
C3N-01405,25.1491148348766,13.29,1,CPTAC,CPTAC,,,,,18.95147733793525,18.95147733793525,CHEMBL1079742,CHEMBL203,IC50,2.0,nM,8.698970004336019
C3N-01410,25.4636016577533,12.38,1,CPTAC,CPTAC,,,,,18.26706456372495,18.26706456372495,CHEMBL941,CHEMBL203,IC50,100000.0,nM,4.0
C3N-01410,25.4636016577533,12.38,1,CPTAC,CPTAC,,,,,18.26706456372495,18.26706456372495,CHEMBL941,CHEMBL203,Kd,10000.0,nM,5.0
C3N-01410,25.4636016577533,12.38,1,CPTAC,CPTAC,,,,,18.26706456372495,18.26706456372495,CHEMBL941,CHEMBL203,Kd,10000.0,nM,5.0
C3N-01410,25.4636016577533,12.38,1,CPTAC,CPTAC,,,,,18.26706456372495,18.26706456372495,CHEMBL941,CHEMBL203,Kd,10000.0,nM,5.0
C3N-01410,25.4636016577533,12.38,1,CPTAC,CPTAC,,,,,18.26706456372495,18.26706456372495,CHEMBL941,CHEMBL203,Kd,10000.0,nM,5.0
C3N-01410,25.4636016577533,12.38,1,CPTAC,CPTAC,,,,,18.26706456372495,18.26706456372495,CHEMBL941,CHEMBL203,Kd,7600.0,nM,5.119186407719209
C3N-01410,25.4636016577533,12.38,1,CPTAC,CPTAC,,,,,18.26706456372495,18.26706456372495,CHEMBL941,CHEMBL203,Kd,10000.0,nM,5.0
C3N-01410,25.4636016577533,12.38,1,CPTAC,CPTAC,,,,,18.26706456372495,18.26706456372495,CHEMBL941,CHEMBL203,Kd,10000.0,nM,5.0
C3N-01410,25.4636016577533,12.38,1,CPTAC,CPTAC,,,,,18.26706456372495,18.26706456372495,CHEMBL941,CHEMBL203,Kd,10000.0,nM,5.0
C3N-01410,25.4636016577533,12.38,1,CPTAC,CPTAC,,,,,18.26706456372495,18.26706456372495,CHEMBL941,CHEMBL203,Kd,10000.0,nM,5.0
C3N-01410,25.4636016577533,12.38,1,CPTAC,CPTAC,,,,,18.26706456372495,18.26706456372495,CHEMBL941,CHEMBL203,Kd,10000.0,nM,5.0
C3N-01410,25.4636016577533,12.38,1,CPTAC,CPTAC,,,,,18.26706456372495,18.26706456372495,CHEMBL1079742,CHEMBL203,IC50,420.0,nM,6.376750709602099
C3N-01410,25.4636016577533,12.38,1,CPTAC,CPTAC,,,,,18.26706456372495,18.26706456372495,CHEMBL1079742,CHEMBL203,IC50,15.0,nM,7.823908740944319
C3N-01410,25.4636016577533,12.38,1,CPTAC,CPTAC,,,,,18.26706456372495,18.26706456372495,CHEMBL941,CHEMBL203,Kd,10000.0,nM,5.0
C3N-01410,25.4636016577533,12.38,1,CPTAC,CPTAC,,,,,18.26706456372495,18.26706456372495,CHEMBL941,CHEMBL203,Kd,10000.0,nM,5.0
C3N-01410,25.4636016577533,12.38,1,CPTAC,CPTAC,,,,,18.26706456372495,18.26706456372495,CHEMBL941,CHEMBL203,Kd,10000.0,nM,5.0
C3N-01410,25.4636016577533,12.38,1,CPTAC,CPTAC,,,,,18.26706456372495,18.26706456372495,CHEMBL941,CHEMBL203,Kd,10000.0,nM,5.0
C3N-01410,25.4636016577533,12.38,1,CPTAC,CPTAC,,,,,18.26706456372495,18.26706456372495,CHEMBL941,CHEMBL203,Kd,7600.0,nM,5.119186407719209
C3N-01410,25.4636016577533,12.38,1,CPTAC,CPTAC,,,,,18.26706456372495,18.26706456372495,CHEMBL941,CHEMBL203,Kd,10000.0,nM,5.0
C3N-01410,25.4636016577533,12.38,1,CPTAC,CPTAC,,,,,18.26706456372495,18.26706456372495,CHEMBL941,CHEMBL203,Kd,10000.0,nM,5.0
C3N-01410,25.4636016577533,12.38,1,CPTAC,CPTAC,,,,,18.26706456372495,18.26706456372495,CHEMBL941,CHEMBL203,Kd,10000.0,nM,5.0
C3N-01410,25.4636016577533,12.38,1,CPTAC,CPTAC,,,,,18.26706456372495,18.26706456372495,CHEMBL941,CHEMBL203,Kd,10000.0,nM,5.0
C3N-01410,25.4636016577533,12.38,1,CPTAC,CPTAC,,,,,18.26706456372495,18.26706456372495,CHEMBL941,CHEMBL203,Kd,10000.0,nM,5.0
C3N-01410,25.4636016577533,12.38,1,CPTAC,CPTAC,,,,,18.26706456372495,18.26706456372495,CHEMBL941,CHEMBL203,Kd,10000.0,nM,5.0
C3N-01410,25.4636016577533,12.38,1,CPTAC,CPTAC,,,,,18.26706456372495,18.26706456372495,CHEMBL941,CHEMBL203,Kd,10000.0,nM,5.0
C3N-01410,25.4636016577533,12.38,1,CPTAC,CPTAC,,,,,18.26706456372495,18.26706456372495,CHEMBL941,CHEMBL203,Kd,30000.0,nM,4.522878745280337
C3N-01410,25.4636016577533,12.38,1,CPTAC,CPTAC,,,,,18.26706456372495,18.26706456372495,CHEMBL1079742,CHEMBL203,IC50,70.0,nM,7.154901959985743
C3N-01410,25.4636016577533,12.38,1,CPTAC,CPTAC,,,,,18.26706456372495,18.26706456372495,CHEMBL941,CHEMBL203,IC50,0.11,nM,9.958607314841775
C3N-01410,25.4636016577533,12.38,1,CPTAC,CPTAC,,,,,18.26706456372495,18.26706456372495,CHEMBL1079742,CHEMBL203,IC50,2.0,nM,8.698970004336019
C3N-01413,25.5106660402709,13.44,1,CPTAC,CPTAC,,,,,,,CHEMBL941,CHEMBL203,IC50,100000.0,nM,4.0
C3N-01413,25.5106660402709,13.44,1,CPTAC,CPTAC,,,,,,,CHEMBL941,CHEMBL203,Kd,10000.0,nM,5.0
C3N-01413,25.5106660402709,13.44,1,CPTAC,CPTAC,,,,,,,CHEMBL941,CHEMBL203,Kd,10000.0,nM,5.0
C3N-01413,25.5106660402709,13.44,1,CPTAC,CPTAC,,,,,,,CHEMBL941,CHEMBL203,Kd,10000.0,nM,5.0
C3N-01413,25.5106660402709,13.44,1,CPTAC,CPTAC,,,,,,,CHEMBL941,CHEMBL203,Kd,10000.0,nM,5.0
C3N-01413,25.5106660402709,13.44,1,CPTAC,CPTAC,,,,,,,CHEMBL941,CHEMBL203,Kd,7600.0,nM,5.119186407719209
C3N-01413,25.5106660402709,13.44,1,CPTAC,CPTAC,,,,,,,CHEMBL941,CHEMBL203,Kd,10000.0,nM,5.0
C3N-01413,25.5106660402709,13.44,1,CPTAC,CPTAC,,,,,,,CHEMBL941,CHEMBL203,Kd,10000.0,nM,5.0
C3N-01413,25.5106660402709,13.44,1,CPTAC,CPTAC,,,,,,,CHEMBL941,CHEMBL203,Kd,10000.0,nM,5.0
C3N-01413,25.5106660402709,13.44,1,CPTAC,CPTAC,,,,,,,CHEMBL941,CHEMBL203,Kd,10000.0,nM,5.0
C3N-01413,25.5106660402709,13.44,1,CPTAC,CPTAC,,,,,,,CHEMBL941,CHEMBL203,Kd,10000.0,nM,5.0
C3N-01413,25.5106660402709,13.44,1,CPTAC,CPTAC,,,,,,,CHEMBL1079742,CHEMBL203,IC50,420.0,nM,6.376750709602099
C3N-01413,25.5106660402709,13.44,1,CPTAC,CPTAC,,,,,,,CHEMBL1079742,CHEMBL203,IC50,15.0,nM,7.823908740944319
C3N-01413,25.5106660402709,13.44,1,CPTAC,CPTAC,,,,,,,CHEMBL941,CHEMBL203,Kd,10000.0,nM,5.0
C3N-01413,25.5106660402709,13.44,1,CPTAC,CPTAC,,,,,,,CHEMBL941,CHEMBL203,Kd,10000.0,nM,5.0
C3N-01413,25.5106660402709,13.44,1,CPTAC,CPTAC,,,,,,,CHEMBL941,CHEMBL203,Kd,10000.0,nM,5.0
C3N-01413,25.5106660402709,13.44,1,CPTAC,CPTAC,,,,,,,CHEMBL941,CHEMBL203,Kd,10000.0,nM,5.0
C3N-01413,25.5106660402709,13.44,1,CPTAC,CPTAC,,,,,,,CHEMBL941,CHEMBL203,Kd,7600.0,nM,5.119186407719209
C3N-01413,25.5106660402709,13.44,1,CPTAC,CPTAC,,,,,,,CHEMBL941,CHEMBL203,Kd,10000.0,nM,5.0
C3N-01413,25.5106660402709,13.44,1,CPTAC,CPTAC,,,,,,,CHEMBL941,CHEMBL203,Kd,10000.0,nM,5.0
C3N-01413,25.5106660402709,13.44,1,CPTAC,CPTAC,,,,,,,CHEMBL941,CHEMBL203,Kd,10000.0,nM,5.0
C3N-01413,25.5106660402709,13.44,1,CPTAC,CPTAC,,,,,,,CHEMBL941,CHEMBL203,Kd,10000.0,nM,5.0
C3N-01413,25.5106660402709,13.44,1,CPTAC,CPTAC,,,,,,,CHEMBL941,CHEMBL203,Kd,10000.0,nM,5.0
C3N-01413,25.5106660402709,13.44,1,CPTAC,CPTAC,,,,,,,CHEMBL941,CHEMBL203,Kd,10000.0,nM,5.0
C3N-01413,25.5106660402709,13.44,1,CPTAC,CPTAC,,,,,,,CHEMBL941,CHEMBL203,Kd,10000.0,nM,5.0
C3N-01413,25.5106660402709,13.44,1,CPTAC,CPTAC,,,,,,,CHEMBL941,CHEMBL203,Kd,30000.0,nM,4.522878745280337
C3N-01413,25.5106660402709,13.44,1,CPTAC,CPTAC,,,,,,,CHEMBL1079742,CHEMBL203,IC50,70.0,nM,7.154901959985743
C3N-01413,25.5106660402709,13.44,1,CPTAC,CPTAC,,,,,,,CHEMBL941,CHEMBL203,IC50,0.11,nM,9.958607314841775
C3N-01413,25.5106660402709,13.44,1,CPTAC,CPTAC,,,,,,,CHEMBL1079742,CHEMBL203,IC50,2.0,nM,8.698970004336019
C3N-01414,25.1925911500859,11.96,1,CPTAC,CPTAC,,,16.715376315681198,,18.6298796038158,17.6726279597485,CHEMBL941,CHEMBL203,IC50,100000.0,nM,4.0
C3N-01414,25.1925911500859,11.96,1,CPTAC,CPTAC,,,16.715376315681198,,18.6298796038158,17.6726279597485,CHEMBL941,CHEMBL203,Kd,10000.0,nM,5.0
C3N-01414,25.1925911500859,11.96,1,CPTAC,CPTAC,,,16.715376315681198,,18.6298796038158,17.6726279597485,CHEMBL941,CHEMBL203,Kd,10000.0,nM,5.0
C3N-01414,25.1925911500859,11.96,1,CPTAC,CPTAC,,,16.715376315681198,,18.6298796038158,17.6726279597485,CHEMBL941,CHEMBL203,Kd,10000.0,nM,5.0
C3N-01414,25.1925911500859,11.96,1,CPTAC,CPTAC,,,16.715376315681198,,18.6298796038158,17.6726279597485,CHEMBL941,CHEMBL203,Kd,10000.0,nM,5.0
C3N-01414,25.1925911500859,11.96,1,CPTAC,CPTAC,,,16.715376315681198,,18.6298796038158,17.6726279597485,CHEMBL941,CHEMBL203,Kd,7600.0,nM,5.119186407719209
C3N-01414,25.1925911500859,11.96,1,CPTAC,CPTAC,,,16.715376315681198,,18.6298796038158,17.6726279597485,CHEMBL941,CHEMBL203,Kd,10000.0,nM,5.0
C3N-01414,25.1925911500859,11.96,1,CPTAC,CPTAC,,,16.715376315681198,,18.6298796038158,17.6726279597485,CHEMBL941,CHEMBL203,Kd,10000.0,nM,5.0
C3N-01414,25.1925911500859,11.96,1,CPTAC,CPTAC,,,16.715376315681198,,18.6298796038158,17.6726279597485,CHEMBL941,CHEMBL203,Kd,10000.0,nM,5.0
C3N-01414,25.1925911500859,11.96,1,CPTAC,CPTAC,,,16.715376315681198,,18.6298796038158,17.6726279597485,CHEMBL941,CHEMBL203,Kd,10000.0,nM,5.0
C3N-01414,25.1925911500859,11.96,1,CPTAC,CPTAC,,,16.715376315681198,,18.6298796038158,17.6726279597485,CHEMBL941,CHEMBL203,Kd,10000.0,nM,5.0
C3N-01414,25.1925911500859,11.96,1,CPTAC,CPTAC,,,16.715376315681198,,18.6298796038158,17.6726279597485,CHEMBL1079742,CHEMBL203,IC50,420.0,nM,6.376750709602099
C3N-01414,25.1925911500859,11.96,1,CPTAC,CPTAC,,,16.715376315681198,,18.6298796038158,17.6726279597485,CHEMBL1079742,CHEMBL203,IC50,15.0,nM,7.823908740944319
C3N-01414,25.1925911500859,11.96,1,CPTAC,CPTAC,,,16.715376315681198,,18.6298796038158,17.6726279597485,CHEMBL941,CHEMBL203,Kd,10000.0,nM,5.0
C3N-01414,25.1925911500859,11.96,1,CPTAC,CPTAC,,,16.715376315681198,,18.6298796038158,17.6726279597485,CHEMBL941,CHEMBL203,Kd,10000.0,nM,5.0
C3N-01414,25.1925911500859,11.96,1,CPTAC,CPTAC,,,16.715376315681198,,18.6298796038158,17.6726279597485,CHEMBL941,CHEMBL203,Kd,10000.0,nM,5.0
C3N-01414,25.1925911500859,11.96,1,CPTAC,CPTAC,,,16.715376315681198,,18.6298796038158,17.6726279597485,CHEMBL941,CHEMBL203,Kd,10000.0,nM,5.0
C3N-01414,25.1925911500859,11.96,1,CPTAC,CPTAC,,,16.715376315681198,,18.6298796038158,17.6726279597485,CHEMBL941,CHEMBL203,Kd,7600.0,nM,5.119186407719209
C3N-01414,25.1925911500859,11.96,1,CPTAC,CPTAC,,,16.715376315681198,,18.6298796038158,17.6726279597485,CHEMBL941,CHEMBL203,Kd,10000.0,nM,5.0
C3N-01414,25.1925911500859,11.96,1,CPTAC,CPTAC,,,16.715376315681198,,18.6298796038158,17.6726279597485,CHEMBL941,CHEMBL203,Kd,10000.0,nM,5.0
C3N-01414,25.1925911500859,11.96,1,CPTAC,CPTAC,,,16.715376315681198,,18.6298796038158,17.6726279597485,CHEMBL941,CHEMBL203,Kd,10000.0,nM,5.0
C3N-01414,25.1925911500859,11.96,1,CPTAC,CPTAC,,,16.715376315681198,,18.6298796038158,17.6726279597485,CHEMBL941,CHEMBL203,Kd,10000.0,nM,5.0
C3N-01414,25.1925911500859,11.96,1,CPTAC,CPTAC,,,16.715376315681198,,18.6298796038158,17.6726279597485,CHEMBL941,CHEMBL203,Kd,10000.0,nM,5.0
C3N-01414,25.1925911500859,11.96,1,CPTAC,CPTAC,,,16.715376315681198,,18.6298796038158,17.6726279597485,CHEMBL941,CHEMBL203,Kd,10000.0,nM,5.0
C3N-01414,25.1925911500859,11.96,1,CPTAC,CPTAC,,,16.715376315681198,,18.6298796038158,17.6726279597485,CHEMBL941,CHEMBL203,Kd,10000.0,nM,5.0
C3N-01414,25.1925911500859,11.96,1,CPTAC,CPTAC,,,16.715376315681198,,18.6298796038158,17.6726279597485,CHEMBL941,CHEMBL203,Kd,30000.0,nM,4.522878745280337
C3N-01414,25.1925911500859,11.96,1,CPTAC,CPTAC,,,16.715376315681198,,18.6298796038158,17.6726279597485,CHEMBL1079742,CHEMBL203,IC50,70.0,nM,7.154901959985743
C3N-01414,25.1925911500859,11.96,1,CPTAC,CPTAC,,,16.715376315681198,,18.6298796038158,17.6726279597485,CHEMBL941,CHEMBL203,IC50,0.11,nM,9.958607314841775
C3N-01414,25.1925911500859,11.96,1,CPTAC,CPTAC,,,16.715376315681198,,18.6298796038158,17.6726279597485,CHEMBL1079742,CHEMBL203,IC50,2.0,nM,8.698970004336019
C3N-01415,27.1873355673688,14.53,1,CPTAC,CPTAC,,,18.465072433143952,,,18.465072433143952,CHEMBL941,CHEMBL203,IC50,100000.0,nM,4.0
C3N-01415,27.1873355673688,14.53,1,CPTAC,CPTAC,,,18.465072433143952,,,18.465072433143952,CHEMBL941,CHEMBL203,Kd,10000.0,nM,5.0
C3N-01415,27.1873355673688,14.53,1,CPTAC,CPTAC,,,18.465072433143952,,,18.465072433143952,CHEMBL941,CHEMBL203,Kd,10000.0,nM,5.0
C3N-01415,27.1873355673688,14.53,1,CPTAC,CPTAC,,,18.465072433143952,,,18.465072433143952,CHEMBL941,CHEMBL203,Kd,10000.0,nM,5.0
C3N-01415,27.1873355673688,14.53,1,CPTAC,CPTAC,,,18.465072433143952,,,18.465072433143952,CHEMBL941,CHEMBL203,Kd,10000.0,nM,5.0
C3N-01415,27.1873355673688,14.53,1,CPTAC,CPTAC,,,18.465072433143952,,,18.465072433143952,CHEMBL941,CHEMBL203,Kd,7600.0,nM,5.119186407719209
C3N-01415,27.1873355673688,14.53,1,CPTAC,CPTAC,,,18.465072433143952,,,18.465072433143952,CHEMBL941,CHEMBL203,Kd,10000.0,nM,5.0
C3N-01415,27.1873355673688,14.53,1,CPTAC,CPTAC,,,18.465072433143952,,,18.465072433143952,CHEMBL941,CHEMBL203,Kd,10000.0,nM,5.0
C3N-01415,27.1873355673688,14.53,1,CPTAC,CPTAC,,,18.465072433143952,,,18.465072433143952,CHEMBL941,CHEMBL203,Kd,10000.0,nM,5.0
C3N-01415,27.1873355673688,14.53,1,CPTAC,CPTAC,,,18.465072433143952,,,18.465072433143952,CHEMBL941,CHEMBL203,Kd,10000.0,nM,5.0
C3N-01415,27.1873355673688,14.53,1,CPTAC,CPTAC,,,18.465072433143952,,,18.465072433143952,CHEMBL941,CHEMBL203,Kd,10000.0,nM,5.0
C3N-01415,27.1873355673688,14.53,1,CPTAC,CPTAC,,,18.465072433143952,,,18.465072433143952,CHEMBL1079742,CHEMBL203,IC50,420.0,nM,6.376750709602099
C3N-01415,27.1873355673688,14.53,1,CPTAC,CPTAC,,,18.465072433143952,,,18.465072433143952,CHEMBL1079742,CHEMBL203,IC50,15.0,nM,7.823908740944319
C3N-01415,27.1873355673688,14.53,1,CPTAC,CPTAC,,,18.465072433143952,,,18.465072433143952,CHEMBL941,CHEMBL203,Kd,10000.0,nM,5.0
C3N-01415,27.1873355673688,14.53,1,CPTAC,CPTAC,,,18.465072433143952,,,18.465072433143952,CHEMBL941,CHEMBL203,Kd,10000.0,nM,5.0
C3N-01415,27.1873355673688,14.53,1,CPTAC,CPTAC,,,18.465072433143952,,,18.465072433143952,CHEMBL941,CHEMBL203,Kd,10000.0,nM,5.0
C3N-01415,27.1873355673688,14.53,1,CPTAC,CPTAC,,,18.465072433143952,,,18.465072433143952,CHEMBL941,CHEMBL203,Kd,10000.0,nM,5.0
C3N-01415,27.1873355673688,14.53,1,CPTAC,CPTAC,,,18.465072433143952,,,18.465072433143952,CHEMBL941,CHEMBL203,Kd,7600.0,nM,5.119186407719209
C3N-01415,27.1873355673688,14.53,1,CPTAC,CPTAC,,,18.465072433143952,,,18.465072433143952,CHEMBL941,CHEMBL203,Kd,10000.0,nM,5.0
C3N-01415,27.1873355673688,14.53,1,CPTAC,CPTAC,,,18.465072433143952,,,18.465072433143952,CHEMBL941,CHEMBL203,Kd,10000.0,nM,5.0
C3N-01415,27.1873355673688,14.53,1,CPTAC,CPTAC,,,18.465072433143952,,,18.465072433143952,CHEMBL941,CHEMBL203,Kd,10000.0,nM,5.0
C3N-01415,27.1873355673688,14.53,1,CPTAC,CPTAC,,,18.465072433143952,,,18.465072433143952,CHEMBL941,CHEMBL203,Kd,10000.0,nM,5.0
C3N-01415,27.1873355673688,14.53,1,CPTAC,CPTAC,,,18.465072433143952,,,18.465072433143952,CHEMBL941,CHEMBL203,Kd,10000.0,nM,5.0
C3N-01415,27.1873355673688,14.53,1,CPTAC,CPTAC,,,18.465072433143952,,,18.465072433143952,CHEMBL941,CHEMBL203,Kd,10000.0,nM,5.0
C3N-01415,27.1873355673688,14.53,1,CPTAC,CPTAC,,,18.465072433143952,,,18.465072433143952,CHEMBL941,CHEMBL203,Kd,10000.0,nM,5.0
C3N-01415,27.1873355673688,14.53,1,CPTAC,CPTAC,,,18.465072433143952,,,18.465072433143952,CHEMBL941,CHEMBL203,Kd,30000.0,nM,4.522878745280337
C3N-01415,27.1873355673688,14.53,1,CPTAC,CPTAC,,,18.465072433143952,,,18.465072433143952,CHEMBL1079742,CHEMBL203,IC50,70.0,nM,7.154901959985743
C3N-01415,27.1873355673688,14.53,1,CPTAC,CPTAC,,,18.465072433143952,,,18.465072433143952,CHEMBL941,CHEMBL203,IC50,0.11,nM,9.958607314841775
C3N-01415,27.1873355673688,14.53,1,CPTAC,CPTAC,,,18.465072433143952,,,18.465072433143952,CHEMBL1079742,CHEMBL203,IC50,2.0,nM,8.698970004336019
C3N-01416,26.1477894762281,13.74,1,CPTAC,CPTAC,,,,,18.67756894987355,18.67756894987355,CHEMBL941,CHEMBL203,IC50,100000.0,nM,4.0
C3N-01416,26.1477894762281,13.74,1,CPTAC,CPTAC,,,,,18.67756894987355,18.67756894987355,CHEMBL941,CHEMBL203,Kd,10000.0,nM,5.0
C3N-01416,26.1477894762281,13.74,1,CPTAC,CPTAC,,,,,18.67756894987355,18.67756894987355,CHEMBL941,CHEMBL203,Kd,10000.0,nM,5.0
C3N-01416,26.1477894762281,13.74,1,CPTAC,CPTAC,,,,,18.67756894987355,18.67756894987355,CHEMBL941,CHEMBL203,Kd,10000.0,nM,5.0
C3N-01416,26.1477894762281,13.74,1,CPTAC,CPTAC,,,,,18.67756894987355,18.67756894987355,CHEMBL941,CHEMBL203,Kd,10000.0,nM,5.0
C3N-01416,26.1477894762281,13.74,1,CPTAC,CPTAC,,,,,18.67756894987355,18.67756894987355,CHEMBL941,CHEMBL203,Kd,7600.0,nM,5.119186407719209
C3N-01416,26.1477894762281,13.74,1,CPTAC,CPTAC,,,,,18.67756894987355,18.67756894987355,CHEMBL941,CHEMBL203,Kd,10000.0,nM,5.0
C3N-01416,26.1477894762281,13.74,1,CPTAC,CPTAC,,,,,18.67756894987355,18.67756894987355,CHEMBL941,CHEMBL203,Kd,10000.0,nM,5.0
C3N-01416,26.1477894762281,13.74,1,CPTAC,CPTAC,,,,,18.67756894987355,18.67756894987355,CHEMBL941,CHEMBL203,Kd,10000.0,nM,5.0
C3N-01416,26.1477894762281,13.74,1,CPTAC,CPTAC,,,,,18.67756894987355,18.67756894987355,CHEMBL941,CHEMBL203,Kd,10000.0,nM,5.0
C3N-01416,26.1477894762281,13.74,1,CPTAC,CPTAC,,,,,18.67756894987355,18.67756894987355,CHEMBL941,CHEMBL203,Kd,10000.0,nM,5.0
C3N-01416,26.1477894762281,13.74,1,CPTAC,CPTAC,,,,,18.67756894987355,18.67756894987355,CHEMBL1079742,CHEMBL203,IC50,420.0,nM,6.376750709602099
C3N-01416,26.1477894762281,13.74,1,CPTAC,CPTAC,,,,,18.67756894987355,18.67756894987355,CHEMBL1079742,CHEMBL203,IC50,15.0,nM,7.823908740944319
C3N-01416,26.1477894762281,13.74,1,CPTAC,CPTAC,,,,,18.67756894987355,18.67756894987355,CHEMBL941,CHEMBL203,Kd,10000.0,nM,5.0
C3N-01416,26.1477894762281,13.74,1,CPTAC,CPTAC,,,,,18.67756894987355,18.67756894987355,CHEMBL941,CHEMBL203,Kd,10000.0,nM,5.0
C3N-01416,26.1477894762281,13.74,1,CPTAC,CPTAC,,,,,18.67756894987355,18.67756894987355,CHEMBL941,CHEMBL203,Kd,10000.0,nM,5.0
C3N-01416,26.1477894762281,13.74,1,CPTAC,CPTAC,,,,,18.67756894987355,18.67756894987355,CHEMBL941,CHEMBL203,Kd,10000.0,nM,5.0
C3N-01416,26.1477894762281,13.74,1,CPTAC,CPTAC,,,,,18.67756894987355,18.67756894987355,CHEMBL941,CHEMBL203,Kd,7600.0,nM,5.119186407719209
C3N-01416,26.1477894762281,13.74,1,CPTAC,CPTAC,,,,,18.67756894987355,18.67756894987355,CHEMBL941,CHEMBL203,Kd,10000.0,nM,5.0
C3N-01416,26.1477894762281,13.74,1,CPTAC,CPTAC,,,,,18.67756894987355,18.67756894987355,CHEMBL941,CHEMBL203,Kd,10000.0,nM,5.0
C3N-01416,26.1477894762281,13.74,1,CPTAC,CPTAC,,,,,18.67756894987355,18.67756894987355,CHEMBL941,CHEMBL203,Kd,10000.0,nM,5.0
C3N-01416,26.1477894762281,13.74,1,CPTAC,CPTAC,,,,,18.67756894987355,18.67756894987355,CHEMBL941,CHEMBL203,Kd,10000.0,nM,5.0
C3N-01416,26.1477894762281,13.74,1,CPTAC,CPTAC,,,,,18.67756894987355,18.67756894987355,CHEMBL941,CHEMBL203,Kd,10000.0,nM,5.0
C3N-01416,26.1477894762281,13.74,1,CPTAC,CPTAC,,,,,18.67756894987355,18.67756894987355,CHEMBL941,CHEMBL203,Kd,10000.0,nM,5.0
C3N-01416,26.1477894762281,13.74,1,CPTAC,CPTAC,,,,,18.67756894987355,18.67756894987355,CHEMBL941,CHEMBL203,Kd,10000.0,nM,5.0
C3N-01416,26.1477894762281,13.74,1,CPTAC,CPTAC,,,,,18.67756894987355,18.67756894987355,CHEMBL941,CHEMBL203,Kd,30000.0,nM,4.522878745280337
C3N-01416,26.1477894762281,13.74,1,CPTAC,CPTAC,,,,,18.67756894987355,18.67756894987355,CHEMBL1079742,CHEMBL203,IC50,70.0,nM,7.154901959985743
C3N-01416,26.1477894762281,13.74,1,CPTAC,CPTAC,,,,,18.67756894987355,18.67756894987355,CHEMBL941,CHEMBL203,IC50,0.11,nM,9.958607314841775
C3N-01416,26.1477894762281,13.74,1,CPTAC,CPTAC,,,,,18.67756894987355,18.67756894987355,CHEMBL1079742,CHEMBL203,IC50,2.0,nM,8.698970004336019
C3N-01488,25.8924374777076,13.3,1,CPTAC,CPTAC,,,,,,,CHEMBL941,CHEMBL203,IC50,100000.0,nM,4.0
C3N-01488,25.8924374777076,13.3,1,CPTAC,CPTAC,,,,,,,CHEMBL941,CHEMBL203,Kd,10000.0,nM,5.0
C3N-01488,25.8924374777076,13.3,1,CPTAC,CPTAC,,,,,,,CHEMBL941,CHEMBL203,Kd,10000.0,nM,5.0
C3N-01488,25.8924374777076,13.3,1,CPTAC,CPTAC,,,,,,,CHEMBL941,CHEMBL203,Kd,10000.0,nM,5.0
C3N-01488,25.8924374777076,13.3,1,CPTAC,CPTAC,,,,,,,CHEMBL941,CHEMBL203,Kd,10000.0,nM,5.0
C3N-01488,25.8924374777076,13.3,1,CPTAC,CPTAC,,,,,,,CHEMBL941,CHEMBL203,Kd,7600.0,nM,5.119186407719209
C3N-01488,25.8924374777076,13.3,1,CPTAC,CPTAC,,,,,,,CHEMBL941,CHEMBL203,Kd,10000.0,nM,5.0
C3N-01488,25.8924374777076,13.3,1,CPTAC,CPTAC,,,,,,,CHEMBL941,CHEMBL203,Kd,10000.0,nM,5.0
C3N-01488,25.8924374777076,13.3,1,CPTAC,CPTAC,,,,,,,CHEMBL941,CHEMBL203,Kd,10000.0,nM,5.0
C3N-01488,25.8924374777076,13.3,1,CPTAC,CPTAC,,,,,,,CHEMBL941,CHEMBL203,Kd,10000.0,nM,5.0
C3N-01488,25.8924374777076,13.3,1,CPTAC,CPTAC,,,,,,,CHEMBL941,CHEMBL203,Kd,10000.0,nM,5.0
C3N-01488,25.8924374777076,13.3,1,CPTAC,CPTAC,,,,,,,CHEMBL1079742,CHEMBL203,IC50,420.0,nM,6.376750709602099
C3N-01488,25.8924374777076,13.3,1,CPTAC,CPTAC,,,,,,,CHEMBL1079742,CHEMBL203,IC50,15.0,nM,7.823908740944319
C3N-01488,25.8924374777076,13.3,1,CPTAC,CPTAC,,,,,,,CHEMBL941,CHEMBL203,Kd,10000.0,nM,5.0
C3N-01488,25.8924374777076,13.3,1,CPTAC,CPTAC,,,,,,,CHEMBL941,CHEMBL203,Kd,10000.0,nM,5.0
C3N-01488,25.8924374777076,13.3,1,CPTAC,CPTAC,,,,,,,CHEMBL941,CHEMBL203,Kd,10000.0,nM,5.0
C3N-01488,25.8924374777076,13.3,1,CPTAC,CPTAC,,,,,,,CHEMBL941,CHEMBL203,Kd,10000.0,nM,5.0
C3N-01488,25.8924374777076,13.3,1,CPTAC,CPTAC,,,,,,,CHEMBL941,CHEMBL203,Kd,7600.0,nM,5.119186407719209
C3N-01488,25.8924374777076,13.3,1,CPTAC,CPTAC,,,,,,,CHEMBL941,CHEMBL203,Kd,10000.0,nM,5.0
C3N-01488,25.8924374777076,13.3,1,CPTAC,CPTAC,,,,,,,CHEMBL941,CHEMBL203,Kd,10000.0,nM,5.0
C3N-01488,25.8924374777076,13.3,1,CPTAC,CPTAC,,,,,,,CHEMBL941,CHEMBL203,Kd,10000.0,nM,5.0
C3N-01488,25.8924374777076,13.3,1,CPTAC,CPTAC,,,,,,,CHEMBL941,CHEMBL203,Kd,10000.0,nM,5.0
C3N-01488,25.8924374777076,13.3,1,CPTAC,CPTAC,,,,,,,CHEMBL941,CHEMBL203,Kd,10000.0,nM,5.0
C3N-01488,25.8924374777076,13.3,1,CPTAC,CPTAC,,,,,,,CHEMBL941,CHEMBL203,Kd,10000.0,nM,5.0
C3N-01488,25.8924374777076,13.3,1,CPTAC,CPTAC,,,,,,,CHEMBL941,CHEMBL203,Kd,10000.0,nM,5.0
C3N-01488,25.8924374777076,13.3,1,CPTAC,CPTAC,,,,,,,CHEMBL941,CHEMBL203,Kd,30000.0,nM,4.522878745280337
C3N-01488,25.8924374777076,13.3,1,CPTAC,CPTAC,,,,,,,CHEMBL1079742,CHEMBL203,IC50,70.0,nM,7.154901959985743
C3N-01488,25.8924374777076,13.3,1,CPTAC,CPTAC,,,,,,,CHEMBL941,CHEMBL203,IC50,0.11,nM,9.958607314841775
C3N-01488,25.8924374777076,13.3,1,CPTAC,CPTAC,,,,,,,CHEMBL1079742,CHEMBL203,IC50,2.0,nM,8.698970004336019
C3N-01489,25.3649592833841,12.87,1,CPTAC,CPTAC,,,,,18.72364871818195,18.72364871818195,CHEMBL941,CHEMBL203,IC50,100000.0,nM,4.0
C3N-01489,25.3649592833841,12.87,1,CPTAC,CPTAC,,,,,18.72364871818195,18.72364871818195,CHEMBL941,CHEMBL203,Kd,10000.0,nM,5.0
C3N-01489,25.3649592833841,12.87,1,CPTAC,CPTAC,,,,,18.72364871818195,18.72364871818195,CHEMBL941,CHEMBL203,Kd,10000.0,nM,5.0
C3N-01489,25.3649592833841,12.87,1,CPTAC,CPTAC,,,,,18.72364871818195,18.72364871818195,CHEMBL941,CHEMBL203,Kd,10000.0,nM,5.0
C3N-01489,25.3649592833841,12.87,1,CPTAC,CPTAC,,,,,18.72364871818195,18.72364871818195,CHEMBL941,CHEMBL203,Kd,10000.0,nM,5.0
C3N-01489,25.3649592833841,12.87,1,CPTAC,CPTAC,,,,,18.72364871818195,18.72364871818195,CHEMBL941,CHEMBL203,Kd,7600.0,nM,5.119186407719209
C3N-01489,25.3649592833841,12.87,1,CPTAC,CPTAC,,,,,18.72364871818195,18.72364871818195,CHEMBL941,CHEMBL203,Kd,10000.0,nM,5.0
C3N-01489,25.3649592833841,12.87,1,CPTAC,CPTAC,,,,,18.72364871818195,18.72364871818195,CHEMBL941,CHEMBL203,Kd,10000.0,nM,5.0
C3N-01489,25.3649592833841,12.87,1,CPTAC,CPTAC,,,,,18.72364871818195,18.72364871818195,CHEMBL941,CHEMBL203,Kd,10000.0,nM,5.0
C3N-01489,25.3649592833841,12.87,1,CPTAC,CPTAC,,,,,18.72364871818195,18.72364871818195,CHEMBL941,CHEMBL203,Kd,10000.0,nM,5.0
C3N-01489,25.3649592833841,12.87,1,CPTAC,CPTAC,,,,,18.72364871818195,18.72364871818195,CHEMBL941,CHEMBL203,Kd,10000.0,nM,5.0
C3N-01489,25.3649592833841,12.87,1,CPTAC,CPTAC,,,,,18.72364871818195,18.72364871818195,CHEMBL1079742,CHEMBL203,IC50,420.0,nM,6.376750709602099
C3N-01489,25.3649592833841,12.87,1,CPTAC,CPTAC,,,,,18.72364871818195,18.72364871818195,CHEMBL1079742,CHEMBL203,IC50,15.0,nM,7.823908740944319
C3N-01489,25.3649592833841,12.87,1,CPTAC,CPTAC,,,,,18.72364871818195,18.72364871818195,CHEMBL941,CHEMBL203,Kd,10000.0,nM,5.0
C3N-01489,25.3649592833841,12.87,1,CPTAC,CPTAC,,,,,18.72364871818195,18.72364871818195,CHEMBL941,CHEMBL203,Kd,10000.0,nM,5.0
C3N-01489,25.3649592833841,12.87,1,CPTAC,CPTAC,,,,,18.72364871818195,18.72364871818195,CHEMBL941,CHEMBL203,Kd,10000.0,nM,5.0
C3N-01489,25.3649592833841,12.87,1,CPTAC,CPTAC,,,,,18.72364871818195,18.72364871818195,CHEMBL941,CHEMBL203,Kd,10000.0,nM,5.0
C3N-01489,25.3649592833841,12.87,1,CPTAC,CPTAC,,,,,18.72364871818195,18.72364871818195,CHEMBL941,CHEMBL203,Kd,7600.0,nM,5.119186407719209
C3N-01489,25.3649592833841,12.87,1,CPTAC,CPTAC,,,,,18.72364871818195,18.72364871818195,CHEMBL941,CHEMBL203,Kd,10000.0,nM,5.0
C3N-01489,25.3649592833841,12.87,1,CPTAC,CPTAC,,,,,18.72364871818195,18.72364871818195,CHEMBL941,CHEMBL203,Kd,10000.0,nM,5.0
C3N-01489,25.3649592833841,12.87,1,CPTAC,CPTAC,,,,,18.72364871818195,18.72364871818195,CHEMBL941,CHEMBL203,Kd,10000.0,nM,5.0
C3N-01489,25.3649592833841,12.87,1,CPTAC,CPTAC,,,,,18.72364871818195,18.72364871818195,CHEMBL941,CHEMBL203,Kd,10000.0,nM,5.0
C3N-01489,25.3649592833841,12.87,1,CPTAC,CPTAC,,,,,18.72364871818195,18.72364871818195,CHEMBL941,CHEMBL203,Kd,10000.0,nM,5.0
C3N-01489,25.3649592833841,12.87,1,CPTAC,CPTAC,,,,,18.72364871818195,18.72364871818195,CHEMBL941,CHEMBL203,Kd,10000.0,nM,5.0
C3N-01489,25.3649592833841,12.87,1,CPTAC,CPTAC,,,,,18.72364871818195,18.72364871818195,CHEMBL941,CHEMBL203,Kd,10000.0,nM,5.0
C3N-01489,25.3649592833841,12.87,1,CPTAC,CPTAC,,,,,18.72364871818195,18.72364871818195,CHEMBL941,CHEMBL203,Kd,30000.0,nM,4.522878745280337
C3N-01489,25.3649592833841,12.87,1,CPTAC,CPTAC,,,,,18.72364871818195,18.72364871818195,CHEMBL1079742,CHEMBL203,IC50,70.0,nM,7.154901959985743
C3N-01489,25.3649592833841,12.87,1,CPTAC,CPTAC,,,,,18.72364871818195,18.72364871818195,CHEMBL941,CHEMBL203,IC50,0.11,nM,9.958607314841775
C3N-01489,25.3649592833841,12.87,1,CPTAC,CPTAC,,,,,18.72364871818195,18.72364871818195,CHEMBL1079742,CHEMBL203,IC50,2.0,nM,8.698970004336019
C3N-01799,24.9735254804085,13.19,1,CPTAC,CPTAC,,,,,,,CHEMBL941,CHEMBL203,IC50,100000.0,nM,4.0
C3N-01799,24.9735254804085,13.19,1,CPTAC,CPTAC,,,,,,,CHEMBL941,CHEMBL203,Kd,10000.0,nM,5.0
C3N-01799,24.9735254804085,13.19,1,CPTAC,CPTAC,,,,,,,CHEMBL941,CHEMBL203,Kd,10000.0,nM,5.0
C3N-01799,24.9735254804085,13.19,1,CPTAC,CPTAC,,,,,,,CHEMBL941,CHEMBL203,Kd,10000.0,nM,5.0
C3N-01799,24.9735254804085,13.19,1,CPTAC,CPTAC,,,,,,,CHEMBL941,CHEMBL203,Kd,10000.0,nM,5.0
C3N-01799,24.9735254804085,13.19,1,CPTAC,CPTAC,,,,,,,CHEMBL941,CHEMBL203,Kd,7600.0,nM,5.119186407719209
C3N-01799,24.9735254804085,13.19,1,CPTAC,CPTAC,,,,,,,CHEMBL941,CHEMBL203,Kd,10000.0,nM,5.0
C3N-01799,24.9735254804085,13.19,1,CPTAC,CPTAC,,,,,,,CHEMBL941,CHEMBL203,Kd,10000.0,nM,5.0
C3N-01799,24.9735254804085,13.19,1,CPTAC,CPTAC,,,,,,,CHEMBL941,CHEMBL203,Kd,10000.0,nM,5.0
C3N-01799,24.9735254804085,13.19,1,CPTAC,CPTAC,,,,,,,CHEMBL941,CHEMBL203,Kd,10000.0,nM,5.0
C3N-01799,24.9735254804085,13.19,1,CPTAC,CPTAC,,,,,,,CHEMBL941,CHEMBL203,Kd,10000.0,nM,5.0
C3N-01799,24.9735254804085,13.19,1,CPTAC,CPTAC,,,,,,,CHEMBL1079742,CHEMBL203,IC50,420.0,nM,6.376750709602099
C3N-01799,24.9735254804085,13.19,1,CPTAC,CPTAC,,,,,,,CHEMBL1079742,CHEMBL203,IC50,15.0,nM,7.823908740944319
C3N-01799,24.9735254804085,13.19,1,CPTAC,CPTAC,,,,,,,CHEMBL941,CHEMBL203,Kd,10000.0,nM,5.0
C3N-01799,24.9735254804085,13.19,1,CPTAC,CPTAC,,,,,,,CHEMBL941,CHEMBL203,Kd,10000.0,nM,5.0
C3N-01799,24.9735254804085,13.19,1,CPTAC,CPTAC,,,,,,,CHEMBL941,CHEMBL203,Kd,10000.0,nM,5.0
C3N-01799,24.9735254804085,13.19,1,CPTAC,CPTAC,,,,,,,CHEMBL941,CHEMBL203,Kd,10000.0,nM,5.0
C3N-01799,24.9735254804085,13.19,1,CPTAC,CPTAC,,,,,,,CHEMBL941,CHEMBL203,Kd,7600.0,nM,5.119186407719209
C3N-01799,24.9735254804085,13.19,1,CPTAC,CPTAC,,,,,,,CHEMBL941,CHEMBL203,Kd,10000.0,nM,5.0
C3N-01799,24.9735254804085,13.19,1,CPTAC,CPTAC,,,,,,,CHEMBL941,CHEMBL203,Kd,10000.0,nM,5.0
C3N-01799,24.9735254804085,13.19,1,CPTAC,CPTAC,,,,,,,CHEMBL941,CHEMBL203,Kd,10000.0,nM,5.0
C3N-01799,24.9735254804085,13.19,1,CPTAC,CPTAC,,,,,,,CHEMBL941,CHEMBL203,Kd,10000.0,nM,5.0
C3N-01799,24.9735254804085,13.19,1,CPTAC,CPTAC,,,,,,,CHEMBL941,CHEMBL203,Kd,10000.0,nM,5.0
C3N-01799,24.9735254804085,13.19,1,CPTAC,CPTAC,,,,,,,CHEMBL941,CHEMBL203,Kd,10000.0,nM,5.0
C3N-01799,24.9735254804085,13.19,1,CPTAC,CPTAC,,,,,,,CHEMBL941,CHEMBL203,Kd,10000.0,nM,5.0
C3N-01799,24.9735254804085,13.19,1,CPTAC,CPTAC,,,,,,,CHEMBL941,CHEMBL203,Kd,30000.0,nM,4.522878745280337
C3N-01799,24.9735254804085,13.19,1,CPTAC,CPTAC,,,,,,,CHEMBL1079742,CHEMBL203,IC50,70.0,nM,7.154901959985743
C3N-01799,24.9735254804085,13.19,1,CPTAC,CPTAC,,,,,,,CHEMBL941,CHEMBL203,IC50,0.11,nM,9.958607314841775
C3N-01799,24.9735254804085,13.19,1,CPTAC,CPTAC,,,,,,,CHEMBL1079742,CHEMBL203,IC50,2.0,nM,8.698970004336019
C3N-01823,25.1618930074769,12.65,1,CPTAC,CPTAC,,,17.871326806181898,,,17.871326806181898,CHEMBL941,CHEMBL203,IC50,100000.0,nM,4.0
C3N-01823,25.1618930074769,12.65,1,CPTAC,CPTAC,,,17.871326806181898,,,17.871326806181898,CHEMBL941,CHEMBL203,Kd,10000.0,nM,5.0
C3N-01823,25.1618930074769,12.65,1,CPTAC,CPTAC,,,17.871326806181898,,,17.871326806181898,CHEMBL941,CHEMBL203,Kd,10000.0,nM,5.0
C3N-01823,25.1618930074769,12.65,1,CPTAC,CPTAC,,,17.871326806181898,,,17.871326806181898,CHEMBL941,CHEMBL203,Kd,10000.0,nM,5.0
C3N-01823,25.1618930074769,12.65,1,CPTAC,CPTAC,,,17.871326806181898,,,17.871326806181898,CHEMBL941,CHEMBL203,Kd,10000.0,nM,5.0
C3N-01823,25.1618930074769,12.65,1,CPTAC,CPTAC,,,17.871326806181898,,,17.871326806181898,CHEMBL941,CHEMBL203,Kd,7600.0,nM,5.119186407719209
C3N-01823,25.1618930074769,12.65,1,CPTAC,CPTAC,,,17.871326806181898,,,17.871326806181898,CHEMBL941,CHEMBL203,Kd,10000.0,nM,5.0
C3N-01823,25.1618930074769,12.65,1,CPTAC,CPTAC,,,17.871326806181898,,,17.871326806181898,CHEMBL941,CHEMBL203,Kd,10000.0,nM,5.0
C3N-01823,25.1618930074769,12.65,1,CPTAC,CPTAC,,,17.871326806181898,,,17.871326806181898,CHEMBL941,CHEMBL203,Kd,10000.0,nM,5.0
C3N-01823,25.1618930074769,12.65,1,CPTAC,CPTAC,,,17.871326806181898,,,17.871326806181898,CHEMBL941,CHEMBL203,Kd,10000.0,nM,5.0
C3N-01823,25.1618930074769,12.65,1,CPTAC,CPTAC,,,17.871326806181898,,,17.871326806181898,CHEMBL941,CHEMBL203,Kd,10000.0,nM,5.0
C3N-01823,25.1618930074769,12.65,1,CPTAC,CPTAC,,,17.871326806181898,,,17.871326806181898,CHEMBL1079742,CHEMBL203,IC50,420.0,nM,6.376750709602099
C3N-01823,25.1618930074769,12.65,1,CPTAC,CPTAC,,,17.871326806181898,,,17.871326806181898,CHEMBL1079742,CHEMBL203,IC50,15.0,nM,7.823908740944319
C3N-01823,25.1618930074769,12.65,1,CPTAC,CPTAC,,,17.871326806181898,,,17.871326806181898,CHEMBL941,CHEMBL203,Kd,10000.0,nM,5.0
C3N-01823,25.1618930074769,12.65,1,CPTAC,CPTAC,,,17.871326806181898,,,17.871326806181898,CHEMBL941,CHEMBL203,Kd,10000.0,nM,5.0
C3N-01823,25.1618930074769,12.65,1,CPTAC,CPTAC,,,17.871326806181898,,,17.871326806181898,CHEMBL941,CHEMBL203,Kd,10000.0,nM,5.0
C3N-01823,25.1618930074769,12.65,1,CPTAC,CPTAC,,,17.871326806181898,,,17.871326806181898,CHEMBL941,CHEMBL203,Kd,10000.0,nM,5.0
C3N-01823,25.1618930074769,12.65,1,CPTAC,CPTAC,,,17.871326806181898,,,17.871326806181898,CHEMBL941,CHEMBL203,Kd,7600.0,nM,5.119186407719209
C3N-01823,25.1618930074769,12.65,1,CPTAC,CPTAC,,,17.871326806181898,,,17.871326806181898,CHEMBL941,CHEMBL203,Kd,10000.0,nM,5.0
C3N-01823,25.1618930074769,12.65,1,CPTAC,CPTAC,,,17.871326806181898,,,17.871326806181898,CHEMBL941,CHEMBL203,Kd,10000.0,nM,5.0
C3N-01823,25.1618930074769,12.65,1,CPTAC,CPTAC,,,17.871326806181898,,,17.871326806181898,CHEMBL941,CHEMBL203,Kd,10000.0,nM,5.0
C3N-01823,25.1618930074769,12.65,1,CPTAC,CPTAC,,,17.871326806181898,,,17.871326806181898,CHEMBL941,CHEMBL203,Kd,10000.0,nM,5.0
C3N-01823,25.1618930074769,12.65,1,CPTAC,CPTAC,,,17.871326806181898,,,17.871326806181898,CHEMBL941,CHEMBL203,Kd,10000.0,nM,5.0
C3N-01823,25.1618930074769,12.65,1,CPTAC,CPTAC,,,17.871326806181898,,,17.871326806181898,CHEMBL941,CHEMBL203,Kd,10000.0,nM,5.0
C3N-01823,25.1618930074769,12.65,1,CPTAC,CPTAC,,,17.871326806181898,,,17.871326806181898,CHEMBL941,CHEMBL203,Kd,10000.0,nM,5.0
C3N-01823,25.1618930074769,12.65,1,CPTAC,CPTAC,,,17.871326806181898,,,17.871326806181898,CHEMBL941,CHEMBL203,Kd,30000.0,nM,4.522878745280337
C3N-01823,25.1618930074769,12.65,1,CPTAC,CPTAC,,,17.871326806181898,,,17.871326806181898,CHEMBL1079742,CHEMBL203,IC50,70.0,nM,7.154901959985743
C3N-01823,25.1618930074769,12.65,1,CPTAC,CPTAC,,,17.871326806181898,,,17.871326806181898,CHEMBL941,CHEMBL203,IC50,0.11,nM,9.958607314841775
C3N-01823,25.1618930074769,12.65,1,CPTAC,CPTAC,,,17.871326806181898,,,17.871326806181898,CHEMBL1079742,CHEMBL203,IC50,2.0,nM,8.698970004336019
C3N-01842,24.9959492310859,11.97,1,CPTAC,CPTAC,,,,,,,CHEMBL941,CHEMBL203,IC50,100000.0,nM,4.0
C3N-01842,24.9959492310859,11.97,1,CPTAC,CPTAC,,,,,,,CHEMBL941,CHEMBL203,Kd,10000.0,nM,5.0
C3N-01842,24.9959492310859,11.97,1,CPTAC,CPTAC,,,,,,,CHEMBL941,CHEMBL203,Kd,10000.0,nM,5.0
C3N-01842,24.9959492310859,11.97,1,CPTAC,CPTAC,,,,,,,CHEMBL941,CHEMBL203,Kd,10000.0,nM,5.0
C3N-01842,24.9959492310859,11.97,1,CPTAC,CPTAC,,,,,,,CHEMBL941,CHEMBL203,Kd,10000.0,nM,5.0
C3N-01842,24.9959492310859,11.97,1,CPTAC,CPTAC,,,,,,,CHEMBL941,CHEMBL203,Kd,7600.0,nM,5.119186407719209
C3N-01842,24.9959492310859,11.97,1,CPTAC,CPTAC,,,,,,,CHEMBL941,CHEMBL203,Kd,10000.0,nM,5.0
C3N-01842,24.9959492310859,11.97,1,CPTAC,CPTAC,,,,,,,CHEMBL941,CHEMBL203,Kd,10000.0,nM,5.0
C3N-01842,24.9959492310859,11.97,1,CPTAC,CPTAC,,,,,,,CHEMBL941,CHEMBL203,Kd,10000.0,nM,5.0
C3N-01842,24.9959492310859,11.97,1,CPTAC,CPTAC,,,,,,,CHEMBL941,CHEMBL203,Kd,10000.0,nM,5.0
C3N-01842,24.9959492310859,11.97,1,CPTAC,CPTAC,,,,,,,CHEMBL941,CHEMBL203,Kd,10000.0,nM,5.0
C3N-01842,24.9959492310859,11.97,1,CPTAC,CPTAC,,,,,,,CHEMBL1079742,CHEMBL203,IC50,420.0,nM,6.376750709602099
C3N-01842,24.9959492310859,11.97,1,CPTAC,CPTAC,,,,,,,CHEMBL1079742,CHEMBL203,IC50,15.0,nM,7.823908740944319
C3N-01842,24.9959492310859,11.97,1,CPTAC,CPTAC,,,,,,,CHEMBL941,CHEMBL203,Kd,10000.0,nM,5.0
C3N-01842,24.9959492310859,11.97,1,CPTAC,CPTAC,,,,,,,CHEMBL941,CHEMBL203,Kd,10000.0,nM,5.0
C3N-01842,24.9959492310859,11.97,1,CPTAC,CPTAC,,,,,,,CHEMBL941,CHEMBL203,Kd,10000.0,nM,5.0
C3N-01842,24.9959492310859,11.97,1,CPTAC,CPTAC,,,,,,,CHEMBL941,CHEMBL203,Kd,10000.0,nM,5.0
C3N-01842,24.9959492310859,11.97,1,CPTAC,CPTAC,,,,,,,CHEMBL941,CHEMBL203,Kd,7600.0,nM,5.119186407719209
C3N-01842,24.9959492310859,11.97,1,CPTAC,CPTAC,,,,,,,CHEMBL941,CHEMBL203,Kd,10000.0,nM,5.0
C3N-01842,24.9959492310859,11.97,1,CPTAC,CPTAC,,,,,,,CHEMBL941,CHEMBL203,Kd,10000.0,nM,5.0
C3N-01842,24.9959492310859,11.97,1,CPTAC,CPTAC,,,,,,,CHEMBL941,CHEMBL203,Kd,10000.0,nM,5.0
C3N-01842,24.9959492310859,11.97,1,CPTAC,CPTAC,,,,,,,CHEMBL941,CHEMBL203,Kd,10000.0,nM,5.0
C3N-01842,24.9959492310859,11.97,1,CPTAC,CPTAC,,,,,,,CHEMBL941,CHEMBL203,Kd,10000.0,nM,5.0
C3N-01842,24.9959492310859,11.97,1,CPTAC,CPTAC,,,,,,,CHEMBL941,CHEMBL203,Kd,10000.0,nM,5.0
C3N-01842,24.9959492310859,11.97,1,CPTAC,CPTAC,,,,,,,CHEMBL941,CHEMBL203,Kd,10000.0,nM,5.0
C3N-01842,24.9959492310859,11.97,1,CPTAC,CPTAC,,,,,,,CHEMBL941,CHEMBL203,Kd,30000.0,nM,4.522878745280337
C3N-01842,24.9959492310859,11.97,1,CPTAC,CPTAC,,,,,,,CHEMBL1079742,CHEMBL203,IC50,70.0,nM,7.154901959985743
C3N-01842,24.9959492310859,11.97,1,CPTAC,CPTAC,,,,,,,CHEMBL941,CHEMBL203,IC50,0.11,nM,9.958607314841775
C3N-01842,24.9959492310859,11.97,1,CPTAC,CPTAC,,,,,,,CHEMBL1079742,CHEMBL203,IC50,2.0,nM,8.698970004336019
C3N-02000,26.195880435536,14.25,1,CPTAC,CPTAC,,,,,19.41341415755525,19.41341415755525,CHEMBL941,CHEMBL203,IC50,100000.0,nM,4.0
C3N-02000,26.195880435536,14.25,1,CPTAC,CPTAC,,,,,19.41341415755525,19.41341415755525,CHEMBL941,CHEMBL203,Kd,10000.0,nM,5.0
C3N-02000,26.195880435536,14.25,1,CPTAC,CPTAC,,,,,19.41341415755525,19.41341415755525,CHEMBL941,CHEMBL203,Kd,10000.0,nM,5.0
C3N-02000,26.195880435536,14.25,1,CPTAC,CPTAC,,,,,19.41341415755525,19.41341415755525,CHEMBL941,CHEMBL203,Kd,10000.0,nM,5.0
C3N-02000,26.195880435536,14.25,1,CPTAC,CPTAC,,,,,19.41341415755525,19.41341415755525,CHEMBL941,CHEMBL203,Kd,10000.0,nM,5.0
C3N-02000,26.195880435536,14.25,1,CPTAC,CPTAC,,,,,19.41341415755525,19.41341415755525,CHEMBL941,CHEMBL203,Kd,7600.0,nM,5.119186407719209
C3N-02000,26.195880435536,14.25,1,CPTAC,CPTAC,,,,,19.41341415755525,19.41341415755525,CHEMBL941,CHEMBL203,Kd,10000.0,nM,5.0
C3N-02000,26.195880435536,14.25,1,CPTAC,CPTAC,,,,,19.41341415755525,19.41341415755525,CHEMBL941,CHEMBL203,Kd,10000.0,nM,5.0
C3N-02000,26.195880435536,14.25,1,CPTAC,CPTAC,,,,,19.41341415755525,19.41341415755525,CHEMBL941,CHEMBL203,Kd,10000.0,nM,5.0
C3N-02000,26.195880435536,14.25,1,CPTAC,CPTAC,,,,,19.41341415755525,19.41341415755525,CHEMBL941,CHEMBL203,Kd,10000.0,nM,5.0
C3N-02000,26.195880435536,14.25,1,CPTAC,CPTAC,,,,,19.41341415755525,19.41341415755525,CHEMBL941,CHEMBL203,Kd,10000.0,nM,5.0
C3N-02000,26.195880435536,14.25,1,CPTAC,CPTAC,,,,,19.41341415755525,19.41341415755525,CHEMBL1079742,CHEMBL203,IC50,420.0,nM,6.376750709602099
C3N-02000,26.195880435536,14.25,1,CPTAC,CPTAC,,,,,19.41341415755525,19.41341415755525,CHEMBL1079742,CHEMBL203,IC50,15.0,nM,7.823908740944319
C3N-02000,26.195880435536,14.25,1,CPTAC,CPTAC,,,,,19.41341415755525,19.41341415755525,CHEMBL941,CHEMBL203,Kd,10000.0,nM,5.0
C3N-02000,26.195880435536,14.25,1,CPTAC,CPTAC,,,,,19.41341415755525,19.41341415755525,CHEMBL941,CHEMBL203,Kd,10000.0,nM,5.0
C3N-02000,26.195880435536,14.25,1,CPTAC,CPTAC,,,,,19.41341415755525,19.41341415755525,CHEMBL941,CHEMBL203,Kd,10000.0,nM,5.0
C3N-02000,26.195880435536,14.25,1,CPTAC,CPTAC,,,,,19.41341415755525,19.41341415755525,CHEMBL941,CHEMBL203,Kd,10000.0,nM,5.0
C3N-02000,26.195880435536,14.25,1,CPTAC,CPTAC,,,,,19.41341415755525,19.41341415755525,CHEMBL941,CHEMBL203,Kd,7600.0,nM,5.119186407719209
C3N-02000,26.195880435536,14.25,1,CPTAC,CPTAC,,,,,19.41341415755525,19.41341415755525,CHEMBL941,CHEMBL203,Kd,10000.0,nM,5.0
C3N-02000,26.195880435536,14.25,1,CPTAC,CPTAC,,,,,19.41341415755525,19.41341415755525,CHEMBL941,CHEMBL203,Kd,10000.0,nM,5.0
C3N-02000,26.195880435536,14.25,1,CPTAC,CPTAC,,,,,19.41341415755525,19.41341415755525,CHEMBL941,CHEMBL203,Kd,10000.0,nM,5.0
C3N-02000,26.195880435536,14.25,1,CPTAC,CPTAC,,,,,19.41341415755525,19.41341415755525,CHEMBL941,CHEMBL203,Kd,10000.0,nM,5.0
C3N-02000,26.195880435536,14.25,1,CPTAC,CPTAC,,,,,19.41341415755525,19.41341415755525,CHEMBL941,CHEMBL203,Kd,10000.0,nM,5.0
C3N-02000,26.195880435536,14.25,1,CPTAC,CPTAC,,,,,19.41341415755525,19.41341415755525,CHEMBL941,CHEMBL203,Kd,10000.0,nM,5.0
C3N-02000,26.195880435536,14.25,1,CPTAC,CPTAC,,,,,19.41341415755525,19.41341415755525,CHEMBL941,CHEMBL203,Kd,10000.0,nM,5.0
C3N-02000,26.195880435536,14.25,1,CPTAC,CPTAC,,,,,19.41341415755525,19.41341415755525,CHEMBL941,CHEMBL203,Kd,30000.0,nM,4.522878745280337
C3N-02000,26.195880435536,14.25,1,CPTAC,CPTAC,,,,,19.41341415755525,19.41341415755525,CHEMBL1079742,CHEMBL203,IC50,70.0,nM,7.154901959985743
C3N-02000,26.195880435536,14.25,1,CPTAC,CPTAC,,,,,19.41341415755525,19.41341415755525,CHEMBL941,CHEMBL203,IC50,0.11,nM,9.958607314841775
C3N-02000,26.195880435536,14.25,1,CPTAC,CPTAC,,,,,19.41341415755525,19.41341415755525,CHEMBL1079742,CHEMBL203,IC50,2.0,nM,8.698970004336019
C3N-02002,25.7553689783406,13.84,1,CPTAC,CPTAC,,,,,19.64149643945085,19.64149643945085,CHEMBL941,CHEMBL203,IC50,100000.0,nM,4.0
C3N-02002,25.7553689783406,13.84,1,CPTAC,CPTAC,,,,,19.64149643945085,19.64149643945085,CHEMBL941,CHEMBL203,Kd,10000.0,nM,5.0
C3N-02002,25.7553689783406,13.84,1,CPTAC,CPTAC,,,,,19.64149643945085,19.64149643945085,CHEMBL941,CHEMBL203,Kd,10000.0,nM,5.0
C3N-02002,25.7553689783406,13.84,1,CPTAC,CPTAC,,,,,19.64149643945085,19.64149643945085,CHEMBL941,CHEMBL203,Kd,10000.0,nM,5.0
C3N-02002,25.7553689783406,13.84,1,CPTAC,CPTAC,,,,,19.64149643945085,19.64149643945085,CHEMBL941,CHEMBL203,Kd,10000.0,nM,5.0
C3N-02002,25.7553689783406,13.84,1,CPTAC,CPTAC,,,,,19.64149643945085,19.64149643945085,CHEMBL941,CHEMBL203,Kd,7600.0,nM,5.119186407719209
C3N-02002,25.7553689783406,13.84,1,CPTAC,CPTAC,,,,,19.64149643945085,19.64149643945085,CHEMBL941,CHEMBL203,Kd,10000.0,nM,5.0
C3N-02002,25.7553689783406,13.84,1,CPTAC,CPTAC,,,,,19.64149643945085,19.64149643945085,CHEMBL941,CHEMBL203,Kd,10000.0,nM,5.0
C3N-02002,25.7553689783406,13.84,1,CPTAC,CPTAC,,,,,19.64149643945085,19.64149643945085,CHEMBL941,CHEMBL203,Kd,10000.0,nM,5.0
C3N-02002,25.7553689783406,13.84,1,CPTAC,CPTAC,,,,,19.64149643945085,19.64149643945085,CHEMBL941,CHEMBL203,Kd,10000.0,nM,5.0
C3N-02002,25.7553689783406,13.84,1,CPTAC,CPTAC,,,,,19.64149643945085,19.64149643945085,CHEMBL941,CHEMBL203,Kd,10000.0,nM,5.0
C3N-02002,25.7553689783406,13.84,1,CPTAC,CPTAC,,,,,19.64149643945085,19.64149643945085,CHEMBL1079742,CHEMBL203,IC50,420.0,nM,6.376750709602099
C3N-02002,25.7553689783406,13.84,1,CPTAC,CPTAC,,,,,19.64149643945085,19.64149643945085,CHEMBL1079742,CHEMBL203,IC50,15.0,nM,7.823908740944319
C3N-02002,25.7553689783406,13.84,1,CPTAC,CPTAC,,,,,19.64149643945085,19.64149643945085,CHEMBL941,CHEMBL203,Kd,10000.0,nM,5.0
C3N-02002,25.7553689783406,13.84,1,CPTAC,CPTAC,,,,,19.64149643945085,19.64149643945085,CHEMBL941,CHEMBL203,Kd,10000.0,nM,5.0
C3N-02002,25.7553689783406,13.84,1,CPTAC,CPTAC,,,,,19.64149643945085,19.64149643945085,CHEMBL941,CHEMBL203,Kd,10000.0,nM,5.0
C3N-02002,25.7553689783406,13.84,1,CPTAC,CPTAC,,,,,19.64149643945085,19.64149643945085,CHEMBL941,CHEMBL203,Kd,10000.0,nM,5.0
C3N-02002,25.7553689783406,13.84,1,CPTAC,CPTAC,,,,,19.64149643945085,19.64149643945085,CHEMBL941,CHEMBL203,Kd,7600.0,nM,5.119186407719209
C3N-02002,25.7553689783406,13.84,1,CPTAC,CPTAC,,,,,19.64149643945085,19.64149643945085,CHEMBL941,CHEMBL203,Kd,10000.0,nM,5.0
C3N-02002,25.7553689783406,13.84,1,CPTAC,CPTAC,,,,,19.64149643945085,19.64149643945085,CHEMBL941,CHEMBL203,Kd,10000.0,nM,5.0
C3N-02002,25.7553689783406,13.84,1,CPTAC,CPTAC,,,,,19.64149643945085,19.64149643945085,CHEMBL941,CHEMBL203,Kd,10000.0,nM,5.0
C3N-02002,25.7553689783406,13.84,1,CPTAC,CPTAC,,,,,19.64149643945085,19.64149643945085,CHEMBL941,CHEMBL203,Kd,10000.0,nM,5.0
C3N-02002,25.7553689783406,13.84,1,CPTAC,CPTAC,,,,,19.64149643945085,19.64149643945085,CHEMBL941,CHEMBL203,Kd,10000.0,nM,5.0
C3N-02002,25.7553689783406,13.84,1,CPTAC,CPTAC,,,,,19.64149643945085,19.64149643945085,CHEMBL941,CHEMBL203,Kd,10000.0,nM,5.0
C3N-02002,25.7553689783406,13.84,1,CPTAC,CPTAC,,,,,19.64149643945085,19.64149643945085,CHEMBL941,CHEMBL203,Kd,10000.0,nM,5.0
C3N-02002,25.7553689783406,13.84,1,CPTAC,CPTAC,,,,,19.64149643945085,19.64149643945085,CHEMBL941,CHEMBL203,Kd,30000.0,nM,4.522878745280337
C3N-02002,25.7553689783406,13.84,1,CPTAC,CPTAC,,,,,19.64149643945085,19.64149643945085,CHEMBL1079742,CHEMBL203,IC50,70.0,nM,7.154901959985743
C3N-02002,25.7553689783406,13.84,1,CPTAC,CPTAC,,,,,19.64149643945085,19.64149643945085,CHEMBL941,CHEMBL203,IC50,0.11,nM,9.958607314841775
C3N-02002,25.7553689783406,13.84,1,CPTAC,CPTAC,,,,,19.64149643945085,19.64149643945085,CHEMBL1079742,CHEMBL203,IC50,2.0,nM,8.698970004336019
C3N-02003,25.5074766299989,12.58,1,CPTAC,CPTAC,,,17.7037170993624,,,17.7037170993624,CHEMBL941,CHEMBL203,IC50,100000.0,nM,4.0
C3N-02003,25.5074766299989,12.58,1,CPTAC,CPTAC,,,17.7037170993624,,,17.7037170993624,CHEMBL941,CHEMBL203,Kd,10000.0,nM,5.0
C3N-02003,25.5074766299989,12.58,1,CPTAC,CPTAC,,,17.7037170993624,,,17.7037170993624,CHEMBL941,CHEMBL203,Kd,10000.0,nM,5.0
C3N-02003,25.5074766299989,12.58,1,CPTAC,CPTAC,,,17.7037170993624,,,17.7037170993624,CHEMBL941,CHEMBL203,Kd,10000.0,nM,5.0
C3N-02003,25.5074766299989,12.58,1,CPTAC,CPTAC,,,17.7037170993624,,,17.7037170993624,CHEMBL941,CHEMBL203,Kd,10000.0,nM,5.0
C3N-02003,25.5074766299989,12.58,1,CPTAC,CPTAC,,,17.7037170993624,,,17.7037170993624,CHEMBL941,CHEMBL203,Kd,7600.0,nM,5.119186407719209
C3N-02003,25.5074766299989,12.58,1,CPTAC,CPTAC,,,17.7037170993624,,,17.7037170993624,CHEMBL941,CHEMBL203,Kd,10000.0,nM,5.0
C3N-02003,25.5074766299989,12.58,1,CPTAC,CPTAC,,,17.7037170993624,,,17.7037170993624,CHEMBL941,CHEMBL203,Kd,10000.0,nM,5.0
C3N-02003,25.5074766299989,12.58,1,CPTAC,CPTAC,,,17.7037170993624,,,17.7037170993624,CHEMBL941,CHEMBL203,Kd,10000.0,nM,5.0
C3N-02003,25.5074766299989,12.58,1,CPTAC,CPTAC,,,17.7037170993624,,,17.7037170993624,CHEMBL941,CHEMBL203,Kd,10000.0,nM,5.0
C3N-02003,25.5074766299989,12.58,1,CPTAC,CPTAC,,,17.7037170993624,,,17.7037170993624,CHEMBL941,CHEMBL203,Kd,10000.0,nM,5.0
C3N-02003,25.5074766299989,12.58,1,CPTAC,CPTAC,,,17.7037170993624,,,17.7037170993624,CHEMBL1079742,CHEMBL203,IC50,420.0,nM,6.376750709602099
C3N-02003,25.5074766299989,12.58,1,CPTAC,CPTAC,,,17.7037170993624,,,17.7037170993624,CHEMBL1079742,CHEMBL203,IC50,15.0,nM,7.823908740944319
C3N-02003,25.5074766299989,12.58,1,CPTAC,CPTAC,,,17.7037170993624,,,17.7037170993624,CHEMBL941,CHEMBL203,Kd,10000.0,nM,5.0
C3N-02003,25.5074766299989,12.58,1,CPTAC,CPTAC,,,17.7037170993624,,,17.7037170993624,CHEMBL941,CHEMBL203,Kd,10000.0,nM,5.0
C3N-02003,25.5074766299989,12.58,1,CPTAC,CPTAC,,,17.7037170993624,,,17.7037170993624,CHEMBL941,CHEMBL203,Kd,10000.0,nM,5.0
C3N-02003,25.5074766299989,12.58,1,CPTAC,CPTAC,,,17.7037170993624,,,17.7037170993624,CHEMBL941,CHEMBL203,Kd,10000.0,nM,5.0
C3N-02003,25.5074766299989,12.58,1,CPTAC,CPTAC,,,17.7037170993624,,,17.7037170993624,CHEMBL941,CHEMBL203,Kd,7600.0,nM,5.119186407719209
C3N-02003,25.5074766299989,12.58,1,CPTAC,CPTAC,,,17.7037170993624,,,17.7037170993624,CHEMBL941,CHEMBL203,Kd,10000.0,nM,5.0
C3N-02003,25.5074766299989,12.58,1,CPTAC,CPTAC,,,17.7037170993624,,,17.7037170993624,CHEMBL941,CHEMBL203,Kd,10000.0,nM,5.0
C3N-02003,25.5074766299989,12.58,1,CPTAC,CPTAC,,,17.7037170993624,,,17.7037170993624,CHEMBL941,CHEMBL203,Kd,10000.0,nM,5.0
C3N-02003,25.5074766299989,12.58,1,CPTAC,CPTAC,,,17.7037170993624,,,17.7037170993624,CHEMBL941,CHEMBL203,Kd,10000.0,nM,5.0
C3N-02003,25.5074766299989,12.58,1,CPTAC,CPTAC,,,17.7037170993624,,,17.7037170993624,CHEMBL941,CHEMBL203,Kd,10000.0,nM,5.0
C3N-02003,25.5074766299989,12.58,1,CPTAC,CPTAC,,,17.7037170993624,,,17.7037170993624,CHEMBL941,CHEMBL203,Kd,10000.0,nM,5.0
C3N-02003,25.5074766299989,12.58,1,CPTAC,CPTAC,,,17.7037170993624,,,17.7037170993624,CHEMBL941,CHEMBL203,Kd,10000.0,nM,5.0
C3N-02003,25.5074766299989,12.58,1,CPTAC,CPTAC,,,17.7037170993624,,,17.7037170993624,CHEMBL941,CHEMBL203,Kd,30000.0,nM,4.522878745280337
C3N-02003,25.5074766299989,12.58,1,CPTAC,CPTAC,,,17.7037170993624,,,17.7037170993624,CHEMBL1079742,CHEMBL203,IC50,70.0,nM,7.154901959985743
C3N-02003,25.5074766299989,12.58,1,CPTAC,CPTAC,,,17.7037170993624,,,17.7037170993624,CHEMBL941,CHEMBL203,IC50,0.11,nM,9.958607314841775
C3N-02003,25.5074766299989,12.58,1,CPTAC,CPTAC,,,17.7037170993624,,,17.7037170993624,CHEMBL1079742,CHEMBL203,IC50,2.0,nM,8.698970004336019
C3N-02067,26.742501294079,14.44,1,CPTAC,CPTAC,,,18.9136474187717,,19.1964033999606,19.05502540936615,CHEMBL941,CHEMBL203,IC50,100000.0,nM,4.0
C3N-02067,26.742501294079,14.44,1,CPTAC,CPTAC,,,18.9136474187717,,19.1964033999606,19.05502540936615,CHEMBL941,CHEMBL203,Kd,10000.0,nM,5.0
C3N-02067,26.742501294079,14.44,1,CPTAC,CPTAC,,,18.9136474187717,,19.1964033999606,19.05502540936615,CHEMBL941,CHEMBL203,Kd,10000.0,nM,5.0
C3N-02067,26.742501294079,14.44,1,CPTAC,CPTAC,,,18.9136474187717,,19.1964033999606,19.05502540936615,CHEMBL941,CHEMBL203,Kd,10000.0,nM,5.0
C3N-02067,26.742501294079,14.44,1,CPTAC,CPTAC,,,18.9136474187717,,19.1964033999606,19.05502540936615,CHEMBL941,CHEMBL203,Kd,10000.0,nM,5.0
C3N-02067,26.742501294079,14.44,1,CPTAC,CPTAC,,,18.9136474187717,,19.1964033999606,19.05502540936615,CHEMBL941,CHEMBL203,Kd,7600.0,nM,5.119186407719209
C3N-02067,26.742501294079,14.44,1,CPTAC,CPTAC,,,18.9136474187717,,19.1964033999606,19.05502540936615,CHEMBL941,CHEMBL203,Kd,10000.0,nM,5.0
C3N-02067,26.742501294079,14.44,1,CPTAC,CPTAC,,,18.9136474187717,,19.1964033999606,19.05502540936615,CHEMBL941,CHEMBL203,Kd,10000.0,nM,5.0
C3N-02067,26.742501294079,14.44,1,CPTAC,CPTAC,,,18.9136474187717,,19.1964033999606,19.05502540936615,CHEMBL941,CHEMBL203,Kd,10000.0,nM,5.0
C3N-02067,26.742501294079,14.44,1,CPTAC,CPTAC,,,18.9136474187717,,19.1964033999606,19.05502540936615,CHEMBL941,CHEMBL203,Kd,10000.0,nM,5.0
C3N-02067,26.742501294079,14.44,1,CPTAC,CPTAC,,,18.9136474187717,,19.1964033999606,19.05502540936615,CHEMBL941,CHEMBL203,Kd,10000.0,nM,5.0
C3N-02067,26.742501294079,14.44,1,CPTAC,CPTAC,,,18.9136474187717,,19.1964033999606,19.05502540936615,CHEMBL1079742,CHEMBL203,IC50,420.0,nM,6.376750709602099
C3N-02067,26.742501294079,14.44,1,CPTAC,CPTAC,,,18.9136474187717,,19.1964033999606,19.05502540936615,CHEMBL1079742,CHEMBL203,IC50,15.0,nM,7.823908740944319
C3N-02067,26.742501294079,14.44,1,CPTAC,CPTAC,,,18.9136474187717,,19.1964033999606,19.05502540936615,CHEMBL941,CHEMBL203,Kd,10000.0,nM,5.0
C3N-02067,26.742501294079,14.44,1,CPTAC,CPTAC,,,18.9136474187717,,19.1964033999606,19.05502540936615,CHEMBL941,CHEMBL203,Kd,10000.0,nM,5.0
C3N-02067,26.742501294079,14.44,1,CPTAC,CPTAC,,,18.9136474187717,,19.1964033999606,19.05502540936615,CHEMBL941,CHEMBL203,Kd,10000.0,nM,5.0
C3N-02067,26.742501294079,14.44,1,CPTAC,CPTAC,,,18.9136474187717,,19.1964033999606,19.05502540936615,CHEMBL941,CHEMBL203,Kd,10000.0,nM,5.0
C3N-02067,26.742501294079,14.44,1,CPTAC,CPTAC,,,18.9136474187717,,19.1964033999606,19.05502540936615,CHEMBL941,CHEMBL203,Kd,7600.0,nM,5.119186407719209
C3N-02067,26.742501294079,14.44,1,CPTAC,CPTAC,,,18.9136474187717,,19.1964033999606,19.05502540936615,CHEMBL941,CHEMBL203,Kd,10000.0,nM,5.0
C3N-02067,26.742501294079,14.44,1,CPTAC,CPTAC,,,18.9136474187717,,19.1964033999606,19.05502540936615,CHEMBL941,CHEMBL203,Kd,10000.0,nM,5.0
C3N-02067,26.742501294079,14.44,1,CPTAC,CPTAC,,,18.9136474187717,,19.1964033999606,19.05502540936615,CHEMBL941,CHEMBL203,Kd,10000.0,nM,5.0
C3N-02067,26.742501294079,14.44,1,CPTAC,CPTAC,,,18.9136474187717,,19.1964033999606,19.05502540936615,CHEMBL941,CHEMBL203,Kd,10000.0,nM,5.0
C3N-02067,26.742501294079,14.44,1,CPTAC,CPTAC,,,18.9136474187717,,19.1964033999606,19.05502540936615,CHEMBL941,CHEMBL203,Kd,10000.0,nM,5.0
C3N-02067,26.742501294079,14.44,1,CPTAC,CPTAC,,,18.9136474187717,,19.1964033999606,19.05502540936615,CHEMBL941,CHEMBL203,Kd,10000.0,nM,5.0
C3N-02067,26.742501294079,14.44,1,CPTAC,CPTAC,,,18.9136474187717,,19.1964033999606,19.05502540936615,CHEMBL941,CHEMBL203,Kd,10000.0,nM,5.0
C3N-02067,26.742501294079,14.44,1,CPTAC,CPTAC,,,18.9136474187717,,19.1964033999606,19.05502540936615,CHEMBL941,CHEMBL203,Kd,30000.0,nM,4.522878745280337
C3N-02067,26.742501294079,14.44,1,CPTAC,CPTAC,,,18.9136474187717,,19.1964033999606,19.05502540936615,CHEMBL1079742,CHEMBL203,IC50,70.0,nM,7.154901959985743
C3N-02067,26.742501294079,14.44,1,CPTAC,CPTAC,,,18.9136474187717,,19.1964033999606,19.05502540936615,CHEMBL941,CHEMBL203,IC50,0.11,nM,9.958607314841775
C3N-02067,26.742501294079,14.44,1,CPTAC,CPTAC,,,18.9136474187717,,19.1964033999606,19.05502540936615,CHEMBL1079742,CHEMBL203,IC50,2.0,nM,8.698970004336019
C3N-02087,25.950541759832,13.93,1,CPTAC,CPTAC,,,17.62909662083875,,18.868637966994548,18.24886729391665,CHEMBL941,CHEMBL203,IC50,100000.0,nM,4.0
C3N-02087,25.950541759832,13.93,1,CPTAC,CPTAC,,,17.62909662083875,,18.868637966994548,18.24886729391665,CHEMBL941,CHEMBL203,Kd,10000.0,nM,5.0
C3N-02087,25.950541759832,13.93,1,CPTAC,CPTAC,,,17.62909662083875,,18.868637966994548,18.24886729391665,CHEMBL941,CHEMBL203,Kd,10000.0,nM,5.0
C3N-02087,25.950541759832,13.93,1,CPTAC,CPTAC,,,17.62909662083875,,18.868637966994548,18.24886729391665,CHEMBL941,CHEMBL203,Kd,10000.0,nM,5.0
C3N-02087,25.950541759832,13.93,1,CPTAC,CPTAC,,,17.62909662083875,,18.868637966994548,18.24886729391665,CHEMBL941,CHEMBL203,Kd,10000.0,nM,5.0
C3N-02087,25.950541759832,13.93,1,CPTAC,CPTAC,,,17.62909662083875,,18.868637966994548,18.24886729391665,CHEMBL941,CHEMBL203,Kd,7600.0,nM,5.119186407719209
C3N-02087,25.950541759832,13.93,1,CPTAC,CPTAC,,,17.62909662083875,,18.868637966994548,18.24886729391665,CHEMBL941,CHEMBL203,Kd,10000.0,nM,5.0
C3N-02087,25.950541759832,13.93,1,CPTAC,CPTAC,,,17.62909662083875,,18.868637966994548,18.24886729391665,CHEMBL941,CHEMBL203,Kd,10000.0,nM,5.0
C3N-02087,25.950541759832,13.93,1,CPTAC,CPTAC,,,17.62909662083875,,18.868637966994548,18.24886729391665,CHEMBL941,CHEMBL203,Kd,10000.0,nM,5.0
C3N-02087,25.950541759832,13.93,1,CPTAC,CPTAC,,,17.62909662083875,,18.868637966994548,18.24886729391665,CHEMBL941,CHEMBL203,Kd,10000.0,nM,5.0
C3N-02087,25.950541759832,13.93,1,CPTAC,CPTAC,,,17.62909662083875,,18.868637966994548,18.24886729391665,CHEMBL941,CHEMBL203,Kd,10000.0,nM,5.0
C3N-02087,25.950541759832,13.93,1,CPTAC,CPTAC,,,17.62909662083875,,18.868637966994548,18.24886729391665,CHEMBL1079742,CHEMBL203,IC50,420.0,nM,6.376750709602099
C3N-02087,25.950541759832,13.93,1,CPTAC,CPTAC,,,17.62909662083875,,18.868637966994548,18.24886729391665,CHEMBL1079742,CHEMBL203,IC50,15.0,nM,7.823908740944319
C3N-02087,25.950541759832,13.93,1,CPTAC,CPTAC,,,17.62909662083875,,18.868637966994548,18.24886729391665,CHEMBL941,CHEMBL203,Kd,10000.0,nM,5.0
C3N-02087,25.950541759832,13.93,1,CPTAC,CPTAC,,,17.62909662083875,,18.868637966994548,18.24886729391665,CHEMBL941,CHEMBL203,Kd,10000.0,nM,5.0
C3N-02087,25.950541759832,13.93,1,CPTAC,CPTAC,,,17.62909662083875,,18.868637966994548,18.24886729391665,CHEMBL941,CHEMBL203,Kd,10000.0,nM,5.0
C3N-02087,25.950541759832,13.93,1,CPTAC,CPTAC,,,17.62909662083875,,18.868637966994548,18.24886729391665,CHEMBL941,CHEMBL203,Kd,10000.0,nM,5.0
C3N-02087,25.950541759832,13.93,1,CPTAC,CPTAC,,,17.62909662083875,,18.868637966994548,18.24886729391665,CHEMBL941,CHEMBL203,Kd,7600.0,nM,5.119186407719209
C3N-02087,25.950541759832,13.93,1,CPTAC,CPTAC,,,17.62909662083875,,18.868637966994548,18.24886729391665,CHEMBL941,CHEMBL203,Kd,10000.0,nM,5.0
C3N-02087,25.950541759832,13.93,1,CPTAC,CPTAC,,,17.62909662083875,,18.868637966994548,18.24886729391665,CHEMBL941,CHEMBL203,Kd,10000.0,nM,5.0
C3N-02087,25.950541759832,13.93,1,CPTAC,CPTAC,,,17.62909662083875,,18.868637966994548,18.24886729391665,CHEMBL941,CHEMBL203,Kd,10000.0,nM,5.0
C3N-02087,25.950541759832,13.93,1,CPTAC,CPTAC,,,17.62909662083875,,18.868637966994548,18.24886729391665,CHEMBL941,CHEMBL203,Kd,10000.0,nM,5.0
C3N-02087,25.950541759832,13.93,1,CPTAC,CPTAC,,,17.62909662083875,,18.868637966994548,18.24886729391665,CHEMBL941,CHEMBL203,Kd,10000.0,nM,5.0
C3N-02087,25.950541759832,13.93,1,CPTAC,CPTAC,,,17.62909662083875,,18.868637966994548,18.24886729391665,CHEMBL941,CHEMBL203,Kd,10000.0,nM,5.0
C3N-02087,25.950541759832,13.93,1,CPTAC,CPTAC,,,17.62909662083875,,18.868637966994548,18.24886729391665,CHEMBL941,CHEMBL203,Kd,10000.0,nM,5.0
C3N-02087,25.950541759832,13.93,1,CPTAC,CPTAC,,,17.62909662083875,,18.868637966994548,18.24886729391665,CHEMBL941,CHEMBL203,Kd,30000.0,nM,4.522878745280337
C3N-02087,25.950541759832,13.93,1,CPTAC,CPTAC,,,17.62909662083875,,18.868637966994548,18.24886729391665,CHEMBL1079742,CHEMBL203,IC50,70.0,nM,7.154901959985743
C3N-02087,25.950541759832,13.93,1,CPTAC,CPTAC,,,17.62909662083875,,18.868637966994548,18.24886729391665,CHEMBL941,CHEMBL203,IC50,0.11,nM,9.958607314841775
C3N-02087,25.950541759832,13.93,1,CPTAC,CPTAC,,,17.62909662083875,,18.868637966994548,18.24886729391665,CHEMBL1079742,CHEMBL203,IC50,2.0,nM,8.698970004336019
C3N-02089,25.0394018917068,11.9,1,CPTAC,CPTAC,,,,,,,CHEMBL941,CHEMBL203,IC50,100000.0,nM,4.0
C3N-02089,25.0394018917068,11.9,1,CPTAC,CPTAC,,,,,,,CHEMBL941,CHEMBL203,Kd,10000.0,nM,5.0
C3N-02089,25.0394018917068,11.9,1,CPTAC,CPTAC,,,,,,,CHEMBL941,CHEMBL203,Kd,10000.0,nM,5.0
C3N-02089,25.0394018917068,11.9,1,CPTAC,CPTAC,,,,,,,CHEMBL941,CHEMBL203,Kd,10000.0,nM,5.0
C3N-02089,25.0394018917068,11.9,1,CPTAC,CPTAC,,,,,,,CHEMBL941,CHEMBL203,Kd,10000.0,nM,5.0
C3N-02089,25.0394018917068,11.9,1,CPTAC,CPTAC,,,,,,,CHEMBL941,CHEMBL203,Kd,7600.0,nM,5.119186407719209
C3N-02089,25.0394018917068,11.9,1,CPTAC,CPTAC,,,,,,,CHEMBL941,CHEMBL203,Kd,10000.0,nM,5.0
C3N-02089,25.0394018917068,11.9,1,CPTAC,CPTAC,,,,,,,CHEMBL941,CHEMBL203,Kd,10000.0,nM,5.0
C3N-02089,25.0394018917068,11.9,1,CPTAC,CPTAC,,,,,,,CHEMBL941,CHEMBL203,Kd,10000.0,nM,5.0
C3N-02089,25.0394018917068,11.9,1,CPTAC,CPTAC,,,,,,,CHEMBL941,CHEMBL203,Kd,10000.0,nM,5.0
C3N-02089,25.0394018917068,11.9,1,CPTAC,CPTAC,,,,,,,CHEMBL941,CHEMBL203,Kd,10000.0,nM,5.0
C3N-02089,25.0394018917068,11.9,1,CPTAC,CPTAC,,,,,,,CHEMBL1079742,CHEMBL203,IC50,420.0,nM,6.376750709602099
C3N-02089,25.0394018917068,11.9,1,CPTAC,CPTAC,,,,,,,CHEMBL1079742,CHEMBL203,IC50,15.0,nM,7.823908740944319
C3N-02089,25.0394018917068,11.9,1,CPTAC,CPTAC,,,,,,,CHEMBL941,CHEMBL203,Kd,10000.0,nM,5.0
C3N-02089,25.0394018917068,11.9,1,CPTAC,CPTAC,,,,,,,CHEMBL941,CHEMBL203,Kd,10000.0,nM,5.0
C3N-02089,25.0394018917068,11.9,1,CPTAC,CPTAC,,,,,,,CHEMBL941,CHEMBL203,Kd,10000.0,nM,5.0
C3N-02089,25.0394018917068,11.9,1,CPTAC,CPTAC,,,,,,,CHEMBL941,CHEMBL203,Kd,10000.0,nM,5.0
C3N-02089,25.0394018917068,11.9,1,CPTAC,CPTAC,,,,,,,CHEMBL941,CHEMBL203,Kd,7600.0,nM,5.119186407719209
C3N-02089,25.0394018917068,11.9,1,CPTAC,CPTAC,,,,,,,CHEMBL941,CHEMBL203,Kd,10000.0,nM,5.0
C3N-02089,25.0394018917068,11.9,1,CPTAC,CPTAC,,,,,,,CHEMBL941,CHEMBL203,Kd,10000.0,nM,5.0
C3N-02089,25.0394018917068,11.9,1,CPTAC,CPTAC,,,,,,,CHEMBL941,CHEMBL203,Kd,10000.0,nM,5.0
C3N-02089,25.0394018917068,11.9,1,CPTAC,CPTAC,,,,,,,CHEMBL941,CHEMBL203,Kd,10000.0,nM,5.0
C3N-02089,25.0394018917068,11.9,1,CPTAC,CPTAC,,,,,,,CHEMBL941,CHEMBL203,Kd,10000.0,nM,5.0
C3N-02089,25.0394018917068,11.9,1,CPTAC,CPTAC,,,,,,,CHEMBL941,CHEMBL203,Kd,10000.0,nM,5.0
C3N-02089,25.0394018917068,11.9,1,CPTAC,CPTAC,,,,,,,CHEMBL941,CHEMBL203,Kd,10000.0,nM,5.0
C3N-02089,25.0394018917068,11.9,1,CPTAC,CPTAC,,,,,,,CHEMBL941,CHEMBL203,Kd,30000.0,nM,4.522878745280337
C3N-02089,25.0394018917068,11.9,1,CPTAC,CPTAC,,,,,,,CHEMBL1079742,CHEMBL203,IC50,70.0,nM,7.154901959985743
C3N-02089,25.0394018917068,11.9,1,CPTAC,CPTAC,,,,,,,CHEMBL941,CHEMBL203,IC50,0.11,nM,9.958607314841775
C3N-02089,25.0394018917068,11.9,1,CPTAC,CPTAC,,,,,,,CHEMBL1079742,CHEMBL203,IC50,2.0,nM,8.698970004336019
C3N-02145,25.9823094500627,13.7,1,CPTAC,CPTAC,,,,,,,CHEMBL941,CHEMBL203,IC50,100000.0,nM,4.0
C3N-02145,25.9823094500627,13.7,1,CPTAC,CPTAC,,,,,,,CHEMBL941,CHEMBL203,Kd,10000.0,nM,5.0
C3N-02145,25.9823094500627,13.7,1,CPTAC,CPTAC,,,,,,,CHEMBL941,CHEMBL203,Kd,10000.0,nM,5.0
C3N-02145,25.9823094500627,13.7,1,CPTAC,CPTAC,,,,,,,CHEMBL941,CHEMBL203,Kd,10000.0,nM,5.0
C3N-02145,25.9823094500627,13.7,1,CPTAC,CPTAC,,,,,,,CHEMBL941,CHEMBL203,Kd,10000.0,nM,5.0
C3N-02145,25.9823094500627,13.7,1,CPTAC,CPTAC,,,,,,,CHEMBL941,CHEMBL203,Kd,7600.0,nM,5.119186407719209
C3N-02145,25.9823094500627,13.7,1,CPTAC,CPTAC,,,,,,,CHEMBL941,CHEMBL203,Kd,10000.0,nM,5.0
C3N-02145,25.9823094500627,13.7,1,CPTAC,CPTAC,,,,,,,CHEMBL941,CHEMBL203,Kd,10000.0,nM,5.0
C3N-02145,25.9823094500627,13.7,1,CPTAC,CPTAC,,,,,,,CHEMBL941,CHEMBL203,Kd,10000.0,nM,5.0
C3N-02145,25.9823094500627,13.7,1,CPTAC,CPTAC,,,,,,,CHEMBL941,CHEMBL203,Kd,10000.0,nM,5.0
C3N-02145,25.9823094500627,13.7,1,CPTAC,CPTAC,,,,,,,CHEMBL941,CHEMBL203,Kd,10000.0,nM,5.0
C3N-02145,25.9823094500627,13.7,1,CPTAC,CPTAC,,,,,,,CHEMBL1079742,CHEMBL203,IC50,420.0,nM,6.376750709602099
C3N-02145,25.9823094500627,13.7,1,CPTAC,CPTAC,,,,,,,CHEMBL1079742,CHEMBL203,IC50,15.0,nM,7.823908740944319
C3N-02145,25.9823094500627,13.7,1,CPTAC,CPTAC,,,,,,,CHEMBL941,CHEMBL203,Kd,10000.0,nM,5.0
C3N-02145,25.9823094500627,13.7,1,CPTAC,CPTAC,,,,,,,CHEMBL941,CHEMBL203,Kd,10000.0,nM,5.0
C3N-02145,25.9823094500627,13.7,1,CPTAC,CPTAC,,,,,,,CHEMBL941,CHEMBL203,Kd,10000.0,nM,5.0
C3N-02145,25.9823094500627,13.7,1,CPTAC,CPTAC,,,,,,,CHEMBL941,CHEMBL203,Kd,10000.0,nM,5.0
C3N-02145,25.9823094500627,13.7,1,CPTAC,CPTAC,,,,,,,CHEMBL941,CHEMBL203,Kd,7600.0,nM,5.119186407719209
C3N-02145,25.9823094500627,13.7,1,CPTAC,CPTAC,,,,,,,CHEMBL941,CHEMBL203,Kd,10000.0,nM,5.0
C3N-02145,25.9823094500627,13.7,1,CPTAC,CPTAC,,,,,,,CHEMBL941,CHEMBL203,Kd,10000.0,nM,5.0
C3N-02145,25.9823094500627,13.7,1,CPTAC,CPTAC,,,,,,,CHEMBL941,CHEMBL203,Kd,10000.0,nM,5.0
C3N-02145,25.9823094500627,13.7,1,CPTAC,CPTAC,,,,,,,CHEMBL941,CHEMBL203,Kd,10000.0,nM,5.0
C3N-02145,25.9823094500627,13.7,1,CPTAC,CPTAC,,,,,,,CHEMBL941,CHEMBL203,Kd,10000.0,nM,5.0
C3N-02145,25.9823094500627,13.7,1,CPTAC,CPTAC,,,,,,,CHEMBL941,CHEMBL203,Kd,10000.0,nM,5.0
C3N-02145,25.9823094500627,13.7,1,CPTAC,CPTAC,,,,,,,CHEMBL941,CHEMBL203,Kd,10000.0,nM,5.0
C3N-02145,25.9823094500627,13.7,1,CPTAC,CPTAC,,,,,,,CHEMBL941,CHEMBL203,Kd,30000.0,nM,4.522878745280337
C3N-02145,25.9823094500627,13.7,1,CPTAC,CPTAC,,,,,,,CHEMBL1079742,CHEMBL203,IC50,70.0,nM,7.154901959985743
C3N-02145,25.9823094500627,13.7,1,CPTAC,CPTAC,,,,,,,CHEMBL941,CHEMBL203,IC50,0.11,nM,9.958607314841775
C3N-02145,25.9823094500627,13.7,1,CPTAC,CPTAC,,,,,,,CHEMBL1079742,CHEMBL203,IC50,2.0,nM,8.698970004336019
C3N-02149,25.0390730769136,11.59,1,CPTAC,CPTAC,,,,,17.682957617408597,17.682957617408597,CHEMBL941,CHEMBL203,IC50,100000.0,nM,4.0
C3N-02149,25.0390730769136,11.59,1,CPTAC,CPTAC,,,,,17.682957617408597,17.682957617408597,CHEMBL941,CHEMBL203,Kd,10000.0,nM,5.0
C3N-02149,25.0390730769136,11.59,1,CPTAC,CPTAC,,,,,17.682957617408597,17.682957617408597,CHEMBL941,CHEMBL203,Kd,10000.0,nM,5.0
C3N-02149,25.0390730769136,11.59,1,CPTAC,CPTAC,,,,,17.682957617408597,17.682957617408597,CHEMBL941,CHEMBL203,Kd,10000.0,nM,5.0
C3N-02149,25.0390730769136,11.59,1,CPTAC,CPTAC,,,,,17.682957617408597,17.682957617408597,CHEMBL941,CHEMBL203,Kd,10000.0,nM,5.0
C3N-02149,25.0390730769136,11.59,1,CPTAC,CPTAC,,,,,17.682957617408597,17.682957617408597,CHEMBL941,CHEMBL203,Kd,7600.0,nM,5.119186407719209
C3N-02149,25.0390730769136,11.59,1,CPTAC,CPTAC,,,,,17.682957617408597,17.682957617408597,CHEMBL941,CHEMBL203,Kd,10000.0,nM,5.0
C3N-02149,25.0390730769136,11.59,1,CPTAC,CPTAC,,,,,17.682957617408597,17.682957617408597,CHEMBL941,CHEMBL203,Kd,10000.0,nM,5.0
C3N-02149,25.0390730769136,11.59,1,CPTAC,CPTAC,,,,,17.682957617408597,17.682957617408597,CHEMBL941,CHEMBL203,Kd,10000.0,nM,5.0
C3N-02149,25.0390730769136,11.59,1,CPTAC,CPTAC,,,,,17.682957617408597,17.682957617408597,CHEMBL941,CHEMBL203,Kd,10000.0,nM,5.0
C3N-02149,25.0390730769136,11.59,1,CPTAC,CPTAC,,,,,17.682957617408597,17.682957617408597,CHEMBL941,CHEMBL203,Kd,10000.0,nM,5.0
C3N-02149,25.0390730769136,11.59,1,CPTAC,CPTAC,,,,,17.682957617408597,17.682957617408597,CHEMBL1079742,CHEMBL203,IC50,420.0,nM,6.376750709602099
C3N-02149,25.0390730769136,11.59,1,CPTAC,CPTAC,,,,,17.682957617408597,17.682957617408597,CHEMBL1079742,CHEMBL203,IC50,15.0,nM,7.823908740944319
C3N-02149,25.0390730769136,11.59,1,CPTAC,CPTAC,,,,,17.682957617408597,17.682957617408597,CHEMBL941,CHEMBL203,Kd,10000.0,nM,5.0
C3N-02149,25.0390730769136,11.59,1,CPTAC,CPTAC,,,,,17.682957617408597,17.682957617408597,CHEMBL941,CHEMBL203,Kd,10000.0,nM,5.0
C3N-02149,25.0390730769136,11.59,1,CPTAC,CPTAC,,,,,17.682957617408597,17.682957617408597,CHEMBL941,CHEMBL203,Kd,10000.0,nM,5.0
C3N-02149,25.0390730769136,11.59,1,CPTAC,CPTAC,,,,,17.682957617408597,17.682957617408597,CHEMBL941,CHEMBL203,Kd,10000.0,nM,5.0
C3N-02149,25.0390730769136,11.59,1,CPTAC,CPTAC,,,,,17.682957617408597,17.682957617408597,CHEMBL941,CHEMBL203,Kd,7600.0,nM,5.119186407719209
C3N-02149,25.0390730769136,11.59,1,CPTAC,CPTAC,,,,,17.682957617408597,17.682957617408597,CHEMBL941,CHEMBL203,Kd,10000.0,nM,5.0
C3N-02149,25.0390730769136,11.59,1,CPTAC,CPTAC,,,,,17.682957617408597,17.682957617408597,CHEMBL941,CHEMBL203,Kd,10000.0,nM,5.0
C3N-02149,25.0390730769136,11.59,1,CPTAC,CPTAC,,,,,17.682957617408597,17.682957617408597,CHEMBL941,CHEMBL203,Kd,10000.0,nM,5.0
C3N-02149,25.0390730769136,11.59,1,CPTAC,CPTAC,,,,,17.682957617408597,17.682957617408597,CHEMBL941,CHEMBL203,Kd,10000.0,nM,5.0
C3N-02149,25.0390730769136,11.59,1,CPTAC,CPTAC,,,,,17.682957617408597,17.682957617408597,CHEMBL941,CHEMBL203,Kd,10000.0,nM,5.0
C3N-02149,25.0390730769136,11.59,1,CPTAC,CPTAC,,,,,17.682957617408597,17.682957617408597,CHEMBL941,CHEMBL203,Kd,10000.0,nM,5.0
C3N-02149,25.0390730769136,11.59,1,CPTAC,CPTAC,,,,,17.682957617408597,17.682957617408597,CHEMBL941,CHEMBL203,Kd,10000.0,nM,5.0
C3N-02149,25.0390730769136,11.59,1,CPTAC,CPTAC,,,,,17.682957617408597,17.682957617408597,CHEMBL941,CHEMBL203,Kd,30000.0,nM,4.522878745280337
C3N-02149,25.0390730769136,11.59,1,CPTAC,CPTAC,,,,,17.682957617408597,17.682957617408597,CHEMBL1079742,CHEMBL203,IC50,70.0,nM,7.154901959985743
C3N-02149,25.0390730769136,11.59,1,CPTAC,CPTAC,,,,,17.682957617408597,17.682957617408597,CHEMBL941,CHEMBL203,IC50,0.11,nM,9.958607314841775
C3N-02149,25.0390730769136,11.59,1,CPTAC,CPTAC,,,,,17.682957617408597,17.682957617408597,CHEMBL1079742,CHEMBL203,IC50,2.0,nM,8.698970004336019
C3N-02155,27.537751974952,16.33,1,CPTAC,CPTAC,,,,,20.347288878236,20.347288878236,CHEMBL941,CHEMBL203,IC50,100000.0,nM,4.0
C3N-02155,27.537751974952,16.33,1,CPTAC,CPTAC,,,,,20.347288878236,20.347288878236,CHEMBL941,CHEMBL203,Kd,10000.0,nM,5.0
C3N-02155,27.537751974952,16.33,1,CPTAC,CPTAC,,,,,20.347288878236,20.347288878236,CHEMBL941,CHEMBL203,Kd,10000.0,nM,5.0
C3N-02155,27.537751974952,16.33,1,CPTAC,CPTAC,,,,,20.347288878236,20.347288878236,CHEMBL941,CHEMBL203,Kd,10000.0,nM,5.0
C3N-02155,27.537751974952,16.33,1,CPTAC,CPTAC,,,,,20.347288878236,20.347288878236,CHEMBL941,CHEMBL203,Kd,10000.0,nM,5.0
C3N-02155,27.537751974952,16.33,1,CPTAC,CPTAC,,,,,20.347288878236,20.347288878236,CHEMBL941,CHEMBL203,Kd,7600.0,nM,5.119186407719209
C3N-02155,27.537751974952,16.33,1,CPTAC,CPTAC,,,,,20.347288878236,20.347288878236,CHEMBL941,CHEMBL203,Kd,10000.0,nM,5.0
C3N-02155,27.537751974952,16.33,1,CPTAC,CPTAC,,,,,20.347288878236,20.347288878236,CHEMBL941,CHEMBL203,Kd,10000.0,nM,5.0
C3N-02155,27.537751974952,16.33,1,CPTAC,CPTAC,,,,,20.347288878236,20.347288878236,CHEMBL941,CHEMBL203,Kd,10000.0,nM,5.0
C3N-02155,27.537751974952,16.33,1,CPTAC,CPTAC,,,,,20.347288878236,20.347288878236,CHEMBL941,CHEMBL203,Kd,10000.0,nM,5.0
C3N-02155,27.537751974952,16.33,1,CPTAC,CPTAC,,,,,20.347288878236,20.347288878236,CHEMBL941,CHEMBL203,Kd,10000.0,nM,5.0
C3N-02155,27.537751974952,16.33,1,CPTAC,CPTAC,,,,,20.347288878236,20.347288878236,CHEMBL1079742,CHEMBL203,IC50,420.0,nM,6.376750709602099
C3N-02155,27.537751974952,16.33,1,CPTAC,CPTAC,,,,,20.347288878236,20.347288878236,CHEMBL1079742,CHEMBL203,IC50,15.0,nM,7.823908740944319
C3N-02155,27.537751974952,16.33,1,CPTAC,CPTAC,,,,,20.347288878236,20.347288878236,CHEMBL941,CHEMBL203,Kd,10000.0,nM,5.0
C3N-02155,27.537751974952,16.33,1,CPTAC,CPTAC,,,,,20.347288878236,20.347288878236,CHEMBL941,CHEMBL203,Kd,10000.0,nM,5.0
C3N-02155,27.537751974952,16.33,1,CPTAC,CPTAC,,,,,20.347288878236,20.347288878236,CHEMBL941,CHEMBL203,Kd,10000.0,nM,5.0
C3N-02155,27.537751974952,16.33,1,CPTAC,CPTAC,,,,,20.347288878236,20.347288878236,CHEMBL941,CHEMBL203,Kd,10000.0,nM,5.0
C3N-02155,27.537751974952,16.33,1,CPTAC,CPTAC,,,,,20.347288878236,20.347288878236,CHEMBL941,CHEMBL203,Kd,7600.0,nM,5.119186407719209
C3N-02155,27.537751974952,16.33,1,CPTAC,CPTAC,,,,,20.347288878236,20.347288878236,CHEMBL941,CHEMBL203,Kd,10000.0,nM,5.0
C3N-02155,27.537751974952,16.33,1,CPTAC,CPTAC,,,,,20.347288878236,20.347288878236,CHEMBL941,CHEMBL203,Kd,10000.0,nM,5.0
C3N-02155,27.537751974952,16.33,1,CPTAC,CPTAC,,,,,20.347288878236,20.347288878236,CHEMBL941,CHEMBL203,Kd,10000.0,nM,5.0
C3N-02155,27.537751974952,16.33,1,CPTAC,CPTAC,,,,,20.347288878236,20.347288878236,CHEMBL941,CHEMBL203,Kd,10000.0,nM,5.0
C3N-02155,27.537751974952,16.33,1,CPTAC,CPTAC,,,,,20.347288878236,20.347288878236,CHEMBL941,CHEMBL203,Kd,10000.0,nM,5.0
C3N-02155,27.537751974952,16.33,1,CPTAC,CPTAC,,,,,20.347288878236,20.347288878236,CHEMBL941,CHEMBL203,Kd,10000.0,nM,5.0
C3N-02155,27.537751974952,16.33,1,CPTAC,CPTAC,,,,,20.347288878236,20.347288878236,CHEMBL941,CHEMBL203,Kd,10000.0,nM,5.0
C3N-02155,27.537751974952,16.33,1,CPTAC,CPTAC,,,,,20.347288878236,20.347288878236,CHEMBL941,CHEMBL203,Kd,30000.0,nM,4.522878745280337
C3N-02155,27.537751974952,16.33,1,CPTAC,CPTAC,,,,,20.347288878236,20.347288878236,CHEMBL1079742,CHEMBL203,IC50,70.0,nM,7.154901959985743
C3N-02155,27.537751974952,16.33,1,CPTAC,CPTAC,,,,,20.347288878236,20.347288878236,CHEMBL941,CHEMBL203,IC50,0.11,nM,9.958607314841775
C3N-02155,27.537751974952,16.33,1,CPTAC,CPTAC,,,,,20.347288878236,20.347288878236,CHEMBL1079742,CHEMBL203,IC50,2.0,nM,8.698970004336019
C3N-02158,25.1952649524321,12.97,1,CPTAC,CPTAC,,,17.7050107093324,10.60490272817275,18.214828817933444,15.508247418479533,CHEMBL941,CHEMBL203,IC50,100000.0,nM,4.0
C3N-02158,25.1952649524321,12.97,1,CPTAC,CPTAC,,,17.7050107093324,10.60490272817275,18.214828817933444,15.508247418479533,CHEMBL941,CHEMBL203,Kd,10000.0,nM,5.0
C3N-02158,25.1952649524321,12.97,1,CPTAC,CPTAC,,,17.7050107093324,10.60490272817275,18.214828817933444,15.508247418479533,CHEMBL941,CHEMBL203,Kd,10000.0,nM,5.0
C3N-02158,25.1952649524321,12.97,1,CPTAC,CPTAC,,,17.7050107093324,10.60490272817275,18.214828817933444,15.508247418479533,CHEMBL941,CHEMBL203,Kd,10000.0,nM,5.0
C3N-02158,25.1952649524321,12.97,1,CPTAC,CPTAC,,,17.7050107093324,10.60490272817275,18.214828817933444,15.508247418479533,CHEMBL941,CHEMBL203,Kd,10000.0,nM,5.0
C3N-02158,25.1952649524321,12.97,1,CPTAC,CPTAC,,,17.7050107093324,10.60490272817275,18.214828817933444,15.508247418479533,CHEMBL941,CHEMBL203,Kd,7600.0,nM,5.119186407719209
C3N-02158,25.1952649524321,12.97,1,CPTAC,CPTAC,,,17.7050107093324,10.60490272817275,18.214828817933444,15.508247418479533,CHEMBL941,CHEMBL203,Kd,10000.0,nM,5.0
C3N-02158,25.1952649524321,12.97,1,CPTAC,CPTAC,,,17.7050107093324,10.60490272817275,18.214828817933444,15.508247418479533,CHEMBL941,CHEMBL203,Kd,10000.0,nM,5.0
C3N-02158,25.1952649524321,12.97,1,CPTAC,CPTAC,,,17.7050107093324,10.60490272817275,18.214828817933444,15.508247418479533,CHEMBL941,CHEMBL203,Kd,10000.0,nM,5.0
C3N-02158,25.1952649524321,12.97,1,CPTAC,CPTAC,,,17.7050107093324,10.60490272817275,18.214828817933444,15.508247418479533,CHEMBL941,CHEMBL203,Kd,10000.0,nM,5.0
C3N-02158,25.1952649524321,12.97,1,CPTAC,CPTAC,,,17.7050107093324,10.60490272817275,18.214828817933444,15.508247418479533,CHEMBL941,CHEMBL203,Kd,10000.0,nM,5.0
C3N-02158,25.1952649524321,12.97,1,CPTAC,CPTAC,,,17.7050107093324,10.60490272817275,18.214828817933444,15.508247418479533,CHEMBL1079742,CHEMBL203,IC50,420.0,nM,6.376750709602099
C3N-02158,25.1952649524321,12.97,1,CPTAC,CPTAC,,,17.7050107093324,10.60490272817275,18.214828817933444,15.508247418479533,CHEMBL1079742,CHEMBL203,IC50,15.0,nM,7.823908740944319
C3N-02158,25.1952649524321,12.97,1,CPTAC,CPTAC,,,17.7050107093324,10.60490272817275,18.214828817933444,15.508247418479533,CHEMBL941,CHEMBL203,Kd,10000.0,nM,5.0
C3N-02158,25.1952649524321,12.97,1,CPTAC,CPTAC,,,17.7050107093324,10.60490272817275,18.214828817933444,15.508247418479533,CHEMBL941,CHEMBL203,Kd,10000.0,nM,5.0
C3N-02158,25.1952649524321,12.97,1,CPTAC,CPTAC,,,17.7050107093324,10.60490272817275,18.214828817933444,15.508247418479533,CHEMBL941,CHEMBL203,Kd,10000.0,nM,5.0
C3N-02158,25.1952649524321,12.97,1,CPTAC,CPTAC,,,17.7050107093324,10.60490272817275,18.214828817933444,15.508247418479533,CHEMBL941,CHEMBL203,Kd,10000.0,nM,5.0
C3N-02158,25.1952649524321,12.97,1,CPTAC,CPTAC,,,17.7050107093324,10.60490272817275,18.214828817933444,15.508247418479533,CHEMBL941,CHEMBL203,Kd,7600.0,nM,5.119186407719209
C3N-02158,25.1952649524321,12.97,1,CPTAC,CPTAC,,,17.7050107093324,10.60490272817275,18.214828817933444,15.508247418479533,CHEMBL941,CHEMBL203,Kd,10000.0,nM,5.0
C3N-02158,25.1952649524321,12.97,1,CPTAC,CPTAC,,,17.7050107093324,10.60490272817275,18.214828817933444,15.508247418479533,CHEMBL941,CHEMBL203,Kd,10000.0,nM,5.0
C3N-02158,25.1952649524321,12.97,1,CPTAC,CPTAC,,,17.7050107093324,10.60490272817275,18.214828817933444,15.508247418479533,CHEMBL941,CHEMBL203,Kd,10000.0,nM,5.0
C3N-02158,25.1952649524321,12.97,1,CPTAC,CPTAC,,,17.7050107093324,10.60490272817275,18.214828817933444,15.508247418479533,CHEMBL941,CHEMBL203,Kd,10000.0,nM,5.0
C3N-02158,25.1952649524321,12.97,1,CPTAC,CPTAC,,,17.7050107093324,10.60490272817275,18.214828817933444,15.508247418479533,CHEMBL941,CHEMBL203,Kd,10000.0,nM,5.0
C3N-02158,25.1952649524321,12.97,1,CPTAC,CPTAC,,,17.7050107093324,10.60490272817275,18.214828817933444,15.508247418479533,CHEMBL941,CHEMBL203,Kd,10000.0,nM,5.0
C3N-02158,25.1952649524321,12.97,1,CPTAC,CPTAC,,,17.7050107093324,10.60490272817275,18.214828817933444,15.508247418479533,CHEMBL941,CHEMBL203,Kd,10000.0,nM,5.0
C3N-02158,25.1952649524321,12.97,1,CPTAC,CPTAC,,,17.7050107093324,10.60490272817275,18.214828817933444,15.508247418479533,CHEMBL941,CHEMBL203,Kd,30000.0,nM,4.522878745280337
C3N-02158,25.1952649524321,12.97,1,CPTAC,CPTAC,,,17.7050107093324,10.60490272817275,18.214828817933444,15.508247418479533,CHEMBL1079742,CHEMBL203,IC50,70.0,nM,7.154901959985743
C3N-02158,25.1952649524321,12.97,1,CPTAC,CPTAC,,,17.7050107093324,10.60490272817275,18.214828817933444,15.508247418479533,CHEMBL941,CHEMBL203,IC50,0.11,nM,9.958607314841775
C3N-02158,25.1952649524321,12.97,1,CPTAC,CPTAC,,,17.7050107093324,10.60490272817275,18.214828817933444,15.508247418479533,CHEMBL1079742,CHEMBL203,IC50,2.0,nM,8.698970004336019
C3N-02379,26.8884727721476,14.99,1,CPTAC,CPTAC,,,17.5923102799153,,21.5232646834421,19.5577874816787,CHEMBL941,CHEMBL203,IC50,100000.0,nM,4.0
C3N-02379,26.8884727721476,14.99,1,CPTAC,CPTAC,,,17.5923102799153,,21.5232646834421,19.5577874816787,CHEMBL941,CHEMBL203,Kd,10000.0,nM,5.0
C3N-02379,26.8884727721476,14.99,1,CPTAC,CPTAC,,,17.5923102799153,,21.5232646834421,19.5577874816787,CHEMBL941,CHEMBL203,Kd,10000.0,nM,5.0
C3N-02379,26.8884727721476,14.99,1,CPTAC,CPTAC,,,17.5923102799153,,21.5232646834421,19.5577874816787,CHEMBL941,CHEMBL203,Kd,10000.0,nM,5.0
C3N-02379,26.8884727721476,14.99,1,CPTAC,CPTAC,,,17.5923102799153,,21.5232646834421,19.5577874816787,CHEMBL941,CHEMBL203,Kd,10000.0,nM,5.0
C3N-02379,26.8884727721476,14.99,1,CPTAC,CPTAC,,,17.5923102799153,,21.5232646834421,19.5577874816787,CHEMBL941,CHEMBL203,Kd,7600.0,nM,5.119186407719209
C3N-02379,26.8884727721476,14.99,1,CPTAC,CPTAC,,,17.5923102799153,,21.5232646834421,19.5577874816787,CHEMBL941,CHEMBL203,Kd,10000.0,nM,5.0
C3N-02379,26.8884727721476,14.99,1,CPTAC,CPTAC,,,17.5923102799153,,21.5232646834421,19.5577874816787,CHEMBL941,CHEMBL203,Kd,10000.0,nM,5.0
C3N-02379,26.8884727721476,14.99,1,CPTAC,CPTAC,,,17.5923102799153,,21.5232646834421,19.5577874816787,CHEMBL941,CHEMBL203,Kd,10000.0,nM,5.0
C3N-02379,26.8884727721476,14.99,1,CPTAC,CPTAC,,,17.5923102799153,,21.5232646834421,19.5577874816787,CHEMBL941,CHEMBL203,Kd,10000.0,nM,5.0
C3N-02379,26.8884727721476,14.99,1,CPTAC,CPTAC,,,17.5923102799153,,21.5232646834421,19.5577874816787,CHEMBL941,CHEMBL203,Kd,10000.0,nM,5.0
C3N-02379,26.8884727721476,14.99,1,CPTAC,CPTAC,,,17.5923102799153,,21.5232646834421,19.5577874816787,CHEMBL1079742,CHEMBL203,IC50,420.0,nM,6.376750709602099
C3N-02379,26.8884727721476,14.99,1,CPTAC,CPTAC,,,17.5923102799153,,21.5232646834421,19.5577874816787,CHEMBL1079742,CHEMBL203,IC50,15.0,nM,7.823908740944319
C3N-02379,26.8884727721476,14.99,1,CPTAC,CPTAC,,,17.5923102799153,,21.5232646834421,19.5577874816787,CHEMBL941,CHEMBL203,Kd,10000.0,nM,5.0
C3N-02379,26.8884727721476,14.99,1,CPTAC,CPTAC,,,17.5923102799153,,21.5232646834421,19.5577874816787,CHEMBL941,CHEMBL203,Kd,10000.0,nM,5.0
C3N-02379,26.8884727721476,14.99,1,CPTAC,CPTAC,,,17.5923102799153,,21.5232646834421,19.5577874816787,CHEMBL941,CHEMBL203,Kd,10000.0,nM,5.0
C3N-02379,26.8884727721476,14.99,1,CPTAC,CPTAC,,,17.5923102799153,,21.5232646834421,19.5577874816787,CHEMBL941,CHEMBL203,Kd,10000.0,nM,5.0
C3N-02379,26.8884727721476,14.99,1,CPTAC,CPTAC,,,17.5923102799153,,21.5232646834421,19.5577874816787,CHEMBL941,CHEMBL203,Kd,7600.0,nM,5.119186407719209
C3N-02379,26.8884727721476,14.99,1,CPTAC,CPTAC,,,17.5923102799153,,21.5232646834421,19.5577874816787,CHEMBL941,CHEMBL203,Kd,10000.0,nM,5.0
C3N-02379,26.8884727721476,14.99,1,CPTAC,CPTAC,,,17.5923102799153,,21.5232646834421,19.5577874816787,CHEMBL941,CHEMBL203,Kd,10000.0,nM,5.0
C3N-02379,26.8884727721476,14.99,1,CPTAC,CPTAC,,,17.5923102799153,,21.5232646834421,19.5577874816787,CHEMBL941,CHEMBL203,Kd,10000.0,nM,5.0
C3N-02379,26.8884727721476,14.99,1,CPTAC,CPTAC,,,17.5923102799153,,21.5232646834421,19.5577874816787,CHEMBL941,CHEMBL203,Kd,10000.0,nM,5.0
C3N-02379,26.8884727721476,14.99,1,CPTAC,CPTAC,,,17.5923102799153,,21.5232646834421,19.5577874816787,CHEMBL941,CHEMBL203,Kd,10000.0,nM,5.0
C3N-02379,26.8884727721476,14.99,1,CPTAC,CPTAC,,,17.5923102799153,,21.5232646834421,19.5577874816787,CHEMBL941,CHEMBL203,Kd,10000.0,nM,5.0
C3N-02379,26.8884727721476,14.99,1,CPTAC,CPTAC,,,17.5923102799153,,21.5232646834421,19.5577874816787,CHEMBL941,CHEMBL203,Kd,10000.0,nM,5.0
C3N-02379,26.8884727721476,14.99,1,CPTAC,CPTAC,,,17.5923102799153,,21.5232646834421,19.5577874816787,CHEMBL941,CHEMBL203,Kd,30000.0,nM,4.522878745280337
C3N-02379,26.8884727721476,14.99,1,CPTAC,CPTAC,,,17.5923102799153,,21.5232646834421,19.5577874816787,CHEMBL1079742,CHEMBL203,IC50,70.0,nM,7.154901959985743
C3N-02379,26.8884727721476,14.99,1,CPTAC,CPTAC,,,17.5923102799153,,21.5232646834421,19.5577874816787,CHEMBL941,CHEMBL203,IC50,0.11,nM,9.958607314841775
C3N-02379,26.8884727721476,14.99,1,CPTAC,CPTAC,,,17.5923102799153,,21.5232646834421,19.5577874816787,CHEMBL1079742,CHEMBL203,IC50,2.0,nM,8.698970004336019
C3N-02380,25.7880672262256,13.6,1,CPTAC,CPTAC,,,,,,,CHEMBL941,CHEMBL203,IC50,100000.0,nM,4.0
C3N-02380,25.7880672262256,13.6,1,CPTAC,CPTAC,,,,,,,CHEMBL941,CHEMBL203,Kd,10000.0,nM,5.0
C3N-02380,25.7880672262256,13.6,1,CPTAC,CPTAC,,,,,,,CHEMBL941,CHEMBL203,Kd,10000.0,nM,5.0
C3N-02380,25.7880672262256,13.6,1,CPTAC,CPTAC,,,,,,,CHEMBL941,CHEMBL203,Kd,10000.0,nM,5.0
C3N-02380,25.7880672262256,13.6,1,CPTAC,CPTAC,,,,,,,CHEMBL941,CHEMBL203,Kd,10000.0,nM,5.0
C3N-02380,25.7880672262256,13.6,1,CPTAC,CPTAC,,,,,,,CHEMBL941,CHEMBL203,Kd,7600.0,nM,5.119186407719209
C3N-02380,25.7880672262256,13.6,1,CPTAC,CPTAC,,,,,,,CHEMBL941,CHEMBL203,Kd,10000.0,nM,5.0
C3N-02380,25.7880672262256,13.6,1,CPTAC,CPTAC,,,,,,,CHEMBL941,CHEMBL203,Kd,10000.0,nM,5.0
C3N-02380,25.7880672262256,13.6,1,CPTAC,CPTAC,,,,,,,CHEMBL941,CHEMBL203,Kd,10000.0,nM,5.0
C3N-02380,25.7880672262256,13.6,1,CPTAC,CPTAC,,,,,,,CHEMBL941,CHEMBL203,Kd,10000.0,nM,5.0
C3N-02380,25.7880672262256,13.6,1,CPTAC,CPTAC,,,,,,,CHEMBL941,CHEMBL203,Kd,10000.0,nM,5.0
C3N-02380,25.7880672262256,13.6,1,CPTAC,CPTAC,,,,,,,CHEMBL1079742,CHEMBL203,IC50,420.0,nM,6.376750709602099
C3N-02380,25.7880672262256,13.6,1,CPTAC,CPTAC,,,,,,,CHEMBL1079742,CHEMBL203,IC50,15.0,nM,7.823908740944319
C3N-02380,25.7880672262256,13.6,1,CPTAC,CPTAC,,,,,,,CHEMBL941,CHEMBL203,Kd,10000.0,nM,5.0
C3N-02380,25.7880672262256,13.6,1,CPTAC,CPTAC,,,,,,,CHEMBL941,CHEMBL203,Kd,10000.0,nM,5.0
C3N-02380,25.7880672262256,13.6,1,CPTAC,CPTAC,,,,,,,CHEMBL941,CHEMBL203,Kd,10000.0,nM,5.0
C3N-02380,25.7880672262256,13.6,1,CPTAC,CPTAC,,,,,,,CHEMBL941,CHEMBL203,Kd,10000.0,nM,5.0
C3N-02380,25.7880672262256,13.6,1,CPTAC,CPTAC,,,,,,,CHEMBL941,CHEMBL203,Kd,7600.0,nM,5.119186407719209
C3N-02380,25.7880672262256,13.6,1,CPTAC,CPTAC,,,,,,,CHEMBL941,CHEMBL203,Kd,10000.0,nM,5.0
C3N-02380,25.7880672262256,13.6,1,CPTAC,CPTAC,,,,,,,CHEMBL941,CHEMBL203,Kd,10000.0,nM,5.0
C3N-02380,25.7880672262256,13.6,1,CPTAC,CPTAC,,,,,,,CHEMBL941,CHEMBL203,Kd,10000.0,nM,5.0
C3N-02380,25.7880672262256,13.6,1,CPTAC,CPTAC,,,,,,,CHEMBL941,CHEMBL203,Kd,10000.0,nM,5.0
C3N-02380,25.7880672262256,13.6,1,CPTAC,CPTAC,,,,,,,CHEMBL941,CHEMBL203,Kd,10000.0,nM,5.0
C3N-02380,25.7880672262256,13.6,1,CPTAC,CPTAC,,,,,,,CHEMBL941,CHEMBL203,Kd,10000.0,nM,5.0
C3N-02380,25.7880672262256,13.6,1,CPTAC,CPTAC,,,,,,,CHEMBL941,CHEMBL203,Kd,10000.0,nM,5.0
C3N-02380,25.7880672262256,13.6,1,CPTAC,CPTAC,,,,,,,CHEMBL941,CHEMBL203,Kd,30000.0,nM,4.522878745280337
C3N-02380,25.7880672262256,13.6,1,CPTAC,CPTAC,,,,,,,CHEMBL1079742,CHEMBL203,IC50,70.0,nM,7.154901959985743
C3N-02380,25.7880672262256,13.6,1,CPTAC,CPTAC,,,,,,,CHEMBL941,CHEMBL203,IC50,0.11,nM,9.958607314841775
C3N-02380,25.7880672262256,13.6,1,CPTAC,CPTAC,,,,,,,CHEMBL1079742,CHEMBL203,IC50,2.0,nM,8.698970004336019
C3N-02421,26.7503303999458,15.34,1,CPTAC,CPTAC,,,18.0663454696274,10.583122355255949,19.93441077324065,16.194626199374667,CHEMBL941,CHEMBL203,IC50,100000.0,nM,4.0
C3N-02421,26.7503303999458,15.34,1,CPTAC,CPTAC,,,18.0663454696274,10.583122355255949,19.93441077324065,16.194626199374667,CHEMBL941,CHEMBL203,Kd,10000.0,nM,5.0
C3N-02421,26.7503303999458,15.34,1,CPTAC,CPTAC,,,18.0663454696274,10.583122355255949,19.93441077324065,16.194626199374667,CHEMBL941,CHEMBL203,Kd,10000.0,nM,5.0
C3N-02421,26.7503303999458,15.34,1,CPTAC,CPTAC,,,18.0663454696274,10.583122355255949,19.93441077324065,16.194626199374667,CHEMBL941,CHEMBL203,Kd,10000.0,nM,5.0
C3N-02421,26.7503303999458,15.34,1,CPTAC,CPTAC,,,18.0663454696274,10.583122355255949,19.93441077324065,16.194626199374667,CHEMBL941,CHEMBL203,Kd,10000.0,nM,5.0
C3N-02421,26.7503303999458,15.34,1,CPTAC,CPTAC,,,18.0663454696274,10.583122355255949,19.93441077324065,16.194626199374667,CHEMBL941,CHEMBL203,Kd,7600.0,nM,5.119186407719209
C3N-02421,26.7503303999458,15.34,1,CPTAC,CPTAC,,,18.0663454696274,10.583122355255949,19.93441077324065,16.194626199374667,CHEMBL941,CHEMBL203,Kd,10000.0,nM,5.0
C3N-02421,26.7503303999458,15.34,1,CPTAC,CPTAC,,,18.0663454696274,10.583122355255949,19.93441077324065,16.194626199374667,CHEMBL941,CHEMBL203,Kd,10000.0,nM,5.0
C3N-02421,26.7503303999458,15.34,1,CPTAC,CPTAC,,,18.0663454696274,10.583122355255949,19.93441077324065,16.194626199374667,CHEMBL941,CHEMBL203,Kd,10000.0,nM,5.0
C3N-02421,26.7503303999458,15.34,1,CPTAC,CPTAC,,,18.0663454696274,10.583122355255949,19.93441077324065,16.194626199374667,CHEMBL941,CHEMBL203,Kd,10000.0,nM,5.0
C3N-02421,26.7503303999458,15.34,1,CPTAC,CPTAC,,,18.0663454696274,10.583122355255949,19.93441077324065,16.194626199374667,CHEMBL941,CHEMBL203,Kd,10000.0,nM,5.0
C3N-02421,26.7503303999458,15.34,1,CPTAC,CPTAC,,,18.0663454696274,10.583122355255949,19.93441077324065,16.194626199374667,CHEMBL1079742,CHEMBL203,IC50,420.0,nM,6.376750709602099
C3N-02421,26.7503303999458,15.34,1,CPTAC,CPTAC,,,18.0663454696274,10.583122355255949,19.93441077324065,16.194626199374667,CHEMBL1079742,CHEMBL203,IC50,15.0,nM,7.823908740944319
C3N-02421,26.7503303999458,15.34,1,CPTAC,CPTAC,,,18.0663454696274,10.583122355255949,19.93441077324065,16.194626199374667,CHEMBL941,CHEMBL203,Kd,10000.0,nM,5.0
C3N-02421,26.7503303999458,15.34,1,CPTAC,CPTAC,,,18.0663454696274,10.583122355255949,19.93441077324065,16.194626199374667,CHEMBL941,CHEMBL203,Kd,10000.0,nM,5.0
C3N-02421,26.7503303999458,15.34,1,CPTAC,CPTAC,,,18.0663454696274,10.583122355255949,19.93441077324065,16.194626199374667,CHEMBL941,CHEMBL203,Kd,10000.0,nM,5.0
C3N-02421,26.7503303999458,15.34,1,CPTAC,CPTAC,,,18.0663454696274,10.583122355255949,19.93441077324065,16.194626199374667,CHEMBL941,CHEMBL203,Kd,10000.0,nM,5.0
C3N-02421,26.7503303999458,15.34,1,CPTAC,CPTAC,,,18.0663454696274,10.583122355255949,19.93441077324065,16.194626199374667,CHEMBL941,CHEMBL203,Kd,7600.0,nM,5.119186407719209
C3N-02421,26.7503303999458,15.34,1,CPTAC,CPTAC,,,18.0663454696274,10.583122355255949,19.93441077324065,16.194626199374667,CHEMBL941,CHEMBL203,Kd,10000.0,nM,5.0
C3N-02421,26.7503303999458,15.34,1,CPTAC,CPTAC,,,18.0663454696274,10.583122355255949,19.93441077324065,16.194626199374667,CHEMBL941,CHEMBL203,Kd,10000.0,nM,5.0
C3N-02421,26.7503303999458,15.34,1,CPTAC,CPTAC,,,18.0663454696274,10.583122355255949,19.93441077324065,16.194626199374667,CHEMBL941,CHEMBL203,Kd,10000.0,nM,5.0
C3N-02421,26.7503303999458,15.34,1,CPTAC,CPTAC,,,18.0663454696274,10.583122355255949,19.93441077324065,16.194626199374667,CHEMBL941,CHEMBL203,Kd,10000.0,nM,5.0
C3N-02421,26.7503303999458,15.34,1,CPTAC,CPTAC,,,18.0663454696274,10.583122355255949,19.93441077324065,16.194626199374667,CHEMBL941,CHEMBL203,Kd,10000.0,nM,5.0
C3N-02421,26.7503303999458,15.34,1,CPTAC,CPTAC,,,18.0663454696274,10.583122355255949,19.93441077324065,16.194626199374667,CHEMBL941,CHEMBL203,Kd,10000.0,nM,5.0
C3N-02421,26.7503303999458,15.34,1,CPTAC,CPTAC,,,18.0663454696274,10.583122355255949,19.93441077324065,16.194626199374667,CHEMBL941,CHEMBL203,Kd,10000.0,nM,5.0
C3N-02421,26.7503303999458,15.34,1,CPTAC,CPTAC,,,18.0663454696274,10.583122355255949,19.93441077324065,16.194626199374667,CHEMBL941,CHEMBL203,Kd,30000.0,nM,4.522878745280337
C3N-02421,26.7503303999458,15.34,1,CPTAC,CPTAC,,,18.0663454696274,10.583122355255949,19.93441077324065,16.194626199374667,CHEMBL1079742,CHEMBL203,IC50,70.0,nM,7.154901959985743
C3N-02421,26.7503303999458,15.34,1,CPTAC,CPTAC,,,18.0663454696274,10.583122355255949,19.93441077324065,16.194626199374667,CHEMBL941,CHEMBL203,IC50,0.11,nM,9.958607314841775
C3N-02421,26.7503303999458,15.34,1,CPTAC,CPTAC,,,18.0663454696274,10.583122355255949,19.93441077324065,16.194626199374667,CHEMBL1079742,CHEMBL203,IC50,2.0,nM,8.698970004336019
C3N-02422,25.833288538483,12.65,1,CPTAC,CPTAC,,,17.9769343169811,,18.1896715319823,18.0833029244817,CHEMBL941,CHEMBL203,IC50,100000.0,nM,4.0
C3N-02422,25.833288538483,12.65,1,CPTAC,CPTAC,,,17.9769343169811,,18.1896715319823,18.0833029244817,CHEMBL941,CHEMBL203,Kd,10000.0,nM,5.0
C3N-02422,25.833288538483,12.65,1,CPTAC,CPTAC,,,17.9769343169811,,18.1896715319823,18.0833029244817,CHEMBL941,CHEMBL203,Kd,10000.0,nM,5.0
C3N-02422,25.833288538483,12.65,1,CPTAC,CPTAC,,,17.9769343169811,,18.1896715319823,18.0833029244817,CHEMBL941,CHEMBL203,Kd,10000.0,nM,5.0
C3N-02422,25.833288538483,12.65,1,CPTAC,CPTAC,,,17.9769343169811,,18.1896715319823,18.0833029244817,CHEMBL941,CHEMBL203,Kd,10000.0,nM,5.0
C3N-02422,25.833288538483,12.65,1,CPTAC,CPTAC,,,17.9769343169811,,18.1896715319823,18.0833029244817,CHEMBL941,CHEMBL203,Kd,7600.0,nM,5.119186407719209
C3N-02422,25.833288538483,12.65,1,CPTAC,CPTAC,,,17.9769343169811,,18.1896715319823,18.0833029244817,CHEMBL941,CHEMBL203,Kd,10000.0,nM,5.0
C3N-02422,25.833288538483,12.65,1,CPTAC,CPTAC,,,17.9769343169811,,18.1896715319823,18.0833029244817,CHEMBL941,CHEMBL203,Kd,10000.0,nM,5.0
C3N-02422,25.833288538483,12.65,1,CPTAC,CPTAC,,,17.9769343169811,,18.1896715319823,18.0833029244817,CHEMBL941,CHEMBL203,Kd,10000.0,nM,5.0
C3N-02422,25.833288538483,12.65,1,CPTAC,CPTAC,,,17.9769343169811,,18.1896715319823,18.0833029244817,CHEMBL941,CHEMBL203,Kd,10000.0,nM,5.0
C3N-02422,25.833288538483,12.65,1,CPTAC,CPTAC,,,17.9769343169811,,18.1896715319823,18.0833029244817,CHEMBL941,CHEMBL203,Kd,10000.0,nM,5.0
C3N-02422,25.833288538483,12.65,1,CPTAC,CPTAC,,,17.9769343169811,,18.1896715319823,18.0833029244817,CHEMBL1079742,CHEMBL203,IC50,420.0,nM,6.376750709602099
C3N-02422,25.833288538483,12.65,1,CPTAC,CPTAC,,,17.9769343169811,,18.1896715319823,18.0833029244817,CHEMBL1079742,CHEMBL203,IC50,15.0,nM,7.823908740944319
C3N-02422,25.833288538483,12.65,1,CPTAC,CPTAC,,,17.9769343169811,,18.1896715319823,18.0833029244817,CHEMBL941,CHEMBL203,Kd,10000.0,nM,5.0
C3N-02422,25.833288538483,12.65,1,CPTAC,CPTAC,,,17.9769343169811,,18.1896715319823,18.0833029244817,CHEMBL941,CHEMBL203,Kd,10000.0,nM,5.0
C3N-02422,25.833288538483,12.65,1,CPTAC,CPTAC,,,17.9769343169811,,18.1896715319823,18.0833029244817,CHEMBL941,CHEMBL203,Kd,10000.0,nM,5.0
C3N-02422,25.833288538483,12.65,1,CPTAC,CPTAC,,,17.9769343169811,,18.1896715319823,18.0833029244817,CHEMBL941,CHEMBL203,Kd,10000.0,nM,5.0
C3N-02422,25.833288538483,12.65,1,CPTAC,CPTAC,,,17.9769343169811,,18.1896715319823,18.0833029244817,CHEMBL941,CHEMBL203,Kd,7600.0,nM,5.119186407719209
C3N-02422,25.833288538483,12.65,1,CPTAC,CPTAC,,,17.9769343169811,,18.1896715319823,18.0833029244817,CHEMBL941,CHEMBL203,Kd,10000.0,nM,5.0
C3N-02422,25.833288538483,12.65,1,CPTAC,CPTAC,,,17.9769343169811,,18.1896715319823,18.0833029244817,CHEMBL941,CHEMBL203,Kd,10000.0,nM,5.0
C3N-02422,25.833288538483,12.65,1,CPTAC,CPTAC,,,17.9769343169811,,18.1896715319823,18.0833029244817,CHEMBL941,CHEMBL203,Kd,10000.0,nM,5.0
C3N-02422,25.833288538483,12.65,1,CPTAC,CPTAC,,,17.9769343169811,,18.1896715319823,18.0833029244817,CHEMBL941,CHEMBL203,Kd,10000.0,nM,5.0
C3N-02422,25.833288538483,12.65,1,CPTAC,CPTAC,,,17.9769343169811,,18.1896715319823,18.0833029244817,CHEMBL941,CHEMBL203,Kd,10000.0,nM,5.0
C3N-02422,25.833288538483,12.65,1,CPTAC,CPTAC,,,17.9769343169811,,18.1896715319823,18.0833029244817,CHEMBL941,CHEMBL203,Kd,10000.0,nM,5.0
C3N-02422,25.833288538483,12.65,1,CPTAC,CPTAC,,,17.9769343169811,,18.1896715319823,18.0833029244817,CHEMBL941,CHEMBL203,Kd,10000.0,nM,5.0
C3N-02422,25.833288538483,12.65,1,CPTAC,CPTAC,,,17.9769343169811,,18.1896715319823,18.0833029244817,CHEMBL941,CHEMBL203,Kd,30000.0,nM,4.522878745280337
C3N-02422,25.833288538483,12.65,1,CPTAC,CPTAC,,,17.9769343169811,,18.1896715319823,18.0833029244817,CHEMBL1079742,CHEMBL203,IC50,70.0,nM,7.154901959985743
C3N-02422,25.833288538483,12.65,1,CPTAC,CPTAC,,,17.9769343169811,,18.1896715319823,18.0833029244817,CHEMBL941,CHEMBL203,IC50,0.11,nM,9.958607314841775
C3N-02422,25.833288538483,12.65,1,CPTAC,CPTAC,,,17.9769343169811,,18.1896715319823,18.0833029244817,CHEMBL1079742,CHEMBL203,IC50,2.0,nM,8.698970004336019
C3N-02423,25.9719108078131,13.68,1,CPTAC,CPTAC,,,,,,,CHEMBL941,CHEMBL203,IC50,100000.0,nM,4.0
C3N-02423,25.9719108078131,13.68,1,CPTAC,CPTAC,,,,,,,CHEMBL941,CHEMBL203,Kd,10000.0,nM,5.0
C3N-02423,25.9719108078131,13.68,1,CPTAC,CPTAC,,,,,,,CHEMBL941,CHEMBL203,Kd,10000.0,nM,5.0
C3N-02423,25.9719108078131,13.68,1,CPTAC,CPTAC,,,,,,,CHEMBL941,CHEMBL203,Kd,10000.0,nM,5.0
C3N-02423,25.9719108078131,13.68,1,CPTAC,CPTAC,,,,,,,CHEMBL941,CHEMBL203,Kd,10000.0,nM,5.0
C3N-02423,25.9719108078131,13.68,1,CPTAC,CPTAC,,,,,,,CHEMBL941,CHEMBL203,Kd,7600.0,nM,5.119186407719209
C3N-02423,25.9719108078131,13.68,1,CPTAC,CPTAC,,,,,,,CHEMBL941,CHEMBL203,Kd,10000.0,nM,5.0
C3N-02423,25.9719108078131,13.68,1,CPTAC,CPTAC,,,,,,,CHEMBL941,CHEMBL203,Kd,10000.0,nM,5.0
C3N-02423,25.9719108078131,13.68,1,CPTAC,CPTAC,,,,,,,CHEMBL941,CHEMBL203,Kd,10000.0,nM,5.0
C3N-02423,25.9719108078131,13.68,1,CPTAC,CPTAC,,,,,,,CHEMBL941,CHEMBL203,Kd,10000.0,nM,5.0
C3N-02423,25.9719108078131,13.68,1,CPTAC,CPTAC,,,,,,,CHEMBL941,CHEMBL203,Kd,10000.0,nM,5.0
C3N-02423,25.9719108078131,13.68,1,CPTAC,CPTAC,,,,,,,CHEMBL1079742,CHEMBL203,IC50,420.0,nM,6.376750709602099
C3N-02423,25.9719108078131,13.68,1,CPTAC,CPTAC,,,,,,,CHEMBL1079742,CHEMBL203,IC50,15.0,nM,7.823908740944319
C3N-02423,25.9719108078131,13.68,1,CPTAC,CPTAC,,,,,,,CHEMBL941,CHEMBL203,Kd,10000.0,nM,5.0
C3N-02423,25.9719108078131,13.68,1,CPTAC,CPTAC,,,,,,,CHEMBL941,CHEMBL203,Kd,10000.0,nM,5.0
C3N-02423,25.9719108078131,13.68,1,CPTAC,CPTAC,,,,,,,CHEMBL941,CHEMBL203,Kd,10000.0,nM,5.0
C3N-02423,25.9719108078131,13.68,1,CPTAC,CPTAC,,,,,,,CHEMBL941,CHEMBL203,Kd,10000.0,nM,5.0
C3N-02423,25.9719108078131,13.68,1,CPTAC,CPTAC,,,,,,,CHEMBL941,CHEMBL203,Kd,7600.0,nM,5.119186407719209
C3N-02423,25.9719108078131,13.68,1,CPTAC,CPTAC,,,,,,,CHEMBL941,CHEMBL203,Kd,10000.0,nM,5.0
C3N-02423,25.9719108078131,13.68,1,CPTAC,CPTAC,,,,,,,CHEMBL941,CHEMBL203,Kd,10000.0,nM,5.0
C3N-02423,25.9719108078131,13.68,1,CPTAC,CPTAC,,,,,,,CHEMBL941,CHEMBL203,Kd,10000.0,nM,5.0
C3N-02423,25.9719108078131,13.68,1,CPTAC,CPTAC,,,,,,,CHEMBL941,CHEMBL203,Kd,10000.0,nM,5.0
C3N-02423,25.9719108078131,13.68,1,CPTAC,CPTAC,,,,,,,CHEMBL941,CHEMBL203,Kd,10000.0,nM,5.0
C3N-02423,25.9719108078131,13.68,1,CPTAC,CPTAC,,,,,,,CHEMBL941,CHEMBL203,Kd,10000.0,nM,5.0
C3N-02423,25.9719108078131,13.68,1,CPTAC,CPTAC,,,,,,,CHEMBL941,CHEMBL203,Kd,10000.0,nM,5.0
C3N-02423,25.9719108078131,13.68,1,CPTAC,CPTAC,,,,,,,CHEMBL941,CHEMBL203,Kd,30000.0,nM,4.522878745280337
C3N-02423,25.9719108078131,13.68,1,CPTAC,CPTAC,,,,,,,CHEMBL1079742,CHEMBL203,IC50,70.0,nM,7.154901959985743
C3N-02423,25.9719108078131,13.68,1,CPTAC,CPTAC,,,,,,,CHEMBL941,CHEMBL203,IC50,0.11,nM,9.958607314841775
C3N-02423,25.9719108078131,13.68,1,CPTAC,CPTAC,,,,,,,CHEMBL1079742,CHEMBL203,IC50,2.0,nM,8.698970004336019
C3N-02424,25.4180302519632,13.17,1,CPTAC,CPTAC,,,,,18.8614032995857,18.8614032995857,CHEMBL941,CHEMBL203,IC50,100000.0,nM,4.0
C3N-02424,25.4180302519632,13.17,1,CPTAC,CPTAC,,,,,18.8614032995857,18.8614032995857,CHEMBL941,CHEMBL203,Kd,10000.0,nM,5.0
C3N-02424,25.4180302519632,13.17,1,CPTAC,CPTAC,,,,,18.8614032995857,18.8614032995857,CHEMBL941,CHEMBL203,Kd,10000.0,nM,5.0
C3N-02424,25.4180302519632,13.17,1,CPTAC,CPTAC,,,,,18.8614032995857,18.8614032995857,CHEMBL941,CHEMBL203,Kd,10000.0,nM,5.0
C3N-02424,25.4180302519632,13.17,1,CPTAC,CPTAC,,,,,18.8614032995857,18.8614032995857,CHEMBL941,CHEMBL203,Kd,10000.0,nM,5.0
C3N-02424,25.4180302519632,13.17,1,CPTAC,CPTAC,,,,,18.8614032995857,18.8614032995857,CHEMBL941,CHEMBL203,Kd,7600.0,nM,5.119186407719209
C3N-02424,25.4180302519632,13.17,1,CPTAC,CPTAC,,,,,18.8614032995857,18.8614032995857,CHEMBL941,CHEMBL203,Kd,10000.0,nM,5.0
C3N-02424,25.4180302519632,13.17,1,CPTAC,CPTAC,,,,,18.8614032995857,18.8614032995857,CHEMBL941,CHEMBL203,Kd,10000.0,nM,5.0
C3N-02424,25.4180302519632,13.17,1,CPTAC,CPTAC,,,,,18.8614032995857,18.8614032995857,CHEMBL941,CHEMBL203,Kd,10000.0,nM,5.0
C3N-02424,25.4180302519632,13.17,1,CPTAC,CPTAC,,,,,18.8614032995857,18.8614032995857,CHEMBL941,CHEMBL203,Kd,10000.0,nM,5.0
C3N-02424,25.4180302519632,13.17,1,CPTAC,CPTAC,,,,,18.8614032995857,18.8614032995857,CHEMBL941,CHEMBL203,Kd,10000.0,nM,5.0
C3N-02424,25.4180302519632,13.17,1,CPTAC,CPTAC,,,,,18.8614032995857,18.8614032995857,CHEMBL1079742,CHEMBL203,IC50,420.0,nM,6.376750709602099
C3N-02424,25.4180302519632,13.17,1,CPTAC,CPTAC,,,,,18.8614032995857,18.8614032995857,CHEMBL1079742,CHEMBL203,IC50,15.0,nM,7.823908740944319
C3N-02424,25.4180302519632,13.17,1,CPTAC,CPTAC,,,,,18.8614032995857,18.8614032995857,CHEMBL941,CHEMBL203,Kd,10000.0,nM,5.0
C3N-02424,25.4180302519632,13.17,1,CPTAC,CPTAC,,,,,18.8614032995857,18.8614032995857,CHEMBL941,CHEMBL203,Kd,10000.0,nM,5.0
C3N-02424,25.4180302519632,13.17,1,CPTAC,CPTAC,,,,,18.8614032995857,18.8614032995857,CHEMBL941,CHEMBL203,Kd,10000.0,nM,5.0
C3N-02424,25.4180302519632,13.17,1,CPTAC,CPTAC,,,,,18.8614032995857,18.8614032995857,CHEMBL941,CHEMBL203,Kd,10000.0,nM,5.0
C3N-02424,25.4180302519632,13.17,1,CPTAC,CPTAC,,,,,18.8614032995857,18.8614032995857,CHEMBL941,CHEMBL203,Kd,7600.0,nM,5.119186407719209
C3N-02424,25.4180302519632,13.17,1,CPTAC,CPTAC,,,,,18.8614032995857,18.8614032995857,CHEMBL941,CHEMBL203,Kd,10000.0,nM,5.0
C3N-02424,25.4180302519632,13.17,1,CPTAC,CPTAC,,,,,18.8614032995857,18.8614032995857,CHEMBL941,CHEMBL203,Kd,10000.0,nM,5.0
C3N-02424,25.4180302519632,13.17,1,CPTAC,CPTAC,,,,,18.8614032995857,18.8614032995857,CHEMBL941,CHEMBL203,Kd,10000.0,nM,5.0
C3N-02424,25.4180302519632,13.17,1,CPTAC,CPTAC,,,,,18.8614032995857,18.8614032995857,CHEMBL941,CHEMBL203,Kd,10000.0,nM,5.0
C3N-02424,25.4180302519632,13.17,1,CPTAC,CPTAC,,,,,18.8614032995857,18.8614032995857,CHEMBL941,CHEMBL203,Kd,10000.0,nM,5.0
C3N-02424,25.4180302519632,13.17,1,CPTAC,CPTAC,,,,,18.8614032995857,18.8614032995857,CHEMBL941,CHEMBL203,Kd,10000.0,nM,5.0
C3N-02424,25.4180302519632,13.17,1,CPTAC,CPTAC,,,,,18.8614032995857,18.8614032995857,CHEMBL941,CHEMBL203,Kd,10000.0,nM,5.0
C3N-02424,25.4180302519632,13.17,1,CPTAC,CPTAC,,,,,18.8614032995857,18.8614032995857,CHEMBL941,CHEMBL203,Kd,30000.0,nM,4.522878745280337
C3N-02424,25.4180302519632,13.17,1,CPTAC,CPTAC,,,,,18.8614032995857,18.8614032995857,CHEMBL1079742,CHEMBL203,IC50,70.0,nM,7.154901959985743
C3N-02424,25.4180302519632,13.17,1,CPTAC,CPTAC,,,,,18.8614032995857,18.8614032995857,CHEMBL941,CHEMBL203,IC50,0.11,nM,9.958607314841775
C3N-02424,25.4180302519632,13.17,1,CPTAC,CPTAC,,,,,18.8614032995857,18.8614032995857,CHEMBL1079742,CHEMBL203,IC50,2.0,nM,8.698970004336019
C3N-02433,25.236228469771,13.45,1,CPTAC,CPTAC,,,17.7156641031058,,,17.7156641031058,CHEMBL941,CHEMBL203,IC50,100000.0,nM,4.0
C3N-02433,25.236228469771,13.45,1,CPTAC,CPTAC,,,17.7156641031058,,,17.7156641031058,CHEMBL941,CHEMBL203,Kd,10000.0,nM,5.0
C3N-02433,25.236228469771,13.45,1,CPTAC,CPTAC,,,17.7156641031058,,,17.7156641031058,CHEMBL941,CHEMBL203,Kd,10000.0,nM,5.0
C3N-02433,25.236228469771,13.45,1,CPTAC,CPTAC,,,17.7156641031058,,,17.7156641031058,CHEMBL941,CHEMBL203,Kd,10000.0,nM,5.0
C3N-02433,25.236228469771,13.45,1,CPTAC,CPTAC,,,17.7156641031058,,,17.7156641031058,CHEMBL941,CHEMBL203,Kd,10000.0,nM,5.0
C3N-02433,25.236228469771,13.45,1,CPTAC,CPTAC,,,17.7156641031058,,,17.7156641031058,CHEMBL941,CHEMBL203,Kd,7600.0,nM,5.119186407719209
C3N-02433,25.236228469771,13.45,1,CPTAC,CPTAC,,,17.7156641031058,,,17.7156641031058,CHEMBL941,CHEMBL203,Kd,10000.0,nM,5.0
C3N-02433,25.236228469771,13.45,1,CPTAC,CPTAC,,,17.7156641031058,,,17.7156641031058,CHEMBL941,CHEMBL203,Kd,10000.0,nM,5.0
C3N-02433,25.236228469771,13.45,1,CPTAC,CPTAC,,,17.7156641031058,,,17.7156641031058,CHEMBL941,CHEMBL203,Kd,10000.0,nM,5.0
C3N-02433,25.236228469771,13.45,1,CPTAC,CPTAC,,,17.7156641031058,,,17.7156641031058,CHEMBL941,CHEMBL203,Kd,10000.0,nM,5.0
C3N-02433,25.236228469771,13.45,1,CPTAC,CPTAC,,,17.7156641031058,,,17.7156641031058,CHEMBL941,CHEMBL203,Kd,10000.0,nM,5.0
C3N-02433,25.236228469771,13.45,1,CPTAC,CPTAC,,,17.7156641031058,,,17.7156641031058,CHEMBL1079742,CHEMBL203,IC50,420.0,nM,6.376750709602099
C3N-02433,25.236228469771,13.45,1,CPTAC,CPTAC,,,17.7156641031058,,,17.7156641031058,CHEMBL1079742,CHEMBL203,IC50,15.0,nM,7.823908740944319
C3N-02433,25.236228469771,13.45,1,CPTAC,CPTAC,,,17.7156641031058,,,17.7156641031058,CHEMBL941,CHEMBL203,Kd,10000.0,nM,5.0
C3N-02433,25.236228469771,13.45,1,CPTAC,CPTAC,,,17.7156641031058,,,17.7156641031058,CHEMBL941,CHEMBL203,Kd,10000.0,nM,5.0
C3N-02433,25.236228469771,13.45,1,CPTAC,CPTAC,,,17.7156641031058,,,17.7156641031058,CHEMBL941,CHEMBL203,Kd,10000.0,nM,5.0
C3N-02433,25.236228469771,13.45,1,CPTAC,CPTAC,,,17.7156641031058,,,17.7156641031058,CHEMBL941,CHEMBL203,Kd,10000.0,nM,5.0
C3N-02433,25.236228469771,13.45,1,CPTAC,CPTAC,,,17.7156641031058,,,17.7156641031058,CHEMBL941,CHEMBL203,Kd,7600.0,nM,5.119186407719209
C3N-02433,25.236228469771,13.45,1,CPTAC,CPTAC,,,17.7156641031058,,,17.7156641031058,CHEMBL941,CHEMBL203,Kd,10000.0,nM,5.0
C3N-02433,25.236228469771,13.45,1,CPTAC,CPTAC,,,17.7156641031058,,,17.7156641031058,CHEMBL941,CHEMBL203,Kd,10000.0,nM,5.0
C3N-02433,25.236228469771,13.45,1,CPTAC,CPTAC,,,17.7156641031058,,,17.7156641031058,CHEMBL941,CHEMBL203,Kd,10000.0,nM,5.0
C3N-02433,25.236228469771,13.45,1,CPTAC,CPTAC,,,17.7156641031058,,,17.7156641031058,CHEMBL941,CHEMBL203,Kd,10000.0,nM,5.0
C3N-02433,25.236228469771,13.45,1,CPTAC,CPTAC,,,17.7156641031058,,,17.7156641031058,CHEMBL941,CHEMBL203,Kd,10000.0,nM,5.0
C3N-02433,25.236228469771,13.45,1,CPTAC,CPTAC,,,17.7156641031058,,,17.7156641031058,CHEMBL941,CHEMBL203,Kd,10000.0,nM,5.0
C3N-02433,25.236228469771,13.45,1,CPTAC,CPTAC,,,17.7156641031058,,,17.7156641031058,CHEMBL941,CHEMBL203,Kd,10000.0,nM,5.0
C3N-02433,25.236228469771,13.45,1,CPTAC,CPTAC,,,17.7156641031058,,,17.7156641031058,CHEMBL941,CHEMBL203,Kd,30000.0,nM,4.522878745280337
C3N-02433,25.236228469771,13.45,1,CPTAC,CPTAC,,,17.7156641031058,,,17.7156641031058,CHEMBL1079742,CHEMBL203,IC50,70.0,nM,7.154901959985743
C3N-02433,25.236228469771,13.45,1,CPTAC,CPTAC,,,17.7156641031058,,,17.7156641031058,CHEMBL941,CHEMBL203,IC50,0.11,nM,9.958607314841775
C3N-02433,25.236228469771,13.45,1,CPTAC,CPTAC,,,17.7156641031058,,,17.7156641031058,CHEMBL1079742,CHEMBL203,IC50,2.0,nM,8.698970004336019
C3N-02529,26.5451569583962,15.02,1,CPTAC,CPTAC,,,18.740353176561648,,19.63332991049575,19.1868415435287,CHEMBL941,CHEMBL203,IC50,100000.0,nM,4.0
C3N-02529,26.5451569583962,15.02,1,CPTAC,CPTAC,,,18.740353176561648,,19.63332991049575,19.1868415435287,CHEMBL941,CHEMBL203,Kd,10000.0,nM,5.0
C3N-02529,26.5451569583962,15.02,1,CPTAC,CPTAC,,,18.740353176561648,,19.63332991049575,19.1868415435287,CHEMBL941,CHEMBL203,Kd,10000.0,nM,5.0
C3N-02529,26.5451569583962,15.02,1,CPTAC,CPTAC,,,18.740353176561648,,19.63332991049575,19.1868415435287,CHEMBL941,CHEMBL203,Kd,10000.0,nM,5.0
C3N-02529,26.5451569583962,15.02,1,CPTAC,CPTAC,,,18.740353176561648,,19.63332991049575,19.1868415435287,CHEMBL941,CHEMBL203,Kd,10000.0,nM,5.0
C3N-02529,26.5451569583962,15.02,1,CPTAC,CPTAC,,,18.740353176561648,,19.63332991049575,19.1868415435287,CHEMBL941,CHEMBL203,Kd,7600.0,nM,5.119186407719209
C3N-02529,26.5451569583962,15.02,1,CPTAC,CPTAC,,,18.740353176561648,,19.63332991049575,19.1868415435287,CHEMBL941,CHEMBL203,Kd,10000.0,nM,5.0
C3N-02529,26.5451569583962,15.02,1,CPTAC,CPTAC,,,18.740353176561648,,19.63332991049575,19.1868415435287,CHEMBL941,CHEMBL203,Kd,10000.0,nM,5.0
C3N-02529,26.5451569583962,15.02,1,CPTAC,CPTAC,,,18.740353176561648,,19.63332991049575,19.1868415435287,CHEMBL941,CHEMBL203,Kd,10000.0,nM,5.0
C3N-02529,26.5451569583962,15.02,1,CPTAC,CPTAC,,,18.740353176561648,,19.63332991049575,19.1868415435287,CHEMBL941,CHEMBL203,Kd,10000.0,nM,5.0
C3N-02529,26.5451569583962,15.02,1,CPTAC,CPTAC,,,18.740353176561648,,19.63332991049575,19.1868415435287,CHEMBL941,CHEMBL203,Kd,10000.0,nM,5.0
C3N-02529,26.5451569583962,15.02,1,CPTAC,CPTAC,,,18.740353176561648,,19.63332991049575,19.1868415435287,CHEMBL1079742,CHEMBL203,IC50,420.0,nM,6.376750709602099
C3N-02529,26.5451569583962,15.02,1,CPTAC,CPTAC,,,18.740353176561648,,19.63332991049575,19.1868415435287,CHEMBL1079742,CHEMBL203,IC50,15.0,nM,7.823908740944319
C3N-02529,26.5451569583962,15.02,1,CPTAC,CPTAC,,,18.740353176561648,,19.63332991049575,19.1868415435287,CHEMBL941,CHEMBL203,Kd,10000.0,nM,5.0
C3N-02529,26.5451569583962,15.02,1,CPTAC,CPTAC,,,18.740353176561648,,19.63332991049575,19.1868415435287,CHEMBL941,CHEMBL203,Kd,10000.0,nM,5.0
C3N-02529,26.5451569583962,15.02,1,CPTAC,CPTAC,,,18.740353176561648,,19.63332991049575,19.1868415435287,CHEMBL941,CHEMBL203,Kd,10000.0,nM,5.0
C3N-02529,26.5451569583962,15.02,1,CPTAC,CPTAC,,,18.740353176561648,,19.63332991049575,19.1868415435287,CHEMBL941,CHEMBL203,Kd,10000.0,nM,5.0
C3N-02529,26.5451569583962,15.02,1,CPTAC,CPTAC,,,18.740353176561648,,19.63332991049575,19.1868415435287,CHEMBL941,CHEMBL203,Kd,7600.0,nM,5.119186407719209
C3N-02529,26.5451569583962,15.02,1,CPTAC,CPTAC,,,18.740353176561648,,19.63332991049575,19.1868415435287,CHEMBL941,CHEMBL203,Kd,10000.0,nM,5.0
C3N-02529,26.5451569583962,15.02,1,CPTAC,CPTAC,,,18.740353176561648,,19.63332991049575,19.1868415435287,CHEMBL941,CHEMBL203,Kd,10000.0,nM,5.0
C3N-02529,26.5451569583962,15.02,1,CPTAC,CPTAC,,,18.740353176561648,,19.63332991049575,19.1868415435287,CHEMBL941,CHEMBL203,Kd,10000.0,nM,5.0
C3N-02529,26.5451569583962,15.02,1,CPTAC,CPTAC,,,18.740353176561648,,19.63332991049575,19.1868415435287,CHEMBL941,CHEMBL203,Kd,10000.0,nM,5.0
C3N-02529,26.5451569583962,15.02,1,CPTAC,CPTAC,,,18.740353176561648,,19.63332991049575,19.1868415435287,CHEMBL941,CHEMBL203,Kd,10000.0,nM,5.0
C3N-02529,26.5451569583962,15.02,1,CPTAC,CPTAC,,,18.740353176561648,,19.63332991049575,19.1868415435287,CHEMBL941,CHEMBL203,Kd,10000.0,nM,5.0
C3N-02529,26.5451569583962,15.02,1,CPTAC,CPTAC,,,18.740353176561648,,19.63332991049575,19.1868415435287,CHEMBL941,CHEMBL203,Kd,10000.0,nM,5.0
C3N-02529,26.5451569583962,15.02,1,CPTAC,CPTAC,,,18.740353176561648,,19.63332991049575,19.1868415435287,CHEMBL941,CHEMBL203,Kd,30000.0,nM,4.522878745280337
C3N-02529,26.5451569583962,15.02,1,CPTAC,CPTAC,,,18.740353176561648,,19.63332991049575,19.1868415435287,CHEMBL1079742,CHEMBL203,IC50,70.0,nM,7.154901959985743
C3N-02529,26.5451569583962,15.02,1,CPTAC,CPTAC,,,18.740353176561648,,19.63332991049575,19.1868415435287,CHEMBL941,CHEMBL203,IC50,0.11,nM,9.958607314841775
C3N-02529,26.5451569583962,15.02,1,CPTAC,CPTAC,,,18.740353176561648,,19.63332991049575,19.1868415435287,CHEMBL1079742,CHEMBL203,IC50,2.0,nM,8.698970004336019
C3N-02572,26.9646294347872,14.01,1,CPTAC,CPTAC,,,,,,,CHEMBL941,CHEMBL203,IC50,100000.0,nM,4.0
C3N-02572,26.9646294347872,14.01,1,CPTAC,CPTAC,,,,,,,CHEMBL941,CHEMBL203,Kd,10000.0,nM,5.0
C3N-02572,26.9646294347872,14.01,1,CPTAC,CPTAC,,,,,,,CHEMBL941,CHEMBL203,Kd,10000.0,nM,5.0
C3N-02572,26.9646294347872,14.01,1,CPTAC,CPTAC,,,,,,,CHEMBL941,CHEMBL203,Kd,10000.0,nM,5.0
C3N-02572,26.9646294347872,14.01,1,CPTAC,CPTAC,,,,,,,CHEMBL941,CHEMBL203,Kd,10000.0,nM,5.0
C3N-02572,26.9646294347872,14.01,1,CPTAC,CPTAC,,,,,,,CHEMBL941,CHEMBL203,Kd,7600.0,nM,5.119186407719209
C3N-02572,26.9646294347872,14.01,1,CPTAC,CPTAC,,,,,,,CHEMBL941,CHEMBL203,Kd,10000.0,nM,5.0
C3N-02572,26.9646294347872,14.01,1,CPTAC,CPTAC,,,,,,,CHEMBL941,CHEMBL203,Kd,10000.0,nM,5.0
C3N-02572,26.9646294347872,14.01,1,CPTAC,CPTAC,,,,,,,CHEMBL941,CHEMBL203,Kd,10000.0,nM,5.0
C3N-02572,26.9646294347872,14.01,1,CPTAC,CPTAC,,,,,,,CHEMBL941,CHEMBL203,Kd,10000.0,nM,5.0
C3N-02572,26.9646294347872,14.01,1,CPTAC,CPTAC,,,,,,,CHEMBL941,CHEMBL203,Kd,10000.0,nM,5.0
C3N-02572,26.9646294347872,14.01,1,CPTAC,CPTAC,,,,,,,CHEMBL1079742,CHEMBL203,IC50,420.0,nM,6.376750709602099
C3N-02572,26.9646294347872,14.01,1,CPTAC,CPTAC,,,,,,,CHEMBL1079742,CHEMBL203,IC50,15.0,nM,7.823908740944319
C3N-02572,26.9646294347872,14.01,1,CPTAC,CPTAC,,,,,,,CHEMBL941,CHEMBL203,Kd,10000.0,nM,5.0
C3N-02572,26.9646294347872,14.01,1,CPTAC,CPTAC,,,,,,,CHEMBL941,CHEMBL203,Kd,10000.0,nM,5.0
C3N-02572,26.9646294347872,14.01,1,CPTAC,CPTAC,,,,,,,CHEMBL941,CHEMBL203,Kd,10000.0,nM,5.0
C3N-02572,26.9646294347872,14.01,1,CPTAC,CPTAC,,,,,,,CHEMBL941,CHEMBL203,Kd,10000.0,nM,5.0
C3N-02572,26.9646294347872,14.01,1,CPTAC,CPTAC,,,,,,,CHEMBL941,CHEMBL203,Kd,7600.0,nM,5.119186407719209
C3N-02572,26.9646294347872,14.01,1,CPTAC,CPTAC,,,,,,,CHEMBL941,CHEMBL203,Kd,10000.0,nM,5.0
C3N-02572,26.9646294347872,14.01,1,CPTAC,CPTAC,,,,,,,CHEMBL941,CHEMBL203,Kd,10000.0,nM,5.0
C3N-02572,26.9646294347872,14.01,1,CPTAC,CPTAC,,,,,,,CHEMBL941,CHEMBL203,Kd,10000.0,nM,5.0
C3N-02572,26.9646294347872,14.01,1,CPTAC,CPTAC,,,,,,,CHEMBL941,CHEMBL203,Kd,10000.0,nM,5.0
C3N-02572,26.9646294347872,14.01,1,CPTAC,CPTAC,,,,,,,CHEMBL941,CHEMBL203,Kd,10000.0,nM,5.0
C3N-02572,26.9646294347872,14.01,1,CPTAC,CPTAC,,,,,,,CHEMBL941,CHEMBL203,Kd,10000.0,nM,5.0
C3N-02572,26.9646294347872,14.01,1,CPTAC,CPTAC,,,,,,,CHEMBL941,CHEMBL203,Kd,10000.0,nM,5.0
C3N-02572,26.9646294347872,14.01,1,CPTAC,CPTAC,,,,,,,CHEMBL941,CHEMBL203,Kd,30000.0,nM,4.522878745280337
C3N-02572,26.9646294347872,14.01,1,CPTAC,CPTAC,,,,,,,CHEMBL1079742,CHEMBL203,IC50,70.0,nM,7.154901959985743
C3N-02572,26.9646294347872,14.01,1,CPTAC,CPTAC,,,,,,,CHEMBL941,CHEMBL203,IC50,0.11,nM,9.958607314841775
C3N-02572,26.9646294347872,14.01,1,CPTAC,CPTAC,,,,,,,CHEMBL1079742,CHEMBL203,IC50,2.0,nM,8.698970004336019
C3N-02582,27.2192270299591,15.53,1,CPTAC,CPTAC,,13.11230106168735,18.89778942247105,,19.8277390647715,17.279276516309967,CHEMBL941,CHEMBL203,IC50,100000.0,nM,4.0
C3N-02582,27.2192270299591,15.53,1,CPTAC,CPTAC,,13.11230106168735,18.89778942247105,,19.8277390647715,17.279276516309967,CHEMBL941,CHEMBL203,Kd,10000.0,nM,5.0
C3N-02582,27.2192270299591,15.53,1,CPTAC,CPTAC,,13.11230106168735,18.89778942247105,,19.8277390647715,17.279276516309967,CHEMBL941,CHEMBL203,Kd,10000.0,nM,5.0
C3N-02582,27.2192270299591,15.53,1,CPTAC,CPTAC,,13.11230106168735,18.89778942247105,,19.8277390647715,17.279276516309967,CHEMBL941,CHEMBL203,Kd,10000.0,nM,5.0
C3N-02582,27.2192270299591,15.53,1,CPTAC,CPTAC,,13.11230106168735,18.89778942247105,,19.8277390647715,17.279276516309967,CHEMBL941,CHEMBL203,Kd,10000.0,nM,5.0
C3N-02582,27.2192270299591,15.53,1,CPTAC,CPTAC,,13.11230106168735,18.89778942247105,,19.8277390647715,17.279276516309967,CHEMBL941,CHEMBL203,Kd,7600.0,nM,5.119186407719209
C3N-02582,27.2192270299591,15.53,1,CPTAC,CPTAC,,13.11230106168735,18.89778942247105,,19.8277390647715,17.279276516309967,CHEMBL941,CHEMBL203,Kd,10000.0,nM,5.0
C3N-02582,27.2192270299591,15.53,1,CPTAC,CPTAC,,13.11230106168735,18.89778942247105,,19.8277390647715,17.279276516309967,CHEMBL941,CHEMBL203,Kd,10000.0,nM,5.0
C3N-02582,27.2192270299591,15.53,1,CPTAC,CPTAC,,13.11230106168735,18.89778942247105,,19.8277390647715,17.279276516309967,CHEMBL941,CHEMBL203,Kd,10000.0,nM,5.0
C3N-02582,27.2192270299591,15.53,1,CPTAC,CPTAC,,13.11230106168735,18.89778942247105,,19.8277390647715,17.279276516309967,CHEMBL941,CHEMBL203,Kd,10000.0,nM,5.0
C3N-02582,27.2192270299591,15.53,1,CPTAC,CPTAC,,13.11230106168735,18.89778942247105,,19.8277390647715,17.279276516309967,CHEMBL941,CHEMBL203,Kd,10000.0,nM,5.0
C3N-02582,27.2192270299591,15.53,1,CPTAC,CPTAC,,13.11230106168735,18.89778942247105,,19.8277390647715,17.279276516309967,CHEMBL1079742,CHEMBL203,IC50,420.0,nM,6.376750709602099
C3N-02582,27.2192270299591,15.53,1,CPTAC,CPTAC,,13.11230106168735,18.89778942247105,,19.8277390647715,17.279276516309967,CHEMBL1079742,CHEMBL203,IC50,15.0,nM,7.823908740944319
C3N-02582,27.2192270299591,15.53,1,CPTAC,CPTAC,,13.11230106168735,18.89778942247105,,19.8277390647715,17.279276516309967,CHEMBL941,CHEMBL203,Kd,10000.0,nM,5.0
C3N-02582,27.2192270299591,15.53,1,CPTAC,CPTAC,,13.11230106168735,18.89778942247105,,19.8277390647715,17.279276516309967,CHEMBL941,CHEMBL203,Kd,10000.0,nM,5.0
C3N-02582,27.2192270299591,15.53,1,CPTAC,CPTAC,,13.11230106168735,18.89778942247105,,19.8277390647715,17.279276516309967,CHEMBL941,CHEMBL203,Kd,10000.0,nM,5.0
C3N-02582,27.2192270299591,15.53,1,CPTAC,CPTAC,,13.11230106168735,18.89778942247105,,19.8277390647715,17.279276516309967,CHEMBL941,CHEMBL203,Kd,10000.0,nM,5.0
C3N-02582,27.2192270299591,15.53,1,CPTAC,CPTAC,,13.11230106168735,18.89778942247105,,19.8277390647715,17.279276516309967,CHEMBL941,CHEMBL203,Kd,7600.0,nM,5.119186407719209
C3N-02582,27.2192270299591,15.53,1,CPTAC,CPTAC,,13.11230106168735,18.89778942247105,,19.8277390647715,17.279276516309967,CHEMBL941,CHEMBL203,Kd,10000.0,nM,5.0
C3N-02582,27.2192270299591,15.53,1,CPTAC,CPTAC,,13.11230106168735,18.89778942247105,,19.8277390647715,17.279276516309967,CHEMBL941,CHEMBL203,Kd,10000.0,nM,5.0
C3N-02582,27.2192270299591,15.53,1,CPTAC,CPTAC,,13.11230106168735,18.89778942247105,,19.8277390647715,17.279276516309967,CHEMBL941,CHEMBL203,Kd,10000.0,nM,5.0
C3N-02582,27.2192270299591,15.53,1,CPTAC,CPTAC,,13.11230106168735,18.89778942247105,,19.8277390647715,17.279276516309967,CHEMBL941,CHEMBL203,Kd,10000.0,nM,5.0
C3N-02582,27.2192270299591,15.53,1,CPTAC,CPTAC,,13.11230106168735,18.89778942247105,,19.8277390647715,17.279276516309967,CHEMBL941,CHEMBL203,Kd,10000.0,nM,5.0
C3N-02582,27.2192270299591,15.53,1,CPTAC,CPTAC,,13.11230106168735,18.89778942247105,,19.8277390647715,17.279276516309967,CHEMBL941,CHEMBL203,Kd,10000.0,nM,5.0
C3N-02582,27.2192270299591,15.53,1,CPTAC,CPTAC,,13.11230106168735,18.89778942247105,,19.8277390647715,17.279276516309967,CHEMBL941,CHEMBL203,Kd,10000.0,nM,5.0
C3N-02582,27.2192270299591,15.53,1,CPTAC,CPTAC,,13.11230106168735,18.89778942247105,,19.8277390647715,17.279276516309967,CHEMBL941,CHEMBL203,Kd,30000.0,nM,4.522878745280337
C3N-02582,27.2192270299591,15.53,1,CPTAC,CPTAC,,13.11230106168735,18.89778942247105,,19.8277390647715,17.279276516309967,CHEMBL1079742,CHEMBL203,IC50,70.0,nM,7.154901959985743
C3N-02582,27.2192270299591,15.53,1,CPTAC,CPTAC,,13.11230106168735,18.89778942247105,,19.8277390647715,17.279276516309967,CHEMBL941,CHEMBL203,IC50,0.11,nM,9.958607314841775
C3N-02582,27.2192270299591,15.53,1,CPTAC,CPTAC,,13.11230106168735,18.89778942247105,,19.8277390647715,17.279276516309967,CHEMBL1079742,CHEMBL203,IC50,2.0,nM,8.698970004336019
C3N-02586,26.0954045045356,15.11,1,CPTAC,CPTAC,,,,,,,CHEMBL941,CHEMBL203,IC50,100000.0,nM,4.0
C3N-02586,26.0954045045356,15.11,1,CPTAC,CPTAC,,,,,,,CHEMBL941,CHEMBL203,Kd,10000.0,nM,5.0
C3N-02586,26.0954045045356,15.11,1,CPTAC,CPTAC,,,,,,,CHEMBL941,CHEMBL203,Kd,10000.0,nM,5.0
C3N-02586,26.0954045045356,15.11,1,CPTAC,CPTAC,,,,,,,CHEMBL941,CHEMBL203,Kd,10000.0,nM,5.0
C3N-02586,26.0954045045356,15.11,1,CPTAC,CPTAC,,,,,,,CHEMBL941,CHEMBL203,Kd,10000.0,nM,5.0
C3N-02586,26.0954045045356,15.11,1,CPTAC,CPTAC,,,,,,,CHEMBL941,CHEMBL203,Kd,7600.0,nM,5.119186407719209
C3N-02586,26.0954045045356,15.11,1,CPTAC,CPTAC,,,,,,,CHEMBL941,CHEMBL203,Kd,10000.0,nM,5.0
C3N-02586,26.0954045045356,15.11,1,CPTAC,CPTAC,,,,,,,CHEMBL941,CHEMBL203,Kd,10000.0,nM,5.0
C3N-02586,26.0954045045356,15.11,1,CPTAC,CPTAC,,,,,,,CHEMBL941,CHEMBL203,Kd,10000.0,nM,5.0
C3N-02586,26.0954045045356,15.11,1,CPTAC,CPTAC,,,,,,,CHEMBL941,CHEMBL203,Kd,10000.0,nM,5.0
C3N-02586,26.0954045045356,15.11,1,CPTAC,CPTAC,,,,,,,CHEMBL941,CHEMBL203,Kd,10000.0,nM,5.0
C3N-02586,26.0954045045356,15.11,1,CPTAC,CPTAC,,,,,,,CHEMBL1079742,CHEMBL203,IC50,420.0,nM,6.376750709602099
C3N-02586,26.0954045045356,15.11,1,CPTAC,CPTAC,,,,,,,CHEMBL1079742,CHEMBL203,IC50,15.0,nM,7.823908740944319
C3N-02586,26.0954045045356,15.11,1,CPTAC,CPTAC,,,,,,,CHEMBL941,CHEMBL203,Kd,10000.0,nM,5.0
C3N-02586,26.0954045045356,15.11,1,CPTAC,CPTAC,,,,,,,CHEMBL941,CHEMBL203,Kd,10000.0,nM,5.0
C3N-02586,26.0954045045356,15.11,1,CPTAC,CPTAC,,,,,,,CHEMBL941,CHEMBL203,Kd,10000.0,nM,5.0
C3N-02586,26.0954045045356,15.11,1,CPTAC,CPTAC,,,,,,,CHEMBL941,CHEMBL203,Kd,10000.0,nM,5.0
C3N-02586,26.0954045045356,15.11,1,CPTAC,CPTAC,,,,,,,CHEMBL941,CHEMBL203,Kd,7600.0,nM,5.119186407719209
C3N-02586,26.0954045045356,15.11,1,CPTAC,CPTAC,,,,,,,CHEMBL941,CHEMBL203,Kd,10000.0,nM,5.0
C3N-02586,26.0954045045356,15.11,1,CPTAC,CPTAC,,,,,,,CHEMBL941,CHEMBL203,Kd,10000.0,nM,5.0
C3N-02586,26.0954045045356,15.11,1,CPTAC,CPTAC,,,,,,,CHEMBL941,CHEMBL203,Kd,10000.0,nM,5.0
C3N-02586,26.0954045045356,15.11,1,CPTAC,CPTAC,,,,,,,CHEMBL941,CHEMBL203,Kd,10000.0,nM,5.0
C3N-02586,26.0954045045356,15.11,1,CPTAC,CPTAC,,,,,,,CHEMBL941,CHEMBL203,Kd,10000.0,nM,5.0
C3N-02586,26.0954045045356,15.11,1,CPTAC,CPTAC,,,,,,,CHEMBL941,CHEMBL203,Kd,10000.0,nM,5.0
C3N-02586,26.0954045045356,15.11,1,CPTAC,CPTAC,,,,,,,CHEMBL941,CHEMBL203,Kd,10000.0,nM,5.0
C3N-02586,26.0954045045356,15.11,1,CPTAC,CPTAC,,,,,,,CHEMBL941,CHEMBL203,Kd,30000.0,nM,4.522878745280337
C3N-02586,26.0954045045356,15.11,1,CPTAC,CPTAC,,,,,,,CHEMBL1079742,CHEMBL203,IC50,70.0,nM,7.154901959985743
C3N-02586,26.0954045045356,15.11,1,CPTAC,CPTAC,,,,,,,CHEMBL941,CHEMBL203,IC50,0.11,nM,9.958607314841775
C3N-02586,26.0954045045356,15.11,1,CPTAC,CPTAC,,,,,,,CHEMBL1079742,CHEMBL203,IC50,2.0,nM,8.698970004336019
C3N-02587,25.6811558585803,12.74,1,CPTAC,CPTAC,,,,,,,CHEMBL941,CHEMBL203,IC50,100000.0,nM,4.0
C3N-02587,25.6811558585803,12.74,1,CPTAC,CPTAC,,,,,,,CHEMBL941,CHEMBL203,Kd,10000.0,nM,5.0
C3N-02587,25.6811558585803,12.74,1,CPTAC,CPTAC,,,,,,,CHEMBL941,CHEMBL203,Kd,10000.0,nM,5.0
C3N-02587,25.6811558585803,12.74,1,CPTAC,CPTAC,,,,,,,CHEMBL941,CHEMBL203,Kd,10000.0,nM,5.0
C3N-02587,25.6811558585803,12.74,1,CPTAC,CPTAC,,,,,,,CHEMBL941,CHEMBL203,Kd,10000.0,nM,5.0
C3N-02587,25.6811558585803,12.74,1,CPTAC,CPTAC,,,,,,,CHEMBL941,CHEMBL203,Kd,7600.0,nM,5.119186407719209
C3N-02587,25.6811558585803,12.74,1,CPTAC,CPTAC,,,,,,,CHEMBL941,CHEMBL203,Kd,10000.0,nM,5.0
C3N-02587,25.6811558585803,12.74,1,CPTAC,CPTAC,,,,,,,CHEMBL941,CHEMBL203,Kd,10000.0,nM,5.0
C3N-02587,25.6811558585803,12.74,1,CPTAC,CPTAC,,,,,,,CHEMBL941,CHEMBL203,Kd,10000.0,nM,5.0
C3N-02587,25.6811558585803,12.74,1,CPTAC,CPTAC,,,,,,,CHEMBL941,CHEMBL203,Kd,10000.0,nM,5.0
C3N-02587,25.6811558585803,12.74,1,CPTAC,CPTAC,,,,,,,CHEMBL941,CHEMBL203,Kd,10000.0,nM,5.0
C3N-02587,25.6811558585803,12.74,1,CPTAC,CPTAC,,,,,,,CHEMBL1079742,CHEMBL203,IC50,420.0,nM,6.376750709602099
C3N-02587,25.6811558585803,12.74,1,CPTAC,CPTAC,,,,,,,CHEMBL1079742,CHEMBL203,IC50,15.0,nM,7.823908740944319
C3N-02587,25.6811558585803,12.74,1,CPTAC,CPTAC,,,,,,,CHEMBL941,CHEMBL203,Kd,10000.0,nM,5.0
C3N-02587,25.6811558585803,12.74,1,CPTAC,CPTAC,,,,,,,CHEMBL941,CHEMBL203,Kd,10000.0,nM,5.0
C3N-02587,25.6811558585803,12.74,1,CPTAC,CPTAC,,,,,,,CHEMBL941,CHEMBL203,Kd,10000.0,nM,5.0
C3N-02587,25.6811558585803,12.74,1,CPTAC,CPTAC,,,,,,,CHEMBL941,CHEMBL203,Kd,10000.0,nM,5.0
C3N-02587,25.6811558585803,12.74,1,CPTAC,CPTAC,,,,,,,CHEMBL941,CHEMBL203,Kd,7600.0,nM,5.119186407719209
C3N-02587,25.6811558585803,12.74,1,CPTAC,CPTAC,,,,,,,CHEMBL941,CHEMBL203,Kd,10000.0,nM,5.0
C3N-02587,25.6811558585803,12.74,1,CPTAC,CPTAC,,,,,,,CHEMBL941,CHEMBL203,Kd,10000.0,nM,5.0
C3N-02587,25.6811558585803,12.74,1,CPTAC,CPTAC,,,,,,,CHEMBL941,CHEMBL203,Kd,10000.0,nM,5.0
C3N-02587,25.6811558585803,12.74,1,CPTAC,CPTAC,,,,,,,CHEMBL941,CHEMBL203,Kd,10000.0,nM,5.0
C3N-02587,25.6811558585803,12.74,1,CPTAC,CPTAC,,,,,,,CHEMBL941,CHEMBL203,Kd,10000.0,nM,5.0
C3N-02587,25.6811558585803,12.74,1,CPTAC,CPTAC,,,,,,,CHEMBL941,CHEMBL203,Kd,10000.0,nM,5.0
C3N-02587,25.6811558585803,12.74,1,CPTAC,CPTAC,,,,,,,CHEMBL941,CHEMBL203,Kd,10000.0,nM,5.0
C3N-02587,25.6811558585803,12.74,1,CPTAC,CPTAC,,,,,,,CHEMBL941,CHEMBL203,Kd,30000.0,nM,4.522878745280337
C3N-02587,25.6811558585803,12.74,1,CPTAC,CPTAC,,,,,,,CHEMBL1079742,CHEMBL203,IC50,70.0,nM,7.154901959985743
C3N-02587,25.6811558585803,12.74,1,CPTAC,CPTAC,,,,,,,CHEMBL941,CHEMBL203,IC50,0.11,nM,9.958607314841775
C3N-02587,25.6811558585803,12.74,1,CPTAC,CPTAC,,,,,,,CHEMBL1079742,CHEMBL203,IC50,2.0,nM,8.698970004336019
C3N-02588,25.5225009435601,12.66,1,CPTAC,CPTAC,,,,,,,CHEMBL941,CHEMBL203,IC50,100000.0,nM,4.0
C3N-02588,25.5225009435601,12.66,1,CPTAC,CPTAC,,,,,,,CHEMBL941,CHEMBL203,Kd,10000.0,nM,5.0
C3N-02588,25.5225009435601,12.66,1,CPTAC,CPTAC,,,,,,,CHEMBL941,CHEMBL203,Kd,10000.0,nM,5.0
C3N-02588,25.5225009435601,12.66,1,CPTAC,CPTAC,,,,,,,CHEMBL941,CHEMBL203,Kd,10000.0,nM,5.0
C3N-02588,25.5225009435601,12.66,1,CPTAC,CPTAC,,,,,,,CHEMBL941,CHEMBL203,Kd,10000.0,nM,5.0
C3N-02588,25.5225009435601,12.66,1,CPTAC,CPTAC,,,,,,,CHEMBL941,CHEMBL203,Kd,7600.0,nM,5.119186407719209
C3N-02588,25.5225009435601,12.66,1,CPTAC,CPTAC,,,,,,,CHEMBL941,CHEMBL203,Kd,10000.0,nM,5.0
C3N-02588,25.5225009435601,12.66,1,CPTAC,CPTAC,,,,,,,CHEMBL941,CHEMBL203,Kd,10000.0,nM,5.0
C3N-02588,25.5225009435601,12.66,1,CPTAC,CPTAC,,,,,,,CHEMBL941,CHEMBL203,Kd,10000.0,nM,5.0
C3N-02588,25.5225009435601,12.66,1,CPTAC,CPTAC,,,,,,,CHEMBL941,CHEMBL203,Kd,10000.0,nM,5.0
C3N-02588,25.5225009435601,12.66,1,CPTAC,CPTAC,,,,,,,CHEMBL941,CHEMBL203,Kd,10000.0,nM,5.0
C3N-02588,25.5225009435601,12.66,1,CPTAC,CPTAC,,,,,,,CHEMBL1079742,CHEMBL203,IC50,420.0,nM,6.376750709602099
C3N-02588,25.5225009435601,12.66,1,CPTAC,CPTAC,,,,,,,CHEMBL1079742,CHEMBL203,IC50,15.0,nM,7.823908740944319
C3N-02588,25.5225009435601,12.66,1,CPTAC,CPTAC,,,,,,,CHEMBL941,CHEMBL203,Kd,10000.0,nM,5.0
C3N-02588,25.5225009435601,12.66,1,CPTAC,CPTAC,,,,,,,CHEMBL941,CHEMBL203,Kd,10000.0,nM,5.0
C3N-02588,25.5225009435601,12.66,1,CPTAC,CPTAC,,,,,,,CHEMBL941,CHEMBL203,Kd,10000.0,nM,5.0
C3N-02588,25.5225009435601,12.66,1,CPTAC,CPTAC,,,,,,,CHEMBL941,CHEMBL203,Kd,10000.0,nM,5.0
C3N-02588,25.5225009435601,12.66,1,CPTAC,CPTAC,,,,,,,CHEMBL941,CHEMBL203,Kd,7600.0,nM,5.119186407719209
C3N-02588,25.5225009435601,12.66,1,CPTAC,CPTAC,,,,,,,CHEMBL941,CHEMBL203,Kd,10000.0,nM,5.0
C3N-02588,25.5225009435601,12.66,1,CPTAC,CPTAC,,,,,,,CHEMBL941,CHEMBL203,Kd,10000.0,nM,5.0
C3N-02588,25.5225009435601,12.66,1,CPTAC,CPTAC,,,,,,,CHEMBL941,CHEMBL203,Kd,10000.0,nM,5.0
C3N-02588,25.5225009435601,12.66,1,CPTAC,CPTAC,,,,,,,CHEMBL941,CHEMBL203,Kd,10000.0,nM,5.0
C3N-02588,25.5225009435601,12.66,1,CPTAC,CPTAC,,,,,,,CHEMBL941,CHEMBL203,Kd,10000.0,nM,5.0
C3N-02588,25.5225009435601,12.66,1,CPTAC,CPTAC,,,,,,,CHEMBL941,CHEMBL203,Kd,10000.0,nM,5.0
C3N-02588,25.5225009435601,12.66,1,CPTAC,CPTAC,,,,,,,CHEMBL941,CHEMBL203,Kd,10000.0,nM,5.0
C3N-02588,25.5225009435601,12.66,1,CPTAC,CPTAC,,,,,,,CHEMBL941,CHEMBL203,Kd,30000.0,nM,4.522878745280337
C3N-02588,25.5225009435601,12.66,1,CPTAC,CPTAC,,,,,,,CHEMBL1079742,CHEMBL203,IC50,70.0,nM,7.154901959985743
C3N-02588,25.5225009435601,12.66,1,CPTAC,CPTAC,,,,,,,CHEMBL941,CHEMBL203,IC50,0.11,nM,9.958607314841775
C3N-02588,25.5225009435601,12.66,1,CPTAC,CPTAC,,,,,,,CHEMBL1079742,CHEMBL203,IC50,2.0,nM,8.698970004336019
C3N-02729,25.9227866754068,14.3,1,CPTAC,CPTAC,,,,,19.5244167289084,19.5244167289084,CHEMBL941,CHEMBL203,IC50,100000.0,nM,4.0
C3N-02729,25.9227866754068,14.3,1,CPTAC,CPTAC,,,,,19.5244167289084,19.5244167289084,CHEMBL941,CHEMBL203,Kd,10000.0,nM,5.0
C3N-02729,25.9227866754068,14.3,1,CPTAC,CPTAC,,,,,19.5244167289084,19.5244167289084,CHEMBL941,CHEMBL203,Kd,10000.0,nM,5.0
C3N-02729,25.9227866754068,14.3,1,CPTAC,CPTAC,,,,,19.5244167289084,19.5244167289084,CHEMBL941,CHEMBL203,Kd,10000.0,nM,5.0
C3N-02729,25.9227866754068,14.3,1,CPTAC,CPTAC,,,,,19.5244167289084,19.5244167289084,CHEMBL941,CHEMBL203,Kd,10000.0,nM,5.0
C3N-02729,25.9227866754068,14.3,1,CPTAC,CPTAC,,,,,19.5244167289084,19.5244167289084,CHEMBL941,CHEMBL203,Kd,7600.0,nM,5.119186407719209
C3N-02729,25.9227866754068,14.3,1,CPTAC,CPTAC,,,,,19.5244167289084,19.5244167289084,CHEMBL941,CHEMBL203,Kd,10000.0,nM,5.0
C3N-02729,25.9227866754068,14.3,1,CPTAC,CPTAC,,,,,19.5244167289084,19.5244167289084,CHEMBL941,CHEMBL203,Kd,10000.0,nM,5.0
C3N-02729,25.9227866754068,14.3,1,CPTAC,CPTAC,,,,,19.5244167289084,19.5244167289084,CHEMBL941,CHEMBL203,Kd,10000.0,nM,5.0
C3N-02729,25.9227866754068,14.3,1,CPTAC,CPTAC,,,,,19.5244167289084,19.5244167289084,CHEMBL941,CHEMBL203,Kd,10000.0,nM,5.0
C3N-02729,25.9227866754068,14.3,1,CPTAC,CPTAC,,,,,19.5244167289084,19.5244167289084,CHEMBL941,CHEMBL203,Kd,10000.0,nM,5.0
C3N-02729,25.9227866754068,14.3,1,CPTAC,CPTAC,,,,,19.5244167289084,19.5244167289084,CHEMBL1079742,CHEMBL203,IC50,420.0,nM,6.376750709602099
C3N-02729,25.9227866754068,14.3,1,CPTAC,CPTAC,,,,,19.5244167289084,19.5244167289084,CHEMBL1079742,CHEMBL203,IC50,15.0,nM,7.823908740944319
C3N-02729,25.9227866754068,14.3,1,CPTAC,CPTAC,,,,,19.5244167289084,19.5244167289084,CHEMBL941,CHEMBL203,Kd,10000.0,nM,5.0
C3N-02729,25.9227866754068,14.3,1,CPTAC,CPTAC,,,,,19.5244167289084,19.5244167289084,CHEMBL941,CHEMBL203,Kd,10000.0,nM,5.0
C3N-02729,25.9227866754068,14.3,1,CPTAC,CPTAC,,,,,19.5244167289084,19.5244167289084,CHEMBL941,CHEMBL203,Kd,10000.0,nM,5.0
C3N-02729,25.9227866754068,14.3,1,CPTAC,CPTAC,,,,,19.5244167289084,19.5244167289084,CHEMBL941,CHEMBL203,Kd,10000.0,nM,5.0
C3N-02729,25.9227866754068,14.3,1,CPTAC,CPTAC,,,,,19.5244167289084,19.5244167289084,CHEMBL941,CHEMBL203,Kd,7600.0,nM,5.119186407719209
C3N-02729,25.9227866754068,14.3,1,CPTAC,CPTAC,,,,,19.5244167289084,19.5244167289084,CHEMBL941,CHEMBL203,Kd,10000.0,nM,5.0
C3N-02729,25.9227866754068,14.3,1,CPTAC,CPTAC,,,,,19.5244167289084,19.5244167289084,CHEMBL941,CHEMBL203,Kd,10000.0,nM,5.0
C3N-02729,25.9227866754068,14.3,1,CPTAC,CPTAC,,,,,19.5244167289084,19.5244167289084,CHEMBL941,CHEMBL203,Kd,10000.0,nM,5.0
C3N-02729,25.9227866754068,14.3,1,CPTAC,CPTAC,,,,,19.5244167289084,19.5244167289084,CHEMBL941,CHEMBL203,Kd,10000.0,nM,5.0
C3N-02729,25.9227866754068,14.3,1,CPTAC,CPTAC,,,,,19.5244167289084,19.5244167289084,CHEMBL941,CHEMBL203,Kd,10000.0,nM,5.0
C3N-02729,25.9227866754068,14.3,1,CPTAC,CPTAC,,,,,19.5244167289084,19.5244167289084,CHEMBL941,CHEMBL203,Kd,10000.0,nM,5.0
C3N-02729,25.9227866754068,14.3,1,CPTAC,CPTAC,,,,,19.5244167289084,19.5244167289084,CHEMBL941,CHEMBL203,Kd,10000.0,nM,5.0
C3N-02729,25.9227866754068,14.3,1,CPTAC,CPTAC,,,,,19.5244167289084,19.5244167289084,CHEMBL941,CHEMBL203,Kd,30000.0,nM,4.522878745280337
C3N-02729,25.9227866754068,14.3,1,CPTAC,CPTAC,,,,,19.5244167289084,19.5244167289084,CHEMBL1079742,CHEMBL203,IC50,70.0,nM,7.154901959985743
C3N-02729,25.9227866754068,14.3,1,CPTAC,CPTAC,,,,,19.5244167289084,19.5244167289084,CHEMBL941,CHEMBL203,IC50,0.11,nM,9.958607314841775
C3N-02729,25.9227866754068,14.3,1,CPTAC,CPTAC,,,,,19.5244167289084,19.5244167289084,CHEMBL1079742,CHEMBL203,IC50,2.0,nM,8.698970004336019
C3L-00001,25.645505942,11.93,1,CPTAC,CPTAC,,,,,20.075879232096295,20.075879232096295,CHEMBL941,CHEMBL203,IC50,100000.0,nM,4.0
C3L-00001,25.645505942,11.93,1,CPTAC,CPTAC,,,,,20.075879232096295,20.075879232096295,CHEMBL941,CHEMBL203,Kd,10000.0,nM,5.0
C3L-00001,25.645505942,11.93,1,CPTAC,CPTAC,,,,,20.075879232096295,20.075879232096295,CHEMBL941,CHEMBL203,Kd,10000.0,nM,5.0
C3L-00001,25.645505942,11.93,1,CPTAC,CPTAC,,,,,20.075879232096295,20.075879232096295,CHEMBL941,CHEMBL203,Kd,10000.0,nM,5.0
C3L-00001,25.645505942,11.93,1,CPTAC,CPTAC,,,,,20.075879232096295,20.075879232096295,CHEMBL941,CHEMBL203,Kd,10000.0,nM,5.0
C3L-00001,25.645505942,11.93,1,CPTAC,CPTAC,,,,,20.075879232096295,20.075879232096295,CHEMBL941,CHEMBL203,Kd,7600.0,nM,5.119186407719209
C3L-00001,25.645505942,11.93,1,CPTAC,CPTAC,,,,,20.075879232096295,20.075879232096295,CHEMBL941,CHEMBL203,Kd,10000.0,nM,5.0
C3L-00001,25.645505942,11.93,1,CPTAC,CPTAC,,,,,20.075879232096295,20.075879232096295,CHEMBL941,CHEMBL203,Kd,10000.0,nM,5.0
C3L-00001,25.645505942,11.93,1,CPTAC,CPTAC,,,,,20.075879232096295,20.075879232096295,CHEMBL941,CHEMBL203,Kd,10000.0,nM,5.0
C3L-00001,25.645505942,11.93,1,CPTAC,CPTAC,,,,,20.075879232096295,20.075879232096295,CHEMBL941,CHEMBL203,Kd,10000.0,nM,5.0
C3L-00001,25.645505942,11.93,1,CPTAC,CPTAC,,,,,20.075879232096295,20.075879232096295,CHEMBL941,CHEMBL203,Kd,10000.0,nM,5.0
C3L-00001,25.645505942,11.93,1,CPTAC,CPTAC,,,,,20.075879232096295,20.075879232096295,CHEMBL1079742,CHEMBL203,IC50,420.0,nM,6.376750709602099
C3L-00001,25.645505942,11.93,1,CPTAC,CPTAC,,,,,20.075879232096295,20.075879232096295,CHEMBL1079742,CHEMBL203,IC50,15.0,nM,7.823908740944319
C3L-00001,25.645505942,11.93,1,CPTAC,CPTAC,,,,,20.075879232096295,20.075879232096295,CHEMBL941,CHEMBL203,Kd,10000.0,nM,5.0
C3L-00001,25.645505942,11.93,1,CPTAC,CPTAC,,,,,20.075879232096295,20.075879232096295,CHEMBL941,CHEMBL203,Kd,10000.0,nM,5.0
C3L-00001,25.645505942,11.93,1,CPTAC,CPTAC,,,,,20.075879232096295,20.075879232096295,CHEMBL941,CHEMBL203,Kd,10000.0,nM,5.0
C3L-00001,25.645505942,11.93,1,CPTAC,CPTAC,,,,,20.075879232096295,20.075879232096295,CHEMBL941,CHEMBL203,Kd,10000.0,nM,5.0
C3L-00001,25.645505942,11.93,1,CPTAC,CPTAC,,,,,20.075879232096295,20.075879232096295,CHEMBL941,CHEMBL203,Kd,7600.0,nM,5.119186407719209
C3L-00001,25.645505942,11.93,1,CPTAC,CPTAC,,,,,20.075879232096295,20.075879232096295,CHEMBL941,CHEMBL203,Kd,10000.0,nM,5.0
C3L-00001,25.645505942,11.93,1,CPTAC,CPTAC,,,,,20.075879232096295,20.075879232096295,CHEMBL941,CHEMBL203,Kd,10000.0,nM,5.0
C3L-00001,25.645505942,11.93,1,CPTAC,CPTAC,,,,,20.075879232096295,20.075879232096295,CHEMBL941,CHEMBL203,Kd,10000.0,nM,5.0
C3L-00001,25.645505942,11.93,1,CPTAC,CPTAC,,,,,20.075879232096295,20.075879232096295,CHEMBL941,CHEMBL203,Kd,10000.0,nM,5.0
C3L-00001,25.645505942,11.93,1,CPTAC,CPTAC,,,,,20.075879232096295,20.075879232096295,CHEMBL941,CHEMBL203,Kd,10000.0,nM,5.0
C3L-00001,25.645505942,11.93,1,CPTAC,CPTAC,,,,,20.075879232096295,20.075879232096295,CHEMBL941,CHEMBL203,Kd,10000.0,nM,5.0
C3L-00001,25.645505942,11.93,1,CPTAC,CPTAC,,,,,20.075879232096295,20.075879232096295,CHEMBL941,CHEMBL203,Kd,10000.0,nM,5.0
C3L-00001,25.645505942,11.93,1,CPTAC,CPTAC,,,,,20.075879232096295,20.075879232096295,CHEMBL941,CHEMBL203,Kd,30000.0,nM,4.522878745280337
C3L-00001,25.645505942,11.93,1,CPTAC,CPTAC,,,,,20.075879232096295,20.075879232096295,CHEMBL1079742,CHEMBL203,IC50,70.0,nM,7.154901959985743
C3L-00001,25.645505942,11.93,1,CPTAC,CPTAC,,,,,20.075879232096295,20.075879232096295,CHEMBL941,CHEMBL203,IC50,0.11,nM,9.958607314841775
C3L-00001,25.645505942,11.93,1,CPTAC,CPTAC,,,,,20.075879232096295,20.075879232096295,CHEMBL1079742,CHEMBL203,IC50,2.0,nM,8.698970004336019
C3L-00009,25.1578635702215,12.32,1,CPTAC,CPTAC,,,16.9314862480461,,18.76705563200995,17.849270940028028,CHEMBL941,CHEMBL203,IC50,100000.0,nM,4.0
C3L-00009,25.1578635702215,12.32,1,CPTAC,CPTAC,,,16.9314862480461,,18.76705563200995,17.849270940028028,CHEMBL941,CHEMBL203,Kd,10000.0,nM,5.0
C3L-00009,25.1578635702215,12.32,1,CPTAC,CPTAC,,,16.9314862480461,,18.76705563200995,17.849270940028028,CHEMBL941,CHEMBL203,Kd,10000.0,nM,5.0
C3L-00009,25.1578635702215,12.32,1,CPTAC,CPTAC,,,16.9314862480461,,18.76705563200995,17.849270940028028,CHEMBL941,CHEMBL203,Kd,10000.0,nM,5.0
C3L-00009,25.1578635702215,12.32,1,CPTAC,CPTAC,,,16.9314862480461,,18.76705563200995,17.849270940028028,CHEMBL941,CHEMBL203,Kd,10000.0,nM,5.0
C3L-00009,25.1578635702215,12.32,1,CPTAC,CPTAC,,,16.9314862480461,,18.76705563200995,17.849270940028028,CHEMBL941,CHEMBL203,Kd,7600.0,nM,5.119186407719209
C3L-00009,25.1578635702215,12.32,1,CPTAC,CPTAC,,,16.9314862480461,,18.76705563200995,17.849270940028028,CHEMBL941,CHEMBL203,Kd,10000.0,nM,5.0
C3L-00009,25.1578635702215,12.32,1,CPTAC,CPTAC,,,16.9314862480461,,18.76705563200995,17.849270940028028,CHEMBL941,CHEMBL203,Kd,10000.0,nM,5.0
C3L-00009,25.1578635702215,12.32,1,CPTAC,CPTAC,,,16.9314862480461,,18.76705563200995,17.849270940028028,CHEMBL941,CHEMBL203,Kd,10000.0,nM,5.0
C3L-00009,25.1578635702215,12.32,1,CPTAC,CPTAC,,,16.9314862480461,,18.76705563200995,17.849270940028028,CHEMBL941,CHEMBL203,Kd,10000.0,nM,5.0
C3L-00009,25.1578635702215,12.32,1,CPTAC,CPTAC,,,16.9314862480461,,18.76705563200995,17.849270940028028,CHEMBL941,CHEMBL203,Kd,10000.0,nM,5.0
C3L-00009,25.1578635702215,12.32,1,CPTAC,CPTAC,,,16.9314862480461,,18.76705563200995,17.849270940028028,CHEMBL1079742,CHEMBL203,IC50,420.0,nM,6.376750709602099
C3L-00009,25.1578635702215,12.32,1,CPTAC,CPTAC,,,16.9314862480461,,18.76705563200995,17.849270940028028,CHEMBL1079742,CHEMBL203,IC50,15.0,nM,7.823908740944319
C3L-00009,25.1578635702215,12.32,1,CPTAC,CPTAC,,,16.9314862480461,,18.76705563200995,17.849270940028028,CHEMBL941,CHEMBL203,Kd,10000.0,nM,5.0
C3L-00009,25.1578635702215,12.32,1,CPTAC,CPTAC,,,16.9314862480461,,18.76705563200995,17.849270940028028,CHEMBL941,CHEMBL203,Kd,10000.0,nM,5.0
C3L-00009,25.1578635702215,12.32,1,CPTAC,CPTAC,,,16.9314862480461,,18.76705563200995,17.849270940028028,CHEMBL941,CHEMBL203,Kd,10000.0,nM,5.0
C3L-00009,25.1578635702215,12.32,1,CPTAC,CPTAC,,,16.9314862480461,,18.76705563200995,17.849270940028028,CHEMBL941,CHEMBL203,Kd,10000.0,nM,5.0
C3L-00009,25.1578635702215,12.32,1,CPTAC,CPTAC,,,16.9314862480461,,18.76705563200995,17.849270940028028,CHEMBL941,CHEMBL203,Kd,7600.0,nM,5.119186407719209
C3L-00009,25.1578635702215,12.32,1,CPTAC,CPTAC,,,16.9314862480461,,18.76705563200995,17.849270940028028,CHEMBL941,CHEMBL203,Kd,10000.0,nM,5.0
C3L-00009,25.1578635702215,12.32,1,CPTAC,CPTAC,,,16.9314862480461,,18.76705563200995,17.849270940028028,CHEMBL941,CHEMBL203,Kd,10000.0,nM,5.0
C3L-00009,25.1578635702215,12.32,1,CPTAC,CPTAC,,,16.9314862480461,,18.76705563200995,17.849270940028028,CHEMBL941,CHEMBL203,Kd,10000.0,nM,5.0
C3L-00009,25.1578635702215,12.32,1,CPTAC,CPTAC,,,16.9314862480461,,18.76705563200995,17.849270940028028,CHEMBL941,CHEMBL203,Kd,10000.0,nM,5.0
C3L-00009,25.1578635702215,12.32,1,CPTAC,CPTAC,,,16.9314862480461,,18.76705563200995,17.849270940028028,CHEMBL941,CHEMBL203,Kd,10000.0,nM,5.0
C3L-00009,25.1578635702215,12.32,1,CPTAC,CPTAC,,,16.9314862480461,,18.76705563200995,17.849270940028028,CHEMBL941,CHEMBL203,Kd,10000.0,nM,5.0
C3L-00009,25.1578635702215,12.32,1,CPTAC,CPTAC,,,16.9314862480461,,18.76705563200995,17.849270940028028,CHEMBL941,CHEMBL203,Kd,10000.0,nM,5.0
C3L-00009,25.1578635702215,12.32,1,CPTAC,CPTAC,,,16.9314862480461,,18.76705563200995,17.849270940028028,CHEMBL941,CHEMBL203,Kd,30000.0,nM,4.522878745280337
C3L-00009,25.1578635702215,12.32,1,CPTAC,CPTAC,,,16.9314862480461,,18.76705563200995,17.849270940028028,CHEMBL1079742,CHEMBL203,IC50,70.0,nM,7.154901959985743
C3L-00009,25.1578635702215,12.32,1,CPTAC,CPTAC,,,16.9314862480461,,18.76705563200995,17.849270940028028,CHEMBL941,CHEMBL203,IC50,0.11,nM,9.958607314841775
C3L-00009,25.1578635702215,12.32,1,CPTAC,CPTAC,,,16.9314862480461,,18.76705563200995,17.849270940028028,CHEMBL1079742,CHEMBL203,IC50,2.0,nM,8.698970004336019
C3L-00080,25.1678434441699,12.48,1,CPTAC,CPTAC,,,,,18.0262477741692,18.0262477741692,CHEMBL941,CHEMBL203,IC50,100000.0,nM,4.0
C3L-00080,25.1678434441699,12.48,1,CPTAC,CPTAC,,,,,18.0262477741692,18.0262477741692,CHEMBL941,CHEMBL203,Kd,10000.0,nM,5.0
C3L-00080,25.1678434441699,12.48,1,CPTAC,CPTAC,,,,,18.0262477741692,18.0262477741692,CHEMBL941,CHEMBL203,Kd,10000.0,nM,5.0
C3L-00080,25.1678434441699,12.48,1,CPTAC,CPTAC,,,,,18.0262477741692,18.0262477741692,CHEMBL941,CHEMBL203,Kd,10000.0,nM,5.0
C3L-00080,25.1678434441699,12.48,1,CPTAC,CPTAC,,,,,18.0262477741692,18.0262477741692,CHEMBL941,CHEMBL203,Kd,10000.0,nM,5.0
C3L-00080,25.1678434441699,12.48,1,CPTAC,CPTAC,,,,,18.0262477741692,18.0262477741692,CHEMBL941,CHEMBL203,Kd,7600.0,nM,5.119186407719209
C3L-00080,25.1678434441699,12.48,1,CPTAC,CPTAC,,,,,18.0262477741692,18.0262477741692,CHEMBL941,CHEMBL203,Kd,10000.0,nM,5.0
C3L-00080,25.1678434441699,12.48,1,CPTAC,CPTAC,,,,,18.0262477741692,18.0262477741692,CHEMBL941,CHEMBL203,Kd,10000.0,nM,5.0
C3L-00080,25.1678434441699,12.48,1,CPTAC,CPTAC,,,,,18.0262477741692,18.0262477741692,CHEMBL941,CHEMBL203,Kd,10000.0,nM,5.0
C3L-00080,25.1678434441699,12.48,1,CPTAC,CPTAC,,,,,18.0262477741692,18.0262477741692,CHEMBL941,CHEMBL203,Kd,10000.0,nM,5.0
C3L-00080,25.1678434441699,12.48,1,CPTAC,CPTAC,,,,,18.0262477741692,18.0262477741692,CHEMBL941,CHEMBL203,Kd,10000.0,nM,5.0
C3L-00080,25.1678434441699,12.48,1,CPTAC,CPTAC,,,,,18.0262477741692,18.0262477741692,CHEMBL1079742,CHEMBL203,IC50,420.0,nM,6.376750709602099
C3L-00080,25.1678434441699,12.48,1,CPTAC,CPTAC,,,,,18.0262477741692,18.0262477741692,CHEMBL1079742,CHEMBL203,IC50,15.0,nM,7.823908740944319
C3L-00080,25.1678434441699,12.48,1,CPTAC,CPTAC,,,,,18.0262477741692,18.0262477741692,CHEMBL941,CHEMBL203,Kd,10000.0,nM,5.0
C3L-00080,25.1678434441699,12.48,1,CPTAC,CPTAC,,,,,18.0262477741692,18.0262477741692,CHEMBL941,CHEMBL203,Kd,10000.0,nM,5.0
C3L-00080,25.1678434441699,12.48,1,CPTAC,CPTAC,,,,,18.0262477741692,18.0262477741692,CHEMBL941,CHEMBL203,Kd,10000.0,nM,5.0
C3L-00080,25.1678434441699,12.48,1,CPTAC,CPTAC,,,,,18.0262477741692,18.0262477741692,CHEMBL941,CHEMBL203,Kd,10000.0,nM,5.0
C3L-00080,25.1678434441699,12.48,1,CPTAC,CPTAC,,,,,18.0262477741692,18.0262477741692,CHEMBL941,CHEMBL203,Kd,7600.0,nM,5.119186407719209
C3L-00080,25.1678434441699,12.48,1,CPTAC,CPTAC,,,,,18.0262477741692,18.0262477741692,CHEMBL941,CHEMBL203,Kd,10000.0,nM,5.0
C3L-00080,25.1678434441699,12.48,1,CPTAC,CPTAC,,,,,18.0262477741692,18.0262477741692,CHEMBL941,CHEMBL203,Kd,10000.0,nM,5.0
C3L-00080,25.1678434441699,12.48,1,CPTAC,CPTAC,,,,,18.0262477741692,18.0262477741692,CHEMBL941,CHEMBL203,Kd,10000.0,nM,5.0
C3L-00080,25.1678434441699,12.48,1,CPTAC,CPTAC,,,,,18.0262477741692,18.0262477741692,CHEMBL941,CHEMBL203,Kd,10000.0,nM,5.0
C3L-00080,25.1678434441699,12.48,1,CPTAC,CPTAC,,,,,18.0262477741692,18.0262477741692,CHEMBL941,CHEMBL203,Kd,10000.0,nM,5.0
C3L-00080,25.1678434441699,12.48,1,CPTAC,CPTAC,,,,,18.0262477741692,18.0262477741692,CHEMBL941,CHEMBL203,Kd,10000.0,nM,5.0
C3L-00080,25.1678434441699,12.48,1,CPTAC,CPTAC,,,,,18.0262477741692,18.0262477741692,CHEMBL941,CHEMBL203,Kd,10000.0,nM,5.0
C3L-00080,25.1678434441699,12.48,1,CPTAC,CPTAC,,,,,18.0262477741692,18.0262477741692,CHEMBL941,CHEMBL203,Kd,30000.0,nM,4.522878745280337
C3L-00080,25.1678434441699,12.48,1,CPTAC,CPTAC,,,,,18.0262477741692,18.0262477741692,CHEMBL1079742,CHEMBL203,IC50,70.0,nM,7.154901959985743
C3L-00080,25.1678434441699,12.48,1,CPTAC,CPTAC,,,,,18.0262477741692,18.0262477741692,CHEMBL941,CHEMBL203,IC50,0.11,nM,9.958607314841775
C3L-00080,25.1678434441699,12.48,1,CPTAC,CPTAC,,,,,18.0262477741692,18.0262477741692,CHEMBL1079742,CHEMBL203,IC50,2.0,nM,8.698970004336019
C3L-00083,25.6319205805467,12.51,1,CPTAC,CPTAC,,,,,,,CHEMBL941,CHEMBL203,IC50,100000.0,nM,4.0
C3L-00083,25.6319205805467,12.51,1,CPTAC,CPTAC,,,,,,,CHEMBL941,CHEMBL203,Kd,10000.0,nM,5.0
C3L-00083,25.6319205805467,12.51,1,CPTAC,CPTAC,,,,,,,CHEMBL941,CHEMBL203,Kd,10000.0,nM,5.0
C3L-00083,25.6319205805467,12.51,1,CPTAC,CPTAC,,,,,,,CHEMBL941,CHEMBL203,Kd,10000.0,nM,5.0
C3L-00083,25.6319205805467,12.51,1,CPTAC,CPTAC,,,,,,,CHEMBL941,CHEMBL203,Kd,10000.0,nM,5.0
C3L-00083,25.6319205805467,12.51,1,CPTAC,CPTAC,,,,,,,CHEMBL941,CHEMBL203,Kd,7600.0,nM,5.119186407719209
C3L-00083,25.6319205805467,12.51,1,CPTAC,CPTAC,,,,,,,CHEMBL941,CHEMBL203,Kd,10000.0,nM,5.0
C3L-00083,25.6319205805467,12.51,1,CPTAC,CPTAC,,,,,,,CHEMBL941,CHEMBL203,Kd,10000.0,nM,5.0
C3L-00083,25.6319205805467,12.51,1,CPTAC,CPTAC,,,,,,,CHEMBL941,CHEMBL203,Kd,10000.0,nM,5.0
C3L-00083,25.6319205805467,12.51,1,CPTAC,CPTAC,,,,,,,CHEMBL941,CHEMBL203,Kd,10000.0,nM,5.0
C3L-00083,25.6319205805467,12.51,1,CPTAC,CPTAC,,,,,,,CHEMBL941,CHEMBL203,Kd,10000.0,nM,5.0
C3L-00083,25.6319205805467,12.51,1,CPTAC,CPTAC,,,,,,,CHEMBL1079742,CHEMBL203,IC50,420.0,nM,6.376750709602099
C3L-00083,25.6319205805467,12.51,1,CPTAC,CPTAC,,,,,,,CHEMBL1079742,CHEMBL203,IC50,15.0,nM,7.823908740944319
C3L-00083,25.6319205805467,12.51,1,CPTAC,CPTAC,,,,,,,CHEMBL941,CHEMBL203,Kd,10000.0,nM,5.0
C3L-00083,25.6319205805467,12.51,1,CPTAC,CPTAC,,,,,,,CHEMBL941,CHEMBL203,Kd,10000.0,nM,5.0
C3L-00083,25.6319205805467,12.51,1,CPTAC,CPTAC,,,,,,,CHEMBL941,CHEMBL203,Kd,10000.0,nM,5.0
C3L-00083,25.6319205805467,12.51,1,CPTAC,CPTAC,,,,,,,CHEMBL941,CHEMBL203,Kd,10000.0,nM,5.0
C3L-00083,25.6319205805467,12.51,1,CPTAC,CPTAC,,,,,,,CHEMBL941,CHEMBL203,Kd,7600.0,nM,5.119186407719209
C3L-00083,25.6319205805467,12.51,1,CPTAC,CPTAC,,,,,,,CHEMBL941,CHEMBL203,Kd,10000.0,nM,5.0
C3L-00083,25.6319205805467,12.51,1,CPTAC,CPTAC,,,,,,,CHEMBL941,CHEMBL203,Kd,10000.0,nM,5.0
C3L-00083,25.6319205805467,12.51,1,CPTAC,CPTAC,,,,,,,CHEMBL941,CHEMBL203,Kd,10000.0,nM,5.0
C3L-00083,25.6319205805467,12.51,1,CPTAC,CPTAC,,,,,,,CHEMBL941,CHEMBL203,Kd,10000.0,nM,5.0
C3L-00083,25.6319205805467,12.51,1,CPTAC,CPTAC,,,,,,,CHEMBL941,CHEMBL203,Kd,10000.0,nM,5.0
C3L-00083,25.6319205805467,12.51,1,CPTAC,CPTAC,,,,,,,CHEMBL941,CHEMBL203,Kd,10000.0,nM,5.0
C3L-00083,25.6319205805467,12.51,1,CPTAC,CPTAC,,,,,,,CHEMBL941,CHEMBL203,Kd,10000.0,nM,5.0
C3L-00083,25.6319205805467,12.51,1,CPTAC,CPTAC,,,,,,,CHEMBL941,CHEMBL203,Kd,30000.0,nM,4.522878745280337
C3L-00083,25.6319205805467,12.51,1,CPTAC,CPTAC,,,,,,,CHEMBL1079742,CHEMBL203,IC50,70.0,nM,7.154901959985743
C3L-00083,25.6319205805467,12.51,1,CPTAC,CPTAC,,,,,,,CHEMBL941,CHEMBL203,IC50,0.11,nM,9.958607314841775
C3L-00083,25.6319205805467,12.51,1,CPTAC,CPTAC,,,,,,,CHEMBL1079742,CHEMBL203,IC50,2.0,nM,8.698970004336019
C3L-00093,25.0044638361227,12.72,1,CPTAC,CPTAC,,,,,,,CHEMBL941,CHEMBL203,IC50,100000.0,nM,4.0
C3L-00093,25.0044638361227,12.72,1,CPTAC,CPTAC,,,,,,,CHEMBL941,CHEMBL203,Kd,10000.0,nM,5.0
C3L-00093,25.0044638361227,12.72,1,CPTAC,CPTAC,,,,,,,CHEMBL941,CHEMBL203,Kd,10000.0,nM,5.0
C3L-00093,25.0044638361227,12.72,1,CPTAC,CPTAC,,,,,,,CHEMBL941,CHEMBL203,Kd,10000.0,nM,5.0
C3L-00093,25.0044638361227,12.72,1,CPTAC,CPTAC,,,,,,,CHEMBL941,CHEMBL203,Kd,10000.0,nM,5.0
C3L-00093,25.0044638361227,12.72,1,CPTAC,CPTAC,,,,,,,CHEMBL941,CHEMBL203,Kd,7600.0,nM,5.119186407719209
C3L-00093,25.0044638361227,12.72,1,CPTAC,CPTAC,,,,,,,CHEMBL941,CHEMBL203,Kd,10000.0,nM,5.0
C3L-00093,25.0044638361227,12.72,1,CPTAC,CPTAC,,,,,,,CHEMBL941,CHEMBL203,Kd,10000.0,nM,5.0
C3L-00093,25.0044638361227,12.72,1,CPTAC,CPTAC,,,,,,,CHEMBL941,CHEMBL203,Kd,10000.0,nM,5.0
C3L-00093,25.0044638361227,12.72,1,CPTAC,CPTAC,,,,,,,CHEMBL941,CHEMBL203,Kd,10000.0,nM,5.0
C3L-00093,25.0044638361227,12.72,1,CPTAC,CPTAC,,,,,,,CHEMBL941,CHEMBL203,Kd,10000.0,nM,5.0
C3L-00093,25.0044638361227,12.72,1,CPTAC,CPTAC,,,,,,,CHEMBL1079742,CHEMBL203,IC50,420.0,nM,6.376750709602099
C3L-00093,25.0044638361227,12.72,1,CPTAC,CPTAC,,,,,,,CHEMBL1079742,CHEMBL203,IC50,15.0,nM,7.823908740944319
C3L-00093,25.0044638361227,12.72,1,CPTAC,CPTAC,,,,,,,CHEMBL941,CHEMBL203,Kd,10000.0,nM,5.0
C3L-00093,25.0044638361227,12.72,1,CPTAC,CPTAC,,,,,,,CHEMBL941,CHEMBL203,Kd,10000.0,nM,5.0
C3L-00093,25.0044638361227,12.72,1,CPTAC,CPTAC,,,,,,,CHEMBL941,CHEMBL203,Kd,10000.0,nM,5.0
C3L-00093,25.0044638361227,12.72,1,CPTAC,CPTAC,,,,,,,CHEMBL941,CHEMBL203,Kd,10000.0,nM,5.0
C3L-00093,25.0044638361227,12.72,1,CPTAC,CPTAC,,,,,,,CHEMBL941,CHEMBL203,Kd,7600.0,nM,5.119186407719209
C3L-00093,25.0044638361227,12.72,1,CPTAC,CPTAC,,,,,,,CHEMBL941,CHEMBL203,Kd,10000.0,nM,5.0
C3L-00093,25.0044638361227,12.72,1,CPTAC,CPTAC,,,,,,,CHEMBL941,CHEMBL203,Kd,10000.0,nM,5.0
C3L-00093,25.0044638361227,12.72,1,CPTAC,CPTAC,,,,,,,CHEMBL941,CHEMBL203,Kd,10000.0,nM,5.0
C3L-00093,25.0044638361227,12.72,1,CPTAC,CPTAC,,,,,,,CHEMBL941,CHEMBL203,Kd,10000.0,nM,5.0
C3L-00093,25.0044638361227,12.72,1,CPTAC,CPTAC,,,,,,,CHEMBL941,CHEMBL203,Kd,10000.0,nM,5.0
C3L-00093,25.0044638361227,12.72,1,CPTAC,CPTAC,,,,,,,CHEMBL941,CHEMBL203,Kd,10000.0,nM,5.0
C3L-00093,25.0044638361227,12.72,1,CPTAC,CPTAC,,,,,,,CHEMBL941,CHEMBL203,Kd,10000.0,nM,5.0
C3L-00093,25.0044638361227,12.72,1,CPTAC,CPTAC,,,,,,,CHEMBL941,CHEMBL203,Kd,30000.0,nM,4.522878745280337
C3L-00093,25.0044638361227,12.72,1,CPTAC,CPTAC,,,,,,,CHEMBL1079742,CHEMBL203,IC50,70.0,nM,7.154901959985743
C3L-00093,25.0044638361227,12.72,1,CPTAC,CPTAC,,,,,,,CHEMBL941,CHEMBL203,IC50,0.11,nM,9.958607314841775
C3L-00093,25.0044638361227,12.72,1,CPTAC,CPTAC,,,,,,,CHEMBL1079742,CHEMBL203,IC50,2.0,nM,8.698970004336019
C3L-00094,25.4381093927697,12.83,1,CPTAC,CPTAC,,,,,,,CHEMBL941,CHEMBL203,IC50,100000.0,nM,4.0
C3L-00094,25.4381093927697,12.83,1,CPTAC,CPTAC,,,,,,,CHEMBL941,CHEMBL203,Kd,10000.0,nM,5.0
C3L-00094,25.4381093927697,12.83,1,CPTAC,CPTAC,,,,,,,CHEMBL941,CHEMBL203,Kd,10000.0,nM,5.0
C3L-00094,25.4381093927697,12.83,1,CPTAC,CPTAC,,,,,,,CHEMBL941,CHEMBL203,Kd,10000.0,nM,5.0
C3L-00094,25.4381093927697,12.83,1,CPTAC,CPTAC,,,,,,,CHEMBL941,CHEMBL203,Kd,10000.0,nM,5.0
C3L-00094,25.4381093927697,12.83,1,CPTAC,CPTAC,,,,,,,CHEMBL941,CHEMBL203,Kd,7600.0,nM,5.119186407719209
C3L-00094,25.4381093927697,12.83,1,CPTAC,CPTAC,,,,,,,CHEMBL941,CHEMBL203,Kd,10000.0,nM,5.0
C3L-00094,25.4381093927697,12.83,1,CPTAC,CPTAC,,,,,,,CHEMBL941,CHEMBL203,Kd,10000.0,nM,5.0
C3L-00094,25.4381093927697,12.83,1,CPTAC,CPTAC,,,,,,,CHEMBL941,CHEMBL203,Kd,10000.0,nM,5.0
C3L-00094,25.4381093927697,12.83,1,CPTAC,CPTAC,,,,,,,CHEMBL941,CHEMBL203,Kd,10000.0,nM,5.0
C3L-00094,25.4381093927697,12.83,1,CPTAC,CPTAC,,,,,,,CHEMBL941,CHEMBL203,Kd,10000.0,nM,5.0
C3L-00094,25.4381093927697,12.83,1,CPTAC,CPTAC,,,,,,,CHEMBL1079742,CHEMBL203,IC50,420.0,nM,6.376750709602099
C3L-00094,25.4381093927697,12.83,1,CPTAC,CPTAC,,,,,,,CHEMBL1079742,CHEMBL203,IC50,15.0,nM,7.823908740944319
C3L-00094,25.4381093927697,12.83,1,CPTAC,CPTAC,,,,,,,CHEMBL941,CHEMBL203,Kd,10000.0,nM,5.0
C3L-00094,25.4381093927697,12.83,1,CPTAC,CPTAC,,,,,,,CHEMBL941,CHEMBL203,Kd,10000.0,nM,5.0
C3L-00094,25.4381093927697,12.83,1,CPTAC,CPTAC,,,,,,,CHEMBL941,CHEMBL203,Kd,10000.0,nM,5.0
C3L-00094,25.4381093927697,12.83,1,CPTAC,CPTAC,,,,,,,CHEMBL941,CHEMBL203,Kd,10000.0,nM,5.0
C3L-00094,25.4381093927697,12.83,1,CPTAC,CPTAC,,,,,,,CHEMBL941,CHEMBL203,Kd,7600.0,nM,5.119186407719209
C3L-00094,25.4381093927697,12.83,1,CPTAC,CPTAC,,,,,,,CHEMBL941,CHEMBL203,Kd,10000.0,nM,5.0
C3L-00094,25.4381093927697,12.83,1,CPTAC,CPTAC,,,,,,,CHEMBL941,CHEMBL203,Kd,10000.0,nM,5.0
C3L-00094,25.4381093927697,12.83,1,CPTAC,CPTAC,,,,,,,CHEMBL941,CHEMBL203,Kd,10000.0,nM,5.0
C3L-00094,25.4381093927697,12.83,1,CPTAC,CPTAC,,,,,,,CHEMBL941,CHEMBL203,Kd,10000.0,nM,5.0
C3L-00094,25.4381093927697,12.83,1,CPTAC,CPTAC,,,,,,,CHEMBL941,CHEMBL203,Kd,10000.0,nM,5.0
C3L-00094,25.4381093927697,12.83,1,CPTAC,CPTAC,,,,,,,CHEMBL941,CHEMBL203,Kd,10000.0,nM,5.0
C3L-00094,25.4381093927697,12.83,1,CPTAC,CPTAC,,,,,,,CHEMBL941,CHEMBL203,Kd,10000.0,nM,5.0
C3L-00094,25.4381093927697,12.83,1,CPTAC,CPTAC,,,,,,,CHEMBL941,CHEMBL203,Kd,30000.0,nM,4.522878745280337
C3L-00094,25.4381093927697,12.83,1,CPTAC,CPTAC,,,,,,,CHEMBL1079742,CHEMBL203,IC50,70.0,nM,7.154901959985743
C3L-00094,25.4381093927697,12.83,1,CPTAC,CPTAC,,,,,,,CHEMBL941,CHEMBL203,IC50,0.11,nM,9.958607314841775
C3L-00094,25.4381093927697,12.83,1,CPTAC,CPTAC,,,,,,,CHEMBL1079742,CHEMBL203,IC50,2.0,nM,8.698970004336019
C3L-00095,25.5095632276869,12.82,1,CPTAC,CPTAC,,,,,,,CHEMBL941,CHEMBL203,IC50,100000.0,nM,4.0
C3L-00095,25.5095632276869,12.82,1,CPTAC,CPTAC,,,,,,,CHEMBL941,CHEMBL203,Kd,10000.0,nM,5.0
C3L-00095,25.5095632276869,12.82,1,CPTAC,CPTAC,,,,,,,CHEMBL941,CHEMBL203,Kd,10000.0,nM,5.0
C3L-00095,25.5095632276869,12.82,1,CPTAC,CPTAC,,,,,,,CHEMBL941,CHEMBL203,Kd,10000.0,nM,5.0
C3L-00095,25.5095632276869,12.82,1,CPTAC,CPTAC,,,,,,,CHEMBL941,CHEMBL203,Kd,10000.0,nM,5.0
C3L-00095,25.5095632276869,12.82,1,CPTAC,CPTAC,,,,,,,CHEMBL941,CHEMBL203,Kd,7600.0,nM,5.119186407719209
C3L-00095,25.5095632276869,12.82,1,CPTAC,CPTAC,,,,,,,CHEMBL941,CHEMBL203,Kd,10000.0,nM,5.0
C3L-00095,25.5095632276869,12.82,1,CPTAC,CPTAC,,,,,,,CHEMBL941,CHEMBL203,Kd,10000.0,nM,5.0
C3L-00095,25.5095632276869,12.82,1,CPTAC,CPTAC,,,,,,,CHEMBL941,CHEMBL203,Kd,10000.0,nM,5.0
C3L-00095,25.5095632276869,12.82,1,CPTAC,CPTAC,,,,,,,CHEMBL941,CHEMBL203,Kd,10000.0,nM,5.0
C3L-00095,25.5095632276869,12.82,1,CPTAC,CPTAC,,,,,,,CHEMBL941,CHEMBL203,Kd,10000.0,nM,5.0
C3L-00095,25.5095632276869,12.82,1,CPTAC,CPTAC,,,,,,,CHEMBL1079742,CHEMBL203,IC50,420.0,nM,6.376750709602099
C3L-00095,25.5095632276869,12.82,1,CPTAC,CPTAC,,,,,,,CHEMBL1079742,CHEMBL203,IC50,15.0,nM,7.823908740944319
C3L-00095,25.5095632276869,12.82,1,CPTAC,CPTAC,,,,,,,CHEMBL941,CHEMBL203,Kd,10000.0,nM,5.0
C3L-00095,25.5095632276869,12.82,1,CPTAC,CPTAC,,,,,,,CHEMBL941,CHEMBL203,Kd,10000.0,nM,5.0
C3L-00095,25.5095632276869,12.82,1,CPTAC,CPTAC,,,,,,,CHEMBL941,CHEMBL203,Kd,10000.0,nM,5.0
C3L-00095,25.5095632276869,12.82,1,CPTAC,CPTAC,,,,,,,CHEMBL941,CHEMBL203,Kd,10000.0,nM,5.0
C3L-00095,25.5095632276869,12.82,1,CPTAC,CPTAC,,,,,,,CHEMBL941,CHEMBL203,Kd,7600.0,nM,5.119186407719209
C3L-00095,25.5095632276869,12.82,1,CPTAC,CPTAC,,,,,,,CHEMBL941,CHEMBL203,Kd,10000.0,nM,5.0
C3L-00095,25.5095632276869,12.82,1,CPTAC,CPTAC,,,,,,,CHEMBL941,CHEMBL203,Kd,10000.0,nM,5.0
C3L-00095,25.5095632276869,12.82,1,CPTAC,CPTAC,,,,,,,CHEMBL941,CHEMBL203,Kd,10000.0,nM,5.0
C3L-00095,25.5095632276869,12.82,1,CPTAC,CPTAC,,,,,,,CHEMBL941,CHEMBL203,Kd,10000.0,nM,5.0
C3L-00095,25.5095632276869,12.82,1,CPTAC,CPTAC,,,,,,,CHEMBL941,CHEMBL203,Kd,10000.0,nM,5.0
C3L-00095,25.5095632276869,12.82,1,CPTAC,CPTAC,,,,,,,CHEMBL941,CHEMBL203,Kd,10000.0,nM,5.0
C3L-00095,25.5095632276869,12.82,1,CPTAC,CPTAC,,,,,,,CHEMBL941,CHEMBL203,Kd,10000.0,nM,5.0
C3L-00095,25.5095632276869,12.82,1,CPTAC,CPTAC,,,,,,,CHEMBL941,CHEMBL203,Kd,30000.0,nM,4.522878745280337
C3L-00095,25.5095632276869,12.82,1,CPTAC,CPTAC,,,,,,,CHEMBL1079742,CHEMBL203,IC50,70.0,nM,7.154901959985743
C3L-00095,25.5095632276869,12.82,1,CPTAC,CPTAC,,,,,,,CHEMBL941,CHEMBL203,IC50,0.11,nM,9.958607314841775
C3L-00095,25.5095632276869,12.82,1,CPTAC,CPTAC,,,,,,,CHEMBL1079742,CHEMBL203,IC50,2.0,nM,8.698970004336019
C3L-00140,25.3724593763109,12.49,1,CPTAC,CPTAC,,,17.530325112873,,18.44859567402295,17.989460393447978,CHEMBL941,CHEMBL203,IC50,100000.0,nM,4.0
C3L-00140,25.3724593763109,12.49,1,CPTAC,CPTAC,,,17.530325112873,,18.44859567402295,17.989460393447978,CHEMBL941,CHEMBL203,Kd,10000.0,nM,5.0
C3L-00140,25.3724593763109,12.49,1,CPTAC,CPTAC,,,17.530325112873,,18.44859567402295,17.989460393447978,CHEMBL941,CHEMBL203,Kd,10000.0,nM,5.0
C3L-00140,25.3724593763109,12.49,1,CPTAC,CPTAC,,,17.530325112873,,18.44859567402295,17.989460393447978,CHEMBL941,CHEMBL203,Kd,10000.0,nM,5.0
C3L-00140,25.3724593763109,12.49,1,CPTAC,CPTAC,,,17.530325112873,,18.44859567402295,17.989460393447978,CHEMBL941,CHEMBL203,Kd,10000.0,nM,5.0
C3L-00140,25.3724593763109,12.49,1,CPTAC,CPTAC,,,17.530325112873,,18.44859567402295,17.989460393447978,CHEMBL941,CHEMBL203,Kd,7600.0,nM,5.119186407719209
C3L-00140,25.3724593763109,12.49,1,CPTAC,CPTAC,,,17.530325112873,,18.44859567402295,17.989460393447978,CHEMBL941,CHEMBL203,Kd,10000.0,nM,5.0
C3L-00140,25.3724593763109,12.49,1,CPTAC,CPTAC,,,17.530325112873,,18.44859567402295,17.989460393447978,CHEMBL941,CHEMBL203,Kd,10000.0,nM,5.0
C3L-00140,25.3724593763109,12.49,1,CPTAC,CPTAC,,,17.530325112873,,18.44859567402295,17.989460393447978,CHEMBL941,CHEMBL203,Kd,10000.0,nM,5.0
C3L-00140,25.3724593763109,12.49,1,CPTAC,CPTAC,,,17.530325112873,,18.44859567402295,17.989460393447978,CHEMBL941,CHEMBL203,Kd,10000.0,nM,5.0
C3L-00140,25.3724593763109,12.49,1,CPTAC,CPTAC,,,17.530325112873,,18.44859567402295,17.989460393447978,CHEMBL941,CHEMBL203,Kd,10000.0,nM,5.0
C3L-00140,25.3724593763109,12.49,1,CPTAC,CPTAC,,,17.530325112873,,18.44859567402295,17.989460393447978,CHEMBL1079742,CHEMBL203,IC50,420.0,nM,6.376750709602099
C3L-00140,25.3724593763109,12.49,1,CPTAC,CPTAC,,,17.530325112873,,18.44859567402295,17.989460393447978,CHEMBL1079742,CHEMBL203,IC50,15.0,nM,7.823908740944319
C3L-00140,25.3724593763109,12.49,1,CPTAC,CPTAC,,,17.530325112873,,18.44859567402295,17.989460393447978,CHEMBL941,CHEMBL203,Kd,10000.0,nM,5.0
C3L-00140,25.3724593763109,12.49,1,CPTAC,CPTAC,,,17.530325112873,,18.44859567402295,17.989460393447978,CHEMBL941,CHEMBL203,Kd,10000.0,nM,5.0
C3L-00140,25.3724593763109,12.49,1,CPTAC,CPTAC,,,17.530325112873,,18.44859567402295,17.989460393447978,CHEMBL941,CHEMBL203,Kd,10000.0,nM,5.0
C3L-00140,25.3724593763109,12.49,1,CPTAC,CPTAC,,,17.530325112873,,18.44859567402295,17.989460393447978,CHEMBL941,CHEMBL203,Kd,10000.0,nM,5.0
C3L-00140,25.3724593763109,12.49,1,CPTAC,CPTAC,,,17.530325112873,,18.44859567402295,17.989460393447978,CHEMBL941,CHEMBL203,Kd,7600.0,nM,5.119186407719209
C3L-00140,25.3724593763109,12.49,1,CPTAC,CPTAC,,,17.530325112873,,18.44859567402295,17.989460393447978,CHEMBL941,CHEMBL203,Kd,10000.0,nM,5.0
C3L-00140,25.3724593763109,12.49,1,CPTAC,CPTAC,,,17.530325112873,,18.44859567402295,17.989460393447978,CHEMBL941,CHEMBL203,Kd,10000.0,nM,5.0
C3L-00140,25.3724593763109,12.49,1,CPTAC,CPTAC,,,17.530325112873,,18.44859567402295,17.989460393447978,CHEMBL941,CHEMBL203,Kd,10000.0,nM,5.0
C3L-00140,25.3724593763109,12.49,1,CPTAC,CPTAC,,,17.530325112873,,18.44859567402295,17.989460393447978,CHEMBL941,CHEMBL203,Kd,10000.0,nM,5.0
C3L-00140,25.3724593763109,12.49,1,CPTAC,CPTAC,,,17.530325112873,,18.44859567402295,17.989460393447978,CHEMBL941,CHEMBL203,Kd,10000.0,nM,5.0
C3L-00140,25.3724593763109,12.49,1,CPTAC,CPTAC,,,17.530325112873,,18.44859567402295,17.989460393447978,CHEMBL941,CHEMBL203,Kd,10000.0,nM,5.0
C3L-00140,25.3724593763109,12.49,1,CPTAC,CPTAC,,,17.530325112873,,18.44859567402295,17.989460393447978,CHEMBL941,CHEMBL203,Kd,10000.0,nM,5.0
C3L-00140,25.3724593763109,12.49,1,CPTAC,CPTAC,,,17.530325112873,,18.44859567402295,17.989460393447978,CHEMBL941,CHEMBL203,Kd,30000.0,nM,4.522878745280337
C3L-00140,25.3724593763109,12.49,1,CPTAC,CPTAC,,,17.530325112873,,18.44859567402295,17.989460393447978,CHEMBL1079742,CHEMBL203,IC50,70.0,nM,7.154901959985743
C3L-00140,25.3724593763109,12.49,1,CPTAC,CPTAC,,,17.530325112873,,18.44859567402295,17.989460393447978,CHEMBL941,CHEMBL203,IC50,0.11,nM,9.958607314841775
C3L-00140,25.3724593763109,12.49,1,CPTAC,CPTAC,,,17.530325112873,,18.44859567402295,17.989460393447978,CHEMBL1079742,CHEMBL203,IC50,2.0,nM,8.698970004336019
C3L-00144,25.3657690021424,12.48,1,CPTAC,CPTAC,,,,,,,CHEMBL941,CHEMBL203,IC50,100000.0,nM,4.0
C3L-00144,25.3657690021424,12.48,1,CPTAC,CPTAC,,,,,,,CHEMBL941,CHEMBL203,Kd,10000.0,nM,5.0
C3L-00144,25.3657690021424,12.48,1,CPTAC,CPTAC,,,,,,,CHEMBL941,CHEMBL203,Kd,10000.0,nM,5.0
C3L-00144,25.3657690021424,12.48,1,CPTAC,CPTAC,,,,,,,CHEMBL941,CHEMBL203,Kd,10000.0,nM,5.0
C3L-00144,25.3657690021424,12.48,1,CPTAC,CPTAC,,,,,,,CHEMBL941,CHEMBL203,Kd,10000.0,nM,5.0
C3L-00144,25.3657690021424,12.48,1,CPTAC,CPTAC,,,,,,,CHEMBL941,CHEMBL203,Kd,7600.0,nM,5.119186407719209
C3L-00144,25.3657690021424,12.48,1,CPTAC,CPTAC,,,,,,,CHEMBL941,CHEMBL203,Kd,10000.0,nM,5.0
C3L-00144,25.3657690021424,12.48,1,CPTAC,CPTAC,,,,,,,CHEMBL941,CHEMBL203,Kd,10000.0,nM,5.0
C3L-00144,25.3657690021424,12.48,1,CPTAC,CPTAC,,,,,,,CHEMBL941,CHEMBL203,Kd,10000.0,nM,5.0
C3L-00144,25.3657690021424,12.48,1,CPTAC,CPTAC,,,,,,,CHEMBL941,CHEMBL203,Kd,10000.0,nM,5.0
C3L-00144,25.3657690021424,12.48,1,CPTAC,CPTAC,,,,,,,CHEMBL941,CHEMBL203,Kd,10000.0,nM,5.0
C3L-00144,25.3657690021424,12.48,1,CPTAC,CPTAC,,,,,,,CHEMBL1079742,CHEMBL203,IC50,420.0,nM,6.376750709602099
C3L-00144,25.3657690021424,12.48,1,CPTAC,CPTAC,,,,,,,CHEMBL1079742,CHEMBL203,IC50,15.0,nM,7.823908740944319
C3L-00144,25.3657690021424,12.48,1,CPTAC,CPTAC,,,,,,,CHEMBL941,CHEMBL203,Kd,10000.0,nM,5.0
C3L-00144,25.3657690021424,12.48,1,CPTAC,CPTAC,,,,,,,CHEMBL941,CHEMBL203,Kd,10000.0,nM,5.0
C3L-00144,25.3657690021424,12.48,1,CPTAC,CPTAC,,,,,,,CHEMBL941,CHEMBL203,Kd,10000.0,nM,5.0
C3L-00144,25.3657690021424,12.48,1,CPTAC,CPTAC,,,,,,,CHEMBL941,CHEMBL203,Kd,10000.0,nM,5.0
C3L-00144,25.3657690021424,12.48,1,CPTAC,CPTAC,,,,,,,CHEMBL941,CHEMBL203,Kd,7600.0,nM,5.119186407719209
C3L-00144,25.3657690021424,12.48,1,CPTAC,CPTAC,,,,,,,CHEMBL941,CHEMBL203,Kd,10000.0,nM,5.0
C3L-00144,25.3657690021424,12.48,1,CPTAC,CPTAC,,,,,,,CHEMBL941,CHEMBL203,Kd,10000.0,nM,5.0
C3L-00144,25.3657690021424,12.48,1,CPTAC,CPTAC,,,,,,,CHEMBL941,CHEMBL203,Kd,10000.0,nM,5.0
C3L-00144,25.3657690021424,12.48,1,CPTAC,CPTAC,,,,,,,CHEMBL941,CHEMBL203,Kd,10000.0,nM,5.0
C3L-00144,25.3657690021424,12.48,1,CPTAC,CPTAC,,,,,,,CHEMBL941,CHEMBL203,Kd,10000.0,nM,5.0
C3L-00144,25.3657690021424,12.48,1,CPTAC,CPTAC,,,,,,,CHEMBL941,CHEMBL203,Kd,10000.0,nM,5.0
C3L-00144,25.3657690021424,12.48,1,CPTAC,CPTAC,,,,,,,CHEMBL941,CHEMBL203,Kd,10000.0,nM,5.0
C3L-00144,25.3657690021424,12.48,1,CPTAC,CPTAC,,,,,,,CHEMBL941,CHEMBL203,Kd,30000.0,nM,4.522878745280337
C3L-00144,25.3657690021424,12.48,1,CPTAC,CPTAC,,,,,,,CHEMBL1079742,CHEMBL203,IC50,70.0,nM,7.154901959985743
C3L-00144,25.3657690021424,12.48,1,CPTAC,CPTAC,,,,,,,CHEMBL941,CHEMBL203,IC50,0.11,nM,9.958607314841775
C3L-00144,25.3657690021424,12.48,1,CPTAC,CPTAC,,,,,,,CHEMBL1079742,CHEMBL203,IC50,2.0,nM,8.698970004336019
C3L-00263,25.253456431403,12.02,1,CPTAC,CPTAC,,,,,18.78487997569265,18.78487997569265,CHEMBL941,CHEMBL203,IC50,100000.0,nM,4.0
C3L-00263,25.253456431403,12.02,1,CPTAC,CPTAC,,,,,18.78487997569265,18.78487997569265,CHEMBL941,CHEMBL203,Kd,10000.0,nM,5.0
C3L-00263,25.253456431403,12.02,1,CPTAC,CPTAC,,,,,18.78487997569265,18.78487997569265,CHEMBL941,CHEMBL203,Kd,10000.0,nM,5.0
C3L-00263,25.253456431403,12.02,1,CPTAC,CPTAC,,,,,18.78487997569265,18.78487997569265,CHEMBL941,CHEMBL203,Kd,10000.0,nM,5.0
C3L-00263,25.253456431403,12.02,1,CPTAC,CPTAC,,,,,18.78487997569265,18.78487997569265,CHEMBL941,CHEMBL203,Kd,10000.0,nM,5.0
C3L-00263,25.253456431403,12.02,1,CPTAC,CPTAC,,,,,18.78487997569265,18.78487997569265,CHEMBL941,CHEMBL203,Kd,7600.0,nM,5.119186407719209
C3L-00263,25.253456431403,12.02,1,CPTAC,CPTAC,,,,,18.78487997569265,18.78487997569265,CHEMBL941,CHEMBL203,Kd,10000.0,nM,5.0
C3L-00263,25.253456431403,12.02,1,CPTAC,CPTAC,,,,,18.78487997569265,18.78487997569265,CHEMBL941,CHEMBL203,Kd,10000.0,nM,5.0
C3L-00263,25.253456431403,12.02,1,CPTAC,CPTAC,,,,,18.78487997569265,18.78487997569265,CHEMBL941,CHEMBL203,Kd,10000.0,nM,5.0
C3L-00263,25.253456431403,12.02,1,CPTAC,CPTAC,,,,,18.78487997569265,18.78487997569265,CHEMBL941,CHEMBL203,Kd,10000.0,nM,5.0
C3L-00263,25.253456431403,12.02,1,CPTAC,CPTAC,,,,,18.78487997569265,18.78487997569265,CHEMBL941,CHEMBL203,Kd,10000.0,nM,5.0
C3L-00263,25.253456431403,12.02,1,CPTAC,CPTAC,,,,,18.78487997569265,18.78487997569265,CHEMBL1079742,CHEMBL203,IC50,420.0,nM,6.376750709602099
C3L-00263,25.253456431403,12.02,1,CPTAC,CPTAC,,,,,18.78487997569265,18.78487997569265,CHEMBL1079742,CHEMBL203,IC50,15.0,nM,7.823908740944319
C3L-00263,25.253456431403,12.02,1,CPTAC,CPTAC,,,,,18.78487997569265,18.78487997569265,CHEMBL941,CHEMBL203,Kd,10000.0,nM,5.0
C3L-00263,25.253456431403,12.02,1,CPTAC,CPTAC,,,,,18.78487997569265,18.78487997569265,CHEMBL941,CHEMBL203,Kd,10000.0,nM,5.0
C3L-00263,25.253456431403,12.02,1,CPTAC,CPTAC,,,,,18.78487997569265,18.78487997569265,CHEMBL941,CHEMBL203,Kd,10000.0,nM,5.0
C3L-00263,25.253456431403,12.02,1,CPTAC,CPTAC,,,,,18.78487997569265,18.78487997569265,CHEMBL941,CHEMBL203,Kd,10000.0,nM,5.0
C3L-00263,25.253456431403,12.02,1,CPTAC,CPTAC,,,,,18.78487997569265,18.78487997569265,CHEMBL941,CHEMBL203,Kd,7600.0,nM,5.119186407719209
C3L-00263,25.253456431403,12.02,1,CPTAC,CPTAC,,,,,18.78487997569265,18.78487997569265,CHEMBL941,CHEMBL203,Kd,10000.0,nM,5.0
C3L-00263,25.253456431403,12.02,1,CPTAC,CPTAC,,,,,18.78487997569265,18.78487997569265,CHEMBL941,CHEMBL203,Kd,10000.0,nM,5.0
C3L-00263,25.253456431403,12.02,1,CPTAC,CPTAC,,,,,18.78487997569265,18.78487997569265,CHEMBL941,CHEMBL203,Kd,10000.0,nM,5.0
C3L-00263,25.253456431403,12.02,1,CPTAC,CPTAC,,,,,18.78487997569265,18.78487997569265,CHEMBL941,CHEMBL203,Kd,10000.0,nM,5.0
C3L-00263,25.253456431403,12.02,1,CPTAC,CPTAC,,,,,18.78487997569265,18.78487997569265,CHEMBL941,CHEMBL203,Kd,10000.0,nM,5.0
C3L-00263,25.253456431403,12.02,1,CPTAC,CPTAC,,,,,18.78487997569265,18.78487997569265,CHEMBL941,CHEMBL203,Kd,10000.0,nM,5.0
C3L-00263,25.253456431403,12.02,1,CPTAC,CPTAC,,,,,18.78487997569265,18.78487997569265,CHEMBL941,CHEMBL203,Kd,10000.0,nM,5.0
C3L-00263,25.253456431403,12.02,1,CPTAC,CPTAC,,,,,18.78487997569265,18.78487997569265,CHEMBL941,CHEMBL203,Kd,30000.0,nM,4.522878745280337
C3L-00263,25.253456431403,12.02,1,CPTAC,CPTAC,,,,,18.78487997569265,18.78487997569265,CHEMBL1079742,CHEMBL203,IC50,70.0,nM,7.154901959985743
C3L-00263,25.253456431403,12.02,1,CPTAC,CPTAC,,,,,18.78487997569265,18.78487997569265,CHEMBL941,CHEMBL203,IC50,0.11,nM,9.958607314841775
C3L-00263,25.253456431403,12.02,1,CPTAC,CPTAC,,,,,18.78487997569265,18.78487997569265,CHEMBL1079742,CHEMBL203,IC50,2.0,nM,8.698970004336019
C3L-00279,25.3348053234048,12.58,1,CPTAC,CPTAC,,,,,18.6326719038641,18.6326719038641,CHEMBL941,CHEMBL203,IC50,100000.0,nM,4.0
C3L-00279,25.3348053234048,12.58,1,CPTAC,CPTAC,,,,,18.6326719038641,18.6326719038641,CHEMBL941,CHEMBL203,Kd,10000.0,nM,5.0
C3L-00279,25.3348053234048,12.58,1,CPTAC,CPTAC,,,,,18.6326719038641,18.6326719038641,CHEMBL941,CHEMBL203,Kd,10000.0,nM,5.0
C3L-00279,25.3348053234048,12.58,1,CPTAC,CPTAC,,,,,18.6326719038641,18.6326719038641,CHEMBL941,CHEMBL203,Kd,10000.0,nM,5.0
C3L-00279,25.3348053234048,12.58,1,CPTAC,CPTAC,,,,,18.6326719038641,18.6326719038641,CHEMBL941,CHEMBL203,Kd,10000.0,nM,5.0
C3L-00279,25.3348053234048,12.58,1,CPTAC,CPTAC,,,,,18.6326719038641,18.6326719038641,CHEMBL941,CHEMBL203,Kd,7600.0,nM,5.119186407719209
C3L-00279,25.3348053234048,12.58,1,CPTAC,CPTAC,,,,,18.6326719038641,18.6326719038641,CHEMBL941,CHEMBL203,Kd,10000.0,nM,5.0
C3L-00279,25.3348053234048,12.58,1,CPTAC,CPTAC,,,,,18.6326719038641,18.6326719038641,CHEMBL941,CHEMBL203,Kd,10000.0,nM,5.0
C3L-00279,25.3348053234048,12.58,1,CPTAC,CPTAC,,,,,18.6326719038641,18.6326719038641,CHEMBL941,CHEMBL203,Kd,10000.0,nM,5.0
C3L-00279,25.3348053234048,12.58,1,CPTAC,CPTAC,,,,,18.6326719038641,18.6326719038641,CHEMBL941,CHEMBL203,Kd,10000.0,nM,5.0
C3L-00279,25.3348053234048,12.58,1,CPTAC,CPTAC,,,,,18.6326719038641,18.6326719038641,CHEMBL941,CHEMBL203,Kd,10000.0,nM,5.0
C3L-00279,25.3348053234048,12.58,1,CPTAC,CPTAC,,,,,18.6326719038641,18.6326719038641,CHEMBL1079742,CHEMBL203,IC50,420.0,nM,6.376750709602099
C3L-00279,25.3348053234048,12.58,1,CPTAC,CPTAC,,,,,18.6326719038641,18.6326719038641,CHEMBL1079742,CHEMBL203,IC50,15.0,nM,7.823908740944319
C3L-00279,25.3348053234048,12.58,1,CPTAC,CPTAC,,,,,18.6326719038641,18.6326719038641,CHEMBL941,CHEMBL203,Kd,10000.0,nM,5.0
C3L-00279,25.3348053234048,12.58,1,CPTAC,CPTAC,,,,,18.6326719038641,18.6326719038641,CHEMBL941,CHEMBL203,Kd,10000.0,nM,5.0
C3L-00279,25.3348053234048,12.58,1,CPTAC,CPTAC,,,,,18.6326719038641,18.6326719038641,CHEMBL941,CHEMBL203,Kd,10000.0,nM,5.0
C3L-00279,25.3348053234048,12.58,1,CPTAC,CPTAC,,,,,18.6326719038641,18.6326719038641,CHEMBL941,CHEMBL203,Kd,10000.0,nM,5.0
C3L-00279,25.3348053234048,12.58,1,CPTAC,CPTAC,,,,,18.6326719038641,18.6326719038641,CHEMBL941,CHEMBL203,Kd,7600.0,nM,5.119186407719209
C3L-00279,25.3348053234048,12.58,1,CPTAC,CPTAC,,,,,18.6326719038641,18.6326719038641,CHEMBL941,CHEMBL203,Kd,10000.0,nM,5.0
C3L-00279,25.3348053234048,12.58,1,CPTAC,CPTAC,,,,,18.6326719038641,18.6326719038641,CHEMBL941,CHEMBL203,Kd,10000.0,nM,5.0
C3L-00279,25.3348053234048,12.58,1,CPTAC,CPTAC,,,,,18.6326719038641,18.6326719038641,CHEMBL941,CHEMBL203,Kd,10000.0,nM,5.0
C3L-00279,25.3348053234048,12.58,1,CPTAC,CPTAC,,,,,18.6326719038641,18.6326719038641,CHEMBL941,CHEMBL203,Kd,10000.0,nM,5.0
C3L-00279,25.3348053234048,12.58,1,CPTAC,CPTAC,,,,,18.6326719038641,18.6326719038641,CHEMBL941,CHEMBL203,Kd,10000.0,nM,5.0
C3L-00279,25.3348053234048,12.58,1,CPTAC,CPTAC,,,,,18.6326719038641,18.6326719038641,CHEMBL941,CHEMBL203,Kd,10000.0,nM,5.0
C3L-00279,25.3348053234048,12.58,1,CPTAC,CPTAC,,,,,18.6326719038641,18.6326719038641,CHEMBL941,CHEMBL203,Kd,10000.0,nM,5.0
C3L-00279,25.3348053234048,12.58,1,CPTAC,CPTAC,,,,,18.6326719038641,18.6326719038641,CHEMBL941,CHEMBL203,Kd,30000.0,nM,4.522878745280337
C3L-00279,25.3348053234048,12.58,1,CPTAC,CPTAC,,,,,18.6326719038641,18.6326719038641,CHEMBL1079742,CHEMBL203,IC50,70.0,nM,7.154901959985743
C3L-00279,25.3348053234048,12.58,1,CPTAC,CPTAC,,,,,18.6326719038641,18.6326719038641,CHEMBL941,CHEMBL203,IC50,0.11,nM,9.958607314841775
C3L-00279,25.3348053234048,12.58,1,CPTAC,CPTAC,,,,,18.6326719038641,18.6326719038641,CHEMBL1079742,CHEMBL203,IC50,2.0,nM,8.698970004336019
C3L-00368,25.4954642800909,12.71,1,CPTAC,CPTAC,,,18.3238196875235,,19.256333267017556,18.790076477270524,CHEMBL941,CHEMBL203,IC50,100000.0,nM,4.0
C3L-00368,25.4954642800909,12.71,1,CPTAC,CPTAC,,,18.3238196875235,,19.256333267017556,18.790076477270524,CHEMBL941,CHEMBL203,Kd,10000.0,nM,5.0
C3L-00368,25.4954642800909,12.71,1,CPTAC,CPTAC,,,18.3238196875235,,19.256333267017556,18.790076477270524,CHEMBL941,CHEMBL203,Kd,10000.0,nM,5.0
C3L-00368,25.4954642800909,12.71,1,CPTAC,CPTAC,,,18.3238196875235,,19.256333267017556,18.790076477270524,CHEMBL941,CHEMBL203,Kd,10000.0,nM,5.0
C3L-00368,25.4954642800909,12.71,1,CPTAC,CPTAC,,,18.3238196875235,,19.256333267017556,18.790076477270524,CHEMBL941,CHEMBL203,Kd,10000.0,nM,5.0
C3L-00368,25.4954642800909,12.71,1,CPTAC,CPTAC,,,18.3238196875235,,19.256333267017556,18.790076477270524,CHEMBL941,CHEMBL203,Kd,7600.0,nM,5.119186407719209
C3L-00368,25.4954642800909,12.71,1,CPTAC,CPTAC,,,18.3238196875235,,19.256333267017556,18.790076477270524,CHEMBL941,CHEMBL203,Kd,10000.0,nM,5.0
C3L-00368,25.4954642800909,12.71,1,CPTAC,CPTAC,,,18.3238196875235,,19.256333267017556,18.790076477270524,CHEMBL941,CHEMBL203,Kd,10000.0,nM,5.0
C3L-00368,25.4954642800909,12.71,1,CPTAC,CPTAC,,,18.3238196875235,,19.256333267017556,18.790076477270524,CHEMBL941,CHEMBL203,Kd,10000.0,nM,5.0
C3L-00368,25.4954642800909,12.71,1,CPTAC,CPTAC,,,18.3238196875235,,19.256333267017556,18.790076477270524,CHEMBL941,CHEMBL203,Kd,10000.0,nM,5.0
C3L-00368,25.4954642800909,12.71,1,CPTAC,CPTAC,,,18.3238196875235,,19.256333267017556,18.790076477270524,CHEMBL941,CHEMBL203,Kd,10000.0,nM,5.0
C3L-00368,25.4954642800909,12.71,1,CPTAC,CPTAC,,,18.3238196875235,,19.256333267017556,18.790076477270524,CHEMBL1079742,CHEMBL203,IC50,420.0,nM,6.376750709602099
C3L-00368,25.4954642800909,12.71,1,CPTAC,CPTAC,,,18.3238196875235,,19.256333267017556,18.790076477270524,CHEMBL1079742,CHEMBL203,IC50,15.0,nM,7.823908740944319
C3L-00368,25.4954642800909,12.71,1,CPTAC,CPTAC,,,18.3238196875235,,19.256333267017556,18.790076477270524,CHEMBL941,CHEMBL203,Kd,10000.0,nM,5.0
C3L-00368,25.4954642800909,12.71,1,CPTAC,CPTAC,,,18.3238196875235,,19.256333267017556,18.790076477270524,CHEMBL941,CHEMBL203,Kd,10000.0,nM,5.0
C3L-00368,25.4954642800909,12.71,1,CPTAC,CPTAC,,,18.3238196875235,,19.256333267017556,18.790076477270524,CHEMBL941,CHEMBL203,Kd,10000.0,nM,5.0
C3L-00368,25.4954642800909,12.71,1,CPTAC,CPTAC,,,18.3238196875235,,19.256333267017556,18.790076477270524,CHEMBL941,CHEMBL203,Kd,10000.0,nM,5.0
C3L-00368,25.4954642800909,12.71,1,CPTAC,CPTAC,,,18.3238196875235,,19.256333267017556,18.790076477270524,CHEMBL941,CHEMBL203,Kd,7600.0,nM,5.119186407719209
C3L-00368,25.4954642800909,12.71,1,CPTAC,CPTAC,,,18.3238196875235,,19.256333267017556,18.790076477270524,CHEMBL941,CHEMBL203,Kd,10000.0,nM,5.0
C3L-00368,25.4954642800909,12.71,1,CPTAC,CPTAC,,,18.3238196875235,,19.256333267017556,18.790076477270524,CHEMBL941,CHEMBL203,Kd,10000.0,nM,5.0
C3L-00368,25.4954642800909,12.71,1,CPTAC,CPTAC,,,18.3238196875235,,19.256333267017556,18.790076477270524,CHEMBL941,CHEMBL203,Kd,10000.0,nM,5.0
C3L-00368,25.4954642800909,12.71,1,CPTAC,CPTAC,,,18.3238196875235,,19.256333267017556,18.790076477270524,CHEMBL941,CHEMBL203,Kd,10000.0,nM,5.0
C3L-00368,25.4954642800909,12.71,1,CPTAC,CPTAC,,,18.3238196875235,,19.256333267017556,18.790076477270524,CHEMBL941,CHEMBL203,Kd,10000.0,nM,5.0
C3L-00368,25.4954642800909,12.71,1,CPTAC,CPTAC,,,18.3238196875235,,19.256333267017556,18.790076477270524,CHEMBL941,CHEMBL203,Kd,10000.0,nM,5.0
C3L-00368,25.4954642800909,12.71,1,CPTAC,CPTAC,,,18.3238196875235,,19.256333267017556,18.790076477270524,CHEMBL941,CHEMBL203,Kd,10000.0,nM,5.0
C3L-00368,25.4954642800909,12.71,1,CPTAC,CPTAC,,,18.3238196875235,,19.256333267017556,18.790076477270524,CHEMBL941,CHEMBL203,Kd,30000.0,nM,4.522878745280337
C3L-00368,25.4954642800909,12.71,1,CPTAC,CPTAC,,,18.3238196875235,,19.256333267017556,18.790076477270524,CHEMBL1079742,CHEMBL203,IC50,70.0,nM,7.154901959985743
C3L-00368,25.4954642800909,12.71,1,CPTAC,CPTAC,,,18.3238196875235,,19.256333267017556,18.790076477270524,CHEMBL941,CHEMBL203,IC50,0.11,nM,9.958607314841775
C3L-00368,25.4954642800909,12.71,1,CPTAC,CPTAC,,,18.3238196875235,,19.256333267017556,18.790076477270524,CHEMBL1079742,CHEMBL203,IC50,2.0,nM,8.698970004336019
C3L-00412,25.4502420681278,12.55,1,CPTAC,CPTAC,,,17.7189778877548,,,17.7189778877548,CHEMBL941,CHEMBL203,IC50,100000.0,nM,4.0
C3L-00412,25.4502420681278,12.55,1,CPTAC,CPTAC,,,17.7189778877548,,,17.7189778877548,CHEMBL941,CHEMBL203,Kd,10000.0,nM,5.0
C3L-00412,25.4502420681278,12.55,1,CPTAC,CPTAC,,,17.7189778877548,,,17.7189778877548,CHEMBL941,CHEMBL203,Kd,10000.0,nM,5.0
C3L-00412,25.4502420681278,12.55,1,CPTAC,CPTAC,,,17.7189778877548,,,17.7189778877548,CHEMBL941,CHEMBL203,Kd,10000.0,nM,5.0
C3L-00412,25.4502420681278,12.55,1,CPTAC,CPTAC,,,17.7189778877548,,,17.7189778877548,CHEMBL941,CHEMBL203,Kd,10000.0,nM,5.0
C3L-00412,25.4502420681278,12.55,1,CPTAC,CPTAC,,,17.7189778877548,,,17.7189778877548,CHEMBL941,CHEMBL203,Kd,7600.0,nM,5.119186407719209
C3L-00412,25.4502420681278,12.55,1,CPTAC,CPTAC,,,17.7189778877548,,,17.7189778877548,CHEMBL941,CHEMBL203,Kd,10000.0,nM,5.0
C3L-00412,25.4502420681278,12.55,1,CPTAC,CPTAC,,,17.7189778877548,,,17.7189778877548,CHEMBL941,CHEMBL203,Kd,10000.0,nM,5.0
C3L-00412,25.4502420681278,12.55,1,CPTAC,CPTAC,,,17.7189778877548,,,17.7189778877548,CHEMBL941,CHEMBL203,Kd,10000.0,nM,5.0
C3L-00412,25.4502420681278,12.55,1,CPTAC,CPTAC,,,17.7189778877548,,,17.7189778877548,CHEMBL941,CHEMBL203,Kd,10000.0,nM,5.0
C3L-00412,25.4502420681278,12.55,1,CPTAC,CPTAC,,,17.7189778877548,,,17.7189778877548,CHEMBL941,CHEMBL203,Kd,10000.0,nM,5.0
C3L-00412,25.4502420681278,12.55,1,CPTAC,CPTAC,,,17.7189778877548,,,17.7189778877548,CHEMBL1079742,CHEMBL203,IC50,420.0,nM,6.376750709602099
C3L-00412,25.4502420681278,12.55,1,CPTAC,CPTAC,,,17.7189778877548,,,17.7189778877548,CHEMBL1079742,CHEMBL203,IC50,15.0,nM,7.823908740944319
C3L-00412,25.4502420681278,12.55,1,CPTAC,CPTAC,,,17.7189778877548,,,17.7189778877548,CHEMBL941,CHEMBL203,Kd,10000.0,nM,5.0
C3L-00412,25.4502420681278,12.55,1,CPTAC,CPTAC,,,17.7189778877548,,,17.7189778877548,CHEMBL941,CHEMBL203,Kd,10000.0,nM,5.0
C3L-00412,25.4502420681278,12.55,1,CPTAC,CPTAC,,,17.7189778877548,,,17.7189778877548,CHEMBL941,CHEMBL203,Kd,10000.0,nM,5.0
C3L-00412,25.4502420681278,12.55,1,CPTAC,CPTAC,,,17.7189778877548,,,17.7189778877548,CHEMBL941,CHEMBL203,Kd,10000.0,nM,5.0
C3L-00412,25.4502420681278,12.55,1,CPTAC,CPTAC,,,17.7189778877548,,,17.7189778877548,CHEMBL941,CHEMBL203,Kd,7600.0,nM,5.119186407719209
C3L-00412,25.4502420681278,12.55,1,CPTAC,CPTAC,,,17.7189778877548,,,17.7189778877548,CHEMBL941,CHEMBL203,Kd,10000.0,nM,5.0
C3L-00412,25.4502420681278,12.55,1,CPTAC,CPTAC,,,17.7189778877548,,,17.7189778877548,CHEMBL941,CHEMBL203,Kd,10000.0,nM,5.0
C3L-00412,25.4502420681278,12.55,1,CPTAC,CPTAC,,,17.7189778877548,,,17.7189778877548,CHEMBL941,CHEMBL203,Kd,10000.0,nM,5.0
C3L-00412,25.4502420681278,12.55,1,CPTAC,CPTAC,,,17.7189778877548,,,17.7189778877548,CHEMBL941,CHEMBL203,Kd,10000.0,nM,5.0
C3L-00412,25.4502420681278,12.55,1,CPTAC,CPTAC,,,17.7189778877548,,,17.7189778877548,CHEMBL941,CHEMBL203,Kd,10000.0,nM,5.0
C3L-00412,25.4502420681278,12.55,1,CPTAC,CPTAC,,,17.7189778877548,,,17.7189778877548,CHEMBL941,CHEMBL203,Kd,10000.0,nM,5.0
C3L-00412,25.4502420681278,12.55,1,CPTAC,CPTAC,,,17.7189778877548,,,17.7189778877548,CHEMBL941,CHEMBL203,Kd,10000.0,nM,5.0
C3L-00412,25.4502420681278,12.55,1,CPTAC,CPTAC,,,17.7189778877548,,,17.7189778877548,CHEMBL941,CHEMBL203,Kd,30000.0,nM,4.522878745280337
C3L-00412,25.4502420681278,12.55,1,CPTAC,CPTAC,,,17.7189778877548,,,17.7189778877548,CHEMBL1079742,CHEMBL203,IC50,70.0,nM,7.154901959985743
C3L-00412,25.4502420681278,12.55,1,CPTAC,CPTAC,,,17.7189778877548,,,17.7189778877548,CHEMBL941,CHEMBL203,IC50,0.11,nM,9.958607314841775
C3L-00412,25.4502420681278,12.55,1,CPTAC,CPTAC,,,17.7189778877548,,,17.7189778877548,CHEMBL1079742,CHEMBL203,IC50,2.0,nM,8.698970004336019
C3L-00422,25.3543150728099,12.83,1,CPTAC,CPTAC,,,,,,,CHEMBL941,CHEMBL203,IC50,100000.0,nM,4.0
C3L-00422,25.3543150728099,12.83,1,CPTAC,CPTAC,,,,,,,CHEMBL941,CHEMBL203,Kd,10000.0,nM,5.0
C3L-00422,25.3543150728099,12.83,1,CPTAC,CPTAC,,,,,,,CHEMBL941,CHEMBL203,Kd,10000.0,nM,5.0
C3L-00422,25.3543150728099,12.83,1,CPTAC,CPTAC,,,,,,,CHEMBL941,CHEMBL203,Kd,10000.0,nM,5.0
C3L-00422,25.3543150728099,12.83,1,CPTAC,CPTAC,,,,,,,CHEMBL941,CHEMBL203,Kd,10000.0,nM,5.0
C3L-00422,25.3543150728099,12.83,1,CPTAC,CPTAC,,,,,,,CHEMBL941,CHEMBL203,Kd,7600.0,nM,5.119186407719209
C3L-00422,25.3543150728099,12.83,1,CPTAC,CPTAC,,,,,,,CHEMBL941,CHEMBL203,Kd,10000.0,nM,5.0
C3L-00422,25.3543150728099,12.83,1,CPTAC,CPTAC,,,,,,,CHEMBL941,CHEMBL203,Kd,10000.0,nM,5.0
C3L-00422,25.3543150728099,12.83,1,CPTAC,CPTAC,,,,,,,CHEMBL941,CHEMBL203,Kd,10000.0,nM,5.0
C3L-00422,25.3543150728099,12.83,1,CPTAC,CPTAC,,,,,,,CHEMBL941,CHEMBL203,Kd,10000.0,nM,5.0
C3L-00422,25.3543150728099,12.83,1,CPTAC,CPTAC,,,,,,,CHEMBL941,CHEMBL203,Kd,10000.0,nM,5.0
C3L-00422,25.3543150728099,12.83,1,CPTAC,CPTAC,,,,,,,CHEMBL1079742,CHEMBL203,IC50,420.0,nM,6.376750709602099
C3L-00422,25.3543150728099,12.83,1,CPTAC,CPTAC,,,,,,,CHEMBL1079742,CHEMBL203,IC50,15.0,nM,7.823908740944319
C3L-00422,25.3543150728099,12.83,1,CPTAC,CPTAC,,,,,,,CHEMBL941,CHEMBL203,Kd,10000.0,nM,5.0
C3L-00422,25.3543150728099,12.83,1,CPTAC,CPTAC,,,,,,,CHEMBL941,CHEMBL203,Kd,10000.0,nM,5.0
C3L-00422,25.3543150728099,12.83,1,CPTAC,CPTAC,,,,,,,CHEMBL941,CHEMBL203,Kd,10000.0,nM,5.0
C3L-00422,25.3543150728099,12.83,1,CPTAC,CPTAC,,,,,,,CHEMBL941,CHEMBL203,Kd,10000.0,nM,5.0
C3L-00422,25.3543150728099,12.83,1,CPTAC,CPTAC,,,,,,,CHEMBL941,CHEMBL203,Kd,7600.0,nM,5.119186407719209
C3L-00422,25.3543150728099,12.83,1,CPTAC,CPTAC,,,,,,,CHEMBL941,CHEMBL203,Kd,10000.0,nM,5.0
C3L-00422,25.3543150728099,12.83,1,CPTAC,CPTAC,,,,,,,CHEMBL941,CHEMBL203,Kd,10000.0,nM,5.0
C3L-00422,25.3543150728099,12.83,1,CPTAC,CPTAC,,,,,,,CHEMBL941,CHEMBL203,Kd,10000.0,nM,5.0
C3L-00422,25.3543150728099,12.83,1,CPTAC,CPTAC,,,,,,,CHEMBL941,CHEMBL203,Kd,10000.0,nM,5.0
C3L-00422,25.3543150728099,12.83,1,CPTAC,CPTAC,,,,,,,CHEMBL941,CHEMBL203,Kd,10000.0,nM,5.0
C3L-00422,25.3543150728099,12.83,1,CPTAC,CPTAC,,,,,,,CHEMBL941,CHEMBL203,Kd,10000.0,nM,5.0
C3L-00422,25.3543150728099,12.83,1,CPTAC,CPTAC,,,,,,,CHEMBL941,CHEMBL203,Kd,10000.0,nM,5.0
C3L-00422,25.3543150728099,12.83,1,CPTAC,CPTAC,,,,,,,CHEMBL941,CHEMBL203,Kd,30000.0,nM,4.522878745280337
C3L-00422,25.3543150728099,12.83,1,CPTAC,CPTAC,,,,,,,CHEMBL1079742,CHEMBL203,IC50,70.0,nM,7.154901959985743
C3L-00422,25.3543150728099,12.83,1,CPTAC,CPTAC,,,,,,,CHEMBL941,CHEMBL203,IC50,0.11,nM,9.958607314841775
C3L-00422,25.3543150728099,12.83,1,CPTAC,CPTAC,,,,,,,CHEMBL1079742,CHEMBL203,IC50,2.0,nM,8.698970004336019
C3L-00510,25.3395043904884,12.72,1,CPTAC,CPTAC,,,,,,,CHEMBL941,CHEMBL203,IC50,100000.0,nM,4.0
C3L-00510,25.3395043904884,12.72,1,CPTAC,CPTAC,,,,,,,CHEMBL941,CHEMBL203,Kd,10000.0,nM,5.0
C3L-00510,25.3395043904884,12.72,1,CPTAC,CPTAC,,,,,,,CHEMBL941,CHEMBL203,Kd,10000.0,nM,5.0
C3L-00510,25.3395043904884,12.72,1,CPTAC,CPTAC,,,,,,,CHEMBL941,CHEMBL203,Kd,10000.0,nM,5.0
C3L-00510,25.3395043904884,12.72,1,CPTAC,CPTAC,,,,,,,CHEMBL941,CHEMBL203,Kd,10000.0,nM,5.0
C3L-00510,25.3395043904884,12.72,1,CPTAC,CPTAC,,,,,,,CHEMBL941,CHEMBL203,Kd,7600.0,nM,5.119186407719209
C3L-00510,25.3395043904884,12.72,1,CPTAC,CPTAC,,,,,,,CHEMBL941,CHEMBL203,Kd,10000.0,nM,5.0
C3L-00510,25.3395043904884,12.72,1,CPTAC,CPTAC,,,,,,,CHEMBL941,CHEMBL203,Kd,10000.0,nM,5.0
C3L-00510,25.3395043904884,12.72,1,CPTAC,CPTAC,,,,,,,CHEMBL941,CHEMBL203,Kd,10000.0,nM,5.0
C3L-00510,25.3395043904884,12.72,1,CPTAC,CPTAC,,,,,,,CHEMBL941,CHEMBL203,Kd,10000.0,nM,5.0
C3L-00510,25.3395043904884,12.72,1,CPTAC,CPTAC,,,,,,,CHEMBL941,CHEMBL203,Kd,10000.0,nM,5.0
C3L-00510,25.3395043904884,12.72,1,CPTAC,CPTAC,,,,,,,CHEMBL1079742,CHEMBL203,IC50,420.0,nM,6.376750709602099
C3L-00510,25.3395043904884,12.72,1,CPTAC,CPTAC,,,,,,,CHEMBL1079742,CHEMBL203,IC50,15.0,nM,7.823908740944319
C3L-00510,25.3395043904884,12.72,1,CPTAC,CPTAC,,,,,,,CHEMBL941,CHEMBL203,Kd,10000.0,nM,5.0
C3L-00510,25.3395043904884,12.72,1,CPTAC,CPTAC,,,,,,,CHEMBL941,CHEMBL203,Kd,10000.0,nM,5.0
C3L-00510,25.3395043904884,12.72,1,CPTAC,CPTAC,,,,,,,CHEMBL941,CHEMBL203,Kd,10000.0,nM,5.0
C3L-00510,25.3395043904884,12.72,1,CPTAC,CPTAC,,,,,,,CHEMBL941,CHEMBL203,Kd,10000.0,nM,5.0
C3L-00510,25.3395043904884,12.72,1,CPTAC,CPTAC,,,,,,,CHEMBL941,CHEMBL203,Kd,7600.0,nM,5.119186407719209
C3L-00510,25.3395043904884,12.72,1,CPTAC,CPTAC,,,,,,,CHEMBL941,CHEMBL203,Kd,10000.0,nM,5.0
C3L-00510,25.3395043904884,12.72,1,CPTAC,CPTAC,,,,,,,CHEMBL941,CHEMBL203,Kd,10000.0,nM,5.0
C3L-00510,25.3395043904884,12.72,1,CPTAC,CPTAC,,,,,,,CHEMBL941,CHEMBL203,Kd,10000.0,nM,5.0
C3L-00510,25.3395043904884,12.72,1,CPTAC,CPTAC,,,,,,,CHEMBL941,CHEMBL203,Kd,10000.0,nM,5.0
C3L-00510,25.3395043904884,12.72,1,CPTAC,CPTAC,,,,,,,CHEMBL941,CHEMBL203,Kd,10000.0,nM,5.0
C3L-00510,25.3395043904884,12.72,1,CPTAC,CPTAC,,,,,,,CHEMBL941,CHEMBL203,Kd,10000.0,nM,5.0
C3L-00510,25.3395043904884,12.72,1,CPTAC,CPTAC,,,,,,,CHEMBL941,CHEMBL203,Kd,10000.0,nM,5.0
C3L-00510,25.3395043904884,12.72,1,CPTAC,CPTAC,,,,,,,CHEMBL941,CHEMBL203,Kd,30000.0,nM,4.522878745280337
C3L-00510,25.3395043904884,12.72,1,CPTAC,CPTAC,,,,,,,CHEMBL1079742,CHEMBL203,IC50,70.0,nM,7.154901959985743
C3L-00510,25.3395043904884,12.72,1,CPTAC,CPTAC,,,,,,,CHEMBL941,CHEMBL203,IC50,0.11,nM,9.958607314841775
C3L-00510,25.3395043904884,12.72,1,CPTAC,CPTAC,,,,,,,CHEMBL1079742,CHEMBL203,IC50,2.0,nM,8.698970004336019
C3L-00604,25.7040748297445,12.78,1,CPTAC,CPTAC,,11.70987316125485,17.31265957314855,,18.46905993551355,15.830530889972316,CHEMBL941,CHEMBL203,IC50,100000.0,nM,4.0
C3L-00604,25.7040748297445,12.78,1,CPTAC,CPTAC,,11.70987316125485,17.31265957314855,,18.46905993551355,15.830530889972316,CHEMBL941,CHEMBL203,Kd,10000.0,nM,5.0
C3L-00604,25.7040748297445,12.78,1,CPTAC,CPTAC,,11.70987316125485,17.31265957314855,,18.46905993551355,15.830530889972316,CHEMBL941,CHEMBL203,Kd,10000.0,nM,5.0
C3L-00604,25.7040748297445,12.78,1,CPTAC,CPTAC,,11.70987316125485,17.31265957314855,,18.46905993551355,15.830530889972316,CHEMBL941,CHEMBL203,Kd,10000.0,nM,5.0
C3L-00604,25.7040748297445,12.78,1,CPTAC,CPTAC,,11.70987316125485,17.31265957314855,,18.46905993551355,15.830530889972316,CHEMBL941,CHEMBL203,Kd,10000.0,nM,5.0
C3L-00604,25.7040748297445,12.78,1,CPTAC,CPTAC,,11.70987316125485,17.31265957314855,,18.46905993551355,15.830530889972316,CHEMBL941,CHEMBL203,Kd,7600.0,nM,5.119186407719209
C3L-00604,25.7040748297445,12.78,1,CPTAC,CPTAC,,11.70987316125485,17.31265957314855,,18.46905993551355,15.830530889972316,CHEMBL941,CHEMBL203,Kd,10000.0,nM,5.0
C3L-00604,25.7040748297445,12.78,1,CPTAC,CPTAC,,11.70987316125485,17.31265957314855,,18.46905993551355,15.830530889972316,CHEMBL941,CHEMBL203,Kd,10000.0,nM,5.0
C3L-00604,25.7040748297445,12.78,1,CPTAC,CPTAC,,11.70987316125485,17.31265957314855,,18.46905993551355,15.830530889972316,CHEMBL941,CHEMBL203,Kd,10000.0,nM,5.0
C3L-00604,25.7040748297445,12.78,1,CPTAC,CPTAC,,11.70987316125485,17.31265957314855,,18.46905993551355,15.830530889972316,CHEMBL941,CHEMBL203,Kd,10000.0,nM,5.0
C3L-00604,25.7040748297445,12.78,1,CPTAC,CPTAC,,11.70987316125485,17.31265957314855,,18.46905993551355,15.830530889972316,CHEMBL941,CHEMBL203,Kd,10000.0,nM,5.0
C3L-00604,25.7040748297445,12.78,1,CPTAC,CPTAC,,11.70987316125485,17.31265957314855,,18.46905993551355,15.830530889972316,CHEMBL1079742,CHEMBL203,IC50,420.0,nM,6.376750709602099
C3L-00604,25.7040748297445,12.78,1,CPTAC,CPTAC,,11.70987316125485,17.31265957314855,,18.46905993551355,15.830530889972316,CHEMBL1079742,CHEMBL203,IC50,15.0,nM,7.823908740944319
C3L-00604,25.7040748297445,12.78,1,CPTAC,CPTAC,,11.70987316125485,17.31265957314855,,18.46905993551355,15.830530889972316,CHEMBL941,CHEMBL203,Kd,10000.0,nM,5.0
C3L-00604,25.7040748297445,12.78,1,CPTAC,CPTAC,,11.70987316125485,17.31265957314855,,18.46905993551355,15.830530889972316,CHEMBL941,CHEMBL203,Kd,10000.0,nM,5.0
C3L-00604,25.7040748297445,12.78,1,CPTAC,CPTAC,,11.70987316125485,17.31265957314855,,18.46905993551355,15.830530889972316,CHEMBL941,CHEMBL203,Kd,10000.0,nM,5.0
C3L-00604,25.7040748297445,12.78,1,CPTAC,CPTAC,,11.70987316125485,17.31265957314855,,18.46905993551355,15.830530889972316,CHEMBL941,CHEMBL203,Kd,10000.0,nM,5.0
C3L-00604,25.7040748297445,12.78,1,CPTAC,CPTAC,,11.70987316125485,17.31265957314855,,18.46905993551355,15.830530889972316,CHEMBL941,CHEMBL203,Kd,7600.0,nM,5.119186407719209
C3L-00604,25.7040748297445,12.78,1,CPTAC,CPTAC,,11.70987316125485,17.31265957314855,,18.46905993551355,15.830530889972316,CHEMBL941,CHEMBL203,Kd,10000.0,nM,5.0
C3L-00604,25.7040748297445,12.78,1,CPTAC,CPTAC,,11.70987316125485,17.31265957314855,,18.46905993551355,15.830530889972316,CHEMBL941,CHEMBL203,Kd,10000.0,nM,5.0
C3L-00604,25.7040748297445,12.78,1,CPTAC,CPTAC,,11.70987316125485,17.31265957314855,,18.46905993551355,15.830530889972316,CHEMBL941,CHEMBL203,Kd,10000.0,nM,5.0
C3L-00604,25.7040748297445,12.78,1,CPTAC,CPTAC,,11.70987316125485,17.31265957314855,,18.46905993551355,15.830530889972316,CHEMBL941,CHEMBL203,Kd,10000.0,nM,5.0
C3L-00604,25.7040748297445,12.78,1,CPTAC,CPTAC,,11.70987316125485,17.31265957314855,,18.46905993551355,15.830530889972316,CHEMBL941,CHEMBL203,Kd,10000.0,nM,5.0
C3L-00604,25.7040748297445,12.78,1,CPTAC,CPTAC,,11.70987316125485,17.31265957314855,,18.46905993551355,15.830530889972316,CHEMBL941,CHEMBL203,Kd,10000.0,nM,5.0
C3L-00604,25.7040748297445,12.78,1,CPTAC,CPTAC,,11.70987316125485,17.31265957314855,,18.46905993551355,15.830530889972316,CHEMBL941,CHEMBL203,Kd,10000.0,nM,5.0
C3L-00604,25.7040748297445,12.78,1,CPTAC,CPTAC,,11.70987316125485,17.31265957314855,,18.46905993551355,15.830530889972316,CHEMBL941,CHEMBL203,Kd,30000.0,nM,4.522878745280337
C3L-00604,25.7040748297445,12.78,1,CPTAC,CPTAC,,11.70987316125485,17.31265957314855,,18.46905993551355,15.830530889972316,CHEMBL1079742,CHEMBL203,IC50,70.0,nM,7.154901959985743
C3L-00604,25.7040748297445,12.78,1,CPTAC,CPTAC,,11.70987316125485,17.31265957314855,,18.46905993551355,15.830530889972316,CHEMBL941,CHEMBL203,IC50,0.11,nM,9.958607314841775
C3L-00604,25.7040748297445,12.78,1,CPTAC,CPTAC,,11.70987316125485,17.31265957314855,,18.46905993551355,15.830530889972316,CHEMBL1079742,CHEMBL203,IC50,2.0,nM,8.698970004336019
C3L-00893,25.3994503917281,12.73,1,CPTAC,CPTAC,,,,,,,CHEMBL941,CHEMBL203,IC50,100000.0,nM,4.0
C3L-00893,25.3994503917281,12.73,1,CPTAC,CPTAC,,,,,,,CHEMBL941,CHEMBL203,Kd,10000.0,nM,5.0
C3L-00893,25.3994503917281,12.73,1,CPTAC,CPTAC,,,,,,,CHEMBL941,CHEMBL203,Kd,10000.0,nM,5.0
C3L-00893,25.3994503917281,12.73,1,CPTAC,CPTAC,,,,,,,CHEMBL941,CHEMBL203,Kd,10000.0,nM,5.0
C3L-00893,25.3994503917281,12.73,1,CPTAC,CPTAC,,,,,,,CHEMBL941,CHEMBL203,Kd,10000.0,nM,5.0
C3L-00893,25.3994503917281,12.73,1,CPTAC,CPTAC,,,,,,,CHEMBL941,CHEMBL203,Kd,7600.0,nM,5.119186407719209
C3L-00893,25.3994503917281,12.73,1,CPTAC,CPTAC,,,,,,,CHEMBL941,CHEMBL203,Kd,10000.0,nM,5.0
C3L-00893,25.3994503917281,12.73,1,CPTAC,CPTAC,,,,,,,CHEMBL941,CHEMBL203,Kd,10000.0,nM,5.0
C3L-00893,25.3994503917281,12.73,1,CPTAC,CPTAC,,,,,,,CHEMBL941,CHEMBL203,Kd,10000.0,nM,5.0
C3L-00893,25.3994503917281,12.73,1,CPTAC,CPTAC,,,,,,,CHEMBL941,CHEMBL203,Kd,10000.0,nM,5.0
C3L-00893,25.3994503917281,12.73,1,CPTAC,CPTAC,,,,,,,CHEMBL941,CHEMBL203,Kd,10000.0,nM,5.0
C3L-00893,25.3994503917281,12.73,1,CPTAC,CPTAC,,,,,,,CHEMBL1079742,CHEMBL203,IC50,420.0,nM,6.376750709602099
C3L-00893,25.3994503917281,12.73,1,CPTAC,CPTAC,,,,,,,CHEMBL1079742,CHEMBL203,IC50,15.0,nM,7.823908740944319
C3L-00893,25.3994503917281,12.73,1,CPTAC,CPTAC,,,,,,,CHEMBL941,CHEMBL203,Kd,10000.0,nM,5.0
C3L-00893,25.3994503917281,12.73,1,CPTAC,CPTAC,,,,,,,CHEMBL941,CHEMBL203,Kd,10000.0,nM,5.0
C3L-00893,25.3994503917281,12.73,1,CPTAC,CPTAC,,,,,,,CHEMBL941,CHEMBL203,Kd,10000.0,nM,5.0
C3L-00893,25.3994503917281,12.73,1,CPTAC,CPTAC,,,,,,,CHEMBL941,CHEMBL203,Kd,10000.0,nM,5.0
C3L-00893,25.3994503917281,12.73,1,CPTAC,CPTAC,,,,,,,CHEMBL941,CHEMBL203,Kd,7600.0,nM,5.119186407719209
C3L-00893,25.3994503917281,12.73,1,CPTAC,CPTAC,,,,,,,CHEMBL941,CHEMBL203,Kd,10000.0,nM,5.0
C3L-00893,25.3994503917281,12.73,1,CPTAC,CPTAC,,,,,,,CHEMBL941,CHEMBL203,Kd,10000.0,nM,5.0
C3L-00893,25.3994503917281,12.73,1,CPTAC,CPTAC,,,,,,,CHEMBL941,CHEMBL203,Kd,10000.0,nM,5.0
C3L-00893,25.3994503917281,12.73,1,CPTAC,CPTAC,,,,,,,CHEMBL941,CHEMBL203,Kd,10000.0,nM,5.0
C3L-00893,25.3994503917281,12.73,1,CPTAC,CPTAC,,,,,,,CHEMBL941,CHEMBL203,Kd,10000.0,nM,5.0
C3L-00893,25.3994503917281,12.73,1,CPTAC,CPTAC,,,,,,,CHEMBL941,CHEMBL203,Kd,10000.0,nM,5.0
C3L-00893,25.3994503917281,12.73,1,CPTAC,CPTAC,,,,,,,CHEMBL941,CHEMBL203,Kd,10000.0,nM,5.0
C3L-00893,25.3994503917281,12.73,1,CPTAC,CPTAC,,,,,,,CHEMBL941,CHEMBL203,Kd,30000.0,nM,4.522878745280337
C3L-00893,25.3994503917281,12.73,1,CPTAC,CPTAC,,,,,,,CHEMBL1079742,CHEMBL203,IC50,70.0,nM,7.154901959985743
C3L-00893,25.3994503917281,12.73,1,CPTAC,CPTAC,,,,,,,CHEMBL941,CHEMBL203,IC50,0.11,nM,9.958607314841775
C3L-00893,25.3994503917281,12.73,1,CPTAC,CPTAC,,,,,,,CHEMBL1079742,CHEMBL203,IC50,2.0,nM,8.698970004336019
C3L-00913,25.3194919956731,12.82,1,CPTAC,CPTAC,,,,,,,CHEMBL941,CHEMBL203,IC50,100000.0,nM,4.0
C3L-00913,25.3194919956731,12.82,1,CPTAC,CPTAC,,,,,,,CHEMBL941,CHEMBL203,Kd,10000.0,nM,5.0
C3L-00913,25.3194919956731,12.82,1,CPTAC,CPTAC,,,,,,,CHEMBL941,CHEMBL203,Kd,10000.0,nM,5.0
C3L-00913,25.3194919956731,12.82,1,CPTAC,CPTAC,,,,,,,CHEMBL941,CHEMBL203,Kd,10000.0,nM,5.0
C3L-00913,25.3194919956731,12.82,1,CPTAC,CPTAC,,,,,,,CHEMBL941,CHEMBL203,Kd,10000.0,nM,5.0
C3L-00913,25.3194919956731,12.82,1,CPTAC,CPTAC,,,,,,,CHEMBL941,CHEMBL203,Kd,7600.0,nM,5.119186407719209
C3L-00913,25.3194919956731,12.82,1,CPTAC,CPTAC,,,,,,,CHEMBL941,CHEMBL203,Kd,10000.0,nM,5.0
C3L-00913,25.3194919956731,12.82,1,CPTAC,CPTAC,,,,,,,CHEMBL941,CHEMBL203,Kd,10000.0,nM,5.0
C3L-00913,25.3194919956731,12.82,1,CPTAC,CPTAC,,,,,,,CHEMBL941,CHEMBL203,Kd,10000.0,nM,5.0
C3L-00913,25.3194919956731,12.82,1,CPTAC,CPTAC,,,,,,,CHEMBL941,CHEMBL203,Kd,10000.0,nM,5.0
C3L-00913,25.3194919956731,12.82,1,CPTAC,CPTAC,,,,,,,CHEMBL941,CHEMBL203,Kd,10000.0,nM,5.0
C3L-00913,25.3194919956731,12.82,1,CPTAC,CPTAC,,,,,,,CHEMBL1079742,CHEMBL203,IC50,420.0,nM,6.376750709602099
C3L-00913,25.3194919956731,12.82,1,CPTAC,CPTAC,,,,,,,CHEMBL1079742,CHEMBL203,IC50,15.0,nM,7.823908740944319
C3L-00913,25.3194919956731,12.82,1,CPTAC,CPTAC,,,,,,,CHEMBL941,CHEMBL203,Kd,10000.0,nM,5.0
C3L-00913,25.3194919956731,12.82,1,CPTAC,CPTAC,,,,,,,CHEMBL941,CHEMBL203,Kd,10000.0,nM,5.0
C3L-00913,25.3194919956731,12.82,1,CPTAC,CPTAC,,,,,,,CHEMBL941,CHEMBL203,Kd,10000.0,nM,5.0
C3L-00913,25.3194919956731,12.82,1,CPTAC,CPTAC,,,,,,,CHEMBL941,CHEMBL203,Kd,10000.0,nM,5.0
C3L-00913,25.3194919956731,12.82,1,CPTAC,CPTAC,,,,,,,CHEMBL941,CHEMBL203,Kd,7600.0,nM,5.119186407719209
C3L-00913,25.3194919956731,12.82,1,CPTAC,CPTAC,,,,,,,CHEMBL941,CHEMBL203,Kd,10000.0,nM,5.0
C3L-00913,25.3194919956731,12.82,1,CPTAC,CPTAC,,,,,,,CHEMBL941,CHEMBL203,Kd,10000.0,nM,5.0
C3L-00913,25.3194919956731,12.82,1,CPTAC,CPTAC,,,,,,,CHEMBL941,CHEMBL203,Kd,10000.0,nM,5.0
C3L-00913,25.3194919956731,12.82,1,CPTAC,CPTAC,,,,,,,CHEMBL941,CHEMBL203,Kd,10000.0,nM,5.0
C3L-00913,25.3194919956731,12.82,1,CPTAC,CPTAC,,,,,,,CHEMBL941,CHEMBL203,Kd,10000.0,nM,5.0
C3L-00913,25.3194919956731,12.82,1,CPTAC,CPTAC,,,,,,,CHEMBL941,CHEMBL203,Kd,10000.0,nM,5.0
C3L-00913,25.3194919956731,12.82,1,CPTAC,CPTAC,,,,,,,CHEMBL941,CHEMBL203,Kd,10000.0,nM,5.0
C3L-00913,25.3194919956731,12.82,1,CPTAC,CPTAC,,,,,,,CHEMBL941,CHEMBL203,Kd,30000.0,nM,4.522878745280337
C3L-00913,25.3194919956731,12.82,1,CPTAC,CPTAC,,,,,,,CHEMBL1079742,CHEMBL203,IC50,70.0,nM,7.154901959985743
C3L-00913,25.3194919956731,12.82,1,CPTAC,CPTAC,,,,,,,CHEMBL941,CHEMBL203,IC50,0.11,nM,9.958607314841775
C3L-00913,25.3194919956731,12.82,1,CPTAC,CPTAC,,,,,,,CHEMBL1079742,CHEMBL203,IC50,2.0,nM,8.698970004336019
C3L-00973,25.4563954586812,13.2,1,CPTAC,CPTAC,13.0873727155154,,,,,13.0873727155154,CHEMBL941,CHEMBL203,IC50,100000.0,nM,4.0
C3L-00973,25.4563954586812,13.2,1,CPTAC,CPTAC,13.0873727155154,,,,,13.0873727155154,CHEMBL941,CHEMBL203,Kd,10000.0,nM,5.0
C3L-00973,25.4563954586812,13.2,1,CPTAC,CPTAC,13.0873727155154,,,,,13.0873727155154,CHEMBL941,CHEMBL203,Kd,10000.0,nM,5.0
C3L-00973,25.4563954586812,13.2,1,CPTAC,CPTAC,13.0873727155154,,,,,13.0873727155154,CHEMBL941,CHEMBL203,Kd,10000.0,nM,5.0
C3L-00973,25.4563954586812,13.2,1,CPTAC,CPTAC,13.0873727155154,,,,,13.0873727155154,CHEMBL941,CHEMBL203,Kd,10000.0,nM,5.0
C3L-00973,25.4563954586812,13.2,1,CPTAC,CPTAC,13.0873727155154,,,,,13.0873727155154,CHEMBL941,CHEMBL203,Kd,7600.0,nM,5.119186407719209
C3L-00973,25.4563954586812,13.2,1,CPTAC,CPTAC,13.0873727155154,,,,,13.0873727155154,CHEMBL941,CHEMBL203,Kd,10000.0,nM,5.0
C3L-00973,25.4563954586812,13.2,1,CPTAC,CPTAC,13.0873727155154,,,,,13.0873727155154,CHEMBL941,CHEMBL203,Kd,10000.0,nM,5.0
C3L-00973,25.4563954586812,13.2,1,CPTAC,CPTAC,13.0873727155154,,,,,13.0873727155154,CHEMBL941,CHEMBL203,Kd,10000.0,nM,5.0
C3L-00973,25.4563954586812,13.2,1,CPTAC,CPTAC,13.0873727155154,,,,,13.0873727155154,CHEMBL941,CHEMBL203,Kd,10000.0,nM,5.0
C3L-00973,25.4563954586812,13.2,1,CPTAC,CPTAC,13.0873727155154,,,,,13.0873727155154,CHEMBL941,CHEMBL203,Kd,10000.0,nM,5.0
C3L-00973,25.4563954586812,13.2,1,CPTAC,CPTAC,13.0873727155154,,,,,13.0873727155154,CHEMBL1079742,CHEMBL203,IC50,420.0,nM,6.376750709602099
C3L-00973,25.4563954586812,13.2,1,CPTAC,CPTAC,13.0873727155154,,,,,13.0873727155154,CHEMBL1079742,CHEMBL203,IC50,15.0,nM,7.823908740944319
C3L-00973,25.4563954586812,13.2,1,CPTAC,CPTAC,13.0873727155154,,,,,13.0873727155154,CHEMBL941,CHEMBL203,Kd,10000.0,nM,5.0
C3L-00973,25.4563954586812,13.2,1,CPTAC,CPTAC,13.0873727155154,,,,,13.0873727155154,CHEMBL941,CHEMBL203,Kd,10000.0,nM,5.0
C3L-00973,25.4563954586812,13.2,1,CPTAC,CPTAC,13.0873727155154,,,,,13.0873727155154,CHEMBL941,CHEMBL203,Kd,10000.0,nM,5.0
C3L-00973,25.4563954586812,13.2,1,CPTAC,CPTAC,13.0873727155154,,,,,13.0873727155154,CHEMBL941,CHEMBL203,Kd,10000.0,nM,5.0
C3L-00973,25.4563954586812,13.2,1,CPTAC,CPTAC,13.0873727155154,,,,,13.0873727155154,CHEMBL941,CHEMBL203,Kd,7600.0,nM,5.119186407719209
C3L-00973,25.4563954586812,13.2,1,CPTAC,CPTAC,13.0873727155154,,,,,13.0873727155154,CHEMBL941,CHEMBL203,Kd,10000.0,nM,5.0
C3L-00973,25.4563954586812,13.2,1,CPTAC,CPTAC,13.0873727155154,,,,,13.0873727155154,CHEMBL941,CHEMBL203,Kd,10000.0,nM,5.0
C3L-00973,25.4563954586812,13.2,1,CPTAC,CPTAC,13.0873727155154,,,,,13.0873727155154,CHEMBL941,CHEMBL203,Kd,10000.0,nM,5.0
C3L-00973,25.4563954586812,13.2,1,CPTAC,CPTAC,13.0873727155154,,,,,13.0873727155154,CHEMBL941,CHEMBL203,Kd,10000.0,nM,5.0
C3L-00973,25.4563954586812,13.2,1,CPTAC,CPTAC,13.0873727155154,,,,,13.0873727155154,CHEMBL941,CHEMBL203,Kd,10000.0,nM,5.0
C3L-00973,25.4563954586812,13.2,1,CPTAC,CPTAC,13.0873727155154,,,,,13.0873727155154,CHEMBL941,CHEMBL203,Kd,10000.0,nM,5.0
C3L-00973,25.4563954586812,13.2,1,CPTAC,CPTAC,13.0873727155154,,,,,13.0873727155154,CHEMBL941,CHEMBL203,Kd,10000.0,nM,5.0
C3L-00973,25.4563954586812,13.2,1,CPTAC,CPTAC,13.0873727155154,,,,,13.0873727155154,CHEMBL941,CHEMBL203,Kd,30000.0,nM,4.522878745280337
C3L-00973,25.4563954586812,13.2,1,CPTAC,CPTAC,13.0873727155154,,,,,13.0873727155154,CHEMBL1079742,CHEMBL203,IC50,70.0,nM,7.154901959985743
C3L-00973,25.4563954586812,13.2,1,CPTAC,CPTAC,13.0873727155154,,,,,13.0873727155154,CHEMBL941,CHEMBL203,IC50,0.11,nM,9.958607314841775
C3L-00973,25.4563954586812,13.2,1,CPTAC,CPTAC,13.0873727155154,,,,,13.0873727155154,CHEMBL1079742,CHEMBL203,IC50,2.0,nM,8.698970004336019
C3L-01330,25.4862790045351,13.0,1,CPTAC,CPTAC,,,17.61215485684675,,,17.61215485684675,CHEMBL941,CHEMBL203,IC50,100000.0,nM,4.0
C3L-01330,25.4862790045351,13.0,1,CPTAC,CPTAC,,,17.61215485684675,,,17.61215485684675,CHEMBL941,CHEMBL203,Kd,10000.0,nM,5.0
C3L-01330,25.4862790045351,13.0,1,CPTAC,CPTAC,,,17.61215485684675,,,17.61215485684675,CHEMBL941,CHEMBL203,Kd,10000.0,nM,5.0
C3L-01330,25.4862790045351,13.0,1,CPTAC,CPTAC,,,17.61215485684675,,,17.61215485684675,CHEMBL941,CHEMBL203,Kd,10000.0,nM,5.0
C3L-01330,25.4862790045351,13.0,1,CPTAC,CPTAC,,,17.61215485684675,,,17.61215485684675,CHEMBL941,CHEMBL203,Kd,10000.0,nM,5.0
C3L-01330,25.4862790045351,13.0,1,CPTAC,CPTAC,,,17.61215485684675,,,17.61215485684675,CHEMBL941,CHEMBL203,Kd,7600.0,nM,5.119186407719209
C3L-01330,25.4862790045351,13.0,1,CPTAC,CPTAC,,,17.61215485684675,,,17.61215485684675,CHEMBL941,CHEMBL203,Kd,10000.0,nM,5.0
C3L-01330,25.4862790045351,13.0,1,CPTAC,CPTAC,,,17.61215485684675,,,17.61215485684675,CHEMBL941,CHEMBL203,Kd,10000.0,nM,5.0
C3L-01330,25.4862790045351,13.0,1,CPTAC,CPTAC,,,17.61215485684675,,,17.61215485684675,CHEMBL941,CHEMBL203,Kd,10000.0,nM,5.0
C3L-01330,25.4862790045351,13.0,1,CPTAC,CPTAC,,,17.61215485684675,,,17.61215485684675,CHEMBL941,CHEMBL203,Kd,10000.0,nM,5.0
C3L-01330,25.4862790045351,13.0,1,CPTAC,CPTAC,,,17.61215485684675,,,17.61215485684675,CHEMBL941,CHEMBL203,Kd,10000.0,nM,5.0
C3L-01330,25.4862790045351,13.0,1,CPTAC,CPTAC,,,17.61215485684675,,,17.61215485684675,CHEMBL1079742,CHEMBL203,IC50,420.0,nM,6.376750709602099
C3L-01330,25.4862790045351,13.0,1,CPTAC,CPTAC,,,17.61215485684675,,,17.61215485684675,CHEMBL1079742,CHEMBL203,IC50,15.0,nM,7.823908740944319
C3L-01330,25.4862790045351,13.0,1,CPTAC,CPTAC,,,17.61215485684675,,,17.61215485684675,CHEMBL941,CHEMBL203,Kd,10000.0,nM,5.0
C3L-01330,25.4862790045351,13.0,1,CPTAC,CPTAC,,,17.61215485684675,,,17.61215485684675,CHEMBL941,CHEMBL203,Kd,10000.0,nM,5.0
C3L-01330,25.4862790045351,13.0,1,CPTAC,CPTAC,,,17.61215485684675,,,17.61215485684675,CHEMBL941,CHEMBL203,Kd,10000.0,nM,5.0
C3L-01330,25.4862790045351,13.0,1,CPTAC,CPTAC,,,17.61215485684675,,,17.61215485684675,CHEMBL941,CHEMBL203,Kd,10000.0,nM,5.0
C3L-01330,25.4862790045351,13.0,1,CPTAC,CPTAC,,,17.61215485684675,,,17.61215485684675,CHEMBL941,CHEMBL203,Kd,7600.0,nM,5.119186407719209
C3L-01330,25.4862790045351,13.0,1,CPTAC,CPTAC,,,17.61215485684675,,,17.61215485684675,CHEMBL941,CHEMBL203,Kd,10000.0,nM,5.0
C3L-01330,25.4862790045351,13.0,1,CPTAC,CPTAC,,,17.61215485684675,,,17.61215485684675,CHEMBL941,CHEMBL203,Kd,10000.0,nM,5.0
C3L-01330,25.4862790045351,13.0,1,CPTAC,CPTAC,,,17.61215485684675,,,17.61215485684675,CHEMBL941,CHEMBL203,Kd,10000.0,nM,5.0
C3L-01330,25.4862790045351,13.0,1,CPTAC,CPTAC,,,17.61215485684675,,,17.61215485684675,CHEMBL941,CHEMBL203,Kd,10000.0,nM,5.0
C3L-01330,25.4862790045351,13.0,1,CPTAC,CPTAC,,,17.61215485684675,,,17.61215485684675,CHEMBL941,CHEMBL203,Kd,10000.0,nM,5.0
C3L-01330,25.4862790045351,13.0,1,CPTAC,CPTAC,,,17.61215485684675,,,17.61215485684675,CHEMBL941,CHEMBL203,Kd,10000.0,nM,5.0
C3L-01330,25.4862790045351,13.0,1,CPTAC,CPTAC,,,17.61215485684675,,,17.61215485684675,CHEMBL941,CHEMBL203,Kd,10000.0,nM,5.0
C3L-01330,25.4862790045351,13.0,1,CPTAC,CPTAC,,,17.61215485684675,,,17.61215485684675,CHEMBL941,CHEMBL203,Kd,30000.0,nM,4.522878745280337
C3L-01330,25.4862790045351,13.0,1,CPTAC,CPTAC,,,17.61215485684675,,,17.61215485684675,CHEMBL1079742,CHEMBL203,IC50,70.0,nM,7.154901959985743
C3L-01330,25.4862790045351,13.0,1,CPTAC,CPTAC,,,17.61215485684675,,,17.61215485684675,CHEMBL941,CHEMBL203,IC50,0.11,nM,9.958607314841775
C3L-01330,25.4862790045351,13.0,1,CPTAC,CPTAC,,,17.61215485684675,,,17.61215485684675,CHEMBL1079742,CHEMBL203,IC50,2.0,nM,8.698970004336019
C3L-01632,25.4264161782931,12.28,1,CPTAC,CPTAC,,,,,18.988258975081,18.988258975081,CHEMBL941,CHEMBL203,IC50,100000.0,nM,4.0
C3L-01632,25.4264161782931,12.28,1,CPTAC,CPTAC,,,,,18.988258975081,18.988258975081,CHEMBL941,CHEMBL203,Kd,10000.0,nM,5.0
C3L-01632,25.4264161782931,12.28,1,CPTAC,CPTAC,,,,,18.988258975081,18.988258975081,CHEMBL941,CHEMBL203,Kd,10000.0,nM,5.0
C3L-01632,25.4264161782931,12.28,1,CPTAC,CPTAC,,,,,18.988258975081,18.988258975081,CHEMBL941,CHEMBL203,Kd,10000.0,nM,5.0
C3L-01632,25.4264161782931,12.28,1,CPTAC,CPTAC,,,,,18.988258975081,18.988258975081,CHEMBL941,CHEMBL203,Kd,10000.0,nM,5.0
C3L-01632,25.4264161782931,12.28,1,CPTAC,CPTAC,,,,,18.988258975081,18.988258975081,CHEMBL941,CHEMBL203,Kd,7600.0,nM,5.119186407719209
C3L-01632,25.4264161782931,12.28,1,CPTAC,CPTAC,,,,,18.988258975081,18.988258975081,CHEMBL941,CHEMBL203,Kd,10000.0,nM,5.0
C3L-01632,25.4264161782931,12.28,1,CPTAC,CPTAC,,,,,18.988258975081,18.988258975081,CHEMBL941,CHEMBL203,Kd,10000.0,nM,5.0
C3L-01632,25.4264161782931,12.28,1,CPTAC,CPTAC,,,,,18.988258975081,18.988258975081,CHEMBL941,CHEMBL203,Kd,10000.0,nM,5.0
C3L-01632,25.4264161782931,12.28,1,CPTAC,CPTAC,,,,,18.988258975081,18.988258975081,CHEMBL941,CHEMBL203,Kd,10000.0,nM,5.0
C3L-01632,25.4264161782931,12.28,1,CPTAC,CPTAC,,,,,18.988258975081,18.988258975081,CHEMBL941,CHEMBL203,Kd,10000.0,nM,5.0
C3L-01632,25.4264161782931,12.28,1,CPTAC,CPTAC,,,,,18.988258975081,18.988258975081,CHEMBL1079742,CHEMBL203,IC50,420.0,nM,6.376750709602099
C3L-01632,25.4264161782931,12.28,1,CPTAC,CPTAC,,,,,18.988258975081,18.988258975081,CHEMBL1079742,CHEMBL203,IC50,15.0,nM,7.823908740944319
C3L-01632,25.4264161782931,12.28,1,CPTAC,CPTAC,,,,,18.988258975081,18.988258975081,CHEMBL941,CHEMBL203,Kd,10000.0,nM,5.0
C3L-01632,25.4264161782931,12.28,1,CPTAC,CPTAC,,,,,18.988258975081,18.988258975081,CHEMBL941,CHEMBL203,Kd,10000.0,nM,5.0
C3L-01632,25.4264161782931,12.28,1,CPTAC,CPTAC,,,,,18.988258975081,18.988258975081,CHEMBL941,CHEMBL203,Kd,10000.0,nM,5.0
C3L-01632,25.4264161782931,12.28,1,CPTAC,CPTAC,,,,,18.988258975081,18.988258975081,CHEMBL941,CHEMBL203,Kd,10000.0,nM,5.0
C3L-01632,25.4264161782931,12.28,1,CPTAC,CPTAC,,,,,18.988258975081,18.988258975081,CHEMBL941,CHEMBL203,Kd,7600.0,nM,5.119186407719209
C3L-01632,25.4264161782931,12.28,1,CPTAC,CPTAC,,,,,18.988258975081,18.988258975081,CHEMBL941,CHEMBL203,Kd,10000.0,nM,5.0
C3L-01632,25.4264161782931,12.28,1,CPTAC,CPTAC,,,,,18.988258975081,18.988258975081,CHEMBL941,CHEMBL203,Kd,10000.0,nM,5.0
C3L-01632,25.4264161782931,12.28,1,CPTAC,CPTAC,,,,,18.988258975081,18.988258975081,CHEMBL941,CHEMBL203,Kd,10000.0,nM,5.0
C3L-01632,25.4264161782931,12.28,1,CPTAC,CPTAC,,,,,18.988258975081,18.988258975081,CHEMBL941,CHEMBL203,Kd,10000.0,nM,5.0
C3L-01632,25.4264161782931,12.28,1,CPTAC,CPTAC,,,,,18.988258975081,18.988258975081,CHEMBL941,CHEMBL203,Kd,10000.0,nM,5.0
C3L-01632,25.4264161782931,12.28,1,CPTAC,CPTAC,,,,,18.988258975081,18.988258975081,CHEMBL941,CHEMBL203,Kd,10000.0,nM,5.0
C3L-01632,25.4264161782931,12.28,1,CPTAC,CPTAC,,,,,18.988258975081,18.988258975081,CHEMBL941,CHEMBL203,Kd,10000.0,nM,5.0
C3L-01632,25.4264161782931,12.28,1,CPTAC,CPTAC,,,,,18.988258975081,18.988258975081,CHEMBL941,CHEMBL203,Kd,30000.0,nM,4.522878745280337
C3L-01632,25.4264161782931,12.28,1,CPTAC,CPTAC,,,,,18.988258975081,18.988258975081,CHEMBL1079742,CHEMBL203,IC50,70.0,nM,7.154901959985743
C3L-01632,25.4264161782931,12.28,1,CPTAC,CPTAC,,,,,18.988258975081,18.988258975081,CHEMBL941,CHEMBL203,IC50,0.11,nM,9.958607314841775
C3L-01632,25.4264161782931,12.28,1,CPTAC,CPTAC,,,,,18.988258975081,18.988258975081,CHEMBL1079742,CHEMBL203,IC50,2.0,nM,8.698970004336019
C3L-01682,25.639788931621,12.39,1,CPTAC,CPTAC,,,,,,,CHEMBL941,CHEMBL203,IC50,100000.0,nM,4.0
C3L-01682,25.639788931621,12.39,1,CPTAC,CPTAC,,,,,,,CHEMBL941,CHEMBL203,Kd,10000.0,nM,5.0
C3L-01682,25.639788931621,12.39,1,CPTAC,CPTAC,,,,,,,CHEMBL941,CHEMBL203,Kd,10000.0,nM,5.0
C3L-01682,25.639788931621,12.39,1,CPTAC,CPTAC,,,,,,,CHEMBL941,CHEMBL203,Kd,10000.0,nM,5.0
C3L-01682,25.639788931621,12.39,1,CPTAC,CPTAC,,,,,,,CHEMBL941,CHEMBL203,Kd,10000.0,nM,5.0
C3L-01682,25.639788931621,12.39,1,CPTAC,CPTAC,,,,,,,CHEMBL941,CHEMBL203,Kd,7600.0,nM,5.119186407719209
C3L-01682,25.639788931621,12.39,1,CPTAC,CPTAC,,,,,,,CHEMBL941,CHEMBL203,Kd,10000.0,nM,5.0
C3L-01682,25.639788931621,12.39,1,CPTAC,CPTAC,,,,,,,CHEMBL941,CHEMBL203,Kd,10000.0,nM,5.0
C3L-01682,25.639788931621,12.39,1,CPTAC,CPTAC,,,,,,,CHEMBL941,CHEMBL203,Kd,10000.0,nM,5.0
C3L-01682,25.639788931621,12.39,1,CPTAC,CPTAC,,,,,,,CHEMBL941,CHEMBL203,Kd,10000.0,nM,5.0
C3L-01682,25.639788931621,12.39,1,CPTAC,CPTAC,,,,,,,CHEMBL941,CHEMBL203,Kd,10000.0,nM,5.0
C3L-01682,25.639788931621,12.39,1,CPTAC,CPTAC,,,,,,,CHEMBL1079742,CHEMBL203,IC50,420.0,nM,6.376750709602099
C3L-01682,25.639788931621,12.39,1,CPTAC,CPTAC,,,,,,,CHEMBL1079742,CHEMBL203,IC50,15.0,nM,7.823908740944319
C3L-01682,25.639788931621,12.39,1,CPTAC,CPTAC,,,,,,,CHEMBL941,CHEMBL203,Kd,10000.0,nM,5.0
C3L-01682,25.639788931621,12.39,1,CPTAC,CPTAC,,,,,,,CHEMBL941,CHEMBL203,Kd,10000.0,nM,5.0
C3L-01682,25.639788931621,12.39,1,CPTAC,CPTAC,,,,,,,CHEMBL941,CHEMBL203,Kd,10000.0,nM,5.0
C3L-01682,25.639788931621,12.39,1,CPTAC,CPTAC,,,,,,,CHEMBL941,CHEMBL203,Kd,10000.0,nM,5.0
C3L-01682,25.639788931621,12.39,1,CPTAC,CPTAC,,,,,,,CHEMBL941,CHEMBL203,Kd,7600.0,nM,5.119186407719209
C3L-01682,25.639788931621,12.39,1,CPTAC,CPTAC,,,,,,,CHEMBL941,CHEMBL203,Kd,10000.0,nM,5.0
C3L-01682,25.639788931621,12.39,1,CPTAC,CPTAC,,,,,,,CHEMBL941,CHEMBL203,Kd,10000.0,nM,5.0
C3L-01682,25.639788931621,12.39,1,CPTAC,CPTAC,,,,,,,CHEMBL941,CHEMBL203,Kd,10000.0,nM,5.0
C3L-01682,25.639788931621,12.39,1,CPTAC,CPTAC,,,,,,,CHEMBL941,CHEMBL203,Kd,10000.0,nM,5.0
C3L-01682,25.639788931621,12.39,1,CPTAC,CPTAC,,,,,,,CHEMBL941,CHEMBL203,Kd,10000.0,nM,5.0
C3L-01682,25.639788931621,12.39,1,CPTAC,CPTAC,,,,,,,CHEMBL941,CHEMBL203,Kd,10000.0,nM,5.0
C3L-01682,25.639788931621,12.39,1,CPTAC,CPTAC,,,,,,,CHEMBL941,CHEMBL203,Kd,10000.0,nM,5.0
C3L-01682,25.639788931621,12.39,1,CPTAC,CPTAC,,,,,,,CHEMBL941,CHEMBL203,Kd,30000.0,nM,4.522878745280337
C3L-01682,25.639788931621,12.39,1,CPTAC,CPTAC,,,,,,,CHEMBL1079742,CHEMBL203,IC50,70.0,nM,7.154901959985743
C3L-01682,25.639788931621,12.39,1,CPTAC,CPTAC,,,,,,,CHEMBL941,CHEMBL203,IC50,0.11,nM,9.958607314841775
C3L-01682,25.639788931621,12.39,1,CPTAC,CPTAC,,,,,,,CHEMBL1079742,CHEMBL203,IC50,2.0,nM,8.698970004336019
C3L-01683,25.5000027638187,12.88,1,CPTAC,CPTAC,,,,,,,CHEMBL941,CHEMBL203,IC50,100000.0,nM,4.0
C3L-01683,25.5000027638187,12.88,1,CPTAC,CPTAC,,,,,,,CHEMBL941,CHEMBL203,Kd,10000.0,nM,5.0
C3L-01683,25.5000027638187,12.88,1,CPTAC,CPTAC,,,,,,,CHEMBL941,CHEMBL203,Kd,10000.0,nM,5.0
C3L-01683,25.5000027638187,12.88,1,CPTAC,CPTAC,,,,,,,CHEMBL941,CHEMBL203,Kd,10000.0,nM,5.0
C3L-01683,25.5000027638187,12.88,1,CPTAC,CPTAC,,,,,,,CHEMBL941,CHEMBL203,Kd,10000.0,nM,5.0
C3L-01683,25.5000027638187,12.88,1,CPTAC,CPTAC,,,,,,,CHEMBL941,CHEMBL203,Kd,7600.0,nM,5.119186407719209
C3L-01683,25.5000027638187,12.88,1,CPTAC,CPTAC,,,,,,,CHEMBL941,CHEMBL203,Kd,10000.0,nM,5.0
C3L-01683,25.5000027638187,12.88,1,CPTAC,CPTAC,,,,,,,CHEMBL941,CHEMBL203,Kd,10000.0,nM,5.0
C3L-01683,25.5000027638187,12.88,1,CPTAC,CPTAC,,,,,,,CHEMBL941,CHEMBL203,Kd,10000.0,nM,5.0
C3L-01683,25.5000027638187,12.88,1,CPTAC,CPTAC,,,,,,,CHEMBL941,CHEMBL203,Kd,10000.0,nM,5.0
C3L-01683,25.5000027638187,12.88,1,CPTAC,CPTAC,,,,,,,CHEMBL941,CHEMBL203,Kd,10000.0,nM,5.0
C3L-01683,25.5000027638187,12.88,1,CPTAC,CPTAC,,,,,,,CHEMBL1079742,CHEMBL203,IC50,420.0,nM,6.376750709602099
C3L-01683,25.5000027638187,12.88,1,CPTAC,CPTAC,,,,,,,CHEMBL1079742,CHEMBL203,IC50,15.0,nM,7.823908740944319
C3L-01683,25.5000027638187,12.88,1,CPTAC,CPTAC,,,,,,,CHEMBL941,CHEMBL203,Kd,10000.0,nM,5.0
C3L-01683,25.5000027638187,12.88,1,CPTAC,CPTAC,,,,,,,CHEMBL941,CHEMBL203,Kd,10000.0,nM,5.0
C3L-01683,25.5000027638187,12.88,1,CPTAC,CPTAC,,,,,,,CHEMBL941,CHEMBL203,Kd,10000.0,nM,5.0
C3L-01683,25.5000027638187,12.88,1,CPTAC,CPTAC,,,,,,,CHEMBL941,CHEMBL203,Kd,10000.0,nM,5.0
C3L-01683,25.5000027638187,12.88,1,CPTAC,CPTAC,,,,,,,CHEMBL941,CHEMBL203,Kd,7600.0,nM,5.119186407719209
C3L-01683,25.5000027638187,12.88,1,CPTAC,CPTAC,,,,,,,CHEMBL941,CHEMBL203,Kd,10000.0,nM,5.0
C3L-01683,25.5000027638187,12.88,1,CPTAC,CPTAC,,,,,,,CHEMBL941,CHEMBL203,Kd,10000.0,nM,5.0
C3L-01683,25.5000027638187,12.88,1,CPTAC,CPTAC,,,,,,,CHEMBL941,CHEMBL203,Kd,10000.0,nM,5.0
C3L-01683,25.5000027638187,12.88,1,CPTAC,CPTAC,,,,,,,CHEMBL941,CHEMBL203,Kd,10000.0,nM,5.0
C3L-01683,25.5000027638187,12.88,1,CPTAC,CPTAC,,,,,,,CHEMBL941,CHEMBL203,Kd,10000.0,nM,5.0
C3L-01683,25.5000027638187,12.88,1,CPTAC,CPTAC,,,,,,,CHEMBL941,CHEMBL203,Kd,10000.0,nM,5.0
C3L-01683,25.5000027638187,12.88,1,CPTAC,CPTAC,,,,,,,CHEMBL941,CHEMBL203,Kd,10000.0,nM,5.0
C3L-01683,25.5000027638187,12.88,1,CPTAC,CPTAC,,,,,,,CHEMBL941,CHEMBL203,Kd,30000.0,nM,4.522878745280337
C3L-01683,25.5000027638187,12.88,1,CPTAC,CPTAC,,,,,,,CHEMBL1079742,CHEMBL203,IC50,70.0,nM,7.154901959985743
C3L-01683,25.5000027638187,12.88,1,CPTAC,CPTAC,,,,,,,CHEMBL941,CHEMBL203,IC50,0.11,nM,9.958607314841775
C3L-01683,25.5000027638187,12.88,1,CPTAC,CPTAC,,,,,,,CHEMBL1079742,CHEMBL203,IC50,2.0,nM,8.698970004336019
C3L-01889,25.2663093228269,12.3,1,CPTAC,CPTAC,,,,,,,CHEMBL941,CHEMBL203,IC50,100000.0,nM,4.0
C3L-01889,25.2663093228269,12.3,1,CPTAC,CPTAC,,,,,,,CHEMBL941,CHEMBL203,Kd,10000.0,nM,5.0
C3L-01889,25.2663093228269,12.3,1,CPTAC,CPTAC,,,,,,,CHEMBL941,CHEMBL203,Kd,10000.0,nM,5.0
C3L-01889,25.2663093228269,12.3,1,CPTAC,CPTAC,,,,,,,CHEMBL941,CHEMBL203,Kd,10000.0,nM,5.0
C3L-01889,25.2663093228269,12.3,1,CPTAC,CPTAC,,,,,,,CHEMBL941,CHEMBL203,Kd,10000.0,nM,5.0
C3L-01889,25.2663093228269,12.3,1,CPTAC,CPTAC,,,,,,,CHEMBL941,CHEMBL203,Kd,7600.0,nM,5.119186407719209
C3L-01889,25.2663093228269,12.3,1,CPTAC,CPTAC,,,,,,,CHEMBL941,CHEMBL203,Kd,10000.0,nM,5.0
C3L-01889,25.2663093228269,12.3,1,CPTAC,CPTAC,,,,,,,CHEMBL941,CHEMBL203,Kd,10000.0,nM,5.0
C3L-01889,25.2663093228269,12.3,1,CPTAC,CPTAC,,,,,,,CHEMBL941,CHEMBL203,Kd,10000.0,nM,5.0
C3L-01889,25.2663093228269,12.3,1,CPTAC,CPTAC,,,,,,,CHEMBL941,CHEMBL203,Kd,10000.0,nM,5.0
C3L-01889,25.2663093228269,12.3,1,CPTAC,CPTAC,,,,,,,CHEMBL941,CHEMBL203,Kd,10000.0,nM,5.0
C3L-01889,25.2663093228269,12.3,1,CPTAC,CPTAC,,,,,,,CHEMBL1079742,CHEMBL203,IC50,420.0,nM,6.376750709602099
C3L-01889,25.2663093228269,12.3,1,CPTAC,CPTAC,,,,,,,CHEMBL1079742,CHEMBL203,IC50,15.0,nM,7.823908740944319
C3L-01889,25.2663093228269,12.3,1,CPTAC,CPTAC,,,,,,,CHEMBL941,CHEMBL203,Kd,10000.0,nM,5.0
C3L-01889,25.2663093228269,12.3,1,CPTAC,CPTAC,,,,,,,CHEMBL941,CHEMBL203,Kd,10000.0,nM,5.0
C3L-01889,25.2663093228269,12.3,1,CPTAC,CPTAC,,,,,,,CHEMBL941,CHEMBL203,Kd,10000.0,nM,5.0
C3L-01889,25.2663093228269,12.3,1,CPTAC,CPTAC,,,,,,,CHEMBL941,CHEMBL203,Kd,10000.0,nM,5.0
C3L-01889,25.2663093228269,12.3,1,CPTAC,CPTAC,,,,,,,CHEMBL941,CHEMBL203,Kd,7600.0,nM,5.119186407719209
C3L-01889,25.2663093228269,12.3,1,CPTAC,CPTAC,,,,,,,CHEMBL941,CHEMBL203,Kd,10000.0,nM,5.0
C3L-01889,25.2663093228269,12.3,1,CPTAC,CPTAC,,,,,,,CHEMBL941,CHEMBL203,Kd,10000.0,nM,5.0
C3L-01889,25.2663093228269,12.3,1,CPTAC,CPTAC,,,,,,,CHEMBL941,CHEMBL203,Kd,10000.0,nM,5.0
C3L-01889,25.2663093228269,12.3,1,CPTAC,CPTAC,,,,,,,CHEMBL941,CHEMBL203,Kd,10000.0,nM,5.0
C3L-01889,25.2663093228269,12.3,1,CPTAC,CPTAC,,,,,,,CHEMBL941,CHEMBL203,Kd,10000.0,nM,5.0
C3L-01889,25.2663093228269,12.3,1,CPTAC,CPTAC,,,,,,,CHEMBL941,CHEMBL203,Kd,10000.0,nM,5.0
C3L-01889,25.2663093228269,12.3,1,CPTAC,CPTAC,,,,,,,CHEMBL941,CHEMBL203,Kd,10000.0,nM,5.0
C3L-01889,25.2663093228269,12.3,1,CPTAC,CPTAC,,,,,,,CHEMBL941,CHEMBL203,Kd,30000.0,nM,4.522878745280337
C3L-01889,25.2663093228269,12.3,1,CPTAC,CPTAC,,,,,,,CHEMBL1079742,CHEMBL203,IC50,70.0,nM,7.154901959985743
C3L-01889,25.2663093228269,12.3,1,CPTAC,CPTAC,,,,,,,CHEMBL941,CHEMBL203,IC50,0.11,nM,9.958607314841775
C3L-01889,25.2663093228269,12.3,1,CPTAC,CPTAC,,,,,,,CHEMBL1079742,CHEMBL203,IC50,2.0,nM,8.698970004336019
C3L-01890,25.550058066414,12.46,1,CPTAC,CPTAC,,,,,,,CHEMBL941,CHEMBL203,IC50,100000.0,nM,4.0
C3L-01890,25.550058066414,12.46,1,CPTAC,CPTAC,,,,,,,CHEMBL941,CHEMBL203,Kd,10000.0,nM,5.0
C3L-01890,25.550058066414,12.46,1,CPTAC,CPTAC,,,,,,,CHEMBL941,CHEMBL203,Kd,10000.0,nM,5.0
C3L-01890,25.550058066414,12.46,1,CPTAC,CPTAC,,,,,,,CHEMBL941,CHEMBL203,Kd,10000.0,nM,5.0
C3L-01890,25.550058066414,12.46,1,CPTAC,CPTAC,,,,,,,CHEMBL941,CHEMBL203,Kd,10000.0,nM,5.0
C3L-01890,25.550058066414,12.46,1,CPTAC,CPTAC,,,,,,,CHEMBL941,CHEMBL203,Kd,7600.0,nM,5.119186407719209
C3L-01890,25.550058066414,12.46,1,CPTAC,CPTAC,,,,,,,CHEMBL941,CHEMBL203,Kd,10000.0,nM,5.0
C3L-01890,25.550058066414,12.46,1,CPTAC,CPTAC,,,,,,,CHEMBL941,CHEMBL203,Kd,10000.0,nM,5.0
C3L-01890,25.550058066414,12.46,1,CPTAC,CPTAC,,,,,,,CHEMBL941,CHEMBL203,Kd,10000.0,nM,5.0
C3L-01890,25.550058066414,12.46,1,CPTAC,CPTAC,,,,,,,CHEMBL941,CHEMBL203,Kd,10000.0,nM,5.0
C3L-01890,25.550058066414,12.46,1,CPTAC,CPTAC,,,,,,,CHEMBL941,CHEMBL203,Kd,10000.0,nM,5.0
C3L-01890,25.550058066414,12.46,1,CPTAC,CPTAC,,,,,,,CHEMBL1079742,CHEMBL203,IC50,420.0,nM,6.376750709602099
C3L-01890,25.550058066414,12.46,1,CPTAC,CPTAC,,,,,,,CHEMBL1079742,CHEMBL203,IC50,15.0,nM,7.823908740944319
C3L-01890,25.550058066414,12.46,1,CPTAC,CPTAC,,,,,,,CHEMBL941,CHEMBL203,Kd,10000.0,nM,5.0
C3L-01890,25.550058066414,12.46,1,CPTAC,CPTAC,,,,,,,CHEMBL941,CHEMBL203,Kd,10000.0,nM,5.0
C3L-01890,25.550058066414,12.46,1,CPTAC,CPTAC,,,,,,,CHEMBL941,CHEMBL203,Kd,10000.0,nM,5.0
C3L-01890,25.550058066414,12.46,1,CPTAC,CPTAC,,,,,,,CHEMBL941,CHEMBL203,Kd,10000.0,nM,5.0
C3L-01890,25.550058066414,12.46,1,CPTAC,CPTAC,,,,,,,CHEMBL941,CHEMBL203,Kd,7600.0,nM,5.119186407719209
C3L-01890,25.550058066414,12.46,1,CPTAC,CPTAC,,,,,,,CHEMBL941,CHEMBL203,Kd,10000.0,nM,5.0
C3L-01890,25.550058066414,12.46,1,CPTAC,CPTAC,,,,,,,CHEMBL941,CHEMBL203,Kd,10000.0,nM,5.0
C3L-01890,25.550058066414,12.46,1,CPTAC,CPTAC,,,,,,,CHEMBL941,CHEMBL203,Kd,10000.0,nM,5.0
C3L-01890,25.550058066414,12.46,1,CPTAC,CPTAC,,,,,,,CHEMBL941,CHEMBL203,Kd,10000.0,nM,5.0
C3L-01890,25.550058066414,12.46,1,CPTAC,CPTAC,,,,,,,CHEMBL941,CHEMBL203,Kd,10000.0,nM,5.0
C3L-01890,25.550058066414,12.46,1,CPTAC,CPTAC,,,,,,,CHEMBL941,CHEMBL203,Kd,10000.0,nM,5.0
C3L-01890,25.550058066414,12.46,1,CPTAC,CPTAC,,,,,,,CHEMBL941,CHEMBL203,Kd,10000.0,nM,5.0
C3L-01890,25.550058066414,12.46,1,CPTAC,CPTAC,,,,,,,CHEMBL941,CHEMBL203,Kd,30000.0,nM,4.522878745280337
C3L-01890,25.550058066414,12.46,1,CPTAC,CPTAC,,,,,,,CHEMBL1079742,CHEMBL203,IC50,70.0,nM,7.154901959985743
C3L-01890,25.550058066414,12.46,1,CPTAC,CPTAC,,,,,,,CHEMBL941,CHEMBL203,IC50,0.11,nM,9.958607314841775
C3L-01890,25.550058066414,12.46,1,CPTAC,CPTAC,,,,,,,CHEMBL1079742,CHEMBL203,IC50,2.0,nM,8.698970004336019
C3L-01924,25.3467812886895,12.61,1,CPTAC,CPTAC,,,,,,,CHEMBL941,CHEMBL203,IC50,100000.0,nM,4.0
C3L-01924,25.3467812886895,12.61,1,CPTAC,CPTAC,,,,,,,CHEMBL941,CHEMBL203,Kd,10000.0,nM,5.0
C3L-01924,25.3467812886895,12.61,1,CPTAC,CPTAC,,,,,,,CHEMBL941,CHEMBL203,Kd,10000.0,nM,5.0
C3L-01924,25.3467812886895,12.61,1,CPTAC,CPTAC,,,,,,,CHEMBL941,CHEMBL203,Kd,10000.0,nM,5.0
C3L-01924,25.3467812886895,12.61,1,CPTAC,CPTAC,,,,,,,CHEMBL941,CHEMBL203,Kd,10000.0,nM,5.0
C3L-01924,25.3467812886895,12.61,1,CPTAC,CPTAC,,,,,,,CHEMBL941,CHEMBL203,Kd,7600.0,nM,5.119186407719209
C3L-01924,25.3467812886895,12.61,1,CPTAC,CPTAC,,,,,,,CHEMBL941,CHEMBL203,Kd,10000.0,nM,5.0
C3L-01924,25.3467812886895,12.61,1,CPTAC,CPTAC,,,,,,,CHEMBL941,CHEMBL203,Kd,10000.0,nM,5.0
C3L-01924,25.3467812886895,12.61,1,CPTAC,CPTAC,,,,,,,CHEMBL941,CHEMBL203,Kd,10000.0,nM,5.0
C3L-01924,25.3467812886895,12.61,1,CPTAC,CPTAC,,,,,,,CHEMBL941,CHEMBL203,Kd,10000.0,nM,5.0
C3L-01924,25.3467812886895,12.61,1,CPTAC,CPTAC,,,,,,,CHEMBL941,CHEMBL203,Kd,10000.0,nM,5.0
C3L-01924,25.3467812886895,12.61,1,CPTAC,CPTAC,,,,,,,CHEMBL1079742,CHEMBL203,IC50,420.0,nM,6.376750709602099
C3L-01924,25.3467812886895,12.61,1,CPTAC,CPTAC,,,,,,,CHEMBL1079742,CHEMBL203,IC50,15.0,nM,7.823908740944319
C3L-01924,25.3467812886895,12.61,1,CPTAC,CPTAC,,,,,,,CHEMBL941,CHEMBL203,Kd,10000.0,nM,5.0
C3L-01924,25.3467812886895,12.61,1,CPTAC,CPTAC,,,,,,,CHEMBL941,CHEMBL203,Kd,10000.0,nM,5.0
C3L-01924,25.3467812886895,12.61,1,CPTAC,CPTAC,,,,,,,CHEMBL941,CHEMBL203,Kd,10000.0,nM,5.0
C3L-01924,25.3467812886895,12.61,1,CPTAC,CPTAC,,,,,,,CHEMBL941,CHEMBL203,Kd,10000.0,nM,5.0
C3L-01924,25.3467812886895,12.61,1,CPTAC,CPTAC,,,,,,,CHEMBL941,CHEMBL203,Kd,7600.0,nM,5.119186407719209
C3L-01924,25.3467812886895,12.61,1,CPTAC,CPTAC,,,,,,,CHEMBL941,CHEMBL203,Kd,10000.0,nM,5.0
C3L-01924,25.3467812886895,12.61,1,CPTAC,CPTAC,,,,,,,CHEMBL941,CHEMBL203,Kd,10000.0,nM,5.0
C3L-01924,25.3467812886895,12.61,1,CPTAC,CPTAC,,,,,,,CHEMBL941,CHEMBL203,Kd,10000.0,nM,5.0
C3L-01924,25.3467812886895,12.61,1,CPTAC,CPTAC,,,,,,,CHEMBL941,CHEMBL203,Kd,10000.0,nM,5.0
C3L-01924,25.3467812886895,12.61,1,CPTAC,CPTAC,,,,,,,CHEMBL941,CHEMBL203,Kd,10000.0,nM,5.0
C3L-01924,25.3467812886895,12.61,1,CPTAC,CPTAC,,,,,,,CHEMBL941,CHEMBL203,Kd,10000.0,nM,5.0
C3L-01924,25.3467812886895,12.61,1,CPTAC,CPTAC,,,,,,,CHEMBL941,CHEMBL203,Kd,10000.0,nM,5.0
C3L-01924,25.3467812886895,12.61,1,CPTAC,CPTAC,,,,,,,CHEMBL941,CHEMBL203,Kd,30000.0,nM,4.522878745280337
C3L-01924,25.3467812886895,12.61,1,CPTAC,CPTAC,,,,,,,CHEMBL1079742,CHEMBL203,IC50,70.0,nM,7.154901959985743
C3L-01924,25.3467812886895,12.61,1,CPTAC,CPTAC,,,,,,,CHEMBL941,CHEMBL203,IC50,0.11,nM,9.958607314841775
C3L-01924,25.3467812886895,12.61,1,CPTAC,CPTAC,,,,,,,CHEMBL1079742,CHEMBL203,IC50,2.0,nM,8.698970004336019
C3L-02219,25.3725111037333,12.32,1,CPTAC,CPTAC,,,,,,,CHEMBL941,CHEMBL203,IC50,100000.0,nM,4.0
C3L-02219,25.3725111037333,12.32,1,CPTAC,CPTAC,,,,,,,CHEMBL941,CHEMBL203,Kd,10000.0,nM,5.0
C3L-02219,25.3725111037333,12.32,1,CPTAC,CPTAC,,,,,,,CHEMBL941,CHEMBL203,Kd,10000.0,nM,5.0
C3L-02219,25.3725111037333,12.32,1,CPTAC,CPTAC,,,,,,,CHEMBL941,CHEMBL203,Kd,10000.0,nM,5.0
C3L-02219,25.3725111037333,12.32,1,CPTAC,CPTAC,,,,,,,CHEMBL941,CHEMBL203,Kd,10000.0,nM,5.0
C3L-02219,25.3725111037333,12.32,1,CPTAC,CPTAC,,,,,,,CHEMBL941,CHEMBL203,Kd,7600.0,nM,5.119186407719209
C3L-02219,25.3725111037333,12.32,1,CPTAC,CPTAC,,,,,,,CHEMBL941,CHEMBL203,Kd,10000.0,nM,5.0
C3L-02219,25.3725111037333,12.32,1,CPTAC,CPTAC,,,,,,,CHEMBL941,CHEMBL203,Kd,10000.0,nM,5.0
C3L-02219,25.3725111037333,12.32,1,CPTAC,CPTAC,,,,,,,CHEMBL941,CHEMBL203,Kd,10000.0,nM,5.0
C3L-02219,25.3725111037333,12.32,1,CPTAC,CPTAC,,,,,,,CHEMBL941,CHEMBL203,Kd,10000.0,nM,5.0
C3L-02219,25.3725111037333,12.32,1,CPTAC,CPTAC,,,,,,,CHEMBL941,CHEMBL203,Kd,10000.0,nM,5.0
C3L-02219,25.3725111037333,12.32,1,CPTAC,CPTAC,,,,,,,CHEMBL1079742,CHEMBL203,IC50,420.0,nM,6.376750709602099
C3L-02219,25.3725111037333,12.32,1,CPTAC,CPTAC,,,,,,,CHEMBL1079742,CHEMBL203,IC50,15.0,nM,7.823908740944319
C3L-02219,25.3725111037333,12.32,1,CPTAC,CPTAC,,,,,,,CHEMBL941,CHEMBL203,Kd,10000.0,nM,5.0
C3L-02219,25.3725111037333,12.32,1,CPTAC,CPTAC,,,,,,,CHEMBL941,CHEMBL203,Kd,10000.0,nM,5.0
C3L-02219,25.3725111037333,12.32,1,CPTAC,CPTAC,,,,,,,CHEMBL941,CHEMBL203,Kd,10000.0,nM,5.0
C3L-02219,25.3725111037333,12.32,1,CPTAC,CPTAC,,,,,,,CHEMBL941,CHEMBL203,Kd,10000.0,nM,5.0
C3L-02219,25.3725111037333,12.32,1,CPTAC,CPTAC,,,,,,,CHEMBL941,CHEMBL203,Kd,7600.0,nM,5.119186407719209
C3L-02219,25.3725111037333,12.32,1,CPTAC,CPTAC,,,,,,,CHEMBL941,CHEMBL203,Kd,10000.0,nM,5.0
C3L-02219,25.3725111037333,12.32,1,CPTAC,CPTAC,,,,,,,CHEMBL941,CHEMBL203,Kd,10000.0,nM,5.0
C3L-02219,25.3725111037333,12.32,1,CPTAC,CPTAC,,,,,,,CHEMBL941,CHEMBL203,Kd,10000.0,nM,5.0
C3L-02219,25.3725111037333,12.32,1,CPTAC,CPTAC,,,,,,,CHEMBL941,CHEMBL203,Kd,10000.0,nM,5.0
C3L-02219,25.3725111037333,12.32,1,CPTAC,CPTAC,,,,,,,CHEMBL941,CHEMBL203,Kd,10000.0,nM,5.0
C3L-02219,25.3725111037333,12.32,1,CPTAC,CPTAC,,,,,,,CHEMBL941,CHEMBL203,Kd,10000.0,nM,5.0
C3L-02219,25.3725111037333,12.32,1,CPTAC,CPTAC,,,,,,,CHEMBL941,CHEMBL203,Kd,10000.0,nM,5.0
C3L-02219,25.3725111037333,12.32,1,CPTAC,CPTAC,,,,,,,CHEMBL941,CHEMBL203,Kd,30000.0,nM,4.522878745280337
C3L-02219,25.3725111037333,12.32,1,CPTAC,CPTAC,,,,,,,CHEMBL1079742,CHEMBL203,IC50,70.0,nM,7.154901959985743
C3L-02219,25.3725111037333,12.32,1,CPTAC,CPTAC,,,,,,,CHEMBL941,CHEMBL203,IC50,0.11,nM,9.958607314841775
C3L-02219,25.3725111037333,12.32,1,CPTAC,CPTAC,,,,,,,CHEMBL1079742,CHEMBL203,IC50,2.0,nM,8.698970004336019
C3L-02345,25.4178000855791,12.77,1,CPTAC,CPTAC,,,,,,,CHEMBL941,CHEMBL203,IC50,100000.0,nM,4.0
C3L-02345,25.4178000855791,12.77,1,CPTAC,CPTAC,,,,,,,CHEMBL941,CHEMBL203,Kd,10000.0,nM,5.0
C3L-02345,25.4178000855791,12.77,1,CPTAC,CPTAC,,,,,,,CHEMBL941,CHEMBL203,Kd,10000.0,nM,5.0
C3L-02345,25.4178000855791,12.77,1,CPTAC,CPTAC,,,,,,,CHEMBL941,CHEMBL203,Kd,10000.0,nM,5.0
C3L-02345,25.4178000855791,12.77,1,CPTAC,CPTAC,,,,,,,CHEMBL941,CHEMBL203,Kd,10000.0,nM,5.0
C3L-02345,25.4178000855791,12.77,1,CPTAC,CPTAC,,,,,,,CHEMBL941,CHEMBL203,Kd,7600.0,nM,5.119186407719209
C3L-02345,25.4178000855791,12.77,1,CPTAC,CPTAC,,,,,,,CHEMBL941,CHEMBL203,Kd,10000.0,nM,5.0
C3L-02345,25.4178000855791,12.77,1,CPTAC,CPTAC,,,,,,,CHEMBL941,CHEMBL203,Kd,10000.0,nM,5.0
C3L-02345,25.4178000855791,12.77,1,CPTAC,CPTAC,,,,,,,CHEMBL941,CHEMBL203,Kd,10000.0,nM,5.0
C3L-02345,25.4178000855791,12.77,1,CPTAC,CPTAC,,,,,,,CHEMBL941,CHEMBL203,Kd,10000.0,nM,5.0
C3L-02345,25.4178000855791,12.77,1,CPTAC,CPTAC,,,,,,,CHEMBL941,CHEMBL203,Kd,10000.0,nM,5.0
C3L-02345,25.4178000855791,12.77,1,CPTAC,CPTAC,,,,,,,CHEMBL1079742,CHEMBL203,IC50,420.0,nM,6.376750709602099
C3L-02345,25.4178000855791,12.77,1,CPTAC,CPTAC,,,,,,,CHEMBL1079742,CHEMBL203,IC50,15.0,nM,7.823908740944319
C3L-02345,25.4178000855791,12.77,1,CPTAC,CPTAC,,,,,,,CHEMBL941,CHEMBL203,Kd,10000.0,nM,5.0
C3L-02345,25.4178000855791,12.77,1,CPTAC,CPTAC,,,,,,,CHEMBL941,CHEMBL203,Kd,10000.0,nM,5.0
C3L-02345,25.4178000855791,12.77,1,CPTAC,CPTAC,,,,,,,CHEMBL941,CHEMBL203,Kd,10000.0,nM,5.0
C3L-02345,25.4178000855791,12.77,1,CPTAC,CPTAC,,,,,,,CHEMBL941,CHEMBL203,Kd,10000.0,nM,5.0
C3L-02345,25.4178000855791,12.77,1,CPTAC,CPTAC,,,,,,,CHEMBL941,CHEMBL203,Kd,7600.0,nM,5.119186407719209
C3L-02345,25.4178000855791,12.77,1,CPTAC,CPTAC,,,,,,,CHEMBL941,CHEMBL203,Kd,10000.0,nM,5.0
C3L-02345,25.4178000855791,12.77,1,CPTAC,CPTAC,,,,,,,CHEMBL941,CHEMBL203,Kd,10000.0,nM,5.0
C3L-02345,25.4178000855791,12.77,1,CPTAC,CPTAC,,,,,,,CHEMBL941,CHEMBL203,Kd,10000.0,nM,5.0
C3L-02345,25.4178000855791,12.77,1,CPTAC,CPTAC,,,,,,,CHEMBL941,CHEMBL203,Kd,10000.0,nM,5.0
C3L-02345,25.4178000855791,12.77,1,CPTAC,CPTAC,,,,,,,CHEMBL941,CHEMBL203,Kd,10000.0,nM,5.0
C3L-02345,25.4178000855791,12.77,1,CPTAC,CPTAC,,,,,,,CHEMBL941,CHEMBL203,Kd,10000.0,nM,5.0
C3L-02345,25.4178000855791,12.77,1,CPTAC,CPTAC,,,,,,,CHEMBL941,CHEMBL203,Kd,10000.0,nM,5.0
C3L-02345,25.4178000855791,12.77,1,CPTAC,CPTAC,,,,,,,CHEMBL941,CHEMBL203,Kd,30000.0,nM,4.522878745280337
C3L-02345,25.4178000855791,12.77,1,CPTAC,CPTAC,,,,,,,CHEMBL1079742,CHEMBL203,IC50,70.0,nM,7.154901959985743
C3L-02345,25.4178000855791,12.77,1,CPTAC,CPTAC,,,,,,,CHEMBL941,CHEMBL203,IC50,0.11,nM,9.958607314841775
C3L-02345,25.4178000855791,12.77,1,CPTAC,CPTAC,,,,,,,CHEMBL1079742,CHEMBL203,IC50,2.0,nM,8.698970004336019
C3L-02348,25.4781959391757,12.5,1,CPTAC,CPTAC,13.065650406197651,,,,,13.065650406197651,CHEMBL941,CHEMBL203,IC50,100000.0,nM,4.0
C3L-02348,25.4781959391757,12.5,1,CPTAC,CPTAC,13.065650406197651,,,,,13.065650406197651,CHEMBL941,CHEMBL203,Kd,10000.0,nM,5.0
C3L-02348,25.4781959391757,12.5,1,CPTAC,CPTAC,13.065650406197651,,,,,13.065650406197651,CHEMBL941,CHEMBL203,Kd,10000.0,nM,5.0
C3L-02348,25.4781959391757,12.5,1,CPTAC,CPTAC,13.065650406197651,,,,,13.065650406197651,CHEMBL941,CHEMBL203,Kd,10000.0,nM,5.0
C3L-02348,25.4781959391757,12.5,1,CPTAC,CPTAC,13.065650406197651,,,,,13.065650406197651,CHEMBL941,CHEMBL203,Kd,10000.0,nM,5.0
C3L-02348,25.4781959391757,12.5,1,CPTAC,CPTAC,13.065650406197651,,,,,13.065650406197651,CHEMBL941,CHEMBL203,Kd,7600.0,nM,5.119186407719209
C3L-02348,25.4781959391757,12.5,1,CPTAC,CPTAC,13.065650406197651,,,,,13.065650406197651,CHEMBL941,CHEMBL203,Kd,10000.0,nM,5.0
C3L-02348,25.4781959391757,12.5,1,CPTAC,CPTAC,13.065650406197651,,,,,13.065650406197651,CHEMBL941,CHEMBL203,Kd,10000.0,nM,5.0
C3L-02348,25.4781959391757,12.5,1,CPTAC,CPTAC,13.065650406197651,,,,,13.065650406197651,CHEMBL941,CHEMBL203,Kd,10000.0,nM,5.0
C3L-02348,25.4781959391757,12.5,1,CPTAC,CPTAC,13.065650406197651,,,,,13.065650406197651,CHEMBL941,CHEMBL203,Kd,10000.0,nM,5.0
C3L-02348,25.4781959391757,12.5,1,CPTAC,CPTAC,13.065650406197651,,,,,13.065650406197651,CHEMBL941,CHEMBL203,Kd,10000.0,nM,5.0
C3L-02348,25.4781959391757,12.5,1,CPTAC,CPTAC,13.065650406197651,,,,,13.065650406197651,CHEMBL1079742,CHEMBL203,IC50,420.0,nM,6.376750709602099
C3L-02348,25.4781959391757,12.5,1,CPTAC,CPTAC,13.065650406197651,,,,,13.065650406197651,CHEMBL1079742,CHEMBL203,IC50,15.0,nM,7.823908740944319
C3L-02348,25.4781959391757,12.5,1,CPTAC,CPTAC,13.065650406197651,,,,,13.065650406197651,CHEMBL941,CHEMBL203,Kd,10000.0,nM,5.0
C3L-02348,25.4781959391757,12.5,1,CPTAC,CPTAC,13.065650406197651,,,,,13.065650406197651,CHEMBL941,CHEMBL203,Kd,10000.0,nM,5.0
C3L-02348,25.4781959391757,12.5,1,CPTAC,CPTAC,13.065650406197651,,,,,13.065650406197651,CHEMBL941,CHEMBL203,Kd,10000.0,nM,5.0
C3L-02348,25.4781959391757,12.5,1,CPTAC,CPTAC,13.065650406197651,,,,,13.065650406197651,CHEMBL941,CHEMBL203,Kd,10000.0,nM,5.0
C3L-02348,25.4781959391757,12.5,1,CPTAC,CPTAC,13.065650406197651,,,,,13.065650406197651,CHEMBL941,CHEMBL203,Kd,7600.0,nM,5.119186407719209
C3L-02348,25.4781959391757,12.5,1,CPTAC,CPTAC,13.065650406197651,,,,,13.065650406197651,CHEMBL941,CHEMBL203,Kd,10000.0,nM,5.0
C3L-02348,25.4781959391757,12.5,1,CPTAC,CPTAC,13.065650406197651,,,,,13.065650406197651,CHEMBL941,CHEMBL203,Kd,10000.0,nM,5.0
C3L-02348,25.4781959391757,12.5,1,CPTAC,CPTAC,13.065650406197651,,,,,13.065650406197651,CHEMBL941,CHEMBL203,Kd,10000.0,nM,5.0
C3L-02348,25.4781959391757,12.5,1,CPTAC,CPTAC,13.065650406197651,,,,,13.065650406197651,CHEMBL941,CHEMBL203,Kd,10000.0,nM,5.0
C3L-02348,25.4781959391757,12.5,1,CPTAC,CPTAC,13.065650406197651,,,,,13.065650406197651,CHEMBL941,CHEMBL203,Kd,10000.0,nM,5.0
C3L-02348,25.4781959391757,12.5,1,CPTAC,CPTAC,13.065650406197651,,,,,13.065650406197651,CHEMBL941,CHEMBL203,Kd,10000.0,nM,5.0
C3L-02348,25.4781959391757,12.5,1,CPTAC,CPTAC,13.065650406197651,,,,,13.065650406197651,CHEMBL941,CHEMBL203,Kd,10000.0,nM,5.0
C3L-02348,25.4781959391757,12.5,1,CPTAC,CPTAC,13.065650406197651,,,,,13.065650406197651,CHEMBL941,CHEMBL203,Kd,30000.0,nM,4.522878745280337
C3L-02348,25.4781959391757,12.5,1,CPTAC,CPTAC,13.065650406197651,,,,,13.065650406197651,CHEMBL1079742,CHEMBL203,IC50,70.0,nM,7.154901959985743
C3L-02348,25.4781959391757,12.5,1,CPTAC,CPTAC,13.065650406197651,,,,,13.065650406197651,CHEMBL941,CHEMBL203,IC50,0.11,nM,9.958607314841775
C3L-02348,25.4781959391757,12.5,1,CPTAC,CPTAC,13.065650406197651,,,,,13.065650406197651,CHEMBL1079742,CHEMBL203,IC50,2.0,nM,8.698970004336019
C3L-02350,25.2989039886126,12.75,1,CPTAC,CPTAC,,,17.37976128112005,,,17.37976128112005,CHEMBL941,CHEMBL203,IC50,100000.0,nM,4.0
C3L-02350,25.2989039886126,12.75,1,CPTAC,CPTAC,,,17.37976128112005,,,17.37976128112005,CHEMBL941,CHEMBL203,Kd,10000.0,nM,5.0
C3L-02350,25.2989039886126,12.75,1,CPTAC,CPTAC,,,17.37976128112005,,,17.37976128112005,CHEMBL941,CHEMBL203,Kd,10000.0,nM,5.0
C3L-02350,25.2989039886126,12.75,1,CPTAC,CPTAC,,,17.37976128112005,,,17.37976128112005,CHEMBL941,CHEMBL203,Kd,10000.0,nM,5.0
C3L-02350,25.2989039886126,12.75,1,CPTAC,CPTAC,,,17.37976128112005,,,17.37976128112005,CHEMBL941,CHEMBL203,Kd,10000.0,nM,5.0
C3L-02350,25.2989039886126,12.75,1,CPTAC,CPTAC,,,17.37976128112005,,,17.37976128112005,CHEMBL941,CHEMBL203,Kd,7600.0,nM,5.119186407719209
C3L-02350,25.2989039886126,12.75,1,CPTAC,CPTAC,,,17.37976128112005,,,17.37976128112005,CHEMBL941,CHEMBL203,Kd,10000.0,nM,5.0
C3L-02350,25.2989039886126,12.75,1,CPTAC,CPTAC,,,17.37976128112005,,,17.37976128112005,CHEMBL941,CHEMBL203,Kd,10000.0,nM,5.0
C3L-02350,25.2989039886126,12.75,1,CPTAC,CPTAC,,,17.37976128112005,,,17.37976128112005,CHEMBL941,CHEMBL203,Kd,10000.0,nM,5.0
C3L-02350,25.2989039886126,12.75,1,CPTAC,CPTAC,,,17.37976128112005,,,17.37976128112005,CHEMBL941,CHEMBL203,Kd,10000.0,nM,5.0
C3L-02350,25.2989039886126,12.75,1,CPTAC,CPTAC,,,17.37976128112005,,,17.37976128112005,CHEMBL941,CHEMBL203,Kd,10000.0,nM,5.0
C3L-02350,25.2989039886126,12.75,1,CPTAC,CPTAC,,,17.37976128112005,,,17.37976128112005,CHEMBL1079742,CHEMBL203,IC50,420.0,nM,6.376750709602099
C3L-02350,25.2989039886126,12.75,1,CPTAC,CPTAC,,,17.37976128112005,,,17.37976128112005,CHEMBL1079742,CHEMBL203,IC50,15.0,nM,7.823908740944319
C3L-02350,25.2989039886126,12.75,1,CPTAC,CPTAC,,,17.37976128112005,,,17.37976128112005,CHEMBL941,CHEMBL203,Kd,10000.0,nM,5.0
C3L-02350,25.2989039886126,12.75,1,CPTAC,CPTAC,,,17.37976128112005,,,17.37976128112005,CHEMBL941,CHEMBL203,Kd,10000.0,nM,5.0
C3L-02350,25.2989039886126,12.75,1,CPTAC,CPTAC,,,17.37976128112005,,,17.37976128112005,CHEMBL941,CHEMBL203,Kd,10000.0,nM,5.0
C3L-02350,25.2989039886126,12.75,1,CPTAC,CPTAC,,,17.37976128112005,,,17.37976128112005,CHEMBL941,CHEMBL203,Kd,10000.0,nM,5.0
C3L-02350,25.2989039886126,12.75,1,CPTAC,CPTAC,,,17.37976128112005,,,17.37976128112005,CHEMBL941,CHEMBL203,Kd,7600.0,nM,5.119186407719209
C3L-02350,25.2989039886126,12.75,1,CPTAC,CPTAC,,,17.37976128112005,,,17.37976128112005,CHEMBL941,CHEMBL203,Kd,10000.0,nM,5.0
C3L-02350,25.2989039886126,12.75,1,CPTAC,CPTAC,,,17.37976128112005,,,17.37976128112005,CHEMBL941,CHEMBL203,Kd,10000.0,nM,5.0
C3L-02350,25.2989039886126,12.75,1,CPTAC,CPTAC,,,17.37976128112005,,,17.37976128112005,CHEMBL941,CHEMBL203,Kd,10000.0,nM,5.0
C3L-02350,25.2989039886126,12.75,1,CPTAC,CPTAC,,,17.37976128112005,,,17.37976128112005,CHEMBL941,CHEMBL203,Kd,10000.0,nM,5.0
C3L-02350,25.2989039886126,12.75,1,CPTAC,CPTAC,,,17.37976128112005,,,17.37976128112005,CHEMBL941,CHEMBL203,Kd,10000.0,nM,5.0
C3L-02350,25.2989039886126,12.75,1,CPTAC,CPTAC,,,17.37976128112005,,,17.37976128112005,CHEMBL941,CHEMBL203,Kd,10000.0,nM,5.0
C3L-02350,25.2989039886126,12.75,1,CPTAC,CPTAC,,,17.37976128112005,,,17.37976128112005,CHEMBL941,CHEMBL203,Kd,10000.0,nM,5.0
C3L-02350,25.2989039886126,12.75,1,CPTAC,CPTAC,,,17.37976128112005,,,17.37976128112005,CHEMBL941,CHEMBL203,Kd,30000.0,nM,4.522878745280337
C3L-02350,25.2989039886126,12.75,1,CPTAC,CPTAC,,,17.37976128112005,,,17.37976128112005,CHEMBL1079742,CHEMBL203,IC50,70.0,nM,7.154901959985743
C3L-02350,25.2989039886126,12.75,1,CPTAC,CPTAC,,,17.37976128112005,,,17.37976128112005,CHEMBL941,CHEMBL203,IC50,0.11,nM,9.958607314841775
C3L-02350,25.2989039886126,12.75,1,CPTAC,CPTAC,,,17.37976128112005,,,17.37976128112005,CHEMBL1079742,CHEMBL203,IC50,2.0,nM,8.698970004336019
C3L-02365,25.5035903979434,13.0,1,CPTAC,CPTAC,,,17.90627991903495,,,17.90627991903495,CHEMBL941,CHEMBL203,IC50,100000.0,nM,4.0
C3L-02365,25.5035903979434,13.0,1,CPTAC,CPTAC,,,17.90627991903495,,,17.90627991903495,CHEMBL941,CHEMBL203,Kd,10000.0,nM,5.0
C3L-02365,25.5035903979434,13.0,1,CPTAC,CPTAC,,,17.90627991903495,,,17.90627991903495,CHEMBL941,CHEMBL203,Kd,10000.0,nM,5.0
C3L-02365,25.5035903979434,13.0,1,CPTAC,CPTAC,,,17.90627991903495,,,17.90627991903495,CHEMBL941,CHEMBL203,Kd,10000.0,nM,5.0
C3L-02365,25.5035903979434,13.0,1,CPTAC,CPTAC,,,17.90627991903495,,,17.90627991903495,CHEMBL941,CHEMBL203,Kd,10000.0,nM,5.0
C3L-02365,25.5035903979434,13.0,1,CPTAC,CPTAC,,,17.90627991903495,,,17.90627991903495,CHEMBL941,CHEMBL203,Kd,7600.0,nM,5.119186407719209
C3L-02365,25.5035903979434,13.0,1,CPTAC,CPTAC,,,17.90627991903495,,,17.90627991903495,CHEMBL941,CHEMBL203,Kd,10000.0,nM,5.0
C3L-02365,25.5035903979434,13.0,1,CPTAC,CPTAC,,,17.90627991903495,,,17.90627991903495,CHEMBL941,CHEMBL203,Kd,10000.0,nM,5.0
C3L-02365,25.5035903979434,13.0,1,CPTAC,CPTAC,,,17.90627991903495,,,17.90627991903495,CHEMBL941,CHEMBL203,Kd,10000.0,nM,5.0
C3L-02365,25.5035903979434,13.0,1,CPTAC,CPTAC,,,17.90627991903495,,,17.90627991903495,CHEMBL941,CHEMBL203,Kd,10000.0,nM,5.0
C3L-02365,25.5035903979434,13.0,1,CPTAC,CPTAC,,,17.90627991903495,,,17.90627991903495,CHEMBL941,CHEMBL203,Kd,10000.0,nM,5.0
C3L-02365,25.5035903979434,13.0,1,CPTAC,CPTAC,,,17.90627991903495,,,17.90627991903495,CHEMBL1079742,CHEMBL203,IC50,420.0,nM,6.376750709602099
C3L-02365,25.5035903979434,13.0,1,CPTAC,CPTAC,,,17.90627991903495,,,17.90627991903495,CHEMBL1079742,CHEMBL203,IC50,15.0,nM,7.823908740944319
C3L-02365,25.5035903979434,13.0,1,CPTAC,CPTAC,,,17.90627991903495,,,17.90627991903495,CHEMBL941,CHEMBL203,Kd,10000.0,nM,5.0
C3L-02365,25.5035903979434,13.0,1,CPTAC,CPTAC,,,17.90627991903495,,,17.90627991903495,CHEMBL941,CHEMBL203,Kd,10000.0,nM,5.0
C3L-02365,25.5035903979434,13.0,1,CPTAC,CPTAC,,,17.90627991903495,,,17.90627991903495,CHEMBL941,CHEMBL203,Kd,10000.0,nM,5.0
C3L-02365,25.5035903979434,13.0,1,CPTAC,CPTAC,,,17.90627991903495,,,17.90627991903495,CHEMBL941,CHEMBL203,Kd,10000.0,nM,5.0
C3L-02365,25.5035903979434,13.0,1,CPTAC,CPTAC,,,17.90627991903495,,,17.90627991903495,CHEMBL941,CHEMBL203,Kd,7600.0,nM,5.119186407719209
C3L-02365,25.5035903979434,13.0,1,CPTAC,CPTAC,,,17.90627991903495,,,17.90627991903495,CHEMBL941,CHEMBL203,Kd,10000.0,nM,5.0
C3L-02365,25.5035903979434,13.0,1,CPTAC,CPTAC,,,17.90627991903495,,,17.90627991903495,CHEMBL941,CHEMBL203,Kd,10000.0,nM,5.0
C3L-02365,25.5035903979434,13.0,1,CPTAC,CPTAC,,,17.90627991903495,,,17.90627991903495,CHEMBL941,CHEMBL203,Kd,10000.0,nM,5.0
C3L-02365,25.5035903979434,13.0,1,CPTAC,CPTAC,,,17.90627991903495,,,17.90627991903495,CHEMBL941,CHEMBL203,Kd,10000.0,nM,5.0
C3L-02365,25.5035903979434,13.0,1,CPTAC,CPTAC,,,17.90627991903495,,,17.90627991903495,CHEMBL941,CHEMBL203,Kd,10000.0,nM,5.0
C3L-02365,25.5035903979434,13.0,1,CPTAC,CPTAC,,,17.90627991903495,,,17.90627991903495,CHEMBL941,CHEMBL203,Kd,10000.0,nM,5.0
C3L-02365,25.5035903979434,13.0,1,CPTAC,CPTAC,,,17.90627991903495,,,17.90627991903495,CHEMBL941,CHEMBL203,Kd,10000.0,nM,5.0
C3L-02365,25.5035903979434,13.0,1,CPTAC,CPTAC,,,17.90627991903495,,,17.90627991903495,CHEMBL941,CHEMBL203,Kd,30000.0,nM,4.522878745280337
C3L-02365,25.5035903979434,13.0,1,CPTAC,CPTAC,,,17.90627991903495,,,17.90627991903495,CHEMBL1079742,CHEMBL203,IC50,70.0,nM,7.154901959985743
C3L-02365,25.5035903979434,13.0,1,CPTAC,CPTAC,,,17.90627991903495,,,17.90627991903495,CHEMBL941,CHEMBL203,IC50,0.11,nM,9.958607314841775
C3L-02365,25.5035903979434,13.0,1,CPTAC,CPTAC,,,17.90627991903495,,,17.90627991903495,CHEMBL1079742,CHEMBL203,IC50,2.0,nM,8.698970004336019
C3L-02508,25.3800784576326,12.42,1,CPTAC,CPTAC,13.02924094564425,,,,,13.02924094564425,CHEMBL941,CHEMBL203,IC50,100000.0,nM,4.0
C3L-02508,25.3800784576326,12.42,1,CPTAC,CPTAC,13.02924094564425,,,,,13.02924094564425,CHEMBL941,CHEMBL203,Kd,10000.0,nM,5.0
C3L-02508,25.3800784576326,12.42,1,CPTAC,CPTAC,13.02924094564425,,,,,13.02924094564425,CHEMBL941,CHEMBL203,Kd,10000.0,nM,5.0
C3L-02508,25.3800784576326,12.42,1,CPTAC,CPTAC,13.02924094564425,,,,,13.02924094564425,CHEMBL941,CHEMBL203,Kd,10000.0,nM,5.0
C3L-02508,25.3800784576326,12.42,1,CPTAC,CPTAC,13.02924094564425,,,,,13.02924094564425,CHEMBL941,CHEMBL203,Kd,10000.0,nM,5.0
C3L-02508,25.3800784576326,12.42,1,CPTAC,CPTAC,13.02924094564425,,,,,13.02924094564425,CHEMBL941,CHEMBL203,Kd,7600.0,nM,5.119186407719209
C3L-02508,25.3800784576326,12.42,1,CPTAC,CPTAC,13.02924094564425,,,,,13.02924094564425,CHEMBL941,CHEMBL203,Kd,10000.0,nM,5.0
C3L-02508,25.3800784576326,12.42,1,CPTAC,CPTAC,13.02924094564425,,,,,13.02924094564425,CHEMBL941,CHEMBL203,Kd,10000.0,nM,5.0
C3L-02508,25.3800784576326,12.42,1,CPTAC,CPTAC,13.02924094564425,,,,,13.02924094564425,CHEMBL941,CHEMBL203,Kd,10000.0,nM,5.0
C3L-02508,25.3800784576326,12.42,1,CPTAC,CPTAC,13.02924094564425,,,,,13.02924094564425,CHEMBL941,CHEMBL203,Kd,10000.0,nM,5.0
C3L-02508,25.3800784576326,12.42,1,CPTAC,CPTAC,13.02924094564425,,,,,13.02924094564425,CHEMBL941,CHEMBL203,Kd,10000.0,nM,5.0
C3L-02508,25.3800784576326,12.42,1,CPTAC,CPTAC,13.02924094564425,,,,,13.02924094564425,CHEMBL1079742,CHEMBL203,IC50,420.0,nM,6.376750709602099
C3L-02508,25.3800784576326,12.42,1,CPTAC,CPTAC,13.02924094564425,,,,,13.02924094564425,CHEMBL1079742,CHEMBL203,IC50,15.0,nM,7.823908740944319
C3L-02508,25.3800784576326,12.42,1,CPTAC,CPTAC,13.02924094564425,,,,,13.02924094564425,CHEMBL941,CHEMBL203,Kd,10000.0,nM,5.0
C3L-02508,25.3800784576326,12.42,1,CPTAC,CPTAC,13.02924094564425,,,,,13.02924094564425,CHEMBL941,CHEMBL203,Kd,10000.0,nM,5.0
C3L-02508,25.3800784576326,12.42,1,CPTAC,CPTAC,13.02924094564425,,,,,13.02924094564425,CHEMBL941,CHEMBL203,Kd,10000.0,nM,5.0
C3L-02508,25.3800784576326,12.42,1,CPTAC,CPTAC,13.02924094564425,,,,,13.02924094564425,CHEMBL941,CHEMBL203,Kd,10000.0,nM,5.0
C3L-02508,25.3800784576326,12.42,1,CPTAC,CPTAC,13.02924094564425,,,,,13.02924094564425,CHEMBL941,CHEMBL203,Kd,7600.0,nM,5.119186407719209
C3L-02508,25.3800784576326,12.42,1,CPTAC,CPTAC,13.02924094564425,,,,,13.02924094564425,CHEMBL941,CHEMBL203,Kd,10000.0,nM,5.0
C3L-02508,25.3800784576326,12.42,1,CPTAC,CPTAC,13.02924094564425,,,,,13.02924094564425,CHEMBL941,CHEMBL203,Kd,10000.0,nM,5.0
C3L-02508,25.3800784576326,12.42,1,CPTAC,CPTAC,13.02924094564425,,,,,13.02924094564425,CHEMBL941,CHEMBL203,Kd,10000.0,nM,5.0
C3L-02508,25.3800784576326,12.42,1,CPTAC,CPTAC,13.02924094564425,,,,,13.02924094564425,CHEMBL941,CHEMBL203,Kd,10000.0,nM,5.0
C3L-02508,25.3800784576326,12.42,1,CPTAC,CPTAC,13.02924094564425,,,,,13.02924094564425,CHEMBL941,CHEMBL203,Kd,10000.0,nM,5.0
C3L-02508,25.3800784576326,12.42,1,CPTAC,CPTAC,13.02924094564425,,,,,13.02924094564425,CHEMBL941,CHEMBL203,Kd,10000.0,nM,5.0
C3L-02508,25.3800784576326,12.42,1,CPTAC,CPTAC,13.02924094564425,,,,,13.02924094564425,CHEMBL941,CHEMBL203,Kd,10000.0,nM,5.0
C3L-02508,25.3800784576326,12.42,1,CPTAC,CPTAC,13.02924094564425,,,,,13.02924094564425,CHEMBL941,CHEMBL203,Kd,30000.0,nM,4.522878745280337
C3L-02508,25.3800784576326,12.42,1,CPTAC,CPTAC,13.02924094564425,,,,,13.02924094564425,CHEMBL1079742,CHEMBL203,IC50,70.0,nM,7.154901959985743
C3L-02508,25.3800784576326,12.42,1,CPTAC,CPTAC,13.02924094564425,,,,,13.02924094564425,CHEMBL941,CHEMBL203,IC50,0.11,nM,9.958607314841775
C3L-02508,25.3800784576326,12.42,1,CPTAC,CPTAC,13.02924094564425,,,,,13.02924094564425,CHEMBL1079742,CHEMBL203,IC50,2.0,nM,8.698970004336019
C3L-02549,25.3698075228917,12.65,1,CPTAC,CPTAC,,,17.6470758759427,,,17.6470758759427,CHEMBL941,CHEMBL203,IC50,100000.0,nM,4.0
C3L-02549,25.3698075228917,12.65,1,CPTAC,CPTAC,,,17.6470758759427,,,17.6470758759427,CHEMBL941,CHEMBL203,Kd,10000.0,nM,5.0
C3L-02549,25.3698075228917,12.65,1,CPTAC,CPTAC,,,17.6470758759427,,,17.6470758759427,CHEMBL941,CHEMBL203,Kd,10000.0,nM,5.0
C3L-02549,25.3698075228917,12.65,1,CPTAC,CPTAC,,,17.6470758759427,,,17.6470758759427,CHEMBL941,CHEMBL203,Kd,10000.0,nM,5.0
C3L-02549,25.3698075228917,12.65,1,CPTAC,CPTAC,,,17.6470758759427,,,17.6470758759427,CHEMBL941,CHEMBL203,Kd,10000.0,nM,5.0
C3L-02549,25.3698075228917,12.65,1,CPTAC,CPTAC,,,17.6470758759427,,,17.6470758759427,CHEMBL941,CHEMBL203,Kd,7600.0,nM,5.119186407719209
C3L-02549,25.3698075228917,12.65,1,CPTAC,CPTAC,,,17.6470758759427,,,17.6470758759427,CHEMBL941,CHEMBL203,Kd,10000.0,nM,5.0
C3L-02549,25.3698075228917,12.65,1,CPTAC,CPTAC,,,17.6470758759427,,,17.6470758759427,CHEMBL941,CHEMBL203,Kd,10000.0,nM,5.0
C3L-02549,25.3698075228917,12.65,1,CPTAC,CPTAC,,,17.6470758759427,,,17.6470758759427,CHEMBL941,CHEMBL203,Kd,10000.0,nM,5.0
C3L-02549,25.3698075228917,12.65,1,CPTAC,CPTAC,,,17.6470758759427,,,17.6470758759427,CHEMBL941,CHEMBL203,Kd,10000.0,nM,5.0
C3L-02549,25.3698075228917,12.65,1,CPTAC,CPTAC,,,17.6470758759427,,,17.6470758759427,CHEMBL941,CHEMBL203,Kd,10000.0,nM,5.0
C3L-02549,25.3698075228917,12.65,1,CPTAC,CPTAC,,,17.6470758759427,,,17.6470758759427,CHEMBL1079742,CHEMBL203,IC50,420.0,nM,6.376750709602099
C3L-02549,25.3698075228917,12.65,1,CPTAC,CPTAC,,,17.6470758759427,,,17.6470758759427,CHEMBL1079742,CHEMBL203,IC50,15.0,nM,7.823908740944319
C3L-02549,25.3698075228917,12.65,1,CPTAC,CPTAC,,,17.6470758759427,,,17.6470758759427,CHEMBL941,CHEMBL203,Kd,10000.0,nM,5.0
C3L-02549,25.3698075228917,12.65,1,CPTAC,CPTAC,,,17.6470758759427,,,17.6470758759427,CHEMBL941,CHEMBL203,Kd,10000.0,nM,5.0
C3L-02549,25.3698075228917,12.65,1,CPTAC,CPTAC,,,17.6470758759427,,,17.6470758759427,CHEMBL941,CHEMBL203,Kd,10000.0,nM,5.0
C3L-02549,25.3698075228917,12.65,1,CPTAC,CPTAC,,,17.6470758759427,,,17.6470758759427,CHEMBL941,CHEMBL203,Kd,10000.0,nM,5.0
C3L-02549,25.3698075228917,12.65,1,CPTAC,CPTAC,,,17.6470758759427,,,17.6470758759427,CHEMBL941,CHEMBL203,Kd,7600.0,nM,5.119186407719209
C3L-02549,25.3698075228917,12.65,1,CPTAC,CPTAC,,,17.6470758759427,,,17.6470758759427,CHEMBL941,CHEMBL203,Kd,10000.0,nM,5.0
C3L-02549,25.3698075228917,12.65,1,CPTAC,CPTAC,,,17.6470758759427,,,17.6470758759427,CHEMBL941,CHEMBL203,Kd,10000.0,nM,5.0
C3L-02549,25.3698075228917,12.65,1,CPTAC,CPTAC,,,17.6470758759427,,,17.6470758759427,CHEMBL941,CHEMBL203,Kd,10000.0,nM,5.0
C3L-02549,25.3698075228917,12.65,1,CPTAC,CPTAC,,,17.6470758759427,,,17.6470758759427,CHEMBL941,CHEMBL203,Kd,10000.0,nM,5.0
C3L-02549,25.3698075228917,12.65,1,CPTAC,CPTAC,,,17.6470758759427,,,17.6470758759427,CHEMBL941,CHEMBL203,Kd,10000.0,nM,5.0
C3L-02549,25.3698075228917,12.65,1,CPTAC,CPTAC,,,17.6470758759427,,,17.6470758759427,CHEMBL941,CHEMBL203,Kd,10000.0,nM,5.0
C3L-02549,25.3698075228917,12.65,1,CPTAC,CPTAC,,,17.6470758759427,,,17.6470758759427,CHEMBL941,CHEMBL203,Kd,10000.0,nM,5.0
C3L-02549,25.3698075228917,12.65,1,CPTAC,CPTAC,,,17.6470758759427,,,17.6470758759427,CHEMBL941,CHEMBL203,Kd,30000.0,nM,4.522878745280337
C3L-02549,25.3698075228917,12.65,1,CPTAC,CPTAC,,,17.6470758759427,,,17.6470758759427,CHEMBL1079742,CHEMBL203,IC50,70.0,nM,7.154901959985743
C3L-02549,25.3698075228917,12.65,1,CPTAC,CPTAC,,,17.6470758759427,,,17.6470758759427,CHEMBL941,CHEMBL203,IC50,0.11,nM,9.958607314841775
C3L-02549,25.3698075228917,12.65,1,CPTAC,CPTAC,,,17.6470758759427,,,17.6470758759427,CHEMBL1079742,CHEMBL203,IC50,2.0,nM,8.698970004336019
C3N-00167,25.5990589194714,12.6,1,CPTAC,CPTAC,,,,,18.9414062257186,18.9414062257186,CHEMBL941,CHEMBL203,IC50,100000.0,nM,4.0
C3N-00167,25.5990589194714,12.6,1,CPTAC,CPTAC,,,,,18.9414062257186,18.9414062257186,CHEMBL941,CHEMBL203,Kd,10000.0,nM,5.0
C3N-00167,25.5990589194714,12.6,1,CPTAC,CPTAC,,,,,18.9414062257186,18.9414062257186,CHEMBL941,CHEMBL203,Kd,10000.0,nM,5.0
C3N-00167,25.5990589194714,12.6,1,CPTAC,CPTAC,,,,,18.9414062257186,18.9414062257186,CHEMBL941,CHEMBL203,Kd,10000.0,nM,5.0
C3N-00167,25.5990589194714,12.6,1,CPTAC,CPTAC,,,,,18.9414062257186,18.9414062257186,CHEMBL941,CHEMBL203,Kd,10000.0,nM,5.0
C3N-00167,25.5990589194714,12.6,1,CPTAC,CPTAC,,,,,18.9414062257186,18.9414062257186,CHEMBL941,CHEMBL203,Kd,7600.0,nM,5.119186407719209
C3N-00167,25.5990589194714,12.6,1,CPTAC,CPTAC,,,,,18.9414062257186,18.9414062257186,CHEMBL941,CHEMBL203,Kd,10000.0,nM,5.0
C3N-00167,25.5990589194714,12.6,1,CPTAC,CPTAC,,,,,18.9414062257186,18.9414062257186,CHEMBL941,CHEMBL203,Kd,10000.0,nM,5.0
C3N-00167,25.5990589194714,12.6,1,CPTAC,CPTAC,,,,,18.9414062257186,18.9414062257186,CHEMBL941,CHEMBL203,Kd,10000.0,nM,5.0
C3N-00167,25.5990589194714,12.6,1,CPTAC,CPTAC,,,,,18.9414062257186,18.9414062257186,CHEMBL941,CHEMBL203,Kd,10000.0,nM,5.0
C3N-00167,25.5990589194714,12.6,1,CPTAC,CPTAC,,,,,18.9414062257186,18.9414062257186,CHEMBL941,CHEMBL203,Kd,10000.0,nM,5.0
C3N-00167,25.5990589194714,12.6,1,CPTAC,CPTAC,,,,,18.9414062257186,18.9414062257186,CHEMBL1079742,CHEMBL203,IC50,420.0,nM,6.376750709602099
C3N-00167,25.5990589194714,12.6,1,CPTAC,CPTAC,,,,,18.9414062257186,18.9414062257186,CHEMBL1079742,CHEMBL203,IC50,15.0,nM,7.823908740944319
C3N-00167,25.5990589194714,12.6,1,CPTAC,CPTAC,,,,,18.9414062257186,18.9414062257186,CHEMBL941,CHEMBL203,Kd,10000.0,nM,5.0
C3N-00167,25.5990589194714,12.6,1,CPTAC,CPTAC,,,,,18.9414062257186,18.9414062257186,CHEMBL941,CHEMBL203,Kd,10000.0,nM,5.0
C3N-00167,25.5990589194714,12.6,1,CPTAC,CPTAC,,,,,18.9414062257186,18.9414062257186,CHEMBL941,CHEMBL203,Kd,10000.0,nM,5.0
C3N-00167,25.5990589194714,12.6,1,CPTAC,CPTAC,,,,,18.9414062257186,18.9414062257186,CHEMBL941,CHEMBL203,Kd,10000.0,nM,5.0
C3N-00167,25.5990589194714,12.6,1,CPTAC,CPTAC,,,,,18.9414062257186,18.9414062257186,CHEMBL941,CHEMBL203,Kd,7600.0,nM,5.119186407719209
C3N-00167,25.5990589194714,12.6,1,CPTAC,CPTAC,,,,,18.9414062257186,18.9414062257186,CHEMBL941,CHEMBL203,Kd,10000.0,nM,5.0
C3N-00167,25.5990589194714,12.6,1,CPTAC,CPTAC,,,,,18.9414062257186,18.9414062257186,CHEMBL941,CHEMBL203,Kd,10000.0,nM,5.0
C3N-00167,25.5990589194714,12.6,1,CPTAC,CPTAC,,,,,18.9414062257186,18.9414062257186,CHEMBL941,CHEMBL203,Kd,10000.0,nM,5.0
C3N-00167,25.5990589194714,12.6,1,CPTAC,CPTAC,,,,,18.9414062257186,18.9414062257186,CHEMBL941,CHEMBL203,Kd,10000.0,nM,5.0
C3N-00167,25.5990589194714,12.6,1,CPTAC,CPTAC,,,,,18.9414062257186,18.9414062257186,CHEMBL941,CHEMBL203,Kd,10000.0,nM,5.0
C3N-00167,25.5990589194714,12.6,1,CPTAC,CPTAC,,,,,18.9414062257186,18.9414062257186,CHEMBL941,CHEMBL203,Kd,10000.0,nM,5.0
C3N-00167,25.5990589194714,12.6,1,CPTAC,CPTAC,,,,,18.9414062257186,18.9414062257186,CHEMBL941,CHEMBL203,Kd,10000.0,nM,5.0
C3N-00167,25.5990589194714,12.6,1,CPTAC,CPTAC,,,,,18.9414062257186,18.9414062257186,CHEMBL941,CHEMBL203,Kd,30000.0,nM,4.522878745280337
C3N-00167,25.5990589194714,12.6,1,CPTAC,CPTAC,,,,,18.9414062257186,18.9414062257186,CHEMBL1079742,CHEMBL203,IC50,70.0,nM,7.154901959985743
C3N-00167,25.5990589194714,12.6,1,CPTAC,CPTAC,,,,,18.9414062257186,18.9414062257186,CHEMBL941,CHEMBL203,IC50,0.11,nM,9.958607314841775
C3N-00167,25.5990589194714,12.6,1,CPTAC,CPTAC,,,,,18.9414062257186,18.9414062257186,CHEMBL1079742,CHEMBL203,IC50,2.0,nM,8.698970004336019
C3N-00169,25.4250917731358,12.6,1,CPTAC,CPTAC,,,,,,,CHEMBL941,CHEMBL203,IC50,100000.0,nM,4.0
C3N-00169,25.4250917731358,12.6,1,CPTAC,CPTAC,,,,,,,CHEMBL941,CHEMBL203,Kd,10000.0,nM,5.0
C3N-00169,25.4250917731358,12.6,1,CPTAC,CPTAC,,,,,,,CHEMBL941,CHEMBL203,Kd,10000.0,nM,5.0
C3N-00169,25.4250917731358,12.6,1,CPTAC,CPTAC,,,,,,,CHEMBL941,CHEMBL203,Kd,10000.0,nM,5.0
C3N-00169,25.4250917731358,12.6,1,CPTAC,CPTAC,,,,,,,CHEMBL941,CHEMBL203,Kd,10000.0,nM,5.0
C3N-00169,25.4250917731358,12.6,1,CPTAC,CPTAC,,,,,,,CHEMBL941,CHEMBL203,Kd,7600.0,nM,5.119186407719209
C3N-00169,25.4250917731358,12.6,1,CPTAC,CPTAC,,,,,,,CHEMBL941,CHEMBL203,Kd,10000.0,nM,5.0
C3N-00169,25.4250917731358,12.6,1,CPTAC,CPTAC,,,,,,,CHEMBL941,CHEMBL203,Kd,10000.0,nM,5.0
C3N-00169,25.4250917731358,12.6,1,CPTAC,CPTAC,,,,,,,CHEMBL941,CHEMBL203,Kd,10000.0,nM,5.0
C3N-00169,25.4250917731358,12.6,1,CPTAC,CPTAC,,,,,,,CHEMBL941,CHEMBL203,Kd,10000.0,nM,5.0
C3N-00169,25.4250917731358,12.6,1,CPTAC,CPTAC,,,,,,,CHEMBL941,CHEMBL203,Kd,10000.0,nM,5.0
C3N-00169,25.4250917731358,12.6,1,CPTAC,CPTAC,,,,,,,CHEMBL1079742,CHEMBL203,IC50,420.0,nM,6.376750709602099
C3N-00169,25.4250917731358,12.6,1,CPTAC,CPTAC,,,,,,,CHEMBL1079742,CHEMBL203,IC50,15.0,nM,7.823908740944319
C3N-00169,25.4250917731358,12.6,1,CPTAC,CPTAC,,,,,,,CHEMBL941,CHEMBL203,Kd,10000.0,nM,5.0
C3N-00169,25.4250917731358,12.6,1,CPTAC,CPTAC,,,,,,,CHEMBL941,CHEMBL203,Kd,10000.0,nM,5.0
C3N-00169,25.4250917731358,12.6,1,CPTAC,CPTAC,,,,,,,CHEMBL941,CHEMBL203,Kd,10000.0,nM,5.0
C3N-00169,25.4250917731358,12.6,1,CPTAC,CPTAC,,,,,,,CHEMBL941,CHEMBL203,Kd,10000.0,nM,5.0
C3N-00169,25.4250917731358,12.6,1,CPTAC,CPTAC,,,,,,,CHEMBL941,CHEMBL203,Kd,7600.0,nM,5.119186407719209
C3N-00169,25.4250917731358,12.6,1,CPTAC,CPTAC,,,,,,,CHEMBL941,CHEMBL203,Kd,10000.0,nM,5.0
C3N-00169,25.4250917731358,12.6,1,CPTAC,CPTAC,,,,,,,CHEMBL941,CHEMBL203,Kd,10000.0,nM,5.0
C3N-00169,25.4250917731358,12.6,1,CPTAC,CPTAC,,,,,,,CHEMBL941,CHEMBL203,Kd,10000.0,nM,5.0
C3N-00169,25.4250917731358,12.6,1,CPTAC,CPTAC,,,,,,,CHEMBL941,CHEMBL203,Kd,10000.0,nM,5.0
C3N-00169,25.4250917731358,12.6,1,CPTAC,CPTAC,,,,,,,CHEMBL941,CHEMBL203,Kd,10000.0,nM,5.0
C3N-00169,25.4250917731358,12.6,1,CPTAC,CPTAC,,,,,,,CHEMBL941,CHEMBL203,Kd,10000.0,nM,5.0
C3N-00169,25.4250917731358,12.6,1,CPTAC,CPTAC,,,,,,,CHEMBL941,CHEMBL203,Kd,10000.0,nM,5.0
C3N-00169,25.4250917731358,12.6,1,CPTAC,CPTAC,,,,,,,CHEMBL941,CHEMBL203,Kd,30000.0,nM,4.522878745280337
C3N-00169,25.4250917731358,12.6,1,CPTAC,CPTAC,,,,,,,CHEMBL1079742,CHEMBL203,IC50,70.0,nM,7.154901959985743
C3N-00169,25.4250917731358,12.6,1,CPTAC,CPTAC,,,,,,,CHEMBL941,CHEMBL203,IC50,0.11,nM,9.958607314841775
C3N-00169,25.4250917731358,12.6,1,CPTAC,CPTAC,,,,,,,CHEMBL1079742,CHEMBL203,IC50,2.0,nM,8.698970004336019
C3N-00175,25.4406959938613,12.27,1,CPTAC,CPTAC,,,17.55734646737845,,,17.55734646737845,CHEMBL941,CHEMBL203,IC50,100000.0,nM,4.0
C3N-00175,25.4406959938613,12.27,1,CPTAC,CPTAC,,,17.55734646737845,,,17.55734646737845,CHEMBL941,CHEMBL203,Kd,10000.0,nM,5.0
C3N-00175,25.4406959938613,12.27,1,CPTAC,CPTAC,,,17.55734646737845,,,17.55734646737845,CHEMBL941,CHEMBL203,Kd,10000.0,nM,5.0
C3N-00175,25.4406959938613,12.27,1,CPTAC,CPTAC,,,17.55734646737845,,,17.55734646737845,CHEMBL941,CHEMBL203,Kd,10000.0,nM,5.0
C3N-00175,25.4406959938613,12.27,1,CPTAC,CPTAC,,,17.55734646737845,,,17.55734646737845,CHEMBL941,CHEMBL203,Kd,10000.0,nM,5.0
C3N-00175,25.4406959938613,12.27,1,CPTAC,CPTAC,,,17.55734646737845,,,17.55734646737845,CHEMBL941,CHEMBL203,Kd,7600.0,nM,5.119186407719209
C3N-00175,25.4406959938613,12.27,1,CPTAC,CPTAC,,,17.55734646737845,,,17.55734646737845,CHEMBL941,CHEMBL203,Kd,10000.0,nM,5.0
C3N-00175,25.4406959938613,12.27,1,CPTAC,CPTAC,,,17.55734646737845,,,17.55734646737845,CHEMBL941,CHEMBL203,Kd,10000.0,nM,5.0
C3N-00175,25.4406959938613,12.27,1,CPTAC,CPTAC,,,17.55734646737845,,,17.55734646737845,CHEMBL941,CHEMBL203,Kd,10000.0,nM,5.0
C3N-00175,25.4406959938613,12.27,1,CPTAC,CPTAC,,,17.55734646737845,,,17.55734646737845,CHEMBL941,CHEMBL203,Kd,10000.0,nM,5.0
C3N-00175,25.4406959938613,12.27,1,CPTAC,CPTAC,,,17.55734646737845,,,17.55734646737845,CHEMBL941,CHEMBL203,Kd,10000.0,nM,5.0
C3N-00175,25.4406959938613,12.27,1,CPTAC,CPTAC,,,17.55734646737845,,,17.55734646737845,CHEMBL1079742,CHEMBL203,IC50,420.0,nM,6.376750709602099
C3N-00175,25.4406959938613,12.27,1,CPTAC,CPTAC,,,17.55734646737845,,,17.55734646737845,CHEMBL1079742,CHEMBL203,IC50,15.0,nM,7.823908740944319
C3N-00175,25.4406959938613,12.27,1,CPTAC,CPTAC,,,17.55734646737845,,,17.55734646737845,CHEMBL941,CHEMBL203,Kd,10000.0,nM,5.0
C3N-00175,25.4406959938613,12.27,1,CPTAC,CPTAC,,,17.55734646737845,,,17.55734646737845,CHEMBL941,CHEMBL203,Kd,10000.0,nM,5.0
C3N-00175,25.4406959938613,12.27,1,CPTAC,CPTAC,,,17.55734646737845,,,17.55734646737845,CHEMBL941,CHEMBL203,Kd,10000.0,nM,5.0
C3N-00175,25.4406959938613,12.27,1,CPTAC,CPTAC,,,17.55734646737845,,,17.55734646737845,CHEMBL941,CHEMBL203,Kd,10000.0,nM,5.0
C3N-00175,25.4406959938613,12.27,1,CPTAC,CPTAC,,,17.55734646737845,,,17.55734646737845,CHEMBL941,CHEMBL203,Kd,7600.0,nM,5.119186407719209
C3N-00175,25.4406959938613,12.27,1,CPTAC,CPTAC,,,17.55734646737845,,,17.55734646737845,CHEMBL941,CHEMBL203,Kd,10000.0,nM,5.0
C3N-00175,25.4406959938613,12.27,1,CPTAC,CPTAC,,,17.55734646737845,,,17.55734646737845,CHEMBL941,CHEMBL203,Kd,10000.0,nM,5.0
C3N-00175,25.4406959938613,12.27,1,CPTAC,CPTAC,,,17.55734646737845,,,17.55734646737845,CHEMBL941,CHEMBL203,Kd,10000.0,nM,5.0
C3N-00175,25.4406959938613,12.27,1,CPTAC,CPTAC,,,17.55734646737845,,,17.55734646737845,CHEMBL941,CHEMBL203,Kd,10000.0,nM,5.0
C3N-00175,25.4406959938613,12.27,1,CPTAC,CPTAC,,,17.55734646737845,,,17.55734646737845,CHEMBL941,CHEMBL203,Kd,10000.0,nM,5.0
C3N-00175,25.4406959938613,12.27,1,CPTAC,CPTAC,,,17.55734646737845,,,17.55734646737845,CHEMBL941,CHEMBL203,Kd,10000.0,nM,5.0
C3N-00175,25.4406959938613,12.27,1,CPTAC,CPTAC,,,17.55734646737845,,,17.55734646737845,CHEMBL941,CHEMBL203,Kd,10000.0,nM,5.0
C3N-00175,25.4406959938613,12.27,1,CPTAC,CPTAC,,,17.55734646737845,,,17.55734646737845,CHEMBL941,CHEMBL203,Kd,30000.0,nM,4.522878745280337
C3N-00175,25.4406959938613,12.27,1,CPTAC,CPTAC,,,17.55734646737845,,,17.55734646737845,CHEMBL1079742,CHEMBL203,IC50,70.0,nM,7.154901959985743
C3N-00175,25.4406959938613,12.27,1,CPTAC,CPTAC,,,17.55734646737845,,,17.55734646737845,CHEMBL941,CHEMBL203,IC50,0.11,nM,9.958607314841775
C3N-00175,25.4406959938613,12.27,1,CPTAC,CPTAC,,,17.55734646737845,,,17.55734646737845,CHEMBL1079742,CHEMBL203,IC50,2.0,nM,8.698970004336019
C3N-00180,25.5752496404428,13.08,1,CPTAC,CPTAC,,,,,,,CHEMBL941,CHEMBL203,IC50,100000.0,nM,4.0
C3N-00180,25.5752496404428,13.08,1,CPTAC,CPTAC,,,,,,,CHEMBL941,CHEMBL203,Kd,10000.0,nM,5.0
C3N-00180,25.5752496404428,13.08,1,CPTAC,CPTAC,,,,,,,CHEMBL941,CHEMBL203,Kd,10000.0,nM,5.0
C3N-00180,25.5752496404428,13.08,1,CPTAC,CPTAC,,,,,,,CHEMBL941,CHEMBL203,Kd,10000.0,nM,5.0
C3N-00180,25.5752496404428,13.08,1,CPTAC,CPTAC,,,,,,,CHEMBL941,CHEMBL203,Kd,10000.0,nM,5.0
C3N-00180,25.5752496404428,13.08,1,CPTAC,CPTAC,,,,,,,CHEMBL941,CHEMBL203,Kd,7600.0,nM,5.119186407719209
C3N-00180,25.5752496404428,13.08,1,CPTAC,CPTAC,,,,,,,CHEMBL941,CHEMBL203,Kd,10000.0,nM,5.0
C3N-00180,25.5752496404428,13.08,1,CPTAC,CPTAC,,,,,,,CHEMBL941,CHEMBL203,Kd,10000.0,nM,5.0
C3N-00180,25.5752496404428,13.08,1,CPTAC,CPTAC,,,,,,,CHEMBL941,CHEMBL203,Kd,10000.0,nM,5.0
C3N-00180,25.5752496404428,13.08,1,CPTAC,CPTAC,,,,,,,CHEMBL941,CHEMBL203,Kd,10000.0,nM,5.0
C3N-00180,25.5752496404428,13.08,1,CPTAC,CPTAC,,,,,,,CHEMBL941,CHEMBL203,Kd,10000.0,nM,5.0
C3N-00180,25.5752496404428,13.08,1,CPTAC,CPTAC,,,,,,,CHEMBL1079742,CHEMBL203,IC50,420.0,nM,6.376750709602099
C3N-00180,25.5752496404428,13.08,1,CPTAC,CPTAC,,,,,,,CHEMBL1079742,CHEMBL203,IC50,15.0,nM,7.823908740944319
C3N-00180,25.5752496404428,13.08,1,CPTAC,CPTAC,,,,,,,CHEMBL941,CHEMBL203,Kd,10000.0,nM,5.0
C3N-00180,25.5752496404428,13.08,1,CPTAC,CPTAC,,,,,,,CHEMBL941,CHEMBL203,Kd,10000.0,nM,5.0
C3N-00180,25.5752496404428,13.08,1,CPTAC,CPTAC,,,,,,,CHEMBL941,CHEMBL203,Kd,10000.0,nM,5.0
C3N-00180,25.5752496404428,13.08,1,CPTAC,CPTAC,,,,,,,CHEMBL941,CHEMBL203,Kd,10000.0,nM,5.0
C3N-00180,25.5752496404428,13.08,1,CPTAC,CPTAC,,,,,,,CHEMBL941,CHEMBL203,Kd,7600.0,nM,5.119186407719209
C3N-00180,25.5752496404428,13.08,1,CPTAC,CPTAC,,,,,,,CHEMBL941,CHEMBL203,Kd,10000.0,nM,5.0
C3N-00180,25.5752496404428,13.08,1,CPTAC,CPTAC,,,,,,,CHEMBL941,CHEMBL203,Kd,10000.0,nM,5.0
C3N-00180,25.5752496404428,13.08,1,CPTAC,CPTAC,,,,,,,CHEMBL941,CHEMBL203,Kd,10000.0,nM,5.0
C3N-00180,25.5752496404428,13.08,1,CPTAC,CPTAC,,,,,,,CHEMBL941,CHEMBL203,Kd,10000.0,nM,5.0
C3N-00180,25.5752496404428,13.08,1,CPTAC,CPTAC,,,,,,,CHEMBL941,CHEMBL203,Kd,10000.0,nM,5.0
C3N-00180,25.5752496404428,13.08,1,CPTAC,CPTAC,,,,,,,CHEMBL941,CHEMBL203,Kd,10000.0,nM,5.0
C3N-00180,25.5752496404428,13.08,1,CPTAC,CPTAC,,,,,,,CHEMBL941,CHEMBL203,Kd,10000.0,nM,5.0
C3N-00180,25.5752496404428,13.08,1,CPTAC,CPTAC,,,,,,,CHEMBL941,CHEMBL203,Kd,30000.0,nM,4.522878745280337
C3N-00180,25.5752496404428,13.08,1,CPTAC,CPTAC,,,,,,,CHEMBL1079742,CHEMBL203,IC50,70.0,nM,7.154901959985743
C3N-00180,25.5752496404428,13.08,1,CPTAC,CPTAC,,,,,,,CHEMBL941,CHEMBL203,IC50,0.11,nM,9.958607314841775
C3N-00180,25.5752496404428,13.08,1,CPTAC,CPTAC,,,,,,,CHEMBL1079742,CHEMBL203,IC50,2.0,nM,8.698970004336019
C3N-00199,25.507511521819,12.81,1,CPTAC,CPTAC,,12.7013173580964,17.7926138668204,,19.7902750794112,16.761402101442666,CHEMBL941,CHEMBL203,IC50,100000.0,nM,4.0
C3N-00199,25.507511521819,12.81,1,CPTAC,CPTAC,,12.7013173580964,17.7926138668204,,19.7902750794112,16.761402101442666,CHEMBL941,CHEMBL203,Kd,10000.0,nM,5.0
C3N-00199,25.507511521819,12.81,1,CPTAC,CPTAC,,12.7013173580964,17.7926138668204,,19.7902750794112,16.761402101442666,CHEMBL941,CHEMBL203,Kd,10000.0,nM,5.0
C3N-00199,25.507511521819,12.81,1,CPTAC,CPTAC,,12.7013173580964,17.7926138668204,,19.7902750794112,16.761402101442666,CHEMBL941,CHEMBL203,Kd,10000.0,nM,5.0
C3N-00199,25.507511521819,12.81,1,CPTAC,CPTAC,,12.7013173580964,17.7926138668204,,19.7902750794112,16.761402101442666,CHEMBL941,CHEMBL203,Kd,10000.0,nM,5.0
C3N-00199,25.507511521819,12.81,1,CPTAC,CPTAC,,12.7013173580964,17.7926138668204,,19.7902750794112,16.761402101442666,CHEMBL941,CHEMBL203,Kd,7600.0,nM,5.119186407719209
C3N-00199,25.507511521819,12.81,1,CPTAC,CPTAC,,12.7013173580964,17.7926138668204,,19.7902750794112,16.761402101442666,CHEMBL941,CHEMBL203,Kd,10000.0,nM,5.0
C3N-00199,25.507511521819,12.81,1,CPTAC,CPTAC,,12.7013173580964,17.7926138668204,,19.7902750794112,16.761402101442666,CHEMBL941,CHEMBL203,Kd,10000.0,nM,5.0
C3N-00199,25.507511521819,12.81,1,CPTAC,CPTAC,,12.7013173580964,17.7926138668204,,19.7902750794112,16.761402101442666,CHEMBL941,CHEMBL203,Kd,10000.0,nM,5.0
C3N-00199,25.507511521819,12.81,1,CPTAC,CPTAC,,12.7013173580964,17.7926138668204,,19.7902750794112,16.761402101442666,CHEMBL941,CHEMBL203,Kd,10000.0,nM,5.0
C3N-00199,25.507511521819,12.81,1,CPTAC,CPTAC,,12.7013173580964,17.7926138668204,,19.7902750794112,16.761402101442666,CHEMBL941,CHEMBL203,Kd,10000.0,nM,5.0
C3N-00199,25.507511521819,12.81,1,CPTAC,CPTAC,,12.7013173580964,17.7926138668204,,19.7902750794112,16.761402101442666,CHEMBL1079742,CHEMBL203,IC50,420.0,nM,6.376750709602099
C3N-00199,25.507511521819,12.81,1,CPTAC,CPTAC,,12.7013173580964,17.7926138668204,,19.7902750794112,16.761402101442666,CHEMBL1079742,CHEMBL203,IC50,15.0,nM,7.823908740944319
C3N-00199,25.507511521819,12.81,1,CPTAC,CPTAC,,12.7013173580964,17.7926138668204,,19.7902750794112,16.761402101442666,CHEMBL941,CHEMBL203,Kd,10000.0,nM,5.0
C3N-00199,25.507511521819,12.81,1,CPTAC,CPTAC,,12.7013173580964,17.7926138668204,,19.7902750794112,16.761402101442666,CHEMBL941,CHEMBL203,Kd,10000.0,nM,5.0
C3N-00199,25.507511521819,12.81,1,CPTAC,CPTAC,,12.7013173580964,17.7926138668204,,19.7902750794112,16.761402101442666,CHEMBL941,CHEMBL203,Kd,10000.0,nM,5.0
C3N-00199,25.507511521819,12.81,1,CPTAC,CPTAC,,12.7013173580964,17.7926138668204,,19.7902750794112,16.761402101442666,CHEMBL941,CHEMBL203,Kd,10000.0,nM,5.0
C3N-00199,25.507511521819,12.81,1,CPTAC,CPTAC,,12.7013173580964,17.7926138668204,,19.7902750794112,16.761402101442666,CHEMBL941,CHEMBL203,Kd,7600.0,nM,5.119186407719209
C3N-00199,25.507511521819,12.81,1,CPTAC,CPTAC,,12.7013173580964,17.7926138668204,,19.7902750794112,16.761402101442666,CHEMBL941,CHEMBL203,Kd,10000.0,nM,5.0
C3N-00199,25.507511521819,12.81,1,CPTAC,CPTAC,,12.7013173580964,17.7926138668204,,19.7902750794112,16.761402101442666,CHEMBL941,CHEMBL203,Kd,10000.0,nM,5.0
C3N-00199,25.507511521819,12.81,1,CPTAC,CPTAC,,12.7013173580964,17.7926138668204,,19.7902750794112,16.761402101442666,CHEMBL941,CHEMBL203,Kd,10000.0,nM,5.0
C3N-00199,25.507511521819,12.81,1,CPTAC,CPTAC,,12.7013173580964,17.7926138668204,,19.7902750794112,16.761402101442666,CHEMBL941,CHEMBL203,Kd,10000.0,nM,5.0
C3N-00199,25.507511521819,12.81,1,CPTAC,CPTAC,,12.7013173580964,17.7926138668204,,19.7902750794112,16.761402101442666,CHEMBL941,CHEMBL203,Kd,10000.0,nM,5.0
C3N-00199,25.507511521819,12.81,1,CPTAC,CPTAC,,12.7013173580964,17.7926138668204,,19.7902750794112,16.761402101442666,CHEMBL941,CHEMBL203,Kd,10000.0,nM,5.0
C3N-00199,25.507511521819,12.81,1,CPTAC,CPTAC,,12.7013173580964,17.7926138668204,,19.7902750794112,16.761402101442666,CHEMBL941,CHEMBL203,Kd,10000.0,nM,5.0
C3N-00199,25.507511521819,12.81,1,CPTAC,CPTAC,,12.7013173580964,17.7926138668204,,19.7902750794112,16.761402101442666,CHEMBL941,CHEMBL203,Kd,30000.0,nM,4.522878745280337
C3N-00199,25.507511521819,12.81,1,CPTAC,CPTAC,,12.7013173580964,17.7926138668204,,19.7902750794112,16.761402101442666,CHEMBL1079742,CHEMBL203,IC50,70.0,nM,7.154901959985743
C3N-00199,25.507511521819,12.81,1,CPTAC,CPTAC,,12.7013173580964,17.7926138668204,,19.7902750794112,16.761402101442666,CHEMBL941,CHEMBL203,IC50,0.11,nM,9.958607314841775
C3N-00199,25.507511521819,12.81,1,CPTAC,CPTAC,,12.7013173580964,17.7926138668204,,19.7902750794112,16.761402101442666,CHEMBL1079742,CHEMBL203,IC50,2.0,nM,8.698970004336019
C3N-00203,25.6994680240892,12.2,1,CPTAC,CPTAC,,,18.2669136413368,,,18.2669136413368,CHEMBL941,CHEMBL203,IC50,100000.0,nM,4.0
C3N-00203,25.6994680240892,12.2,1,CPTAC,CPTAC,,,18.2669136413368,,,18.2669136413368,CHEMBL941,CHEMBL203,Kd,10000.0,nM,5.0
C3N-00203,25.6994680240892,12.2,1,CPTAC,CPTAC,,,18.2669136413368,,,18.2669136413368,CHEMBL941,CHEMBL203,Kd,10000.0,nM,5.0
C3N-00203,25.6994680240892,12.2,1,CPTAC,CPTAC,,,18.2669136413368,,,18.2669136413368,CHEMBL941,CHEMBL203,Kd,10000.0,nM,5.0
C3N-00203,25.6994680240892,12.2,1,CPTAC,CPTAC,,,18.2669136413368,,,18.2669136413368,CHEMBL941,CHEMBL203,Kd,10000.0,nM,5.0
C3N-00203,25.6994680240892,12.2,1,CPTAC,CPTAC,,,18.2669136413368,,,18.2669136413368,CHEMBL941,CHEMBL203,Kd,7600.0,nM,5.119186407719209
C3N-00203,25.6994680240892,12.2,1,CPTAC,CPTAC,,,18.2669136413368,,,18.2669136413368,CHEMBL941,CHEMBL203,Kd,10000.0,nM,5.0
C3N-00203,25.6994680240892,12.2,1,CPTAC,CPTAC,,,18.2669136413368,,,18.2669136413368,CHEMBL941,CHEMBL203,Kd,10000.0,nM,5.0
C3N-00203,25.6994680240892,12.2,1,CPTAC,CPTAC,,,18.2669136413368,,,18.2669136413368,CHEMBL941,CHEMBL203,Kd,10000.0,nM,5.0
C3N-00203,25.6994680240892,12.2,1,CPTAC,CPTAC,,,18.2669136413368,,,18.2669136413368,CHEMBL941,CHEMBL203,Kd,10000.0,nM,5.0
C3N-00203,25.6994680240892,12.2,1,CPTAC,CPTAC,,,18.2669136413368,,,18.2669136413368,CHEMBL941,CHEMBL203,Kd,10000.0,nM,5.0
C3N-00203,25.6994680240892,12.2,1,CPTAC,CPTAC,,,18.2669136413368,,,18.2669136413368,CHEMBL1079742,CHEMBL203,IC50,420.0,nM,6.376750709602099
C3N-00203,25.6994680240892,12.2,1,CPTAC,CPTAC,,,18.2669136413368,,,18.2669136413368,CHEMBL1079742,CHEMBL203,IC50,15.0,nM,7.823908740944319
C3N-00203,25.6994680240892,12.2,1,CPTAC,CPTAC,,,18.2669136413368,,,18.2669136413368,CHEMBL941,CHEMBL203,Kd,10000.0,nM,5.0
C3N-00203,25.6994680240892,12.2,1,CPTAC,CPTAC,,,18.2669136413368,,,18.2669136413368,CHEMBL941,CHEMBL203,Kd,10000.0,nM,5.0
C3N-00203,25.6994680240892,12.2,1,CPTAC,CPTAC,,,18.2669136413368,,,18.2669136413368,CHEMBL941,CHEMBL203,Kd,10000.0,nM,5.0
C3N-00203,25.6994680240892,12.2,1,CPTAC,CPTAC,,,18.2669136413368,,,18.2669136413368,CHEMBL941,CHEMBL203,Kd,10000.0,nM,5.0
C3N-00203,25.6994680240892,12.2,1,CPTAC,CPTAC,,,18.2669136413368,,,18.2669136413368,CHEMBL941,CHEMBL203,Kd,7600.0,nM,5.119186407719209
C3N-00203,25.6994680240892,12.2,1,CPTAC,CPTAC,,,18.2669136413368,,,18.2669136413368,CHEMBL941,CHEMBL203,Kd,10000.0,nM,5.0
C3N-00203,25.6994680240892,12.2,1,CPTAC,CPTAC,,,18.2669136413368,,,18.2669136413368,CHEMBL941,CHEMBL203,Kd,10000.0,nM,5.0
C3N-00203,25.6994680240892,12.2,1,CPTAC,CPTAC,,,18.2669136413368,,,18.2669136413368,CHEMBL941,CHEMBL203,Kd,10000.0,nM,5.0
C3N-00203,25.6994680240892,12.2,1,CPTAC,CPTAC,,,18.2669136413368,,,18.2669136413368,CHEMBL941,CHEMBL203,Kd,10000.0,nM,5.0
C3N-00203,25.6994680240892,12.2,1,CPTAC,CPTAC,,,18.2669136413368,,,18.2669136413368,CHEMBL941,CHEMBL203,Kd,10000.0,nM,5.0
C3N-00203,25.6994680240892,12.2,1,CPTAC,CPTAC,,,18.2669136413368,,,18.2669136413368,CHEMBL941,CHEMBL203,Kd,10000.0,nM,5.0
C3N-00203,25.6994680240892,12.2,1,CPTAC,CPTAC,,,18.2669136413368,,,18.2669136413368,CHEMBL941,CHEMBL203,Kd,10000.0,nM,5.0
C3N-00203,25.6994680240892,12.2,1,CPTAC,CPTAC,,,18.2669136413368,,,18.2669136413368,CHEMBL941,CHEMBL203,Kd,30000.0,nM,4.522878745280337
C3N-00203,25.6994680240892,12.2,1,CPTAC,CPTAC,,,18.2669136413368,,,18.2669136413368,CHEMBL1079742,CHEMBL203,IC50,70.0,nM,7.154901959985743
C3N-00203,25.6994680240892,12.2,1,CPTAC,CPTAC,,,18.2669136413368,,,18.2669136413368,CHEMBL941,CHEMBL203,IC50,0.11,nM,9.958607314841775
C3N-00203,25.6994680240892,12.2,1,CPTAC,CPTAC,,,18.2669136413368,,,18.2669136413368,CHEMBL1079742,CHEMBL203,IC50,2.0,nM,8.698970004336019
C3N-00217,25.5793786168385,12.68,1,CPTAC,CPTAC,,,,,19.453806346749047,19.453806346749047,CHEMBL941,CHEMBL203,IC50,100000.0,nM,4.0
C3N-00217,25.5793786168385,12.68,1,CPTAC,CPTAC,,,,,19.453806346749047,19.453806346749047,CHEMBL941,CHEMBL203,Kd,10000.0,nM,5.0
C3N-00217,25.5793786168385,12.68,1,CPTAC,CPTAC,,,,,19.453806346749047,19.453806346749047,CHEMBL941,CHEMBL203,Kd,10000.0,nM,5.0
C3N-00217,25.5793786168385,12.68,1,CPTAC,CPTAC,,,,,19.453806346749047,19.453806346749047,CHEMBL941,CHEMBL203,Kd,10000.0,nM,5.0
C3N-00217,25.5793786168385,12.68,1,CPTAC,CPTAC,,,,,19.453806346749047,19.453806346749047,CHEMBL941,CHEMBL203,Kd,10000.0,nM,5.0
C3N-00217,25.5793786168385,12.68,1,CPTAC,CPTAC,,,,,19.453806346749047,19.453806346749047,CHEMBL941,CHEMBL203,Kd,7600.0,nM,5.119186407719209
C3N-00217,25.5793786168385,12.68,1,CPTAC,CPTAC,,,,,19.453806346749047,19.453806346749047,CHEMBL941,CHEMBL203,Kd,10000.0,nM,5.0
C3N-00217,25.5793786168385,12.68,1,CPTAC,CPTAC,,,,,19.453806346749047,19.453806346749047,CHEMBL941,CHEMBL203,Kd,10000.0,nM,5.0
C3N-00217,25.5793786168385,12.68,1,CPTAC,CPTAC,,,,,19.453806346749047,19.453806346749047,CHEMBL941,CHEMBL203,Kd,10000.0,nM,5.0
C3N-00217,25.5793786168385,12.68,1,CPTAC,CPTAC,,,,,19.453806346749047,19.453806346749047,CHEMBL941,CHEMBL203,Kd,10000.0,nM,5.0
C3N-00217,25.5793786168385,12.68,1,CPTAC,CPTAC,,,,,19.453806346749047,19.453806346749047,CHEMBL941,CHEMBL203,Kd,10000.0,nM,5.0
C3N-00217,25.5793786168385,12.68,1,CPTAC,CPTAC,,,,,19.453806346749047,19.453806346749047,CHEMBL1079742,CHEMBL203,IC50,420.0,nM,6.376750709602099
C3N-00217,25.5793786168385,12.68,1,CPTAC,CPTAC,,,,,19.453806346749047,19.453806346749047,CHEMBL1079742,CHEMBL203,IC50,15.0,nM,7.823908740944319
C3N-00217,25.5793786168385,12.68,1,CPTAC,CPTAC,,,,,19.453806346749047,19.453806346749047,CHEMBL941,CHEMBL203,Kd,10000.0,nM,5.0
C3N-00217,25.5793786168385,12.68,1,CPTAC,CPTAC,,,,,19.453806346749047,19.453806346749047,CHEMBL941,CHEMBL203,Kd,10000.0,nM,5.0
C3N-00217,25.5793786168385,12.68,1,CPTAC,CPTAC,,,,,19.453806346749047,19.453806346749047,CHEMBL941,CHEMBL203,Kd,10000.0,nM,5.0
C3N-00217,25.5793786168385,12.68,1,CPTAC,CPTAC,,,,,19.453806346749047,19.453806346749047,CHEMBL941,CHEMBL203,Kd,10000.0,nM,5.0
C3N-00217,25.5793786168385,12.68,1,CPTAC,CPTAC,,,,,19.453806346749047,19.453806346749047,CHEMBL941,CHEMBL203,Kd,7600.0,nM,5.119186407719209
C3N-00217,25.5793786168385,12.68,1,CPTAC,CPTAC,,,,,19.453806346749047,19.453806346749047,CHEMBL941,CHEMBL203,Kd,10000.0,nM,5.0
C3N-00217,25.5793786168385,12.68,1,CPTAC,CPTAC,,,,,19.453806346749047,19.453806346749047,CHEMBL941,CHEMBL203,Kd,10000.0,nM,5.0
C3N-00217,25.5793786168385,12.68,1,CPTAC,CPTAC,,,,,19.453806346749047,19.453806346749047,CHEMBL941,CHEMBL203,Kd,10000.0,nM,5.0
C3N-00217,25.5793786168385,12.68,1,CPTAC,CPTAC,,,,,19.453806346749047,19.453806346749047,CHEMBL941,CHEMBL203,Kd,10000.0,nM,5.0
C3N-00217,25.5793786168385,12.68,1,CPTAC,CPTAC,,,,,19.453806346749047,19.453806346749047,CHEMBL941,CHEMBL203,Kd,10000.0,nM,5.0
C3N-00217,25.5793786168385,12.68,1,CPTAC,CPTAC,,,,,19.453806346749047,19.453806346749047,CHEMBL941,CHEMBL203,Kd,10000.0,nM,5.0
C3N-00217,25.5793786168385,12.68,1,CPTAC,CPTAC,,,,,19.453806346749047,19.453806346749047,CHEMBL941,CHEMBL203,Kd,10000.0,nM,5.0
C3N-00217,25.5793786168385,12.68,1,CPTAC,CPTAC,,,,,19.453806346749047,19.453806346749047,CHEMBL941,CHEMBL203,Kd,30000.0,nM,4.522878745280337
C3N-00217,25.5793786168385,12.68,1,CPTAC,CPTAC,,,,,19.453806346749047,19.453806346749047,CHEMBL1079742,CHEMBL203,IC50,70.0,nM,7.154901959985743
C3N-00217,25.5793786168385,12.68,1,CPTAC,CPTAC,,,,,19.453806346749047,19.453806346749047,CHEMBL941,CHEMBL203,IC50,0.11,nM,9.958607314841775
C3N-00217,25.5793786168385,12.68,1,CPTAC,CPTAC,,,,,19.453806346749047,19.453806346749047,CHEMBL1079742,CHEMBL203,IC50,2.0,nM,8.698970004336019
C3N-00223,25.4532535012834,12.48,1,CPTAC,CPTAC,,,,,,,CHEMBL941,CHEMBL203,IC50,100000.0,nM,4.0
C3N-00223,25.4532535012834,12.48,1,CPTAC,CPTAC,,,,,,,CHEMBL941,CHEMBL203,Kd,10000.0,nM,5.0
C3N-00223,25.4532535012834,12.48,1,CPTAC,CPTAC,,,,,,,CHEMBL941,CHEMBL203,Kd,10000.0,nM,5.0
C3N-00223,25.4532535012834,12.48,1,CPTAC,CPTAC,,,,,,,CHEMBL941,CHEMBL203,Kd,10000.0,nM,5.0
C3N-00223,25.4532535012834,12.48,1,CPTAC,CPTAC,,,,,,,CHEMBL941,CHEMBL203,Kd,10000.0,nM,5.0
C3N-00223,25.4532535012834,12.48,1,CPTAC,CPTAC,,,,,,,CHEMBL941,CHEMBL203,Kd,7600.0,nM,5.119186407719209
C3N-00223,25.4532535012834,12.48,1,CPTAC,CPTAC,,,,,,,CHEMBL941,CHEMBL203,Kd,10000.0,nM,5.0
C3N-00223,25.4532535012834,12.48,1,CPTAC,CPTAC,,,,,,,CHEMBL941,CHEMBL203,Kd,10000.0,nM,5.0
C3N-00223,25.4532535012834,12.48,1,CPTAC,CPTAC,,,,,,,CHEMBL941,CHEMBL203,Kd,10000.0,nM,5.0
C3N-00223,25.4532535012834,12.48,1,CPTAC,CPTAC,,,,,,,CHEMBL941,CHEMBL203,Kd,10000.0,nM,5.0
C3N-00223,25.4532535012834,12.48,1,CPTAC,CPTAC,,,,,,,CHEMBL941,CHEMBL203,Kd,10000.0,nM,5.0
C3N-00223,25.4532535012834,12.48,1,CPTAC,CPTAC,,,,,,,CHEMBL1079742,CHEMBL203,IC50,420.0,nM,6.376750709602099
C3N-00223,25.4532535012834,12.48,1,CPTAC,CPTAC,,,,,,,CHEMBL1079742,CHEMBL203,IC50,15.0,nM,7.823908740944319
C3N-00223,25.4532535012834,12.48,1,CPTAC,CPTAC,,,,,,,CHEMBL941,CHEMBL203,Kd,10000.0,nM,5.0
C3N-00223,25.4532535012834,12.48,1,CPTAC,CPTAC,,,,,,,CHEMBL941,CHEMBL203,Kd,10000.0,nM,5.0
C3N-00223,25.4532535012834,12.48,1,CPTAC,CPTAC,,,,,,,CHEMBL941,CHEMBL203,Kd,10000.0,nM,5.0
C3N-00223,25.4532535012834,12.48,1,CPTAC,CPTAC,,,,,,,CHEMBL941,CHEMBL203,Kd,10000.0,nM,5.0
C3N-00223,25.4532535012834,12.48,1,CPTAC,CPTAC,,,,,,,CHEMBL941,CHEMBL203,Kd,7600.0,nM,5.119186407719209
C3N-00223,25.4532535012834,12.48,1,CPTAC,CPTAC,,,,,,,CHEMBL941,CHEMBL203,Kd,10000.0,nM,5.0
C3N-00223,25.4532535012834,12.48,1,CPTAC,CPTAC,,,,,,,CHEMBL941,CHEMBL203,Kd,10000.0,nM,5.0
C3N-00223,25.4532535012834,12.48,1,CPTAC,CPTAC,,,,,,,CHEMBL941,CHEMBL203,Kd,10000.0,nM,5.0
C3N-00223,25.4532535012834,12.48,1,CPTAC,CPTAC,,,,,,,CHEMBL941,CHEMBL203,Kd,10000.0,nM,5.0
C3N-00223,25.4532535012834,12.48,1,CPTAC,CPTAC,,,,,,,CHEMBL941,CHEMBL203,Kd,10000.0,nM,5.0
C3N-00223,25.4532535012834,12.48,1,CPTAC,CPTAC,,,,,,,CHEMBL941,CHEMBL203,Kd,10000.0,nM,5.0
C3N-00223,25.4532535012834,12.48,1,CPTAC,CPTAC,,,,,,,CHEMBL941,CHEMBL203,Kd,10000.0,nM,5.0
C3N-00223,25.4532535012834,12.48,1,CPTAC,CPTAC,,,,,,,CHEMBL941,CHEMBL203,Kd,30000.0,nM,4.522878745280337
C3N-00223,25.4532535012834,12.48,1,CPTAC,CPTAC,,,,,,,CHEMBL1079742,CHEMBL203,IC50,70.0,nM,7.154901959985743
C3N-00223,25.4532535012834,12.48,1,CPTAC,CPTAC,,,,,,,CHEMBL941,CHEMBL203,IC50,0.11,nM,9.958607314841775
C3N-00223,25.4532535012834,12.48,1,CPTAC,CPTAC,,,,,,,CHEMBL1079742,CHEMBL203,IC50,2.0,nM,8.698970004336019
C3N-00293,25.0082582903554,12.72,1,CPTAC,CPTAC,,,,,,,CHEMBL941,CHEMBL203,IC50,100000.0,nM,4.0
C3N-00293,25.0082582903554,12.72,1,CPTAC,CPTAC,,,,,,,CHEMBL941,CHEMBL203,Kd,10000.0,nM,5.0
C3N-00293,25.0082582903554,12.72,1,CPTAC,CPTAC,,,,,,,CHEMBL941,CHEMBL203,Kd,10000.0,nM,5.0
C3N-00293,25.0082582903554,12.72,1,CPTAC,CPTAC,,,,,,,CHEMBL941,CHEMBL203,Kd,10000.0,nM,5.0
C3N-00293,25.0082582903554,12.72,1,CPTAC,CPTAC,,,,,,,CHEMBL941,CHEMBL203,Kd,10000.0,nM,5.0
C3N-00293,25.0082582903554,12.72,1,CPTAC,CPTAC,,,,,,,CHEMBL941,CHEMBL203,Kd,7600.0,nM,5.119186407719209
C3N-00293,25.0082582903554,12.72,1,CPTAC,CPTAC,,,,,,,CHEMBL941,CHEMBL203,Kd,10000.0,nM,5.0
C3N-00293,25.0082582903554,12.72,1,CPTAC,CPTAC,,,,,,,CHEMBL941,CHEMBL203,Kd,10000.0,nM,5.0
C3N-00293,25.0082582903554,12.72,1,CPTAC,CPTAC,,,,,,,CHEMBL941,CHEMBL203,Kd,10000.0,nM,5.0
C3N-00293,25.0082582903554,12.72,1,CPTAC,CPTAC,,,,,,,CHEMBL941,CHEMBL203,Kd,10000.0,nM,5.0
C3N-00293,25.0082582903554,12.72,1,CPTAC,CPTAC,,,,,,,CHEMBL941,CHEMBL203,Kd,10000.0,nM,5.0
C3N-00293,25.0082582903554,12.72,1,CPTAC,CPTAC,,,,,,,CHEMBL1079742,CHEMBL203,IC50,420.0,nM,6.376750709602099
C3N-00293,25.0082582903554,12.72,1,CPTAC,CPTAC,,,,,,,CHEMBL1079742,CHEMBL203,IC50,15.0,nM,7.823908740944319
C3N-00293,25.0082582903554,12.72,1,CPTAC,CPTAC,,,,,,,CHEMBL941,CHEMBL203,Kd,10000.0,nM,5.0
C3N-00293,25.0082582903554,12.72,1,CPTAC,CPTAC,,,,,,,CHEMBL941,CHEMBL203,Kd,10000.0,nM,5.0
C3N-00293,25.0082582903554,12.72,1,CPTAC,CPTAC,,,,,,,CHEMBL941,CHEMBL203,Kd,10000.0,nM,5.0
C3N-00293,25.0082582903554,12.72,1,CPTAC,CPTAC,,,,,,,CHEMBL941,CHEMBL203,Kd,10000.0,nM,5.0
C3N-00293,25.0082582903554,12.72,1,CPTAC,CPTAC,,,,,,,CHEMBL941,CHEMBL203,Kd,7600.0,nM,5.119186407719209
C3N-00293,25.0082582903554,12.72,1,CPTAC,CPTAC,,,,,,,CHEMBL941,CHEMBL203,Kd,10000.0,nM,5.0
C3N-00293,25.0082582903554,12.72,1,CPTAC,CPTAC,,,,,,,CHEMBL941,CHEMBL203,Kd,10000.0,nM,5.0
C3N-00293,25.0082582903554,12.72,1,CPTAC,CPTAC,,,,,,,CHEMBL941,CHEMBL203,Kd,10000.0,nM,5.0
C3N-00293,25.0082582903554,12.72,1,CPTAC,CPTAC,,,,,,,CHEMBL941,CHEMBL203,Kd,10000.0,nM,5.0
C3N-00293,25.0082582903554,12.72,1,CPTAC,CPTAC,,,,,,,CHEMBL941,CHEMBL203,Kd,10000.0,nM,5.0
C3N-00293,25.0082582903554,12.72,1,CPTAC,CPTAC,,,,,,,CHEMBL941,CHEMBL203,Kd,10000.0,nM,5.0
C3N-00293,25.0082582903554,12.72,1,CPTAC,CPTAC,,,,,,,CHEMBL941,CHEMBL203,Kd,10000.0,nM,5.0
C3N-00293,25.0082582903554,12.72,1,CPTAC,CPTAC,,,,,,,CHEMBL941,CHEMBL203,Kd,30000.0,nM,4.522878745280337
C3N-00293,25.0082582903554,12.72,1,CPTAC,CPTAC,,,,,,,CHEMBL1079742,CHEMBL203,IC50,70.0,nM,7.154901959985743
C3N-00293,25.0082582903554,12.72,1,CPTAC,CPTAC,,,,,,,CHEMBL941,CHEMBL203,IC50,0.11,nM,9.958607314841775
C3N-00293,25.0082582903554,12.72,1,CPTAC,CPTAC,,,,,,,CHEMBL1079742,CHEMBL203,IC50,2.0,nM,8.698970004336019
C3N-00433,25.3612735274927,12.1,1,CPTAC,CPTAC,,,,,,,CHEMBL941,CHEMBL203,IC50,100000.0,nM,4.0
C3N-00433,25.3612735274927,12.1,1,CPTAC,CPTAC,,,,,,,CHEMBL941,CHEMBL203,Kd,10000.0,nM,5.0
C3N-00433,25.3612735274927,12.1,1,CPTAC,CPTAC,,,,,,,CHEMBL941,CHEMBL203,Kd,10000.0,nM,5.0
C3N-00433,25.3612735274927,12.1,1,CPTAC,CPTAC,,,,,,,CHEMBL941,CHEMBL203,Kd,10000.0,nM,5.0
C3N-00433,25.3612735274927,12.1,1,CPTAC,CPTAC,,,,,,,CHEMBL941,CHEMBL203,Kd,10000.0,nM,5.0
C3N-00433,25.3612735274927,12.1,1,CPTAC,CPTAC,,,,,,,CHEMBL941,CHEMBL203,Kd,7600.0,nM,5.119186407719209
C3N-00433,25.3612735274927,12.1,1,CPTAC,CPTAC,,,,,,,CHEMBL941,CHEMBL203,Kd,10000.0,nM,5.0
C3N-00433,25.3612735274927,12.1,1,CPTAC,CPTAC,,,,,,,CHEMBL941,CHEMBL203,Kd,10000.0,nM,5.0
C3N-00433,25.3612735274927,12.1,1,CPTAC,CPTAC,,,,,,,CHEMBL941,CHEMBL203,Kd,10000.0,nM,5.0
C3N-00433,25.3612735274927,12.1,1,CPTAC,CPTAC,,,,,,,CHEMBL941,CHEMBL203,Kd,10000.0,nM,5.0
C3N-00433,25.3612735274927,12.1,1,CPTAC,CPTAC,,,,,,,CHEMBL941,CHEMBL203,Kd,10000.0,nM,5.0
C3N-00433,25.3612735274927,12.1,1,CPTAC,CPTAC,,,,,,,CHEMBL1079742,CHEMBL203,IC50,420.0,nM,6.376750709602099
C3N-00433,25.3612735274927,12.1,1,CPTAC,CPTAC,,,,,,,CHEMBL1079742,CHEMBL203,IC50,15.0,nM,7.823908740944319
C3N-00433,25.3612735274927,12.1,1,CPTAC,CPTAC,,,,,,,CHEMBL941,CHEMBL203,Kd,10000.0,nM,5.0
C3N-00433,25.3612735274927,12.1,1,CPTAC,CPTAC,,,,,,,CHEMBL941,CHEMBL203,Kd,10000.0,nM,5.0
C3N-00433,25.3612735274927,12.1,1,CPTAC,CPTAC,,,,,,,CHEMBL941,CHEMBL203,Kd,10000.0,nM,5.0
C3N-00433,25.3612735274927,12.1,1,CPTAC,CPTAC,,,,,,,CHEMBL941,CHEMBL203,Kd,10000.0,nM,5.0
C3N-00433,25.3612735274927,12.1,1,CPTAC,CPTAC,,,,,,,CHEMBL941,CHEMBL203,Kd,7600.0,nM,5.119186407719209
C3N-00433,25.3612735274927,12.1,1,CPTAC,CPTAC,,,,,,,CHEMBL941,CHEMBL203,Kd,10000.0,nM,5.0
C3N-00433,25.3612735274927,12.1,1,CPTAC,CPTAC,,,,,,,CHEMBL941,CHEMBL203,Kd,10000.0,nM,5.0
C3N-00433,25.3612735274927,12.1,1,CPTAC,CPTAC,,,,,,,CHEMBL941,CHEMBL203,Kd,10000.0,nM,5.0
C3N-00433,25.3612735274927,12.1,1,CPTAC,CPTAC,,,,,,,CHEMBL941,CHEMBL203,Kd,10000.0,nM,5.0
C3N-00433,25.3612735274927,12.1,1,CPTAC,CPTAC,,,,,,,CHEMBL941,CHEMBL203,Kd,10000.0,nM,5.0
C3N-00433,25.3612735274927,12.1,1,CPTAC,CPTAC,,,,,,,CHEMBL941,CHEMBL203,Kd,10000.0,nM,5.0
C3N-00433,25.3612735274927,12.1,1,CPTAC,CPTAC,,,,,,,CHEMBL941,CHEMBL203,Kd,10000.0,nM,5.0
C3N-00433,25.3612735274927,12.1,1,CPTAC,CPTAC,,,,,,,CHEMBL941,CHEMBL203,Kd,30000.0,nM,4.522878745280337
C3N-00433,25.3612735274927,12.1,1,CPTAC,CPTAC,,,,,,,CHEMBL1079742,CHEMBL203,IC50,70.0,nM,7.154901959985743
C3N-00433,25.3612735274927,12.1,1,CPTAC,CPTAC,,,,,,,CHEMBL941,CHEMBL203,IC50,0.11,nM,9.958607314841775
C3N-00433,25.3612735274927,12.1,1,CPTAC,CPTAC,,,,,,,CHEMBL1079742,CHEMBL203,IC50,2.0,nM,8.698970004336019
C3N-00546,25.3910762553774,12.78,1,CPTAC,CPTAC,,,18.21680060337085,,19.2092088906635,18.713004747017173,CHEMBL941,CHEMBL203,IC50,100000.0,nM,4.0
C3N-00546,25.3910762553774,12.78,1,CPTAC,CPTAC,,,18.21680060337085,,19.2092088906635,18.713004747017173,CHEMBL941,CHEMBL203,Kd,10000.0,nM,5.0
C3N-00546,25.3910762553774,12.78,1,CPTAC,CPTAC,,,18.21680060337085,,19.2092088906635,18.713004747017173,CHEMBL941,CHEMBL203,Kd,10000.0,nM,5.0
C3N-00546,25.3910762553774,12.78,1,CPTAC,CPTAC,,,18.21680060337085,,19.2092088906635,18.713004747017173,CHEMBL941,CHEMBL203,Kd,10000.0,nM,5.0
C3N-00546,25.3910762553774,12.78,1,CPTAC,CPTAC,,,18.21680060337085,,19.2092088906635,18.713004747017173,CHEMBL941,CHEMBL203,Kd,10000.0,nM,5.0
C3N-00546,25.3910762553774,12.78,1,CPTAC,CPTAC,,,18.21680060337085,,19.2092088906635,18.713004747017173,CHEMBL941,CHEMBL203,Kd,7600.0,nM,5.119186407719209
C3N-00546,25.3910762553774,12.78,1,CPTAC,CPTAC,,,18.21680060337085,,19.2092088906635,18.713004747017173,CHEMBL941,CHEMBL203,Kd,10000.0,nM,5.0
C3N-00546,25.3910762553774,12.78,1,CPTAC,CPTAC,,,18.21680060337085,,19.2092088906635,18.713004747017173,CHEMBL941,CHEMBL203,Kd,10000.0,nM,5.0
C3N-00546,25.3910762553774,12.78,1,CPTAC,CPTAC,,,18.21680060337085,,19.2092088906635,18.713004747017173,CHEMBL941,CHEMBL203,Kd,10000.0,nM,5.0
C3N-00546,25.3910762553774,12.78,1,CPTAC,CPTAC,,,18.21680060337085,,19.2092088906635,18.713004747017173,CHEMBL941,CHEMBL203,Kd,10000.0,nM,5.0
C3N-00546,25.3910762553774,12.78,1,CPTAC,CPTAC,,,18.21680060337085,,19.2092088906635,18.713004747017173,CHEMBL941,CHEMBL203,Kd,10000.0,nM,5.0
C3N-00546,25.3910762553774,12.78,1,CPTAC,CPTAC,,,18.21680060337085,,19.2092088906635,18.713004747017173,CHEMBL1079742,CHEMBL203,IC50,420.0,nM,6.376750709602099
C3N-00546,25.3910762553774,12.78,1,CPTAC,CPTAC,,,18.21680060337085,,19.2092088906635,18.713004747017173,CHEMBL1079742,CHEMBL203,IC50,15.0,nM,7.823908740944319
C3N-00546,25.3910762553774,12.78,1,CPTAC,CPTAC,,,18.21680060337085,,19.2092088906635,18.713004747017173,CHEMBL941,CHEMBL203,Kd,10000.0,nM,5.0
C3N-00546,25.3910762553774,12.78,1,CPTAC,CPTAC,,,18.21680060337085,,19.2092088906635,18.713004747017173,CHEMBL941,CHEMBL203,Kd,10000.0,nM,5.0
C3N-00546,25.3910762553774,12.78,1,CPTAC,CPTAC,,,18.21680060337085,,19.2092088906635,18.713004747017173,CHEMBL941,CHEMBL203,Kd,10000.0,nM,5.0
C3N-00546,25.3910762553774,12.78,1,CPTAC,CPTAC,,,18.21680060337085,,19.2092088906635,18.713004747017173,CHEMBL941,CHEMBL203,Kd,10000.0,nM,5.0
C3N-00546,25.3910762553774,12.78,1,CPTAC,CPTAC,,,18.21680060337085,,19.2092088906635,18.713004747017173,CHEMBL941,CHEMBL203,Kd,7600.0,nM,5.119186407719209
C3N-00546,25.3910762553774,12.78,1,CPTAC,CPTAC,,,18.21680060337085,,19.2092088906635,18.713004747017173,CHEMBL941,CHEMBL203,Kd,10000.0,nM,5.0
C3N-00546,25.3910762553774,12.78,1,CPTAC,CPTAC,,,18.21680060337085,,19.2092088906635,18.713004747017173,CHEMBL941,CHEMBL203,Kd,10000.0,nM,5.0
C3N-00546,25.3910762553774,12.78,1,CPTAC,CPTAC,,,18.21680060337085,,19.2092088906635,18.713004747017173,CHEMBL941,CHEMBL203,Kd,10000.0,nM,5.0
C3N-00546,25.3910762553774,12.78,1,CPTAC,CPTAC,,,18.21680060337085,,19.2092088906635,18.713004747017173,CHEMBL941,CHEMBL203,Kd,10000.0,nM,5.0
C3N-00546,25.3910762553774,12.78,1,CPTAC,CPTAC,,,18.21680060337085,,19.2092088906635,18.713004747017173,CHEMBL941,CHEMBL203,Kd,10000.0,nM,5.0
C3N-00546,25.3910762553774,12.78,1,CPTAC,CPTAC,,,18.21680060337085,,19.2092088906635,18.713004747017173,CHEMBL941,CHEMBL203,Kd,10000.0,nM,5.0
C3N-00546,25.3910762553774,12.78,1,CPTAC,CPTAC,,,18.21680060337085,,19.2092088906635,18.713004747017173,CHEMBL941,CHEMBL203,Kd,10000.0,nM,5.0
C3N-00546,25.3910762553774,12.78,1,CPTAC,CPTAC,,,18.21680060337085,,19.2092088906635,18.713004747017173,CHEMBL941,CHEMBL203,Kd,30000.0,nM,4.522878745280337
C3N-00546,25.3910762553774,12.78,1,CPTAC,CPTAC,,,18.21680060337085,,19.2092088906635,18.713004747017173,CHEMBL1079742,CHEMBL203,IC50,70.0,nM,7.154901959985743
C3N-00546,25.3910762553774,12.78,1,CPTAC,CPTAC,,,18.21680060337085,,19.2092088906635,18.713004747017173,CHEMBL941,CHEMBL203,IC50,0.11,nM,9.958607314841775
C3N-00546,25.3910762553774,12.78,1,CPTAC,CPTAC,,,18.21680060337085,,19.2092088906635,18.713004747017173,CHEMBL1079742,CHEMBL203,IC50,2.0,nM,8.698970004336019
C3N-00547,25.3613166160247,12.64,1,CPTAC,CPTAC,,,,,17.809195319469453,17.809195319469453,CHEMBL941,CHEMBL203,IC50,100000.0,nM,4.0
C3N-00547,25.3613166160247,12.64,1,CPTAC,CPTAC,,,,,17.809195319469453,17.809195319469453,CHEMBL941,CHEMBL203,Kd,10000.0,nM,5.0
C3N-00547,25.3613166160247,12.64,1,CPTAC,CPTAC,,,,,17.809195319469453,17.809195319469453,CHEMBL941,CHEMBL203,Kd,10000.0,nM,5.0
C3N-00547,25.3613166160247,12.64,1,CPTAC,CPTAC,,,,,17.809195319469453,17.809195319469453,CHEMBL941,CHEMBL203,Kd,10000.0,nM,5.0
C3N-00547,25.3613166160247,12.64,1,CPTAC,CPTAC,,,,,17.809195319469453,17.809195319469453,CHEMBL941,CHEMBL203,Kd,10000.0,nM,5.0
C3N-00547,25.3613166160247,12.64,1,CPTAC,CPTAC,,,,,17.809195319469453,17.809195319469453,CHEMBL941,CHEMBL203,Kd,7600.0,nM,5.119186407719209
C3N-00547,25.3613166160247,12.64,1,CPTAC,CPTAC,,,,,17.809195319469453,17.809195319469453,CHEMBL941,CHEMBL203,Kd,10000.0,nM,5.0
C3N-00547,25.3613166160247,12.64,1,CPTAC,CPTAC,,,,,17.809195319469453,17.809195319469453,CHEMBL941,CHEMBL203,Kd,10000.0,nM,5.0
C3N-00547,25.3613166160247,12.64,1,CPTAC,CPTAC,,,,,17.809195319469453,17.809195319469453,CHEMBL941,CHEMBL203,Kd,10000.0,nM,5.0
C3N-00547,25.3613166160247,12.64,1,CPTAC,CPTAC,,,,,17.809195319469453,17.809195319469453,CHEMBL941,CHEMBL203,Kd,10000.0,nM,5.0
C3N-00547,25.3613166160247,12.64,1,CPTAC,CPTAC,,,,,17.809195319469453,17.809195319469453,CHEMBL941,CHEMBL203,Kd,10000.0,nM,5.0
C3N-00547,25.3613166160247,12.64,1,CPTAC,CPTAC,,,,,17.809195319469453,17.809195319469453,CHEMBL1079742,CHEMBL203,IC50,420.0,nM,6.376750709602099
C3N-00547,25.3613166160247,12.64,1,CPTAC,CPTAC,,,,,17.809195319469453,17.809195319469453,CHEMBL1079742,CHEMBL203,IC50,15.0,nM,7.823908740944319
C3N-00547,25.3613166160247,12.64,1,CPTAC,CPTAC,,,,,17.809195319469453,17.809195319469453,CHEMBL941,CHEMBL203,Kd,10000.0,nM,5.0
C3N-00547,25.3613166160247,12.64,1,CPTAC,CPTAC,,,,,17.809195319469453,17.809195319469453,CHEMBL941,CHEMBL203,Kd,10000.0,nM,5.0
C3N-00547,25.3613166160247,12.64,1,CPTAC,CPTAC,,,,,17.809195319469453,17.809195319469453,CHEMBL941,CHEMBL203,Kd,10000.0,nM,5.0
C3N-00547,25.3613166160247,12.64,1,CPTAC,CPTAC,,,,,17.809195319469453,17.809195319469453,CHEMBL941,CHEMBL203,Kd,10000.0,nM,5.0
C3N-00547,25.3613166160247,12.64,1,CPTAC,CPTAC,,,,,17.809195319469453,17.809195319469453,CHEMBL941,CHEMBL203,Kd,7600.0,nM,5.119186407719209
C3N-00547,25.3613166160247,12.64,1,CPTAC,CPTAC,,,,,17.809195319469453,17.809195319469453,CHEMBL941,CHEMBL203,Kd,10000.0,nM,5.0
C3N-00547,25.3613166160247,12.64,1,CPTAC,CPTAC,,,,,17.809195319469453,17.809195319469453,CHEMBL941,CHEMBL203,Kd,10000.0,nM,5.0
C3N-00547,25.3613166160247,12.64,1,CPTAC,CPTAC,,,,,17.809195319469453,17.809195319469453,CHEMBL941,CHEMBL203,Kd,10000.0,nM,5.0
C3N-00547,25.3613166160247,12.64,1,CPTAC,CPTAC,,,,,17.809195319469453,17.809195319469453,CHEMBL941,CHEMBL203,Kd,10000.0,nM,5.0
C3N-00547,25.3613166160247,12.64,1,CPTAC,CPTAC,,,,,17.809195319469453,17.809195319469453,CHEMBL941,CHEMBL203,Kd,10000.0,nM,5.0
C3N-00547,25.3613166160247,12.64,1,CPTAC,CPTAC,,,,,17.809195319469453,17.809195319469453,CHEMBL941,CHEMBL203,Kd,10000.0,nM,5.0
C3N-00547,25.3613166160247,12.64,1,CPTAC,CPTAC,,,,,17.809195319469453,17.809195319469453,CHEMBL941,CHEMBL203,Kd,10000.0,nM,5.0
C3N-00547,25.3613166160247,12.64,1,CPTAC,CPTAC,,,,,17.809195319469453,17.809195319469453,CHEMBL941,CHEMBL203,Kd,30000.0,nM,4.522878745280337
C3N-00547,25.3613166160247,12.64,1,CPTAC,CPTAC,,,,,17.809195319469453,17.809195319469453,CHEMBL1079742,CHEMBL203,IC50,70.0,nM,7.154901959985743
C3N-00547,25.3613166160247,12.64,1,CPTAC,CPTAC,,,,,17.809195319469453,17.809195319469453,CHEMBL941,CHEMBL203,IC50,0.11,nM,9.958607314841775
C3N-00547,25.3613166160247,12.64,1,CPTAC,CPTAC,,,,,17.809195319469453,17.809195319469453,CHEMBL1079742,CHEMBL203,IC50,2.0,nM,8.698970004336019
C3N-00549,25.6157903627758,12.74,1,CPTAC,CPTAC,,,17.0322744834888,,,17.0322744834888,CHEMBL941,CHEMBL203,IC50,100000.0,nM,4.0
C3N-00549,25.6157903627758,12.74,1,CPTAC,CPTAC,,,17.0322744834888,,,17.0322744834888,CHEMBL941,CHEMBL203,Kd,10000.0,nM,5.0
C3N-00549,25.6157903627758,12.74,1,CPTAC,CPTAC,,,17.0322744834888,,,17.0322744834888,CHEMBL941,CHEMBL203,Kd,10000.0,nM,5.0
C3N-00549,25.6157903627758,12.74,1,CPTAC,CPTAC,,,17.0322744834888,,,17.0322744834888,CHEMBL941,CHEMBL203,Kd,10000.0,nM,5.0
C3N-00549,25.6157903627758,12.74,1,CPTAC,CPTAC,,,17.0322744834888,,,17.0322744834888,CHEMBL941,CHEMBL203,Kd,10000.0,nM,5.0
C3N-00549,25.6157903627758,12.74,1,CPTAC,CPTAC,,,17.0322744834888,,,17.0322744834888,CHEMBL941,CHEMBL203,Kd,7600.0,nM,5.119186407719209
C3N-00549,25.6157903627758,12.74,1,CPTAC,CPTAC,,,17.0322744834888,,,17.0322744834888,CHEMBL941,CHEMBL203,Kd,10000.0,nM,5.0
C3N-00549,25.6157903627758,12.74,1,CPTAC,CPTAC,,,17.0322744834888,,,17.0322744834888,CHEMBL941,CHEMBL203,Kd,10000.0,nM,5.0
C3N-00549,25.6157903627758,12.74,1,CPTAC,CPTAC,,,17.0322744834888,,,17.0322744834888,CHEMBL941,CHEMBL203,Kd,10000.0,nM,5.0
C3N-00549,25.6157903627758,12.74,1,CPTAC,CPTAC,,,17.0322744834888,,,17.0322744834888,CHEMBL941,CHEMBL203,Kd,10000.0,nM,5.0
C3N-00549,25.6157903627758,12.74,1,CPTAC,CPTAC,,,17.0322744834888,,,17.0322744834888,CHEMBL941,CHEMBL203,Kd,10000.0,nM,5.0
C3N-00549,25.6157903627758,12.74,1,CPTAC,CPTAC,,,17.0322744834888,,,17.0322744834888,CHEMBL1079742,CHEMBL203,IC50,420.0,nM,6.376750709602099
C3N-00549,25.6157903627758,12.74,1,CPTAC,CPTAC,,,17.0322744834888,,,17.0322744834888,CHEMBL1079742,CHEMBL203,IC50,15.0,nM,7.823908740944319
C3N-00549,25.6157903627758,12.74,1,CPTAC,CPTAC,,,17.0322744834888,,,17.0322744834888,CHEMBL941,CHEMBL203,Kd,10000.0,nM,5.0
C3N-00549,25.6157903627758,12.74,1,CPTAC,CPTAC,,,17.0322744834888,,,17.0322744834888,CHEMBL941,CHEMBL203,Kd,10000.0,nM,5.0
C3N-00549,25.6157903627758,12.74,1,CPTAC,CPTAC,,,17.0322744834888,,,17.0322744834888,CHEMBL941,CHEMBL203,Kd,10000.0,nM,5.0
C3N-00549,25.6157903627758,12.74,1,CPTAC,CPTAC,,,17.0322744834888,,,17.0322744834888,CHEMBL941,CHEMBL203,Kd,10000.0,nM,5.0
C3N-00549,25.6157903627758,12.74,1,CPTAC,CPTAC,,,17.0322744834888,,,17.0322744834888,CHEMBL941,CHEMBL203,Kd,7600.0,nM,5.119186407719209
C3N-00549,25.6157903627758,12.74,1,CPTAC,CPTAC,,,17.0322744834888,,,17.0322744834888,CHEMBL941,CHEMBL203,Kd,10000.0,nM,5.0
C3N-00549,25.6157903627758,12.74,1,CPTAC,CPTAC,,,17.0322744834888,,,17.0322744834888,CHEMBL941,CHEMBL203,Kd,10000.0,nM,5.0
C3N-00549,25.6157903627758,12.74,1,CPTAC,CPTAC,,,17.0322744834888,,,17.0322744834888,CHEMBL941,CHEMBL203,Kd,10000.0,nM,5.0
C3N-00549,25.6157903627758,12.74,1,CPTAC,CPTAC,,,17.0322744834888,,,17.0322744834888,CHEMBL941,CHEMBL203,Kd,10000.0,nM,5.0
C3N-00549,25.6157903627758,12.74,1,CPTAC,CPTAC,,,17.0322744834888,,,17.0322744834888,CHEMBL941,CHEMBL203,Kd,10000.0,nM,5.0
C3N-00549,25.6157903627758,12.74,1,CPTAC,CPTAC,,,17.0322744834888,,,17.0322744834888,CHEMBL941,CHEMBL203,Kd,10000.0,nM,5.0
C3N-00549,25.6157903627758,12.74,1,CPTAC,CPTAC,,,17.0322744834888,,,17.0322744834888,CHEMBL941,CHEMBL203,Kd,10000.0,nM,5.0
C3N-00549,25.6157903627758,12.74,1,CPTAC,CPTAC,,,17.0322744834888,,,17.0322744834888,CHEMBL941,CHEMBL203,Kd,30000.0,nM,4.522878745280337
C3N-00549,25.6157903627758,12.74,1,CPTAC,CPTAC,,,17.0322744834888,,,17.0322744834888,CHEMBL1079742,CHEMBL203,IC50,70.0,nM,7.154901959985743
C3N-00549,25.6157903627758,12.74,1,CPTAC,CPTAC,,,17.0322744834888,,,17.0322744834888,CHEMBL941,CHEMBL203,IC50,0.11,nM,9.958607314841775
C3N-00549,25.6157903627758,12.74,1,CPTAC,CPTAC,,,17.0322744834888,,,17.0322744834888,CHEMBL1079742,CHEMBL203,IC50,2.0,nM,8.698970004336019
C3N-00550,25.768255880215,12.71,1,CPTAC,CPTAC,,,,,18.3067029059481,18.3067029059481,CHEMBL941,CHEMBL203,IC50,100000.0,nM,4.0
C3N-00550,25.768255880215,12.71,1,CPTAC,CPTAC,,,,,18.3067029059481,18.3067029059481,CHEMBL941,CHEMBL203,Kd,10000.0,nM,5.0
C3N-00550,25.768255880215,12.71,1,CPTAC,CPTAC,,,,,18.3067029059481,18.3067029059481,CHEMBL941,CHEMBL203,Kd,10000.0,nM,5.0
C3N-00550,25.768255880215,12.71,1,CPTAC,CPTAC,,,,,18.3067029059481,18.3067029059481,CHEMBL941,CHEMBL203,Kd,10000.0,nM,5.0
C3N-00550,25.768255880215,12.71,1,CPTAC,CPTAC,,,,,18.3067029059481,18.3067029059481,CHEMBL941,CHEMBL203,Kd,10000.0,nM,5.0
C3N-00550,25.768255880215,12.71,1,CPTAC,CPTAC,,,,,18.3067029059481,18.3067029059481,CHEMBL941,CHEMBL203,Kd,7600.0,nM,5.119186407719209
C3N-00550,25.768255880215,12.71,1,CPTAC,CPTAC,,,,,18.3067029059481,18.3067029059481,CHEMBL941,CHEMBL203,Kd,10000.0,nM,5.0
C3N-00550,25.768255880215,12.71,1,CPTAC,CPTAC,,,,,18.3067029059481,18.3067029059481,CHEMBL941,CHEMBL203,Kd,10000.0,nM,5.0
C3N-00550,25.768255880215,12.71,1,CPTAC,CPTAC,,,,,18.3067029059481,18.3067029059481,CHEMBL941,CHEMBL203,Kd,10000.0,nM,5.0
C3N-00550,25.768255880215,12.71,1,CPTAC,CPTAC,,,,,18.3067029059481,18.3067029059481,CHEMBL941,CHEMBL203,Kd,10000.0,nM,5.0
C3N-00550,25.768255880215,12.71,1,CPTAC,CPTAC,,,,,18.3067029059481,18.3067029059481,CHEMBL941,CHEMBL203,Kd,10000.0,nM,5.0
C3N-00550,25.768255880215,12.71,1,CPTAC,CPTAC,,,,,18.3067029059481,18.3067029059481,CHEMBL1079742,CHEMBL203,IC50,420.0,nM,6.376750709602099
C3N-00550,25.768255880215,12.71,1,CPTAC,CPTAC,,,,,18.3067029059481,18.3067029059481,CHEMBL1079742,CHEMBL203,IC50,15.0,nM,7.823908740944319
C3N-00550,25.768255880215,12.71,1,CPTAC,CPTAC,,,,,18.3067029059481,18.3067029059481,CHEMBL941,CHEMBL203,Kd,10000.0,nM,5.0
C3N-00550,25.768255880215,12.71,1,CPTAC,CPTAC,,,,,18.3067029059481,18.3067029059481,CHEMBL941,CHEMBL203,Kd,10000.0,nM,5.0
C3N-00550,25.768255880215,12.71,1,CPTAC,CPTAC,,,,,18.3067029059481,18.3067029059481,CHEMBL941,CHEMBL203,Kd,10000.0,nM,5.0
C3N-00550,25.768255880215,12.71,1,CPTAC,CPTAC,,,,,18.3067029059481,18.3067029059481,CHEMBL941,CHEMBL203,Kd,10000.0,nM,5.0
C3N-00550,25.768255880215,12.71,1,CPTAC,CPTAC,,,,,18.3067029059481,18.3067029059481,CHEMBL941,CHEMBL203,Kd,7600.0,nM,5.119186407719209
C3N-00550,25.768255880215,12.71,1,CPTAC,CPTAC,,,,,18.3067029059481,18.3067029059481,CHEMBL941,CHEMBL203,Kd,10000.0,nM,5.0
C3N-00550,25.768255880215,12.71,1,CPTAC,CPTAC,,,,,18.3067029059481,18.3067029059481,CHEMBL941,CHEMBL203,Kd,10000.0,nM,5.0
C3N-00550,25.768255880215,12.71,1,CPTAC,CPTAC,,,,,18.3067029059481,18.3067029059481,CHEMBL941,CHEMBL203,Kd,10000.0,nM,5.0
C3N-00550,25.768255880215,12.71,1,CPTAC,CPTAC,,,,,18.3067029059481,18.3067029059481,CHEMBL941,CHEMBL203,Kd,10000.0,nM,5.0
C3N-00550,25.768255880215,12.71,1,CPTAC,CPTAC,,,,,18.3067029059481,18.3067029059481,CHEMBL941,CHEMBL203,Kd,10000.0,nM,5.0
C3N-00550,25.768255880215,12.71,1,CPTAC,CPTAC,,,,,18.3067029059481,18.3067029059481,CHEMBL941,CHEMBL203,Kd,10000.0,nM,5.0
C3N-00550,25.768255880215,12.71,1,CPTAC,CPTAC,,,,,18.3067029059481,18.3067029059481,CHEMBL941,CHEMBL203,Kd,10000.0,nM,5.0
C3N-00550,25.768255880215,12.71,1,CPTAC,CPTAC,,,,,18.3067029059481,18.3067029059481,CHEMBL941,CHEMBL203,Kd,30000.0,nM,4.522878745280337
C3N-00550,25.768255880215,12.71,1,CPTAC,CPTAC,,,,,18.3067029059481,18.3067029059481,CHEMBL1079742,CHEMBL203,IC50,70.0,nM,7.154901959985743
C3N-00550,25.768255880215,12.71,1,CPTAC,CPTAC,,,,,18.3067029059481,18.3067029059481,CHEMBL941,CHEMBL203,IC50,0.11,nM,9.958607314841775
C3N-00550,25.768255880215,12.71,1,CPTAC,CPTAC,,,,,18.3067029059481,18.3067029059481,CHEMBL1079742,CHEMBL203,IC50,2.0,nM,8.698970004336019
C3N-00551,25.4097167401962,12.6,1,CPTAC,CPTAC,,,,,,,CHEMBL941,CHEMBL203,IC50,100000.0,nM,4.0
C3N-00551,25.4097167401962,12.6,1,CPTAC,CPTAC,,,,,,,CHEMBL941,CHEMBL203,Kd,10000.0,nM,5.0
C3N-00551,25.4097167401962,12.6,1,CPTAC,CPTAC,,,,,,,CHEMBL941,CHEMBL203,Kd,10000.0,nM,5.0
C3N-00551,25.4097167401962,12.6,1,CPTAC,CPTAC,,,,,,,CHEMBL941,CHEMBL203,Kd,10000.0,nM,5.0
C3N-00551,25.4097167401962,12.6,1,CPTAC,CPTAC,,,,,,,CHEMBL941,CHEMBL203,Kd,10000.0,nM,5.0
C3N-00551,25.4097167401962,12.6,1,CPTAC,CPTAC,,,,,,,CHEMBL941,CHEMBL203,Kd,7600.0,nM,5.119186407719209
C3N-00551,25.4097167401962,12.6,1,CPTAC,CPTAC,,,,,,,CHEMBL941,CHEMBL203,Kd,10000.0,nM,5.0
C3N-00551,25.4097167401962,12.6,1,CPTAC,CPTAC,,,,,,,CHEMBL941,CHEMBL203,Kd,10000.0,nM,5.0
C3N-00551,25.4097167401962,12.6,1,CPTAC,CPTAC,,,,,,,CHEMBL941,CHEMBL203,Kd,10000.0,nM,5.0
C3N-00551,25.4097167401962,12.6,1,CPTAC,CPTAC,,,,,,,CHEMBL941,CHEMBL203,Kd,10000.0,nM,5.0
C3N-00551,25.4097167401962,12.6,1,CPTAC,CPTAC,,,,,,,CHEMBL941,CHEMBL203,Kd,10000.0,nM,5.0
C3N-00551,25.4097167401962,12.6,1,CPTAC,CPTAC,,,,,,,CHEMBL1079742,CHEMBL203,IC50,420.0,nM,6.376750709602099
C3N-00551,25.4097167401962,12.6,1,CPTAC,CPTAC,,,,,,,CHEMBL1079742,CHEMBL203,IC50,15.0,nM,7.823908740944319
C3N-00551,25.4097167401962,12.6,1,CPTAC,CPTAC,,,,,,,CHEMBL941,CHEMBL203,Kd,10000.0,nM,5.0
C3N-00551,25.4097167401962,12.6,1,CPTAC,CPTAC,,,,,,,CHEMBL941,CHEMBL203,Kd,10000.0,nM,5.0
C3N-00551,25.4097167401962,12.6,1,CPTAC,CPTAC,,,,,,,CHEMBL941,CHEMBL203,Kd,10000.0,nM,5.0
C3N-00551,25.4097167401962,12.6,1,CPTAC,CPTAC,,,,,,,CHEMBL941,CHEMBL203,Kd,10000.0,nM,5.0
C3N-00551,25.4097167401962,12.6,1,CPTAC,CPTAC,,,,,,,CHEMBL941,CHEMBL203,Kd,7600.0,nM,5.119186407719209
C3N-00551,25.4097167401962,12.6,1,CPTAC,CPTAC,,,,,,,CHEMBL941,CHEMBL203,Kd,10000.0,nM,5.0
C3N-00551,25.4097167401962,12.6,1,CPTAC,CPTAC,,,,,,,CHEMBL941,CHEMBL203,Kd,10000.0,nM,5.0
C3N-00551,25.4097167401962,12.6,1,CPTAC,CPTAC,,,,,,,CHEMBL941,CHEMBL203,Kd,10000.0,nM,5.0
C3N-00551,25.4097167401962,12.6,1,CPTAC,CPTAC,,,,,,,CHEMBL941,CHEMBL203,Kd,10000.0,nM,5.0
C3N-00551,25.4097167401962,12.6,1,CPTAC,CPTAC,,,,,,,CHEMBL941,CHEMBL203,Kd,10000.0,nM,5.0
C3N-00551,25.4097167401962,12.6,1,CPTAC,CPTAC,,,,,,,CHEMBL941,CHEMBL203,Kd,10000.0,nM,5.0
C3N-00551,25.4097167401962,12.6,1,CPTAC,CPTAC,,,,,,,CHEMBL941,CHEMBL203,Kd,10000.0,nM,5.0
C3N-00551,25.4097167401962,12.6,1,CPTAC,CPTAC,,,,,,,CHEMBL941,CHEMBL203,Kd,30000.0,nM,4.522878745280337
C3N-00551,25.4097167401962,12.6,1,CPTAC,CPTAC,,,,,,,CHEMBL1079742,CHEMBL203,IC50,70.0,nM,7.154901959985743
C3N-00551,25.4097167401962,12.6,1,CPTAC,CPTAC,,,,,,,CHEMBL941,CHEMBL203,IC50,0.11,nM,9.958607314841775
C3N-00551,25.4097167401962,12.6,1,CPTAC,CPTAC,,,,,,,CHEMBL1079742,CHEMBL203,IC50,2.0,nM,8.698970004336019
C3N-00552,25.3617395299198,12.62,1,CPTAC,CPTAC,,,,,,,CHEMBL941,CHEMBL203,IC50,100000.0,nM,4.0
C3N-00552,25.3617395299198,12.62,1,CPTAC,CPTAC,,,,,,,CHEMBL941,CHEMBL203,Kd,10000.0,nM,5.0
C3N-00552,25.3617395299198,12.62,1,CPTAC,CPTAC,,,,,,,CHEMBL941,CHEMBL203,Kd,10000.0,nM,5.0
C3N-00552,25.3617395299198,12.62,1,CPTAC,CPTAC,,,,,,,CHEMBL941,CHEMBL203,Kd,10000.0,nM,5.0
C3N-00552,25.3617395299198,12.62,1,CPTAC,CPTAC,,,,,,,CHEMBL941,CHEMBL203,Kd,10000.0,nM,5.0
C3N-00552,25.3617395299198,12.62,1,CPTAC,CPTAC,,,,,,,CHEMBL941,CHEMBL203,Kd,7600.0,nM,5.119186407719209
C3N-00552,25.3617395299198,12.62,1,CPTAC,CPTAC,,,,,,,CHEMBL941,CHEMBL203,Kd,10000.0,nM,5.0
C3N-00552,25.3617395299198,12.62,1,CPTAC,CPTAC,,,,,,,CHEMBL941,CHEMBL203,Kd,10000.0,nM,5.0
C3N-00552,25.3617395299198,12.62,1,CPTAC,CPTAC,,,,,,,CHEMBL941,CHEMBL203,Kd,10000.0,nM,5.0
C3N-00552,25.3617395299198,12.62,1,CPTAC,CPTAC,,,,,,,CHEMBL941,CHEMBL203,Kd,10000.0,nM,5.0
C3N-00552,25.3617395299198,12.62,1,CPTAC,CPTAC,,,,,,,CHEMBL941,CHEMBL203,Kd,10000.0,nM,5.0
C3N-00552,25.3617395299198,12.62,1,CPTAC,CPTAC,,,,,,,CHEMBL1079742,CHEMBL203,IC50,420.0,nM,6.376750709602099
C3N-00552,25.3617395299198,12.62,1,CPTAC,CPTAC,,,,,,,CHEMBL1079742,CHEMBL203,IC50,15.0,nM,7.823908740944319
C3N-00552,25.3617395299198,12.62,1,CPTAC,CPTAC,,,,,,,CHEMBL941,CHEMBL203,Kd,10000.0,nM,5.0
C3N-00552,25.3617395299198,12.62,1,CPTAC,CPTAC,,,,,,,CHEMBL941,CHEMBL203,Kd,10000.0,nM,5.0
C3N-00552,25.3617395299198,12.62,1,CPTAC,CPTAC,,,,,,,CHEMBL941,CHEMBL203,Kd,10000.0,nM,5.0
C3N-00552,25.3617395299198,12.62,1,CPTAC,CPTAC,,,,,,,CHEMBL941,CHEMBL203,Kd,10000.0,nM,5.0
C3N-00552,25.3617395299198,12.62,1,CPTAC,CPTAC,,,,,,,CHEMBL941,CHEMBL203,Kd,7600.0,nM,5.119186407719209
C3N-00552,25.3617395299198,12.62,1,CPTAC,CPTAC,,,,,,,CHEMBL941,CHEMBL203,Kd,10000.0,nM,5.0
C3N-00552,25.3617395299198,12.62,1,CPTAC,CPTAC,,,,,,,CHEMBL941,CHEMBL203,Kd,10000.0,nM,5.0
C3N-00552,25.3617395299198,12.62,1,CPTAC,CPTAC,,,,,,,CHEMBL941,CHEMBL203,Kd,10000.0,nM,5.0
C3N-00552,25.3617395299198,12.62,1,CPTAC,CPTAC,,,,,,,CHEMBL941,CHEMBL203,Kd,10000.0,nM,5.0
C3N-00552,25.3617395299198,12.62,1,CPTAC,CPTAC,,,,,,,CHEMBL941,CHEMBL203,Kd,10000.0,nM,5.0
C3N-00552,25.3617395299198,12.62,1,CPTAC,CPTAC,,,,,,,CHEMBL941,CHEMBL203,Kd,10000.0,nM,5.0
C3N-00552,25.3617395299198,12.62,1,CPTAC,CPTAC,,,,,,,CHEMBL941,CHEMBL203,Kd,10000.0,nM,5.0
C3N-00552,25.3617395299198,12.62,1,CPTAC,CPTAC,,,,,,,CHEMBL941,CHEMBL203,Kd,30000.0,nM,4.522878745280337
C3N-00552,25.3617395299198,12.62,1,CPTAC,CPTAC,,,,,,,CHEMBL1079742,CHEMBL203,IC50,70.0,nM,7.154901959985743
C3N-00552,25.3617395299198,12.62,1,CPTAC,CPTAC,,,,,,,CHEMBL941,CHEMBL203,IC50,0.11,nM,9.958607314841775
C3N-00552,25.3617395299198,12.62,1,CPTAC,CPTAC,,,,,,,CHEMBL1079742,CHEMBL203,IC50,2.0,nM,8.698970004336019
C3N-00556,25.6673755533832,12.88,1,CPTAC,CPTAC,,,17.767914942942703,10.054346078997517,18.7801193713264,15.53412679775554,CHEMBL941,CHEMBL203,IC50,100000.0,nM,4.0
C3N-00556,25.6673755533832,12.88,1,CPTAC,CPTAC,,,17.767914942942703,10.054346078997517,18.7801193713264,15.53412679775554,CHEMBL941,CHEMBL203,Kd,10000.0,nM,5.0
C3N-00556,25.6673755533832,12.88,1,CPTAC,CPTAC,,,17.767914942942703,10.054346078997517,18.7801193713264,15.53412679775554,CHEMBL941,CHEMBL203,Kd,10000.0,nM,5.0
C3N-00556,25.6673755533832,12.88,1,CPTAC,CPTAC,,,17.767914942942703,10.054346078997517,18.7801193713264,15.53412679775554,CHEMBL941,CHEMBL203,Kd,10000.0,nM,5.0
C3N-00556,25.6673755533832,12.88,1,CPTAC,CPTAC,,,17.767914942942703,10.054346078997517,18.7801193713264,15.53412679775554,CHEMBL941,CHEMBL203,Kd,10000.0,nM,5.0
C3N-00556,25.6673755533832,12.88,1,CPTAC,CPTAC,,,17.767914942942703,10.054346078997517,18.7801193713264,15.53412679775554,CHEMBL941,CHEMBL203,Kd,7600.0,nM,5.119186407719209
C3N-00556,25.6673755533832,12.88,1,CPTAC,CPTAC,,,17.767914942942703,10.054346078997517,18.7801193713264,15.53412679775554,CHEMBL941,CHEMBL203,Kd,10000.0,nM,5.0
C3N-00556,25.6673755533832,12.88,1,CPTAC,CPTAC,,,17.767914942942703,10.054346078997517,18.7801193713264,15.53412679775554,CHEMBL941,CHEMBL203,Kd,10000.0,nM,5.0
C3N-00556,25.6673755533832,12.88,1,CPTAC,CPTAC,,,17.767914942942703,10.054346078997517,18.7801193713264,15.53412679775554,CHEMBL941,CHEMBL203,Kd,10000.0,nM,5.0
C3N-00556,25.6673755533832,12.88,1,CPTAC,CPTAC,,,17.767914942942703,10.054346078997517,18.7801193713264,15.53412679775554,CHEMBL941,CHEMBL203,Kd,10000.0,nM,5.0
C3N-00556,25.6673755533832,12.88,1,CPTAC,CPTAC,,,17.767914942942703,10.054346078997517,18.7801193713264,15.53412679775554,CHEMBL941,CHEMBL203,Kd,10000.0,nM,5.0
C3N-00556,25.6673755533832,12.88,1,CPTAC,CPTAC,,,17.767914942942703,10.054346078997517,18.7801193713264,15.53412679775554,CHEMBL1079742,CHEMBL203,IC50,420.0,nM,6.376750709602099
C3N-00556,25.6673755533832,12.88,1,CPTAC,CPTAC,,,17.767914942942703,10.054346078997517,18.7801193713264,15.53412679775554,CHEMBL1079742,CHEMBL203,IC50,15.0,nM,7.823908740944319
C3N-00556,25.6673755533832,12.88,1,CPTAC,CPTAC,,,17.767914942942703,10.054346078997517,18.7801193713264,15.53412679775554,CHEMBL941,CHEMBL203,Kd,10000.0,nM,5.0
C3N-00556,25.6673755533832,12.88,1,CPTAC,CPTAC,,,17.767914942942703,10.054346078997517,18.7801193713264,15.53412679775554,CHEMBL941,CHEMBL203,Kd,10000.0,nM,5.0
C3N-00556,25.6673755533832,12.88,1,CPTAC,CPTAC,,,17.767914942942703,10.054346078997517,18.7801193713264,15.53412679775554,CHEMBL941,CHEMBL203,Kd,10000.0,nM,5.0
C3N-00556,25.6673755533832,12.88,1,CPTAC,CPTAC,,,17.767914942942703,10.054346078997517,18.7801193713264,15.53412679775554,CHEMBL941,CHEMBL203,Kd,10000.0,nM,5.0
C3N-00556,25.6673755533832,12.88,1,CPTAC,CPTAC,,,17.767914942942703,10.054346078997517,18.7801193713264,15.53412679775554,CHEMBL941,CHEMBL203,Kd,7600.0,nM,5.119186407719209
C3N-00556,25.6673755533832,12.88,1,CPTAC,CPTAC,,,17.767914942942703,10.054346078997517,18.7801193713264,15.53412679775554,CHEMBL941,CHEMBL203,Kd,10000.0,nM,5.0
C3N-00556,25.6673755533832,12.88,1,CPTAC,CPTAC,,,17.767914942942703,10.054346078997517,18.7801193713264,15.53412679775554,CHEMBL941,CHEMBL203,Kd,10000.0,nM,5.0
C3N-00556,25.6673755533832,12.88,1,CPTAC,CPTAC,,,17.767914942942703,10.054346078997517,18.7801193713264,15.53412679775554,CHEMBL941,CHEMBL203,Kd,10000.0,nM,5.0
C3N-00556,25.6673755533832,12.88,1,CPTAC,CPTAC,,,17.767914942942703,10.054346078997517,18.7801193713264,15.53412679775554,CHEMBL941,CHEMBL203,Kd,10000.0,nM,5.0
C3N-00556,25.6673755533832,12.88,1,CPTAC,CPTAC,,,17.767914942942703,10.054346078997517,18.7801193713264,15.53412679775554,CHEMBL941,CHEMBL203,Kd,10000.0,nM,5.0
C3N-00556,25.6673755533832,12.88,1,CPTAC,CPTAC,,,17.767914942942703,10.054346078997517,18.7801193713264,15.53412679775554,CHEMBL941,CHEMBL203,Kd,10000.0,nM,5.0
C3N-00556,25.6673755533832,12.88,1,CPTAC,CPTAC,,,17.767914942942703,10.054346078997517,18.7801193713264,15.53412679775554,CHEMBL941,CHEMBL203,Kd,10000.0,nM,5.0
C3N-00556,25.6673755533832,12.88,1,CPTAC,CPTAC,,,17.767914942942703,10.054346078997517,18.7801193713264,15.53412679775554,CHEMBL941,CHEMBL203,Kd,30000.0,nM,4.522878745280337
C3N-00556,25.6673755533832,12.88,1,CPTAC,CPTAC,,,17.767914942942703,10.054346078997517,18.7801193713264,15.53412679775554,CHEMBL1079742,CHEMBL203,IC50,70.0,nM,7.154901959985743
C3N-00556,25.6673755533832,12.88,1,CPTAC,CPTAC,,,17.767914942942703,10.054346078997517,18.7801193713264,15.53412679775554,CHEMBL941,CHEMBL203,IC50,0.11,nM,9.958607314841775
C3N-00556,25.6673755533832,12.88,1,CPTAC,CPTAC,,,17.767914942942703,10.054346078997517,18.7801193713264,15.53412679775554,CHEMBL1079742,CHEMBL203,IC50,2.0,nM,8.698970004336019
C3N-00559,25.609005343403,12.69,1,CPTAC,CPTAC,,,,,,,CHEMBL941,CHEMBL203,IC50,100000.0,nM,4.0
C3N-00559,25.609005343403,12.69,1,CPTAC,CPTAC,,,,,,,CHEMBL941,CHEMBL203,Kd,10000.0,nM,5.0
C3N-00559,25.609005343403,12.69,1,CPTAC,CPTAC,,,,,,,CHEMBL941,CHEMBL203,Kd,10000.0,nM,5.0
C3N-00559,25.609005343403,12.69,1,CPTAC,CPTAC,,,,,,,CHEMBL941,CHEMBL203,Kd,10000.0,nM,5.0
C3N-00559,25.609005343403,12.69,1,CPTAC,CPTAC,,,,,,,CHEMBL941,CHEMBL203,Kd,10000.0,nM,5.0
C3N-00559,25.609005343403,12.69,1,CPTAC,CPTAC,,,,,,,CHEMBL941,CHEMBL203,Kd,7600.0,nM,5.119186407719209
C3N-00559,25.609005343403,12.69,1,CPTAC,CPTAC,,,,,,,CHEMBL941,CHEMBL203,Kd,10000.0,nM,5.0
C3N-00559,25.609005343403,12.69,1,CPTAC,CPTAC,,,,,,,CHEMBL941,CHEMBL203,Kd,10000.0,nM,5.0
C3N-00559,25.609005343403,12.69,1,CPTAC,CPTAC,,,,,,,CHEMBL941,CHEMBL203,Kd,10000.0,nM,5.0
C3N-00559,25.609005343403,12.69,1,CPTAC,CPTAC,,,,,,,CHEMBL941,CHEMBL203,Kd,10000.0,nM,5.0
C3N-00559,25.609005343403,12.69,1,CPTAC,CPTAC,,,,,,,CHEMBL941,CHEMBL203,Kd,10000.0,nM,5.0
C3N-00559,25.609005343403,12.69,1,CPTAC,CPTAC,,,,,,,CHEMBL1079742,CHEMBL203,IC50,420.0,nM,6.376750709602099
C3N-00559,25.609005343403,12.69,1,CPTAC,CPTAC,,,,,,,CHEMBL1079742,CHEMBL203,IC50,15.0,nM,7.823908740944319
C3N-00559,25.609005343403,12.69,1,CPTAC,CPTAC,,,,,,,CHEMBL941,CHEMBL203,Kd,10000.0,nM,5.0
C3N-00559,25.609005343403,12.69,1,CPTAC,CPTAC,,,,,,,CHEMBL941,CHEMBL203,Kd,10000.0,nM,5.0
C3N-00559,25.609005343403,12.69,1,CPTAC,CPTAC,,,,,,,CHEMBL941,CHEMBL203,Kd,10000.0,nM,5.0
C3N-00559,25.609005343403,12.69,1,CPTAC,CPTAC,,,,,,,CHEMBL941,CHEMBL203,Kd,10000.0,nM,5.0
C3N-00559,25.609005343403,12.69,1,CPTAC,CPTAC,,,,,,,CHEMBL941,CHEMBL203,Kd,7600.0,nM,5.119186407719209
C3N-00559,25.609005343403,12.69,1,CPTAC,CPTAC,,,,,,,CHEMBL941,CHEMBL203,Kd,10000.0,nM,5.0
C3N-00559,25.609005343403,12.69,1,CPTAC,CPTAC,,,,,,,CHEMBL941,CHEMBL203,Kd,10000.0,nM,5.0
C3N-00559,25.609005343403,12.69,1,CPTAC,CPTAC,,,,,,,CHEMBL941,CHEMBL203,Kd,10000.0,nM,5.0
C3N-00559,25.609005343403,12.69,1,CPTAC,CPTAC,,,,,,,CHEMBL941,CHEMBL203,Kd,10000.0,nM,5.0
C3N-00559,25.609005343403,12.69,1,CPTAC,CPTAC,,,,,,,CHEMBL941,CHEMBL203,Kd,10000.0,nM,5.0
C3N-00559,25.609005343403,12.69,1,CPTAC,CPTAC,,,,,,,CHEMBL941,CHEMBL203,Kd,10000.0,nM,5.0
C3N-00559,25.609005343403,12.69,1,CPTAC,CPTAC,,,,,,,CHEMBL941,CHEMBL203,Kd,10000.0,nM,5.0
C3N-00559,25.609005343403,12.69,1,CPTAC,CPTAC,,,,,,,CHEMBL941,CHEMBL203,Kd,30000.0,nM,4.522878745280337
C3N-00559,25.609005343403,12.69,1,CPTAC,CPTAC,,,,,,,CHEMBL1079742,CHEMBL203,IC50,70.0,nM,7.154901959985743
C3N-00559,25.609005343403,12.69,1,CPTAC,CPTAC,,,,,,,CHEMBL941,CHEMBL203,IC50,0.11,nM,9.958607314841775
C3N-00559,25.609005343403,12.69,1,CPTAC,CPTAC,,,,,,,CHEMBL1079742,CHEMBL203,IC50,2.0,nM,8.698970004336019
C3N-00560,25.4378524261358,12.58,1,CPTAC,CPTAC,13.07873442258365,,,,,13.07873442258365,CHEMBL941,CHEMBL203,IC50,100000.0,nM,4.0
C3N-00560,25.4378524261358,12.58,1,CPTAC,CPTAC,13.07873442258365,,,,,13.07873442258365,CHEMBL941,CHEMBL203,Kd,10000.0,nM,5.0
C3N-00560,25.4378524261358,12.58,1,CPTAC,CPTAC,13.07873442258365,,,,,13.07873442258365,CHEMBL941,CHEMBL203,Kd,10000.0,nM,5.0
C3N-00560,25.4378524261358,12.58,1,CPTAC,CPTAC,13.07873442258365,,,,,13.07873442258365,CHEMBL941,CHEMBL203,Kd,10000.0,nM,5.0
C3N-00560,25.4378524261358,12.58,1,CPTAC,CPTAC,13.07873442258365,,,,,13.07873442258365,CHEMBL941,CHEMBL203,Kd,10000.0,nM,5.0
C3N-00560,25.4378524261358,12.58,1,CPTAC,CPTAC,13.07873442258365,,,,,13.07873442258365,CHEMBL941,CHEMBL203,Kd,7600.0,nM,5.119186407719209
C3N-00560,25.4378524261358,12.58,1,CPTAC,CPTAC,13.07873442258365,,,,,13.07873442258365,CHEMBL941,CHEMBL203,Kd,10000.0,nM,5.0
C3N-00560,25.4378524261358,12.58,1,CPTAC,CPTAC,13.07873442258365,,,,,13.07873442258365,CHEMBL941,CHEMBL203,Kd,10000.0,nM,5.0
C3N-00560,25.4378524261358,12.58,1,CPTAC,CPTAC,13.07873442258365,,,,,13.07873442258365,CHEMBL941,CHEMBL203,Kd,10000.0,nM,5.0
C3N-00560,25.4378524261358,12.58,1,CPTAC,CPTAC,13.07873442258365,,,,,13.07873442258365,CHEMBL941,CHEMBL203,Kd,10000.0,nM,5.0
C3N-00560,25.4378524261358,12.58,1,CPTAC,CPTAC,13.07873442258365,,,,,13.07873442258365,CHEMBL941,CHEMBL203,Kd,10000.0,nM,5.0
C3N-00560,25.4378524261358,12.58,1,CPTAC,CPTAC,13.07873442258365,,,,,13.07873442258365,CHEMBL1079742,CHEMBL203,IC50,420.0,nM,6.376750709602099
C3N-00560,25.4378524261358,12.58,1,CPTAC,CPTAC,13.07873442258365,,,,,13.07873442258365,CHEMBL1079742,CHEMBL203,IC50,15.0,nM,7.823908740944319
C3N-00560,25.4378524261358,12.58,1,CPTAC,CPTAC,13.07873442258365,,,,,13.07873442258365,CHEMBL941,CHEMBL203,Kd,10000.0,nM,5.0
C3N-00560,25.4378524261358,12.58,1,CPTAC,CPTAC,13.07873442258365,,,,,13.07873442258365,CHEMBL941,CHEMBL203,Kd,10000.0,nM,5.0
C3N-00560,25.4378524261358,12.58,1,CPTAC,CPTAC,13.07873442258365,,,,,13.07873442258365,CHEMBL941,CHEMBL203,Kd,10000.0,nM,5.0
C3N-00560,25.4378524261358,12.58,1,CPTAC,CPTAC,13.07873442258365,,,,,13.07873442258365,CHEMBL941,CHEMBL203,Kd,10000.0,nM,5.0
C3N-00560,25.4378524261358,12.58,1,CPTAC,CPTAC,13.07873442258365,,,,,13.07873442258365,CHEMBL941,CHEMBL203,Kd,7600.0,nM,5.119186407719209
C3N-00560,25.4378524261358,12.58,1,CPTAC,CPTAC,13.07873442258365,,,,,13.07873442258365,CHEMBL941,CHEMBL203,Kd,10000.0,nM,5.0
C3N-00560,25.4378524261358,12.58,1,CPTAC,CPTAC,13.07873442258365,,,,,13.07873442258365,CHEMBL941,CHEMBL203,Kd,10000.0,nM,5.0
C3N-00560,25.4378524261358,12.58,1,CPTAC,CPTAC,13.07873442258365,,,,,13.07873442258365,CHEMBL941,CHEMBL203,Kd,10000.0,nM,5.0
C3N-00560,25.4378524261358,12.58,1,CPTAC,CPTAC,13.07873442258365,,,,,13.07873442258365,CHEMBL941,CHEMBL203,Kd,10000.0,nM,5.0
C3N-00560,25.4378524261358,12.58,1,CPTAC,CPTAC,13.07873442258365,,,,,13.07873442258365,CHEMBL941,CHEMBL203,Kd,10000.0,nM,5.0
C3N-00560,25.4378524261358,12.58,1,CPTAC,CPTAC,13.07873442258365,,,,,13.07873442258365,CHEMBL941,CHEMBL203,Kd,10000.0,nM,5.0
C3N-00560,25.4378524261358,12.58,1,CPTAC,CPTAC,13.07873442258365,,,,,13.07873442258365,CHEMBL941,CHEMBL203,Kd,10000.0,nM,5.0
C3N-00560,25.4378524261358,12.58,1,CPTAC,CPTAC,13.07873442258365,,,,,13.07873442258365,CHEMBL941,CHEMBL203,Kd,30000.0,nM,4.522878745280337
C3N-00560,25.4378524261358,12.58,1,CPTAC,CPTAC,13.07873442258365,,,,,13.07873442258365,CHEMBL1079742,CHEMBL203,IC50,70.0,nM,7.154901959985743
C3N-00560,25.4378524261358,12.58,1,CPTAC,CPTAC,13.07873442258365,,,,,13.07873442258365,CHEMBL941,CHEMBL203,IC50,0.11,nM,9.958607314841775
C3N-00560,25.4378524261358,12.58,1,CPTAC,CPTAC,13.07873442258365,,,,,13.07873442258365,CHEMBL1079742,CHEMBL203,IC50,2.0,nM,8.698970004336019
C3N-00572,25.5638539378532,12.62,1,CPTAC,CPTAC,,,,,,,CHEMBL941,CHEMBL203,IC50,100000.0,nM,4.0
C3N-00572,25.5638539378532,12.62,1,CPTAC,CPTAC,,,,,,,CHEMBL941,CHEMBL203,Kd,10000.0,nM,5.0
C3N-00572,25.5638539378532,12.62,1,CPTAC,CPTAC,,,,,,,CHEMBL941,CHEMBL203,Kd,10000.0,nM,5.0
C3N-00572,25.5638539378532,12.62,1,CPTAC,CPTAC,,,,,,,CHEMBL941,CHEMBL203,Kd,10000.0,nM,5.0
C3N-00572,25.5638539378532,12.62,1,CPTAC,CPTAC,,,,,,,CHEMBL941,CHEMBL203,Kd,10000.0,nM,5.0
C3N-00572,25.5638539378532,12.62,1,CPTAC,CPTAC,,,,,,,CHEMBL941,CHEMBL203,Kd,7600.0,nM,5.119186407719209
C3N-00572,25.5638539378532,12.62,1,CPTAC,CPTAC,,,,,,,CHEMBL941,CHEMBL203,Kd,10000.0,nM,5.0
C3N-00572,25.5638539378532,12.62,1,CPTAC,CPTAC,,,,,,,CHEMBL941,CHEMBL203,Kd,10000.0,nM,5.0
C3N-00572,25.5638539378532,12.62,1,CPTAC,CPTAC,,,,,,,CHEMBL941,CHEMBL203,Kd,10000.0,nM,5.0
C3N-00572,25.5638539378532,12.62,1,CPTAC,CPTAC,,,,,,,CHEMBL941,CHEMBL203,Kd,10000.0,nM,5.0
C3N-00572,25.5638539378532,12.62,1,CPTAC,CPTAC,,,,,,,CHEMBL941,CHEMBL203,Kd,10000.0,nM,5.0
C3N-00572,25.5638539378532,12.62,1,CPTAC,CPTAC,,,,,,,CHEMBL1079742,CHEMBL203,IC50,420.0,nM,6.376750709602099
C3N-00572,25.5638539378532,12.62,1,CPTAC,CPTAC,,,,,,,CHEMBL1079742,CHEMBL203,IC50,15.0,nM,7.823908740944319
C3N-00572,25.5638539378532,12.62,1,CPTAC,CPTAC,,,,,,,CHEMBL941,CHEMBL203,Kd,10000.0,nM,5.0
C3N-00572,25.5638539378532,12.62,1,CPTAC,CPTAC,,,,,,,CHEMBL941,CHEMBL203,Kd,10000.0,nM,5.0
C3N-00572,25.5638539378532,12.62,1,CPTAC,CPTAC,,,,,,,CHEMBL941,CHEMBL203,Kd,10000.0,nM,5.0
C3N-00572,25.5638539378532,12.62,1,CPTAC,CPTAC,,,,,,,CHEMBL941,CHEMBL203,Kd,10000.0,nM,5.0
C3N-00572,25.5638539378532,12.62,1,CPTAC,CPTAC,,,,,,,CHEMBL941,CHEMBL203,Kd,7600.0,nM,5.119186407719209
C3N-00572,25.5638539378532,12.62,1,CPTAC,CPTAC,,,,,,,CHEMBL941,CHEMBL203,Kd,10000.0,nM,5.0
C3N-00572,25.5638539378532,12.62,1,CPTAC,CPTAC,,,,,,,CHEMBL941,CHEMBL203,Kd,10000.0,nM,5.0
C3N-00572,25.5638539378532,12.62,1,CPTAC,CPTAC,,,,,,,CHEMBL941,CHEMBL203,Kd,10000.0,nM,5.0
C3N-00572,25.5638539378532,12.62,1,CPTAC,CPTAC,,,,,,,CHEMBL941,CHEMBL203,Kd,10000.0,nM,5.0
C3N-00572,25.5638539378532,12.62,1,CPTAC,CPTAC,,,,,,,CHEMBL941,CHEMBL203,Kd,10000.0,nM,5.0
C3N-00572,25.5638539378532,12.62,1,CPTAC,CPTAC,,,,,,,CHEMBL941,CHEMBL203,Kd,10000.0,nM,5.0
C3N-00572,25.5638539378532,12.62,1,CPTAC,CPTAC,,,,,,,CHEMBL941,CHEMBL203,Kd,10000.0,nM,5.0
C3N-00572,25.5638539378532,12.62,1,CPTAC,CPTAC,,,,,,,CHEMBL941,CHEMBL203,Kd,30000.0,nM,4.522878745280337
C3N-00572,25.5638539378532,12.62,1,CPTAC,CPTAC,,,,,,,CHEMBL1079742,CHEMBL203,IC50,70.0,nM,7.154901959985743
C3N-00572,25.5638539378532,12.62,1,CPTAC,CPTAC,,,,,,,CHEMBL941,CHEMBL203,IC50,0.11,nM,9.958607314841775
C3N-00572,25.5638539378532,12.62,1,CPTAC,CPTAC,,,,,,,CHEMBL1079742,CHEMBL203,IC50,2.0,nM,8.698970004336019
C3N-00574,25.5305889315872,13.12,1,CPTAC,CPTAC,,,18.84717269123845,,,18.84717269123845,CHEMBL941,CHEMBL203,IC50,100000.0,nM,4.0
C3N-00574,25.5305889315872,13.12,1,CPTAC,CPTAC,,,18.84717269123845,,,18.84717269123845,CHEMBL941,CHEMBL203,Kd,10000.0,nM,5.0
C3N-00574,25.5305889315872,13.12,1,CPTAC,CPTAC,,,18.84717269123845,,,18.84717269123845,CHEMBL941,CHEMBL203,Kd,10000.0,nM,5.0
C3N-00574,25.5305889315872,13.12,1,CPTAC,CPTAC,,,18.84717269123845,,,18.84717269123845,CHEMBL941,CHEMBL203,Kd,10000.0,nM,5.0
C3N-00574,25.5305889315872,13.12,1,CPTAC,CPTAC,,,18.84717269123845,,,18.84717269123845,CHEMBL941,CHEMBL203,Kd,10000.0,nM,5.0
C3N-00574,25.5305889315872,13.12,1,CPTAC,CPTAC,,,18.84717269123845,,,18.84717269123845,CHEMBL941,CHEMBL203,Kd,7600.0,nM,5.119186407719209
C3N-00574,25.5305889315872,13.12,1,CPTAC,CPTAC,,,18.84717269123845,,,18.84717269123845,CHEMBL941,CHEMBL203,Kd,10000.0,nM,5.0
C3N-00574,25.5305889315872,13.12,1,CPTAC,CPTAC,,,18.84717269123845,,,18.84717269123845,CHEMBL941,CHEMBL203,Kd,10000.0,nM,5.0
C3N-00574,25.5305889315872,13.12,1,CPTAC,CPTAC,,,18.84717269123845,,,18.84717269123845,CHEMBL941,CHEMBL203,Kd,10000.0,nM,5.0
C3N-00574,25.5305889315872,13.12,1,CPTAC,CPTAC,,,18.84717269123845,,,18.84717269123845,CHEMBL941,CHEMBL203,Kd,10000.0,nM,5.0
C3N-00574,25.5305889315872,13.12,1,CPTAC,CPTAC,,,18.84717269123845,,,18.84717269123845,CHEMBL941,CHEMBL203,Kd,10000.0,nM,5.0
C3N-00574,25.5305889315872,13.12,1,CPTAC,CPTAC,,,18.84717269123845,,,18.84717269123845,CHEMBL1079742,CHEMBL203,IC50,420.0,nM,6.376750709602099
C3N-00574,25.5305889315872,13.12,1,CPTAC,CPTAC,,,18.84717269123845,,,18.84717269123845,CHEMBL1079742,CHEMBL203,IC50,15.0,nM,7.823908740944319
C3N-00574,25.5305889315872,13.12,1,CPTAC,CPTAC,,,18.84717269123845,,,18.84717269123845,CHEMBL941,CHEMBL203,Kd,10000.0,nM,5.0
C3N-00574,25.5305889315872,13.12,1,CPTAC,CPTAC,,,18.84717269123845,,,18.84717269123845,CHEMBL941,CHEMBL203,Kd,10000.0,nM,5.0
C3N-00574,25.5305889315872,13.12,1,CPTAC,CPTAC,,,18.84717269123845,,,18.84717269123845,CHEMBL941,CHEMBL203,Kd,10000.0,nM,5.0
C3N-00574,25.5305889315872,13.12,1,CPTAC,CPTAC,,,18.84717269123845,,,18.84717269123845,CHEMBL941,CHEMBL203,Kd,10000.0,nM,5.0
C3N-00574,25.5305889315872,13.12,1,CPTAC,CPTAC,,,18.84717269123845,,,18.84717269123845,CHEMBL941,CHEMBL203,Kd,7600.0,nM,5.119186407719209
C3N-00574,25.5305889315872,13.12,1,CPTAC,CPTAC,,,18.84717269123845,,,18.84717269123845,CHEMBL941,CHEMBL203,Kd,10000.0,nM,5.0
C3N-00574,25.5305889315872,13.12,1,CPTAC,CPTAC,,,18.84717269123845,,,18.84717269123845,CHEMBL941,CHEMBL203,Kd,10000.0,nM,5.0
C3N-00574,25.5305889315872,13.12,1,CPTAC,CPTAC,,,18.84717269123845,,,18.84717269123845,CHEMBL941,CHEMBL203,Kd,10000.0,nM,5.0
C3N-00574,25.5305889315872,13.12,1,CPTAC,CPTAC,,,18.84717269123845,,,18.84717269123845,CHEMBL941,CHEMBL203,Kd,10000.0,nM,5.0
C3N-00574,25.5305889315872,13.12,1,CPTAC,CPTAC,,,18.84717269123845,,,18.84717269123845,CHEMBL941,CHEMBL203,Kd,10000.0,nM,5.0
C3N-00574,25.5305889315872,13.12,1,CPTAC,CPTAC,,,18.84717269123845,,,18.84717269123845,CHEMBL941,CHEMBL203,Kd,10000.0,nM,5.0
C3N-00574,25.5305889315872,13.12,1,CPTAC,CPTAC,,,18.84717269123845,,,18.84717269123845,CHEMBL941,CHEMBL203,Kd,10000.0,nM,5.0
C3N-00574,25.5305889315872,13.12,1,CPTAC,CPTAC,,,18.84717269123845,,,18.84717269123845,CHEMBL941,CHEMBL203,Kd,30000.0,nM,4.522878745280337
C3N-00574,25.5305889315872,13.12,1,CPTAC,CPTAC,,,18.84717269123845,,,18.84717269123845,CHEMBL1079742,CHEMBL203,IC50,70.0,nM,7.154901959985743
C3N-00574,25.5305889315872,13.12,1,CPTAC,CPTAC,,,18.84717269123845,,,18.84717269123845,CHEMBL941,CHEMBL203,IC50,0.11,nM,9.958607314841775
C3N-00574,25.5305889315872,13.12,1,CPTAC,CPTAC,,,18.84717269123845,,,18.84717269123845,CHEMBL1079742,CHEMBL203,IC50,2.0,nM,8.698970004336019
C3N-00578,25.7314610620115,12.68,1,CPTAC,CPTAC,,,,,19.19437418164805,19.19437418164805,CHEMBL941,CHEMBL203,IC50,100000.0,nM,4.0
C3N-00578,25.7314610620115,12.68,1,CPTAC,CPTAC,,,,,19.19437418164805,19.19437418164805,CHEMBL941,CHEMBL203,Kd,10000.0,nM,5.0
C3N-00578,25.7314610620115,12.68,1,CPTAC,CPTAC,,,,,19.19437418164805,19.19437418164805,CHEMBL941,CHEMBL203,Kd,10000.0,nM,5.0
C3N-00578,25.7314610620115,12.68,1,CPTAC,CPTAC,,,,,19.19437418164805,19.19437418164805,CHEMBL941,CHEMBL203,Kd,10000.0,nM,5.0
C3N-00578,25.7314610620115,12.68,1,CPTAC,CPTAC,,,,,19.19437418164805,19.19437418164805,CHEMBL941,CHEMBL203,Kd,10000.0,nM,5.0
C3N-00578,25.7314610620115,12.68,1,CPTAC,CPTAC,,,,,19.19437418164805,19.19437418164805,CHEMBL941,CHEMBL203,Kd,7600.0,nM,5.119186407719209
C3N-00578,25.7314610620115,12.68,1,CPTAC,CPTAC,,,,,19.19437418164805,19.19437418164805,CHEMBL941,CHEMBL203,Kd,10000.0,nM,5.0
C3N-00578,25.7314610620115,12.68,1,CPTAC,CPTAC,,,,,19.19437418164805,19.19437418164805,CHEMBL941,CHEMBL203,Kd,10000.0,nM,5.0
C3N-00578,25.7314610620115,12.68,1,CPTAC,CPTAC,,,,,19.19437418164805,19.19437418164805,CHEMBL941,CHEMBL203,Kd,10000.0,nM,5.0
C3N-00578,25.7314610620115,12.68,1,CPTAC,CPTAC,,,,,19.19437418164805,19.19437418164805,CHEMBL941,CHEMBL203,Kd,10000.0,nM,5.0
C3N-00578,25.7314610620115,12.68,1,CPTAC,CPTAC,,,,,19.19437418164805,19.19437418164805,CHEMBL941,CHEMBL203,Kd,10000.0,nM,5.0
C3N-00578,25.7314610620115,12.68,1,CPTAC,CPTAC,,,,,19.19437418164805,19.19437418164805,CHEMBL1079742,CHEMBL203,IC50,420.0,nM,6.376750709602099
C3N-00578,25.7314610620115,12.68,1,CPTAC,CPTAC,,,,,19.19437418164805,19.19437418164805,CHEMBL1079742,CHEMBL203,IC50,15.0,nM,7.823908740944319
C3N-00578,25.7314610620115,12.68,1,CPTAC,CPTAC,,,,,19.19437418164805,19.19437418164805,CHEMBL941,CHEMBL203,Kd,10000.0,nM,5.0
C3N-00578,25.7314610620115,12.68,1,CPTAC,CPTAC,,,,,19.19437418164805,19.19437418164805,CHEMBL941,CHEMBL203,Kd,10000.0,nM,5.0
C3N-00578,25.7314610620115,12.68,1,CPTAC,CPTAC,,,,,19.19437418164805,19.19437418164805,CHEMBL941,CHEMBL203,Kd,10000.0,nM,5.0
C3N-00578,25.7314610620115,12.68,1,CPTAC,CPTAC,,,,,19.19437418164805,19.19437418164805,CHEMBL941,CHEMBL203,Kd,10000.0,nM,5.0
C3N-00578,25.7314610620115,12.68,1,CPTAC,CPTAC,,,,,19.19437418164805,19.19437418164805,CHEMBL941,CHEMBL203,Kd,7600.0,nM,5.119186407719209
C3N-00578,25.7314610620115,12.68,1,CPTAC,CPTAC,,,,,19.19437418164805,19.19437418164805,CHEMBL941,CHEMBL203,Kd,10000.0,nM,5.0
C3N-00578,25.7314610620115,12.68,1,CPTAC,CPTAC,,,,,19.19437418164805,19.19437418164805,CHEMBL941,CHEMBL203,Kd,10000.0,nM,5.0
C3N-00578,25.7314610620115,12.68,1,CPTAC,CPTAC,,,,,19.19437418164805,19.19437418164805,CHEMBL941,CHEMBL203,Kd,10000.0,nM,5.0
C3N-00578,25.7314610620115,12.68,1,CPTAC,CPTAC,,,,,19.19437418164805,19.19437418164805,CHEMBL941,CHEMBL203,Kd,10000.0,nM,5.0
C3N-00578,25.7314610620115,12.68,1,CPTAC,CPTAC,,,,,19.19437418164805,19.19437418164805,CHEMBL941,CHEMBL203,Kd,10000.0,nM,5.0
C3N-00578,25.7314610620115,12.68,1,CPTAC,CPTAC,,,,,19.19437418164805,19.19437418164805,CHEMBL941,CHEMBL203,Kd,10000.0,nM,5.0
C3N-00578,25.7314610620115,12.68,1,CPTAC,CPTAC,,,,,19.19437418164805,19.19437418164805,CHEMBL941,CHEMBL203,Kd,10000.0,nM,5.0
C3N-00578,25.7314610620115,12.68,1,CPTAC,CPTAC,,,,,19.19437418164805,19.19437418164805,CHEMBL941,CHEMBL203,Kd,30000.0,nM,4.522878745280337
C3N-00578,25.7314610620115,12.68,1,CPTAC,CPTAC,,,,,19.19437418164805,19.19437418164805,CHEMBL1079742,CHEMBL203,IC50,70.0,nM,7.154901959985743
C3N-00578,25.7314610620115,12.68,1,CPTAC,CPTAC,,,,,19.19437418164805,19.19437418164805,CHEMBL941,CHEMBL203,IC50,0.11,nM,9.958607314841775
C3N-00578,25.7314610620115,12.68,1,CPTAC,CPTAC,,,,,19.19437418164805,19.19437418164805,CHEMBL1079742,CHEMBL203,IC50,2.0,nM,8.698970004336019
C3N-00579,25.6075233652753,12.82,1,CPTAC,CPTAC,,12.507972192911,17.105680121572448,,19.1669128982862,16.26018840425655,CHEMBL941,CHEMBL203,IC50,100000.0,nM,4.0
C3N-00579,25.6075233652753,12.82,1,CPTAC,CPTAC,,12.507972192911,17.105680121572448,,19.1669128982862,16.26018840425655,CHEMBL941,CHEMBL203,Kd,10000.0,nM,5.0
C3N-00579,25.6075233652753,12.82,1,CPTAC,CPTAC,,12.507972192911,17.105680121572448,,19.1669128982862,16.26018840425655,CHEMBL941,CHEMBL203,Kd,10000.0,nM,5.0
C3N-00579,25.6075233652753,12.82,1,CPTAC,CPTAC,,12.507972192911,17.105680121572448,,19.1669128982862,16.26018840425655,CHEMBL941,CHEMBL203,Kd,10000.0,nM,5.0
C3N-00579,25.6075233652753,12.82,1,CPTAC,CPTAC,,12.507972192911,17.105680121572448,,19.1669128982862,16.26018840425655,CHEMBL941,CHEMBL203,Kd,10000.0,nM,5.0
C3N-00579,25.6075233652753,12.82,1,CPTAC,CPTAC,,12.507972192911,17.105680121572448,,19.1669128982862,16.26018840425655,CHEMBL941,CHEMBL203,Kd,7600.0,nM,5.119186407719209
C3N-00579,25.6075233652753,12.82,1,CPTAC,CPTAC,,12.507972192911,17.105680121572448,,19.1669128982862,16.26018840425655,CHEMBL941,CHEMBL203,Kd,10000.0,nM,5.0
C3N-00579,25.6075233652753,12.82,1,CPTAC,CPTAC,,12.507972192911,17.105680121572448,,19.1669128982862,16.26018840425655,CHEMBL941,CHEMBL203,Kd,10000.0,nM,5.0
C3N-00579,25.6075233652753,12.82,1,CPTAC,CPTAC,,12.507972192911,17.105680121572448,,19.1669128982862,16.26018840425655,CHEMBL941,CHEMBL203,Kd,10000.0,nM,5.0
C3N-00579,25.6075233652753,12.82,1,CPTAC,CPTAC,,12.507972192911,17.105680121572448,,19.1669128982862,16.26018840425655,CHEMBL941,CHEMBL203,Kd,10000.0,nM,5.0
C3N-00579,25.6075233652753,12.82,1,CPTAC,CPTAC,,12.507972192911,17.105680121572448,,19.1669128982862,16.26018840425655,CHEMBL941,CHEMBL203,Kd,10000.0,nM,5.0
C3N-00579,25.6075233652753,12.82,1,CPTAC,CPTAC,,12.507972192911,17.105680121572448,,19.1669128982862,16.26018840425655,CHEMBL1079742,CHEMBL203,IC50,420.0,nM,6.376750709602099
C3N-00579,25.6075233652753,12.82,1,CPTAC,CPTAC,,12.507972192911,17.105680121572448,,19.1669128982862,16.26018840425655,CHEMBL1079742,CHEMBL203,IC50,15.0,nM,7.823908740944319
C3N-00579,25.6075233652753,12.82,1,CPTAC,CPTAC,,12.507972192911,17.105680121572448,,19.1669128982862,16.26018840425655,CHEMBL941,CHEMBL203,Kd,10000.0,nM,5.0
C3N-00579,25.6075233652753,12.82,1,CPTAC,CPTAC,,12.507972192911,17.105680121572448,,19.1669128982862,16.26018840425655,CHEMBL941,CHEMBL203,Kd,10000.0,nM,5.0
C3N-00579,25.6075233652753,12.82,1,CPTAC,CPTAC,,12.507972192911,17.105680121572448,,19.1669128982862,16.26018840425655,CHEMBL941,CHEMBL203,Kd,10000.0,nM,5.0
C3N-00579,25.6075233652753,12.82,1,CPTAC,CPTAC,,12.507972192911,17.105680121572448,,19.1669128982862,16.26018840425655,CHEMBL941,CHEMBL203,Kd,10000.0,nM,5.0
C3N-00579,25.6075233652753,12.82,1,CPTAC,CPTAC,,12.507972192911,17.105680121572448,,19.1669128982862,16.26018840425655,CHEMBL941,CHEMBL203,Kd,7600.0,nM,5.119186407719209
C3N-00579,25.6075233652753,12.82,1,CPTAC,CPTAC,,12.507972192911,17.105680121572448,,19.1669128982862,16.26018840425655,CHEMBL941,CHEMBL203,Kd,10000.0,nM,5.0
C3N-00579,25.6075233652753,12.82,1,CPTAC,CPTAC,,12.507972192911,17.105680121572448,,19.1669128982862,16.26018840425655,CHEMBL941,CHEMBL203,Kd,10000.0,nM,5.0
C3N-00579,25.6075233652753,12.82,1,CPTAC,CPTAC,,12.507972192911,17.105680121572448,,19.1669128982862,16.26018840425655,CHEMBL941,CHEMBL203,Kd,10000.0,nM,5.0
C3N-00579,25.6075233652753,12.82,1,CPTAC,CPTAC,,12.507972192911,17.105680121572448,,19.1669128982862,16.26018840425655,CHEMBL941,CHEMBL203,Kd,10000.0,nM,5.0
C3N-00579,25.6075233652753,12.82,1,CPTAC,CPTAC,,12.507972192911,17.105680121572448,,19.1669128982862,16.26018840425655,CHEMBL941,CHEMBL203,Kd,10000.0,nM,5.0
C3N-00579,25.6075233652753,12.82,1,CPTAC,CPTAC,,12.507972192911,17.105680121572448,,19.1669128982862,16.26018840425655,CHEMBL941,CHEMBL203,Kd,10000.0,nM,5.0
C3N-00579,25.6075233652753,12.82,1,CPTAC,CPTAC,,12.507972192911,17.105680121572448,,19.1669128982862,16.26018840425655,CHEMBL941,CHEMBL203,Kd,10000.0,nM,5.0
C3N-00579,25.6075233652753,12.82,1,CPTAC,CPTAC,,12.507972192911,17.105680121572448,,19.1669128982862,16.26018840425655,CHEMBL941,CHEMBL203,Kd,30000.0,nM,4.522878745280337
C3N-00579,25.6075233652753,12.82,1,CPTAC,CPTAC,,12.507972192911,17.105680121572448,,19.1669128982862,16.26018840425655,CHEMBL1079742,CHEMBL203,IC50,70.0,nM,7.154901959985743
C3N-00579,25.6075233652753,12.82,1,CPTAC,CPTAC,,12.507972192911,17.105680121572448,,19.1669128982862,16.26018840425655,CHEMBL941,CHEMBL203,IC50,0.11,nM,9.958607314841775
C3N-00579,25.6075233652753,12.82,1,CPTAC,CPTAC,,12.507972192911,17.105680121572448,,19.1669128982862,16.26018840425655,CHEMBL1079742,CHEMBL203,IC50,2.0,nM,8.698970004336019
C3N-00580,25.5967372155311,12.7,1,CPTAC,CPTAC,,,,,,,CHEMBL941,CHEMBL203,IC50,100000.0,nM,4.0
C3N-00580,25.5967372155311,12.7,1,CPTAC,CPTAC,,,,,,,CHEMBL941,CHEMBL203,Kd,10000.0,nM,5.0
C3N-00580,25.5967372155311,12.7,1,CPTAC,CPTAC,,,,,,,CHEMBL941,CHEMBL203,Kd,10000.0,nM,5.0
C3N-00580,25.5967372155311,12.7,1,CPTAC,CPTAC,,,,,,,CHEMBL941,CHEMBL203,Kd,10000.0,nM,5.0
C3N-00580,25.5967372155311,12.7,1,CPTAC,CPTAC,,,,,,,CHEMBL941,CHEMBL203,Kd,10000.0,nM,5.0
C3N-00580,25.5967372155311,12.7,1,CPTAC,CPTAC,,,,,,,CHEMBL941,CHEMBL203,Kd,7600.0,nM,5.119186407719209
C3N-00580,25.5967372155311,12.7,1,CPTAC,CPTAC,,,,,,,CHEMBL941,CHEMBL203,Kd,10000.0,nM,5.0
C3N-00580,25.5967372155311,12.7,1,CPTAC,CPTAC,,,,,,,CHEMBL941,CHEMBL203,Kd,10000.0,nM,5.0
C3N-00580,25.5967372155311,12.7,1,CPTAC,CPTAC,,,,,,,CHEMBL941,CHEMBL203,Kd,10000.0,nM,5.0
C3N-00580,25.5967372155311,12.7,1,CPTAC,CPTAC,,,,,,,CHEMBL941,CHEMBL203,Kd,10000.0,nM,5.0
C3N-00580,25.5967372155311,12.7,1,CPTAC,CPTAC,,,,,,,CHEMBL941,CHEMBL203,Kd,10000.0,nM,5.0
C3N-00580,25.5967372155311,12.7,1,CPTAC,CPTAC,,,,,,,CHEMBL1079742,CHEMBL203,IC50,420.0,nM,6.376750709602099
C3N-00580,25.5967372155311,12.7,1,CPTAC,CPTAC,,,,,,,CHEMBL1079742,CHEMBL203,IC50,15.0,nM,7.823908740944319
C3N-00580,25.5967372155311,12.7,1,CPTAC,CPTAC,,,,,,,CHEMBL941,CHEMBL203,Kd,10000.0,nM,5.0
C3N-00580,25.5967372155311,12.7,1,CPTAC,CPTAC,,,,,,,CHEMBL941,CHEMBL203,Kd,10000.0,nM,5.0
C3N-00580,25.5967372155311,12.7,1,CPTAC,CPTAC,,,,,,,CHEMBL941,CHEMBL203,Kd,10000.0,nM,5.0
C3N-00580,25.5967372155311,12.7,1,CPTAC,CPTAC,,,,,,,CHEMBL941,CHEMBL203,Kd,10000.0,nM,5.0
C3N-00580,25.5967372155311,12.7,1,CPTAC,CPTAC,,,,,,,CHEMBL941,CHEMBL203,Kd,7600.0,nM,5.119186407719209
C3N-00580,25.5967372155311,12.7,1,CPTAC,CPTAC,,,,,,,CHEMBL941,CHEMBL203,Kd,10000.0,nM,5.0
C3N-00580,25.5967372155311,12.7,1,CPTAC,CPTAC,,,,,,,CHEMBL941,CHEMBL203,Kd,10000.0,nM,5.0
C3N-00580,25.5967372155311,12.7,1,CPTAC,CPTAC,,,,,,,CHEMBL941,CHEMBL203,Kd,10000.0,nM,5.0
C3N-00580,25.5967372155311,12.7,1,CPTAC,CPTAC,,,,,,,CHEMBL941,CHEMBL203,Kd,10000.0,nM,5.0
C3N-00580,25.5967372155311,12.7,1,CPTAC,CPTAC,,,,,,,CHEMBL941,CHEMBL203,Kd,10000.0,nM,5.0
C3N-00580,25.5967372155311,12.7,1,CPTAC,CPTAC,,,,,,,CHEMBL941,CHEMBL203,Kd,10000.0,nM,5.0
C3N-00580,25.5967372155311,12.7,1,CPTAC,CPTAC,,,,,,,CHEMBL941,CHEMBL203,Kd,10000.0,nM,5.0
C3N-00580,25.5967372155311,12.7,1,CPTAC,CPTAC,,,,,,,CHEMBL941,CHEMBL203,Kd,30000.0,nM,4.522878745280337
C3N-00580,25.5967372155311,12.7,1,CPTAC,CPTAC,,,,,,,CHEMBL1079742,CHEMBL203,IC50,70.0,nM,7.154901959985743
C3N-00580,25.5967372155311,12.7,1,CPTAC,CPTAC,,,,,,,CHEMBL941,CHEMBL203,IC50,0.11,nM,9.958607314841775
C3N-00580,25.5967372155311,12.7,1,CPTAC,CPTAC,,,,,,,CHEMBL1079742,CHEMBL203,IC50,2.0,nM,8.698970004336019
C3N-00704,25.5310653768529,12.65,1,CPTAC,CPTAC,,,18.21250276632405,11.0309569060314,19.7619580991693,16.335139257174916,CHEMBL941,CHEMBL203,IC50,100000.0,nM,4.0
C3N-00704,25.5310653768529,12.65,1,CPTAC,CPTAC,,,18.21250276632405,11.0309569060314,19.7619580991693,16.335139257174916,CHEMBL941,CHEMBL203,Kd,10000.0,nM,5.0
C3N-00704,25.5310653768529,12.65,1,CPTAC,CPTAC,,,18.21250276632405,11.0309569060314,19.7619580991693,16.335139257174916,CHEMBL941,CHEMBL203,Kd,10000.0,nM,5.0
C3N-00704,25.5310653768529,12.65,1,CPTAC,CPTAC,,,18.21250276632405,11.0309569060314,19.7619580991693,16.335139257174916,CHEMBL941,CHEMBL203,Kd,10000.0,nM,5.0
C3N-00704,25.5310653768529,12.65,1,CPTAC,CPTAC,,,18.21250276632405,11.0309569060314,19.7619580991693,16.335139257174916,CHEMBL941,CHEMBL203,Kd,10000.0,nM,5.0
C3N-00704,25.5310653768529,12.65,1,CPTAC,CPTAC,,,18.21250276632405,11.0309569060314,19.7619580991693,16.335139257174916,CHEMBL941,CHEMBL203,Kd,7600.0,nM,5.119186407719209
C3N-00704,25.5310653768529,12.65,1,CPTAC,CPTAC,,,18.21250276632405,11.0309569060314,19.7619580991693,16.335139257174916,CHEMBL941,CHEMBL203,Kd,10000.0,nM,5.0
C3N-00704,25.5310653768529,12.65,1,CPTAC,CPTAC,,,18.21250276632405,11.0309569060314,19.7619580991693,16.335139257174916,CHEMBL941,CHEMBL203,Kd,10000.0,nM,5.0
C3N-00704,25.5310653768529,12.65,1,CPTAC,CPTAC,,,18.21250276632405,11.0309569060314,19.7619580991693,16.335139257174916,CHEMBL941,CHEMBL203,Kd,10000.0,nM,5.0
C3N-00704,25.5310653768529,12.65,1,CPTAC,CPTAC,,,18.21250276632405,11.0309569060314,19.7619580991693,16.335139257174916,CHEMBL941,CHEMBL203,Kd,10000.0,nM,5.0
C3N-00704,25.5310653768529,12.65,1,CPTAC,CPTAC,,,18.21250276632405,11.0309569060314,19.7619580991693,16.335139257174916,CHEMBL941,CHEMBL203,Kd,10000.0,nM,5.0
C3N-00704,25.5310653768529,12.65,1,CPTAC,CPTAC,,,18.21250276632405,11.0309569060314,19.7619580991693,16.335139257174916,CHEMBL1079742,CHEMBL203,IC50,420.0,nM,6.376750709602099
C3N-00704,25.5310653768529,12.65,1,CPTAC,CPTAC,,,18.21250276632405,11.0309569060314,19.7619580991693,16.335139257174916,CHEMBL1079742,CHEMBL203,IC50,15.0,nM,7.823908740944319
C3N-00704,25.5310653768529,12.65,1,CPTAC,CPTAC,,,18.21250276632405,11.0309569060314,19.7619580991693,16.335139257174916,CHEMBL941,CHEMBL203,Kd,10000.0,nM,5.0
C3N-00704,25.5310653768529,12.65,1,CPTAC,CPTAC,,,18.21250276632405,11.0309569060314,19.7619580991693,16.335139257174916,CHEMBL941,CHEMBL203,Kd,10000.0,nM,5.0
C3N-00704,25.5310653768529,12.65,1,CPTAC,CPTAC,,,18.21250276632405,11.0309569060314,19.7619580991693,16.335139257174916,CHEMBL941,CHEMBL203,Kd,10000.0,nM,5.0
C3N-00704,25.5310653768529,12.65,1,CPTAC,CPTAC,,,18.21250276632405,11.0309569060314,19.7619580991693,16.335139257174916,CHEMBL941,CHEMBL203,Kd,10000.0,nM,5.0
C3N-00704,25.5310653768529,12.65,1,CPTAC,CPTAC,,,18.21250276632405,11.0309569060314,19.7619580991693,16.335139257174916,CHEMBL941,CHEMBL203,Kd,7600.0,nM,5.119186407719209
C3N-00704,25.5310653768529,12.65,1,CPTAC,CPTAC,,,18.21250276632405,11.0309569060314,19.7619580991693,16.335139257174916,CHEMBL941,CHEMBL203,Kd,10000.0,nM,5.0
C3N-00704,25.5310653768529,12.65,1,CPTAC,CPTAC,,,18.21250276632405,11.0309569060314,19.7619580991693,16.335139257174916,CHEMBL941,CHEMBL203,Kd,10000.0,nM,5.0
C3N-00704,25.5310653768529,12.65,1,CPTAC,CPTAC,,,18.21250276632405,11.0309569060314,19.7619580991693,16.335139257174916,CHEMBL941,CHEMBL203,Kd,10000.0,nM,5.0
C3N-00704,25.5310653768529,12.65,1,CPTAC,CPTAC,,,18.21250276632405,11.0309569060314,19.7619580991693,16.335139257174916,CHEMBL941,CHEMBL203,Kd,10000.0,nM,5.0
C3N-00704,25.5310653768529,12.65,1,CPTAC,CPTAC,,,18.21250276632405,11.0309569060314,19.7619580991693,16.335139257174916,CHEMBL941,CHEMBL203,Kd,10000.0,nM,5.0
C3N-00704,25.5310653768529,12.65,1,CPTAC,CPTAC,,,18.21250276632405,11.0309569060314,19.7619580991693,16.335139257174916,CHEMBL941,CHEMBL203,Kd,10000.0,nM,5.0
C3N-00704,25.5310653768529,12.65,1,CPTAC,CPTAC,,,18.21250276632405,11.0309569060314,19.7619580991693,16.335139257174916,CHEMBL941,CHEMBL203,Kd,10000.0,nM,5.0
C3N-00704,25.5310653768529,12.65,1,CPTAC,CPTAC,,,18.21250276632405,11.0309569060314,19.7619580991693,16.335139257174916,CHEMBL941,CHEMBL203,Kd,30000.0,nM,4.522878745280337
C3N-00704,25.5310653768529,12.65,1,CPTAC,CPTAC,,,18.21250276632405,11.0309569060314,19.7619580991693,16.335139257174916,CHEMBL1079742,CHEMBL203,IC50,70.0,nM,7.154901959985743
C3N-00704,25.5310653768529,12.65,1,CPTAC,CPTAC,,,18.21250276632405,11.0309569060314,19.7619580991693,16.335139257174916,CHEMBL941,CHEMBL203,IC50,0.11,nM,9.958607314841775
C3N-00704,25.5310653768529,12.65,1,CPTAC,CPTAC,,,18.21250276632405,11.0309569060314,19.7619580991693,16.335139257174916,CHEMBL1079742,CHEMBL203,IC50,2.0,nM,8.698970004336019
C3N-00737,25.3787801426756,12.41,1,CPTAC,CPTAC,,,,,18.35861572489695,18.35861572489695,CHEMBL941,CHEMBL203,IC50,100000.0,nM,4.0
C3N-00737,25.3787801426756,12.41,1,CPTAC,CPTAC,,,,,18.35861572489695,18.35861572489695,CHEMBL941,CHEMBL203,Kd,10000.0,nM,5.0
C3N-00737,25.3787801426756,12.41,1,CPTAC,CPTAC,,,,,18.35861572489695,18.35861572489695,CHEMBL941,CHEMBL203,Kd,10000.0,nM,5.0
C3N-00737,25.3787801426756,12.41,1,CPTAC,CPTAC,,,,,18.35861572489695,18.35861572489695,CHEMBL941,CHEMBL203,Kd,10000.0,nM,5.0
C3N-00737,25.3787801426756,12.41,1,CPTAC,CPTAC,,,,,18.35861572489695,18.35861572489695,CHEMBL941,CHEMBL203,Kd,10000.0,nM,5.0
C3N-00737,25.3787801426756,12.41,1,CPTAC,CPTAC,,,,,18.35861572489695,18.35861572489695,CHEMBL941,CHEMBL203,Kd,7600.0,nM,5.119186407719209
C3N-00737,25.3787801426756,12.41,1,CPTAC,CPTAC,,,,,18.35861572489695,18.35861572489695,CHEMBL941,CHEMBL203,Kd,10000.0,nM,5.0
C3N-00737,25.3787801426756,12.41,1,CPTAC,CPTAC,,,,,18.35861572489695,18.35861572489695,CHEMBL941,CHEMBL203,Kd,10000.0,nM,5.0
C3N-00737,25.3787801426756,12.41,1,CPTAC,CPTAC,,,,,18.35861572489695,18.35861572489695,CHEMBL941,CHEMBL203,Kd,10000.0,nM,5.0
C3N-00737,25.3787801426756,12.41,1,CPTAC,CPTAC,,,,,18.35861572489695,18.35861572489695,CHEMBL941,CHEMBL203,Kd,10000.0,nM,5.0
C3N-00737,25.3787801426756,12.41,1,CPTAC,CPTAC,,,,,18.35861572489695,18.35861572489695,CHEMBL941,CHEMBL203,Kd,10000.0,nM,5.0
C3N-00737,25.3787801426756,12.41,1,CPTAC,CPTAC,,,,,18.35861572489695,18.35861572489695,CHEMBL1079742,CHEMBL203,IC50,420.0,nM,6.376750709602099
C3N-00737,25.3787801426756,12.41,1,CPTAC,CPTAC,,,,,18.35861572489695,18.35861572489695,CHEMBL1079742,CHEMBL203,IC50,15.0,nM,7.823908740944319
C3N-00737,25.3787801426756,12.41,1,CPTAC,CPTAC,,,,,18.35861572489695,18.35861572489695,CHEMBL941,CHEMBL203,Kd,10000.0,nM,5.0
C3N-00737,25.3787801426756,12.41,1,CPTAC,CPTAC,,,,,18.35861572489695,18.35861572489695,CHEMBL941,CHEMBL203,Kd,10000.0,nM,5.0
C3N-00737,25.3787801426756,12.41,1,CPTAC,CPTAC,,,,,18.35861572489695,18.35861572489695,CHEMBL941,CHEMBL203,Kd,10000.0,nM,5.0
C3N-00737,25.3787801426756,12.41,1,CPTAC,CPTAC,,,,,18.35861572489695,18.35861572489695,CHEMBL941,CHEMBL203,Kd,10000.0,nM,5.0
C3N-00737,25.3787801426756,12.41,1,CPTAC,CPTAC,,,,,18.35861572489695,18.35861572489695,CHEMBL941,CHEMBL203,Kd,7600.0,nM,5.119186407719209
C3N-00737,25.3787801426756,12.41,1,CPTAC,CPTAC,,,,,18.35861572489695,18.35861572489695,CHEMBL941,CHEMBL203,Kd,10000.0,nM,5.0
C3N-00737,25.3787801426756,12.41,1,CPTAC,CPTAC,,,,,18.35861572489695,18.35861572489695,CHEMBL941,CHEMBL203,Kd,10000.0,nM,5.0
C3N-00737,25.3787801426756,12.41,1,CPTAC,CPTAC,,,,,18.35861572489695,18.35861572489695,CHEMBL941,CHEMBL203,Kd,10000.0,nM,5.0
C3N-00737,25.3787801426756,12.41,1,CPTAC,CPTAC,,,,,18.35861572489695,18.35861572489695,CHEMBL941,CHEMBL203,Kd,10000.0,nM,5.0
C3N-00737,25.3787801426756,12.41,1,CPTAC,CPTAC,,,,,18.35861572489695,18.35861572489695,CHEMBL941,CHEMBL203,Kd,10000.0,nM,5.0
C3N-00737,25.3787801426756,12.41,1,CPTAC,CPTAC,,,,,18.35861572489695,18.35861572489695,CHEMBL941,CHEMBL203,Kd,10000.0,nM,5.0
C3N-00737,25.3787801426756,12.41,1,CPTAC,CPTAC,,,,,18.35861572489695,18.35861572489695,CHEMBL941,CHEMBL203,Kd,10000.0,nM,5.0
C3N-00737,25.3787801426756,12.41,1,CPTAC,CPTAC,,,,,18.35861572489695,18.35861572489695,CHEMBL941,CHEMBL203,Kd,30000.0,nM,4.522878745280337
C3N-00737,25.3787801426756,12.41,1,CPTAC,CPTAC,,,,,18.35861572489695,18.35861572489695,CHEMBL1079742,CHEMBL203,IC50,70.0,nM,7.154901959985743
C3N-00737,25.3787801426756,12.41,1,CPTAC,CPTAC,,,,,18.35861572489695,18.35861572489695,CHEMBL941,CHEMBL203,IC50,0.11,nM,9.958607314841775
C3N-00737,25.3787801426756,12.41,1,CPTAC,CPTAC,,,,,18.35861572489695,18.35861572489695,CHEMBL1079742,CHEMBL203,IC50,2.0,nM,8.698970004336019
C3N-00738,25.4276491393679,12.76,1,CPTAC,CPTAC,,,17.798194820644248,,,17.798194820644248,CHEMBL941,CHEMBL203,IC50,100000.0,nM,4.0
C3N-00738,25.4276491393679,12.76,1,CPTAC,CPTAC,,,17.798194820644248,,,17.798194820644248,CHEMBL941,CHEMBL203,Kd,10000.0,nM,5.0
C3N-00738,25.4276491393679,12.76,1,CPTAC,CPTAC,,,17.798194820644248,,,17.798194820644248,CHEMBL941,CHEMBL203,Kd,10000.0,nM,5.0
C3N-00738,25.4276491393679,12.76,1,CPTAC,CPTAC,,,17.798194820644248,,,17.798194820644248,CHEMBL941,CHEMBL203,Kd,10000.0,nM,5.0
C3N-00738,25.4276491393679,12.76,1,CPTAC,CPTAC,,,17.798194820644248,,,17.798194820644248,CHEMBL941,CHEMBL203,Kd,10000.0,nM,5.0
C3N-00738,25.4276491393679,12.76,1,CPTAC,CPTAC,,,17.798194820644248,,,17.798194820644248,CHEMBL941,CHEMBL203,Kd,7600.0,nM,5.119186407719209
C3N-00738,25.4276491393679,12.76,1,CPTAC,CPTAC,,,17.798194820644248,,,17.798194820644248,CHEMBL941,CHEMBL203,Kd,10000.0,nM,5.0
C3N-00738,25.4276491393679,12.76,1,CPTAC,CPTAC,,,17.798194820644248,,,17.798194820644248,CHEMBL941,CHEMBL203,Kd,10000.0,nM,5.0
C3N-00738,25.4276491393679,12.76,1,CPTAC,CPTAC,,,17.798194820644248,,,17.798194820644248,CHEMBL941,CHEMBL203,Kd,10000.0,nM,5.0
C3N-00738,25.4276491393679,12.76,1,CPTAC,CPTAC,,,17.798194820644248,,,17.798194820644248,CHEMBL941,CHEMBL203,Kd,10000.0,nM,5.0
C3N-00738,25.4276491393679,12.76,1,CPTAC,CPTAC,,,17.798194820644248,,,17.798194820644248,CHEMBL941,CHEMBL203,Kd,10000.0,nM,5.0
C3N-00738,25.4276491393679,12.76,1,CPTAC,CPTAC,,,17.798194820644248,,,17.798194820644248,CHEMBL1079742,CHEMBL203,IC50,420.0,nM,6.376750709602099
C3N-00738,25.4276491393679,12.76,1,CPTAC,CPTAC,,,17.798194820644248,,,17.798194820644248,CHEMBL1079742,CHEMBL203,IC50,15.0,nM,7.823908740944319
C3N-00738,25.4276491393679,12.76,1,CPTAC,CPTAC,,,17.798194820644248,,,17.798194820644248,CHEMBL941,CHEMBL203,Kd,10000.0,nM,5.0
C3N-00738,25.4276491393679,12.76,1,CPTAC,CPTAC,,,17.798194820644248,,,17.798194820644248,CHEMBL941,CHEMBL203,Kd,10000.0,nM,5.0
C3N-00738,25.4276491393679,12.76,1,CPTAC,CPTAC,,,17.798194820644248,,,17.798194820644248,CHEMBL941,CHEMBL203,Kd,10000.0,nM,5.0
C3N-00738,25.4276491393679,12.76,1,CPTAC,CPTAC,,,17.798194820644248,,,17.798194820644248,CHEMBL941,CHEMBL203,Kd,10000.0,nM,5.0
C3N-00738,25.4276491393679,12.76,1,CPTAC,CPTAC,,,17.798194820644248,,,17.798194820644248,CHEMBL941,CHEMBL203,Kd,7600.0,nM,5.119186407719209
C3N-00738,25.4276491393679,12.76,1,CPTAC,CPTAC,,,17.798194820644248,,,17.798194820644248,CHEMBL941,CHEMBL203,Kd,10000.0,nM,5.0
C3N-00738,25.4276491393679,12.76,1,CPTAC,CPTAC,,,17.798194820644248,,,17.798194820644248,CHEMBL941,CHEMBL203,Kd,10000.0,nM,5.0
C3N-00738,25.4276491393679,12.76,1,CPTAC,CPTAC,,,17.798194820644248,,,17.798194820644248,CHEMBL941,CHEMBL203,Kd,10000.0,nM,5.0
C3N-00738,25.4276491393679,12.76,1,CPTAC,CPTAC,,,17.798194820644248,,,17.798194820644248,CHEMBL941,CHEMBL203,Kd,10000.0,nM,5.0
C3N-00738,25.4276491393679,12.76,1,CPTAC,CPTAC,,,17.798194820644248,,,17.798194820644248,CHEMBL941,CHEMBL203,Kd,10000.0,nM,5.0
C3N-00738,25.4276491393679,12.76,1,CPTAC,CPTAC,,,17.798194820644248,,,17.798194820644248,CHEMBL941,CHEMBL203,Kd,10000.0,nM,5.0
C3N-00738,25.4276491393679,12.76,1,CPTAC,CPTAC,,,17.798194820644248,,,17.798194820644248,CHEMBL941,CHEMBL203,Kd,10000.0,nM,5.0
C3N-00738,25.4276491393679,12.76,1,CPTAC,CPTAC,,,17.798194820644248,,,17.798194820644248,CHEMBL941,CHEMBL203,Kd,30000.0,nM,4.522878745280337
C3N-00738,25.4276491393679,12.76,1,CPTAC,CPTAC,,,17.798194820644248,,,17.798194820644248,CHEMBL1079742,CHEMBL203,IC50,70.0,nM,7.154901959985743
C3N-00738,25.4276491393679,12.76,1,CPTAC,CPTAC,,,17.798194820644248,,,17.798194820644248,CHEMBL941,CHEMBL203,IC50,0.11,nM,9.958607314841775
C3N-00738,25.4276491393679,12.76,1,CPTAC,CPTAC,,,17.798194820644248,,,17.798194820644248,CHEMBL1079742,CHEMBL203,IC50,2.0,nM,8.698970004336019
C3N-00959,25.412360177151,12.96,1,CPTAC,CPTAC,,,17.61583864730285,,,17.61583864730285,CHEMBL941,CHEMBL203,IC50,100000.0,nM,4.0
C3N-00959,25.412360177151,12.96,1,CPTAC,CPTAC,,,17.61583864730285,,,17.61583864730285,CHEMBL941,CHEMBL203,Kd,10000.0,nM,5.0
C3N-00959,25.412360177151,12.96,1,CPTAC,CPTAC,,,17.61583864730285,,,17.61583864730285,CHEMBL941,CHEMBL203,Kd,10000.0,nM,5.0
C3N-00959,25.412360177151,12.96,1,CPTAC,CPTAC,,,17.61583864730285,,,17.61583864730285,CHEMBL941,CHEMBL203,Kd,10000.0,nM,5.0
C3N-00959,25.412360177151,12.96,1,CPTAC,CPTAC,,,17.61583864730285,,,17.61583864730285,CHEMBL941,CHEMBL203,Kd,10000.0,nM,5.0
C3N-00959,25.412360177151,12.96,1,CPTAC,CPTAC,,,17.61583864730285,,,17.61583864730285,CHEMBL941,CHEMBL203,Kd,7600.0,nM,5.119186407719209
C3N-00959,25.412360177151,12.96,1,CPTAC,CPTAC,,,17.61583864730285,,,17.61583864730285,CHEMBL941,CHEMBL203,Kd,10000.0,nM,5.0
C3N-00959,25.412360177151,12.96,1,CPTAC,CPTAC,,,17.61583864730285,,,17.61583864730285,CHEMBL941,CHEMBL203,Kd,10000.0,nM,5.0
C3N-00959,25.412360177151,12.96,1,CPTAC,CPTAC,,,17.61583864730285,,,17.61583864730285,CHEMBL941,CHEMBL203,Kd,10000.0,nM,5.0
C3N-00959,25.412360177151,12.96,1,CPTAC,CPTAC,,,17.61583864730285,,,17.61583864730285,CHEMBL941,CHEMBL203,Kd,10000.0,nM,5.0
C3N-00959,25.412360177151,12.96,1,CPTAC,CPTAC,,,17.61583864730285,,,17.61583864730285,CHEMBL941,CHEMBL203,Kd,10000.0,nM,5.0
C3N-00959,25.412360177151,12.96,1,CPTAC,CPTAC,,,17.61583864730285,,,17.61583864730285,CHEMBL1079742,CHEMBL203,IC50,420.0,nM,6.376750709602099
C3N-00959,25.412360177151,12.96,1,CPTAC,CPTAC,,,17.61583864730285,,,17.61583864730285,CHEMBL1079742,CHEMBL203,IC50,15.0,nM,7.823908740944319
C3N-00959,25.412360177151,12.96,1,CPTAC,CPTAC,,,17.61583864730285,,,17.61583864730285,CHEMBL941,CHEMBL203,Kd,10000.0,nM,5.0
C3N-00959,25.412360177151,12.96,1,CPTAC,CPTAC,,,17.61583864730285,,,17.61583864730285,CHEMBL941,CHEMBL203,Kd,10000.0,nM,5.0
C3N-00959,25.412360177151,12.96,1,CPTAC,CPTAC,,,17.61583864730285,,,17.61583864730285,CHEMBL941,CHEMBL203,Kd,10000.0,nM,5.0
C3N-00959,25.412360177151,12.96,1,CPTAC,CPTAC,,,17.61583864730285,,,17.61583864730285,CHEMBL941,CHEMBL203,Kd,10000.0,nM,5.0
C3N-00959,25.412360177151,12.96,1,CPTAC,CPTAC,,,17.61583864730285,,,17.61583864730285,CHEMBL941,CHEMBL203,Kd,7600.0,nM,5.119186407719209
C3N-00959,25.412360177151,12.96,1,CPTAC,CPTAC,,,17.61583864730285,,,17.61583864730285,CHEMBL941,CHEMBL203,Kd,10000.0,nM,5.0
C3N-00959,25.412360177151,12.96,1,CPTAC,CPTAC,,,17.61583864730285,,,17.61583864730285,CHEMBL941,CHEMBL203,Kd,10000.0,nM,5.0
C3N-00959,25.412360177151,12.96,1,CPTAC,CPTAC,,,17.61583864730285,,,17.61583864730285,CHEMBL941,CHEMBL203,Kd,10000.0,nM,5.0
C3N-00959,25.412360177151,12.96,1,CPTAC,CPTAC,,,17.61583864730285,,,17.61583864730285,CHEMBL941,CHEMBL203,Kd,10000.0,nM,5.0
C3N-00959,25.412360177151,12.96,1,CPTAC,CPTAC,,,17.61583864730285,,,17.61583864730285,CHEMBL941,CHEMBL203,Kd,10000.0,nM,5.0
C3N-00959,25.412360177151,12.96,1,CPTAC,CPTAC,,,17.61583864730285,,,17.61583864730285,CHEMBL941,CHEMBL203,Kd,10000.0,nM,5.0
C3N-00959,25.412360177151,12.96,1,CPTAC,CPTAC,,,17.61583864730285,,,17.61583864730285,CHEMBL941,CHEMBL203,Kd,10000.0,nM,5.0
C3N-00959,25.412360177151,12.96,1,CPTAC,CPTAC,,,17.61583864730285,,,17.61583864730285,CHEMBL941,CHEMBL203,Kd,30000.0,nM,4.522878745280337
C3N-00959,25.412360177151,12.96,1,CPTAC,CPTAC,,,17.61583864730285,,,17.61583864730285,CHEMBL1079742,CHEMBL203,IC50,70.0,nM,7.154901959985743
C3N-00959,25.412360177151,12.96,1,CPTAC,CPTAC,,,17.61583864730285,,,17.61583864730285,CHEMBL941,CHEMBL203,IC50,0.11,nM,9.958607314841775
C3N-00959,25.412360177151,12.96,1,CPTAC,CPTAC,,,17.61583864730285,,,17.61583864730285,CHEMBL1079742,CHEMBL203,IC50,2.0,nM,8.698970004336019
C3N-01016,25.4002946022947,12.46,1,CPTAC,CPTAC,,,,,,,CHEMBL941,CHEMBL203,IC50,100000.0,nM,4.0
C3N-01016,25.4002946022947,12.46,1,CPTAC,CPTAC,,,,,,,CHEMBL941,CHEMBL203,Kd,10000.0,nM,5.0
C3N-01016,25.4002946022947,12.46,1,CPTAC,CPTAC,,,,,,,CHEMBL941,CHEMBL203,Kd,10000.0,nM,5.0
C3N-01016,25.4002946022947,12.46,1,CPTAC,CPTAC,,,,,,,CHEMBL941,CHEMBL203,Kd,10000.0,nM,5.0
C3N-01016,25.4002946022947,12.46,1,CPTAC,CPTAC,,,,,,,CHEMBL941,CHEMBL203,Kd,10000.0,nM,5.0
C3N-01016,25.4002946022947,12.46,1,CPTAC,CPTAC,,,,,,,CHEMBL941,CHEMBL203,Kd,7600.0,nM,5.119186407719209
C3N-01016,25.4002946022947,12.46,1,CPTAC,CPTAC,,,,,,,CHEMBL941,CHEMBL203,Kd,10000.0,nM,5.0
C3N-01016,25.4002946022947,12.46,1,CPTAC,CPTAC,,,,,,,CHEMBL941,CHEMBL203,Kd,10000.0,nM,5.0
C3N-01016,25.4002946022947,12.46,1,CPTAC,CPTAC,,,,,,,CHEMBL941,CHEMBL203,Kd,10000.0,nM,5.0
C3N-01016,25.4002946022947,12.46,1,CPTAC,CPTAC,,,,,,,CHEMBL941,CHEMBL203,Kd,10000.0,nM,5.0
C3N-01016,25.4002946022947,12.46,1,CPTAC,CPTAC,,,,,,,CHEMBL941,CHEMBL203,Kd,10000.0,nM,5.0
C3N-01016,25.4002946022947,12.46,1,CPTAC,CPTAC,,,,,,,CHEMBL1079742,CHEMBL203,IC50,420.0,nM,6.376750709602099
C3N-01016,25.4002946022947,12.46,1,CPTAC,CPTAC,,,,,,,CHEMBL1079742,CHEMBL203,IC50,15.0,nM,7.823908740944319
C3N-01016,25.4002946022947,12.46,1,CPTAC,CPTAC,,,,,,,CHEMBL941,CHEMBL203,Kd,10000.0,nM,5.0
C3N-01016,25.4002946022947,12.46,1,CPTAC,CPTAC,,,,,,,CHEMBL941,CHEMBL203,Kd,10000.0,nM,5.0
C3N-01016,25.4002946022947,12.46,1,CPTAC,CPTAC,,,,,,,CHEMBL941,CHEMBL203,Kd,10000.0,nM,5.0
C3N-01016,25.4002946022947,12.46,1,CPTAC,CPTAC,,,,,,,CHEMBL941,CHEMBL203,Kd,10000.0,nM,5.0
C3N-01016,25.4002946022947,12.46,1,CPTAC,CPTAC,,,,,,,CHEMBL941,CHEMBL203,Kd,7600.0,nM,5.119186407719209
C3N-01016,25.4002946022947,12.46,1,CPTAC,CPTAC,,,,,,,CHEMBL941,CHEMBL203,Kd,10000.0,nM,5.0
C3N-01016,25.4002946022947,12.46,1,CPTAC,CPTAC,,,,,,,CHEMBL941,CHEMBL203,Kd,10000.0,nM,5.0
C3N-01016,25.4002946022947,12.46,1,CPTAC,CPTAC,,,,,,,CHEMBL941,CHEMBL203,Kd,10000.0,nM,5.0
C3N-01016,25.4002946022947,12.46,1,CPTAC,CPTAC,,,,,,,CHEMBL941,CHEMBL203,Kd,10000.0,nM,5.0
C3N-01016,25.4002946022947,12.46,1,CPTAC,CPTAC,,,,,,,CHEMBL941,CHEMBL203,Kd,10000.0,nM,5.0
C3N-01016,25.4002946022947,12.46,1,CPTAC,CPTAC,,,,,,,CHEMBL941,CHEMBL203,Kd,10000.0,nM,5.0
C3N-01016,25.4002946022947,12.46,1,CPTAC,CPTAC,,,,,,,CHEMBL941,CHEMBL203,Kd,10000.0,nM,5.0
C3N-01016,25.4002946022947,12.46,1,CPTAC,CPTAC,,,,,,,CHEMBL941,CHEMBL203,Kd,30000.0,nM,4.522878745280337
C3N-01016,25.4002946022947,12.46,1,CPTAC,CPTAC,,,,,,,CHEMBL1079742,CHEMBL203,IC50,70.0,nM,7.154901959985743
C3N-01016,25.4002946022947,12.46,1,CPTAC,CPTAC,,,,,,,CHEMBL941,CHEMBL203,IC50,0.11,nM,9.958607314841775
C3N-01016,25.4002946022947,12.46,1,CPTAC,CPTAC,,,,,,,CHEMBL1079742,CHEMBL203,IC50,2.0,nM,8.698970004336019
C3N-01021,25.5244068676073,12.65,1,CPTAC,CPTAC,,,18.00146744647665,,,18.00146744647665,CHEMBL941,CHEMBL203,IC50,100000.0,nM,4.0
C3N-01021,25.5244068676073,12.65,1,CPTAC,CPTAC,,,18.00146744647665,,,18.00146744647665,CHEMBL941,CHEMBL203,Kd,10000.0,nM,5.0
C3N-01021,25.5244068676073,12.65,1,CPTAC,CPTAC,,,18.00146744647665,,,18.00146744647665,CHEMBL941,CHEMBL203,Kd,10000.0,nM,5.0
C3N-01021,25.5244068676073,12.65,1,CPTAC,CPTAC,,,18.00146744647665,,,18.00146744647665,CHEMBL941,CHEMBL203,Kd,10000.0,nM,5.0
C3N-01021,25.5244068676073,12.65,1,CPTAC,CPTAC,,,18.00146744647665,,,18.00146744647665,CHEMBL941,CHEMBL203,Kd,10000.0,nM,5.0
C3N-01021,25.5244068676073,12.65,1,CPTAC,CPTAC,,,18.00146744647665,,,18.00146744647665,CHEMBL941,CHEMBL203,Kd,7600.0,nM,5.119186407719209
C3N-01021,25.5244068676073,12.65,1,CPTAC,CPTAC,,,18.00146744647665,,,18.00146744647665,CHEMBL941,CHEMBL203,Kd,10000.0,nM,5.0
C3N-01021,25.5244068676073,12.65,1,CPTAC,CPTAC,,,18.00146744647665,,,18.00146744647665,CHEMBL941,CHEMBL203,Kd,10000.0,nM,5.0
C3N-01021,25.5244068676073,12.65,1,CPTAC,CPTAC,,,18.00146744647665,,,18.00146744647665,CHEMBL941,CHEMBL203,Kd,10000.0,nM,5.0
C3N-01021,25.5244068676073,12.65,1,CPTAC,CPTAC,,,18.00146744647665,,,18.00146744647665,CHEMBL941,CHEMBL203,Kd,10000.0,nM,5.0
C3N-01021,25.5244068676073,12.65,1,CPTAC,CPTAC,,,18.00146744647665,,,18.00146744647665,CHEMBL941,CHEMBL203,Kd,10000.0,nM,5.0
C3N-01021,25.5244068676073,12.65,1,CPTAC,CPTAC,,,18.00146744647665,,,18.00146744647665,CHEMBL1079742,CHEMBL203,IC50,420.0,nM,6.376750709602099
C3N-01021,25.5244068676073,12.65,1,CPTAC,CPTAC,,,18.00146744647665,,,18.00146744647665,CHEMBL1079742,CHEMBL203,IC50,15.0,nM,7.823908740944319
C3N-01021,25.5244068676073,12.65,1,CPTAC,CPTAC,,,18.00146744647665,,,18.00146744647665,CHEMBL941,CHEMBL203,Kd,10000.0,nM,5.0
C3N-01021,25.5244068676073,12.65,1,CPTAC,CPTAC,,,18.00146744647665,,,18.00146744647665,CHEMBL941,CHEMBL203,Kd,10000.0,nM,5.0
C3N-01021,25.5244068676073,12.65,1,CPTAC,CPTAC,,,18.00146744647665,,,18.00146744647665,CHEMBL941,CHEMBL203,Kd,10000.0,nM,5.0
C3N-01021,25.5244068676073,12.65,1,CPTAC,CPTAC,,,18.00146744647665,,,18.00146744647665,CHEMBL941,CHEMBL203,Kd,10000.0,nM,5.0
C3N-01021,25.5244068676073,12.65,1,CPTAC,CPTAC,,,18.00146744647665,,,18.00146744647665,CHEMBL941,CHEMBL203,Kd,7600.0,nM,5.119186407719209
C3N-01021,25.5244068676073,12.65,1,CPTAC,CPTAC,,,18.00146744647665,,,18.00146744647665,CHEMBL941,CHEMBL203,Kd,10000.0,nM,5.0
C3N-01021,25.5244068676073,12.65,1,CPTAC,CPTAC,,,18.00146744647665,,,18.00146744647665,CHEMBL941,CHEMBL203,Kd,10000.0,nM,5.0
C3N-01021,25.5244068676073,12.65,1,CPTAC,CPTAC,,,18.00146744647665,,,18.00146744647665,CHEMBL941,CHEMBL203,Kd,10000.0,nM,5.0
C3N-01021,25.5244068676073,12.65,1,CPTAC,CPTAC,,,18.00146744647665,,,18.00146744647665,CHEMBL941,CHEMBL203,Kd,10000.0,nM,5.0
C3N-01021,25.5244068676073,12.65,1,CPTAC,CPTAC,,,18.00146744647665,,,18.00146744647665,CHEMBL941,CHEMBL203,Kd,10000.0,nM,5.0
C3N-01021,25.5244068676073,12.65,1,CPTAC,CPTAC,,,18.00146744647665,,,18.00146744647665,CHEMBL941,CHEMBL203,Kd,10000.0,nM,5.0
C3N-01021,25.5244068676073,12.65,1,CPTAC,CPTAC,,,18.00146744647665,,,18.00146744647665,CHEMBL941,CHEMBL203,Kd,10000.0,nM,5.0
C3N-01021,25.5244068676073,12.65,1,CPTAC,CPTAC,,,18.00146744647665,,,18.00146744647665,CHEMBL941,CHEMBL203,Kd,30000.0,nM,4.522878745280337
C3N-01021,25.5244068676073,12.65,1,CPTAC,CPTAC,,,18.00146744647665,,,18.00146744647665,CHEMBL1079742,CHEMBL203,IC50,70.0,nM,7.154901959985743
C3N-01021,25.5244068676073,12.65,1,CPTAC,CPTAC,,,18.00146744647665,,,18.00146744647665,CHEMBL941,CHEMBL203,IC50,0.11,nM,9.958607314841775
C3N-01021,25.5244068676073,12.65,1,CPTAC,CPTAC,,,18.00146744647665,,,18.00146744647665,CHEMBL1079742,CHEMBL203,IC50,2.0,nM,8.698970004336019
C3N-01023,25.3052256527391,12.54,1,CPTAC,CPTAC,,,,,17.70989100525025,17.70989100525025,CHEMBL941,CHEMBL203,IC50,100000.0,nM,4.0
C3N-01023,25.3052256527391,12.54,1,CPTAC,CPTAC,,,,,17.70989100525025,17.70989100525025,CHEMBL941,CHEMBL203,Kd,10000.0,nM,5.0
C3N-01023,25.3052256527391,12.54,1,CPTAC,CPTAC,,,,,17.70989100525025,17.70989100525025,CHEMBL941,CHEMBL203,Kd,10000.0,nM,5.0
C3N-01023,25.3052256527391,12.54,1,CPTAC,CPTAC,,,,,17.70989100525025,17.70989100525025,CHEMBL941,CHEMBL203,Kd,10000.0,nM,5.0
C3N-01023,25.3052256527391,12.54,1,CPTAC,CPTAC,,,,,17.70989100525025,17.70989100525025,CHEMBL941,CHEMBL203,Kd,10000.0,nM,5.0
C3N-01023,25.3052256527391,12.54,1,CPTAC,CPTAC,,,,,17.70989100525025,17.70989100525025,CHEMBL941,CHEMBL203,Kd,7600.0,nM,5.119186407719209
C3N-01023,25.3052256527391,12.54,1,CPTAC,CPTAC,,,,,17.70989100525025,17.70989100525025,CHEMBL941,CHEMBL203,Kd,10000.0,nM,5.0
C3N-01023,25.3052256527391,12.54,1,CPTAC,CPTAC,,,,,17.70989100525025,17.70989100525025,CHEMBL941,CHEMBL203,Kd,10000.0,nM,5.0
C3N-01023,25.3052256527391,12.54,1,CPTAC,CPTAC,,,,,17.70989100525025,17.70989100525025,CHEMBL941,CHEMBL203,Kd,10000.0,nM,5.0
C3N-01023,25.3052256527391,12.54,1,CPTAC,CPTAC,,,,,17.70989100525025,17.70989100525025,CHEMBL941,CHEMBL203,Kd,10000.0,nM,5.0
C3N-01023,25.3052256527391,12.54,1,CPTAC,CPTAC,,,,,17.70989100525025,17.70989100525025,CHEMBL941,CHEMBL203,Kd,10000.0,nM,5.0
C3N-01023,25.3052256527391,12.54,1,CPTAC,CPTAC,,,,,17.70989100525025,17.70989100525025,CHEMBL1079742,CHEMBL203,IC50,420.0,nM,6.376750709602099
C3N-01023,25.3052256527391,12.54,1,CPTAC,CPTAC,,,,,17.70989100525025,17.70989100525025,CHEMBL1079742,CHEMBL203,IC50,15.0,nM,7.823908740944319
C3N-01023,25.3052256527391,12.54,1,CPTAC,CPTAC,,,,,17.70989100525025,17.70989100525025,CHEMBL941,CHEMBL203,Kd,10000.0,nM,5.0
C3N-01023,25.3052256527391,12.54,1,CPTAC,CPTAC,,,,,17.70989100525025,17.70989100525025,CHEMBL941,CHEMBL203,Kd,10000.0,nM,5.0
C3N-01023,25.3052256527391,12.54,1,CPTAC,CPTAC,,,,,17.70989100525025,17.70989100525025,CHEMBL941,CHEMBL203,Kd,10000.0,nM,5.0
C3N-01023,25.3052256527391,12.54,1,CPTAC,CPTAC,,,,,17.70989100525025,17.70989100525025,CHEMBL941,CHEMBL203,Kd,10000.0,nM,5.0
C3N-01023,25.3052256527391,12.54,1,CPTAC,CPTAC,,,,,17.70989100525025,17.70989100525025,CHEMBL941,CHEMBL203,Kd,7600.0,nM,5.119186407719209
C3N-01023,25.3052256527391,12.54,1,CPTAC,CPTAC,,,,,17.70989100525025,17.70989100525025,CHEMBL941,CHEMBL203,Kd,10000.0,nM,5.0
C3N-01023,25.3052256527391,12.54,1,CPTAC,CPTAC,,,,,17.70989100525025,17.70989100525025,CHEMBL941,CHEMBL203,Kd,10000.0,nM,5.0
C3N-01023,25.3052256527391,12.54,1,CPTAC,CPTAC,,,,,17.70989100525025,17.70989100525025,CHEMBL941,CHEMBL203,Kd,10000.0,nM,5.0
C3N-01023,25.3052256527391,12.54,1,CPTAC,CPTAC,,,,,17.70989100525025,17.70989100525025,CHEMBL941,CHEMBL203,Kd,10000.0,nM,5.0
C3N-01023,25.3052256527391,12.54,1,CPTAC,CPTAC,,,,,17.70989100525025,17.70989100525025,CHEMBL941,CHEMBL203,Kd,10000.0,nM,5.0
C3N-01023,25.3052256527391,12.54,1,CPTAC,CPTAC,,,,,17.70989100525025,17.70989100525025,CHEMBL941,CHEMBL203,Kd,10000.0,nM,5.0
C3N-01023,25.3052256527391,12.54,1,CPTAC,CPTAC,,,,,17.70989100525025,17.70989100525025,CHEMBL941,CHEMBL203,Kd,10000.0,nM,5.0
C3N-01023,25.3052256527391,12.54,1,CPTAC,CPTAC,,,,,17.70989100525025,17.70989100525025,CHEMBL941,CHEMBL203,Kd,30000.0,nM,4.522878745280337
C3N-01023,25.3052256527391,12.54,1,CPTAC,CPTAC,,,,,17.70989100525025,17.70989100525025,CHEMBL1079742,CHEMBL203,IC50,70.0,nM,7.154901959985743
C3N-01023,25.3052256527391,12.54,1,CPTAC,CPTAC,,,,,17.70989100525025,17.70989100525025,CHEMBL941,CHEMBL203,IC50,0.11,nM,9.958607314841775
C3N-01023,25.3052256527391,12.54,1,CPTAC,CPTAC,,,,,17.70989100525025,17.70989100525025,CHEMBL1079742,CHEMBL203,IC50,2.0,nM,8.698970004336019
C3N-01024,25.347429938711,12.88,1,CPTAC,CPTAC,,,,,18.33931340512735,18.33931340512735,CHEMBL941,CHEMBL203,IC50,100000.0,nM,4.0
C3N-01024,25.347429938711,12.88,1,CPTAC,CPTAC,,,,,18.33931340512735,18.33931340512735,CHEMBL941,CHEMBL203,Kd,10000.0,nM,5.0
C3N-01024,25.347429938711,12.88,1,CPTAC,CPTAC,,,,,18.33931340512735,18.33931340512735,CHEMBL941,CHEMBL203,Kd,10000.0,nM,5.0
C3N-01024,25.347429938711,12.88,1,CPTAC,CPTAC,,,,,18.33931340512735,18.33931340512735,CHEMBL941,CHEMBL203,Kd,10000.0,nM,5.0
C3N-01024,25.347429938711,12.88,1,CPTAC,CPTAC,,,,,18.33931340512735,18.33931340512735,CHEMBL941,CHEMBL203,Kd,10000.0,nM,5.0
C3N-01024,25.347429938711,12.88,1,CPTAC,CPTAC,,,,,18.33931340512735,18.33931340512735,CHEMBL941,CHEMBL203,Kd,7600.0,nM,5.119186407719209
C3N-01024,25.347429938711,12.88,1,CPTAC,CPTAC,,,,,18.33931340512735,18.33931340512735,CHEMBL941,CHEMBL203,Kd,10000.0,nM,5.0
C3N-01024,25.347429938711,12.88,1,CPTAC,CPTAC,,,,,18.33931340512735,18.33931340512735,CHEMBL941,CHEMBL203,Kd,10000.0,nM,5.0
C3N-01024,25.347429938711,12.88,1,CPTAC,CPTAC,,,,,18.33931340512735,18.33931340512735,CHEMBL941,CHEMBL203,Kd,10000.0,nM,5.0
C3N-01024,25.347429938711,12.88,1,CPTAC,CPTAC,,,,,18.33931340512735,18.33931340512735,CHEMBL941,CHEMBL203,Kd,10000.0,nM,5.0
C3N-01024,25.347429938711,12.88,1,CPTAC,CPTAC,,,,,18.33931340512735,18.33931340512735,CHEMBL941,CHEMBL203,Kd,10000.0,nM,5.0
C3N-01024,25.347429938711,12.88,1,CPTAC,CPTAC,,,,,18.33931340512735,18.33931340512735,CHEMBL1079742,CHEMBL203,IC50,420.0,nM,6.376750709602099
C3N-01024,25.347429938711,12.88,1,CPTAC,CPTAC,,,,,18.33931340512735,18.33931340512735,CHEMBL1079742,CHEMBL203,IC50,15.0,nM,7.823908740944319
C3N-01024,25.347429938711,12.88,1,CPTAC,CPTAC,,,,,18.33931340512735,18.33931340512735,CHEMBL941,CHEMBL203,Kd,10000.0,nM,5.0
C3N-01024,25.347429938711,12.88,1,CPTAC,CPTAC,,,,,18.33931340512735,18.33931340512735,CHEMBL941,CHEMBL203,Kd,10000.0,nM,5.0
C3N-01024,25.347429938711,12.88,1,CPTAC,CPTAC,,,,,18.33931340512735,18.33931340512735,CHEMBL941,CHEMBL203,Kd,10000.0,nM,5.0
C3N-01024,25.347429938711,12.88,1,CPTAC,CPTAC,,,,,18.33931340512735,18.33931340512735,CHEMBL941,CHEMBL203,Kd,10000.0,nM,5.0
C3N-01024,25.347429938711,12.88,1,CPTAC,CPTAC,,,,,18.33931340512735,18.33931340512735,CHEMBL941,CHEMBL203,Kd,7600.0,nM,5.119186407719209
C3N-01024,25.347429938711,12.88,1,CPTAC,CPTAC,,,,,18.33931340512735,18.33931340512735,CHEMBL941,CHEMBL203,Kd,10000.0,nM,5.0
C3N-01024,25.347429938711,12.88,1,CPTAC,CPTAC,,,,,18.33931340512735,18.33931340512735,CHEMBL941,CHEMBL203,Kd,10000.0,nM,5.0
C3N-01024,25.347429938711,12.88,1,CPTAC,CPTAC,,,,,18.33931340512735,18.33931340512735,CHEMBL941,CHEMBL203,Kd,10000.0,nM,5.0
C3N-01024,25.347429938711,12.88,1,CPTAC,CPTAC,,,,,18.33931340512735,18.33931340512735,CHEMBL941,CHEMBL203,Kd,10000.0,nM,5.0
C3N-01024,25.347429938711,12.88,1,CPTAC,CPTAC,,,,,18.33931340512735,18.33931340512735,CHEMBL941,CHEMBL203,Kd,10000.0,nM,5.0
C3N-01024,25.347429938711,12.88,1,CPTAC,CPTAC,,,,,18.33931340512735,18.33931340512735,CHEMBL941,CHEMBL203,Kd,10000.0,nM,5.0
C3N-01024,25.347429938711,12.88,1,CPTAC,CPTAC,,,,,18.33931340512735,18.33931340512735,CHEMBL941,CHEMBL203,Kd,10000.0,nM,5.0
C3N-01024,25.347429938711,12.88,1,CPTAC,CPTAC,,,,,18.33931340512735,18.33931340512735,CHEMBL941,CHEMBL203,Kd,30000.0,nM,4.522878745280337
C3N-01024,25.347429938711,12.88,1,CPTAC,CPTAC,,,,,18.33931340512735,18.33931340512735,CHEMBL1079742,CHEMBL203,IC50,70.0,nM,7.154901959985743
C3N-01024,25.347429938711,12.88,1,CPTAC,CPTAC,,,,,18.33931340512735,18.33931340512735,CHEMBL941,CHEMBL203,IC50,0.11,nM,9.958607314841775
C3N-01024,25.347429938711,12.88,1,CPTAC,CPTAC,,,,,18.33931340512735,18.33931340512735,CHEMBL1079742,CHEMBL203,IC50,2.0,nM,8.698970004336019
C3N-01030,25.2214861499652,12.17,1,CPTAC,CPTAC,,,,,,,CHEMBL941,CHEMBL203,IC50,100000.0,nM,4.0
C3N-01030,25.2214861499652,12.17,1,CPTAC,CPTAC,,,,,,,CHEMBL941,CHEMBL203,Kd,10000.0,nM,5.0
C3N-01030,25.2214861499652,12.17,1,CPTAC,CPTAC,,,,,,,CHEMBL941,CHEMBL203,Kd,10000.0,nM,5.0
C3N-01030,25.2214861499652,12.17,1,CPTAC,CPTAC,,,,,,,CHEMBL941,CHEMBL203,Kd,10000.0,nM,5.0
C3N-01030,25.2214861499652,12.17,1,CPTAC,CPTAC,,,,,,,CHEMBL941,CHEMBL203,Kd,10000.0,nM,5.0
C3N-01030,25.2214861499652,12.17,1,CPTAC,CPTAC,,,,,,,CHEMBL941,CHEMBL203,Kd,7600.0,nM,5.119186407719209
C3N-01030,25.2214861499652,12.17,1,CPTAC,CPTAC,,,,,,,CHEMBL941,CHEMBL203,Kd,10000.0,nM,5.0
C3N-01030,25.2214861499652,12.17,1,CPTAC,CPTAC,,,,,,,CHEMBL941,CHEMBL203,Kd,10000.0,nM,5.0
C3N-01030,25.2214861499652,12.17,1,CPTAC,CPTAC,,,,,,,CHEMBL941,CHEMBL203,Kd,10000.0,nM,5.0
C3N-01030,25.2214861499652,12.17,1,CPTAC,CPTAC,,,,,,,CHEMBL941,CHEMBL203,Kd,10000.0,nM,5.0
C3N-01030,25.2214861499652,12.17,1,CPTAC,CPTAC,,,,,,,CHEMBL941,CHEMBL203,Kd,10000.0,nM,5.0
C3N-01030,25.2214861499652,12.17,1,CPTAC,CPTAC,,,,,,,CHEMBL1079742,CHEMBL203,IC50,420.0,nM,6.376750709602099
C3N-01030,25.2214861499652,12.17,1,CPTAC,CPTAC,,,,,,,CHEMBL1079742,CHEMBL203,IC50,15.0,nM,7.823908740944319
C3N-01030,25.2214861499652,12.17,1,CPTAC,CPTAC,,,,,,,CHEMBL941,CHEMBL203,Kd,10000.0,nM,5.0
C3N-01030,25.2214861499652,12.17,1,CPTAC,CPTAC,,,,,,,CHEMBL941,CHEMBL203,Kd,10000.0,nM,5.0
C3N-01030,25.2214861499652,12.17,1,CPTAC,CPTAC,,,,,,,CHEMBL941,CHEMBL203,Kd,10000.0,nM,5.0
C3N-01030,25.2214861499652,12.17,1,CPTAC,CPTAC,,,,,,,CHEMBL941,CHEMBL203,Kd,10000.0,nM,5.0
C3N-01030,25.2214861499652,12.17,1,CPTAC,CPTAC,,,,,,,CHEMBL941,CHEMBL203,Kd,7600.0,nM,5.119186407719209
C3N-01030,25.2214861499652,12.17,1,CPTAC,CPTAC,,,,,,,CHEMBL941,CHEMBL203,Kd,10000.0,nM,5.0
C3N-01030,25.2214861499652,12.17,1,CPTAC,CPTAC,,,,,,,CHEMBL941,CHEMBL203,Kd,10000.0,nM,5.0
C3N-01030,25.2214861499652,12.17,1,CPTAC,CPTAC,,,,,,,CHEMBL941,CHEMBL203,Kd,10000.0,nM,5.0
C3N-01030,25.2214861499652,12.17,1,CPTAC,CPTAC,,,,,,,CHEMBL941,CHEMBL203,Kd,10000.0,nM,5.0
C3N-01030,25.2214861499652,12.17,1,CPTAC,CPTAC,,,,,,,CHEMBL941,CHEMBL203,Kd,10000.0,nM,5.0
C3N-01030,25.2214861499652,12.17,1,CPTAC,CPTAC,,,,,,,CHEMBL941,CHEMBL203,Kd,10000.0,nM,5.0
C3N-01030,25.2214861499652,12.17,1,CPTAC,CPTAC,,,,,,,CHEMBL941,CHEMBL203,Kd,10000.0,nM,5.0
C3N-01030,25.2214861499652,12.17,1,CPTAC,CPTAC,,,,,,,CHEMBL941,CHEMBL203,Kd,30000.0,nM,4.522878745280337
C3N-01030,25.2214861499652,12.17,1,CPTAC,CPTAC,,,,,,,CHEMBL1079742,CHEMBL203,IC50,70.0,nM,7.154901959985743
C3N-01030,25.2214861499652,12.17,1,CPTAC,CPTAC,,,,,,,CHEMBL941,CHEMBL203,IC50,0.11,nM,9.958607314841775
C3N-01030,25.2214861499652,12.17,1,CPTAC,CPTAC,,,,,,,CHEMBL1079742,CHEMBL203,IC50,2.0,nM,8.698970004336019
C3N-01071,25.7657840513921,12.74,1,CPTAC,CPTAC,,,,,17.817716983425953,17.817716983425953,CHEMBL941,CHEMBL203,IC50,100000.0,nM,4.0
C3N-01071,25.7657840513921,12.74,1,CPTAC,CPTAC,,,,,17.817716983425953,17.817716983425953,CHEMBL941,CHEMBL203,Kd,10000.0,nM,5.0
C3N-01071,25.7657840513921,12.74,1,CPTAC,CPTAC,,,,,17.817716983425953,17.817716983425953,CHEMBL941,CHEMBL203,Kd,10000.0,nM,5.0
C3N-01071,25.7657840513921,12.74,1,CPTAC,CPTAC,,,,,17.817716983425953,17.817716983425953,CHEMBL941,CHEMBL203,Kd,10000.0,nM,5.0
C3N-01071,25.7657840513921,12.74,1,CPTAC,CPTAC,,,,,17.817716983425953,17.817716983425953,CHEMBL941,CHEMBL203,Kd,10000.0,nM,5.0
C3N-01071,25.7657840513921,12.74,1,CPTAC,CPTAC,,,,,17.817716983425953,17.817716983425953,CHEMBL941,CHEMBL203,Kd,7600.0,nM,5.119186407719209
C3N-01071,25.7657840513921,12.74,1,CPTAC,CPTAC,,,,,17.817716983425953,17.817716983425953,CHEMBL941,CHEMBL203,Kd,10000.0,nM,5.0
C3N-01071,25.7657840513921,12.74,1,CPTAC,CPTAC,,,,,17.817716983425953,17.817716983425953,CHEMBL941,CHEMBL203,Kd,10000.0,nM,5.0
C3N-01071,25.7657840513921,12.74,1,CPTAC,CPTAC,,,,,17.817716983425953,17.817716983425953,CHEMBL941,CHEMBL203,Kd,10000.0,nM,5.0
C3N-01071,25.7657840513921,12.74,1,CPTAC,CPTAC,,,,,17.817716983425953,17.817716983425953,CHEMBL941,CHEMBL203,Kd,10000.0,nM,5.0
C3N-01071,25.7657840513921,12.74,1,CPTAC,CPTAC,,,,,17.817716983425953,17.817716983425953,CHEMBL941,CHEMBL203,Kd,10000.0,nM,5.0
C3N-01071,25.7657840513921,12.74,1,CPTAC,CPTAC,,,,,17.817716983425953,17.817716983425953,CHEMBL1079742,CHEMBL203,IC50,420.0,nM,6.376750709602099
C3N-01071,25.7657840513921,12.74,1,CPTAC,CPTAC,,,,,17.817716983425953,17.817716983425953,CHEMBL1079742,CHEMBL203,IC50,15.0,nM,7.823908740944319
C3N-01071,25.7657840513921,12.74,1,CPTAC,CPTAC,,,,,17.817716983425953,17.817716983425953,CHEMBL941,CHEMBL203,Kd,10000.0,nM,5.0
C3N-01071,25.7657840513921,12.74,1,CPTAC,CPTAC,,,,,17.817716983425953,17.817716983425953,CHEMBL941,CHEMBL203,Kd,10000.0,nM,5.0
C3N-01071,25.7657840513921,12.74,1,CPTAC,CPTAC,,,,,17.817716983425953,17.817716983425953,CHEMBL941,CHEMBL203,Kd,10000.0,nM,5.0
C3N-01071,25.7657840513921,12.74,1,CPTAC,CPTAC,,,,,17.817716983425953,17.817716983425953,CHEMBL941,CHEMBL203,Kd,10000.0,nM,5.0
C3N-01071,25.7657840513921,12.74,1,CPTAC,CPTAC,,,,,17.817716983425953,17.817716983425953,CHEMBL941,CHEMBL203,Kd,7600.0,nM,5.119186407719209
C3N-01071,25.7657840513921,12.74,1,CPTAC,CPTAC,,,,,17.817716983425953,17.817716983425953,CHEMBL941,CHEMBL203,Kd,10000.0,nM,5.0
C3N-01071,25.7657840513921,12.74,1,CPTAC,CPTAC,,,,,17.817716983425953,17.817716983425953,CHEMBL941,CHEMBL203,Kd,10000.0,nM,5.0
C3N-01071,25.7657840513921,12.74,1,CPTAC,CPTAC,,,,,17.817716983425953,17.817716983425953,CHEMBL941,CHEMBL203,Kd,10000.0,nM,5.0
C3N-01071,25.7657840513921,12.74,1,CPTAC,CPTAC,,,,,17.817716983425953,17.817716983425953,CHEMBL941,CHEMBL203,Kd,10000.0,nM,5.0
C3N-01071,25.7657840513921,12.74,1,CPTAC,CPTAC,,,,,17.817716983425953,17.817716983425953,CHEMBL941,CHEMBL203,Kd,10000.0,nM,5.0
C3N-01071,25.7657840513921,12.74,1,CPTAC,CPTAC,,,,,17.817716983425953,17.817716983425953,CHEMBL941,CHEMBL203,Kd,10000.0,nM,5.0
C3N-01071,25.7657840513921,12.74,1,CPTAC,CPTAC,,,,,17.817716983425953,17.817716983425953,CHEMBL941,CHEMBL203,Kd,10000.0,nM,5.0
C3N-01071,25.7657840513921,12.74,1,CPTAC,CPTAC,,,,,17.817716983425953,17.817716983425953,CHEMBL941,CHEMBL203,Kd,30000.0,nM,4.522878745280337
C3N-01071,25.7657840513921,12.74,1,CPTAC,CPTAC,,,,,17.817716983425953,17.817716983425953,CHEMBL1079742,CHEMBL203,IC50,70.0,nM,7.154901959985743
C3N-01071,25.7657840513921,12.74,1,CPTAC,CPTAC,,,,,17.817716983425953,17.817716983425953,CHEMBL941,CHEMBL203,IC50,0.11,nM,9.958607314841775
C3N-01071,25.7657840513921,12.74,1,CPTAC,CPTAC,,,,,17.817716983425953,17.817716983425953,CHEMBL1079742,CHEMBL203,IC50,2.0,nM,8.698970004336019
C3N-01072,25.4040356933467,13.16,1,CPTAC,CPTAC,,,,,,,CHEMBL941,CHEMBL203,IC50,100000.0,nM,4.0
C3N-01072,25.4040356933467,13.16,1,CPTAC,CPTAC,,,,,,,CHEMBL941,CHEMBL203,Kd,10000.0,nM,5.0
C3N-01072,25.4040356933467,13.16,1,CPTAC,CPTAC,,,,,,,CHEMBL941,CHEMBL203,Kd,10000.0,nM,5.0
C3N-01072,25.4040356933467,13.16,1,CPTAC,CPTAC,,,,,,,CHEMBL941,CHEMBL203,Kd,10000.0,nM,5.0
C3N-01072,25.4040356933467,13.16,1,CPTAC,CPTAC,,,,,,,CHEMBL941,CHEMBL203,Kd,10000.0,nM,5.0
C3N-01072,25.4040356933467,13.16,1,CPTAC,CPTAC,,,,,,,CHEMBL941,CHEMBL203,Kd,7600.0,nM,5.119186407719209
C3N-01072,25.4040356933467,13.16,1,CPTAC,CPTAC,,,,,,,CHEMBL941,CHEMBL203,Kd,10000.0,nM,5.0
C3N-01072,25.4040356933467,13.16,1,CPTAC,CPTAC,,,,,,,CHEMBL941,CHEMBL203,Kd,10000.0,nM,5.0
C3N-01072,25.4040356933467,13.16,1,CPTAC,CPTAC,,,,,,,CHEMBL941,CHEMBL203,Kd,10000.0,nM,5.0
C3N-01072,25.4040356933467,13.16,1,CPTAC,CPTAC,,,,,,,CHEMBL941,CHEMBL203,Kd,10000.0,nM,5.0
C3N-01072,25.4040356933467,13.16,1,CPTAC,CPTAC,,,,,,,CHEMBL941,CHEMBL203,Kd,10000.0,nM,5.0
C3N-01072,25.4040356933467,13.16,1,CPTAC,CPTAC,,,,,,,CHEMBL1079742,CHEMBL203,IC50,420.0,nM,6.376750709602099
C3N-01072,25.4040356933467,13.16,1,CPTAC,CPTAC,,,,,,,CHEMBL1079742,CHEMBL203,IC50,15.0,nM,7.823908740944319
C3N-01072,25.4040356933467,13.16,1,CPTAC,CPTAC,,,,,,,CHEMBL941,CHEMBL203,Kd,10000.0,nM,5.0
C3N-01072,25.4040356933467,13.16,1,CPTAC,CPTAC,,,,,,,CHEMBL941,CHEMBL203,Kd,10000.0,nM,5.0
C3N-01072,25.4040356933467,13.16,1,CPTAC,CPTAC,,,,,,,CHEMBL941,CHEMBL203,Kd,10000.0,nM,5.0
C3N-01072,25.4040356933467,13.16,1,CPTAC,CPTAC,,,,,,,CHEMBL941,CHEMBL203,Kd,10000.0,nM,5.0
C3N-01072,25.4040356933467,13.16,1,CPTAC,CPTAC,,,,,,,CHEMBL941,CHEMBL203,Kd,7600.0,nM,5.119186407719209
C3N-01072,25.4040356933467,13.16,1,CPTAC,CPTAC,,,,,,,CHEMBL941,CHEMBL203,Kd,10000.0,nM,5.0
C3N-01072,25.4040356933467,13.16,1,CPTAC,CPTAC,,,,,,,CHEMBL941,CHEMBL203,Kd,10000.0,nM,5.0
C3N-01072,25.4040356933467,13.16,1,CPTAC,CPTAC,,,,,,,CHEMBL941,CHEMBL203,Kd,10000.0,nM,5.0
C3N-01072,25.4040356933467,13.16,1,CPTAC,CPTAC,,,,,,,CHEMBL941,CHEMBL203,Kd,10000.0,nM,5.0
C3N-01072,25.4040356933467,13.16,1,CPTAC,CPTAC,,,,,,,CHEMBL941,CHEMBL203,Kd,10000.0,nM,5.0
C3N-01072,25.4040356933467,13.16,1,CPTAC,CPTAC,,,,,,,CHEMBL941,CHEMBL203,Kd,10000.0,nM,5.0
C3N-01072,25.4040356933467,13.16,1,CPTAC,CPTAC,,,,,,,CHEMBL941,CHEMBL203,Kd,10000.0,nM,5.0
C3N-01072,25.4040356933467,13.16,1,CPTAC,CPTAC,,,,,,,CHEMBL941,CHEMBL203,Kd,30000.0,nM,4.522878745280337
C3N-01072,25.4040356933467,13.16,1,CPTAC,CPTAC,,,,,,,CHEMBL1079742,CHEMBL203,IC50,70.0,nM,7.154901959985743
C3N-01072,25.4040356933467,13.16,1,CPTAC,CPTAC,,,,,,,CHEMBL941,CHEMBL203,IC50,0.11,nM,9.958607314841775
C3N-01072,25.4040356933467,13.16,1,CPTAC,CPTAC,,,,,,,CHEMBL1079742,CHEMBL203,IC50,2.0,nM,8.698970004336019
C3N-01405,25.5124149812992,13.18,1,CPTAC,CPTAC,,,,,18.95147733793525,18.95147733793525,CHEMBL941,CHEMBL203,IC50,100000.0,nM,4.0
C3N-01405,25.5124149812992,13.18,1,CPTAC,CPTAC,,,,,18.95147733793525,18.95147733793525,CHEMBL941,CHEMBL203,Kd,10000.0,nM,5.0
C3N-01405,25.5124149812992,13.18,1,CPTAC,CPTAC,,,,,18.95147733793525,18.95147733793525,CHEMBL941,CHEMBL203,Kd,10000.0,nM,5.0
C3N-01405,25.5124149812992,13.18,1,CPTAC,CPTAC,,,,,18.95147733793525,18.95147733793525,CHEMBL941,CHEMBL203,Kd,10000.0,nM,5.0
C3N-01405,25.5124149812992,13.18,1,CPTAC,CPTAC,,,,,18.95147733793525,18.95147733793525,CHEMBL941,CHEMBL203,Kd,10000.0,nM,5.0
C3N-01405,25.5124149812992,13.18,1,CPTAC,CPTAC,,,,,18.95147733793525,18.95147733793525,CHEMBL941,CHEMBL203,Kd,7600.0,nM,5.119186407719209
C3N-01405,25.5124149812992,13.18,1,CPTAC,CPTAC,,,,,18.95147733793525,18.95147733793525,CHEMBL941,CHEMBL203,Kd,10000.0,nM,5.0
C3N-01405,25.5124149812992,13.18,1,CPTAC,CPTAC,,,,,18.95147733793525,18.95147733793525,CHEMBL941,CHEMBL203,Kd,10000.0,nM,5.0
C3N-01405,25.5124149812992,13.18,1,CPTAC,CPTAC,,,,,18.95147733793525,18.95147733793525,CHEMBL941,CHEMBL203,Kd,10000.0,nM,5.0
C3N-01405,25.5124149812992,13.18,1,CPTAC,CPTAC,,,,,18.95147733793525,18.95147733793525,CHEMBL941,CHEMBL203,Kd,10000.0,nM,5.0
C3N-01405,25.5124149812992,13.18,1,CPTAC,CPTAC,,,,,18.95147733793525,18.95147733793525,CHEMBL941,CHEMBL203,Kd,10000.0,nM,5.0
C3N-01405,25.5124149812992,13.18,1,CPTAC,CPTAC,,,,,18.95147733793525,18.95147733793525,CHEMBL1079742,CHEMBL203,IC50,420.0,nM,6.376750709602099
C3N-01405,25.5124149812992,13.18,1,CPTAC,CPTAC,,,,,18.95147733793525,18.95147733793525,CHEMBL1079742,CHEMBL203,IC50,15.0,nM,7.823908740944319
C3N-01405,25.5124149812992,13.18,1,CPTAC,CPTAC,,,,,18.95147733793525,18.95147733793525,CHEMBL941,CHEMBL203,Kd,10000.0,nM,5.0
C3N-01405,25.5124149812992,13.18,1,CPTAC,CPTAC,,,,,18.95147733793525,18.95147733793525,CHEMBL941,CHEMBL203,Kd,10000.0,nM,5.0
C3N-01405,25.5124149812992,13.18,1,CPTAC,CPTAC,,,,,18.95147733793525,18.95147733793525,CHEMBL941,CHEMBL203,Kd,10000.0,nM,5.0
C3N-01405,25.5124149812992,13.18,1,CPTAC,CPTAC,,,,,18.95147733793525,18.95147733793525,CHEMBL941,CHEMBL203,Kd,10000.0,nM,5.0
C3N-01405,25.5124149812992,13.18,1,CPTAC,CPTAC,,,,,18.95147733793525,18.95147733793525,CHEMBL941,CHEMBL203,Kd,7600.0,nM,5.119186407719209
C3N-01405,25.5124149812992,13.18,1,CPTAC,CPTAC,,,,,18.95147733793525,18.95147733793525,CHEMBL941,CHEMBL203,Kd,10000.0,nM,5.0
C3N-01405,25.5124149812992,13.18,1,CPTAC,CPTAC,,,,,18.95147733793525,18.95147733793525,CHEMBL941,CHEMBL203,Kd,10000.0,nM,5.0
C3N-01405,25.5124149812992,13.18,1,CPTAC,CPTAC,,,,,18.95147733793525,18.95147733793525,CHEMBL941,CHEMBL203,Kd,10000.0,nM,5.0
C3N-01405,25.5124149812992,13.18,1,CPTAC,CPTAC,,,,,18.95147733793525,18.95147733793525,CHEMBL941,CHEMBL203,Kd,10000.0,nM,5.0
C3N-01405,25.5124149812992,13.18,1,CPTAC,CPTAC,,,,,18.95147733793525,18.95147733793525,CHEMBL941,CHEMBL203,Kd,10000.0,nM,5.0
C3N-01405,25.5124149812992,13.18,1,CPTAC,CPTAC,,,,,18.95147733793525,18.95147733793525,CHEMBL941,CHEMBL203,Kd,10000.0,nM,5.0
C3N-01405,25.5124149812992,13.18,1,CPTAC,CPTAC,,,,,18.95147733793525,18.95147733793525,CHEMBL941,CHEMBL203,Kd,10000.0,nM,5.0
C3N-01405,25.5124149812992,13.18,1,CPTAC,CPTAC,,,,,18.95147733793525,18.95147733793525,CHEMBL941,CHEMBL203,Kd,30000.0,nM,4.522878745280337
C3N-01405,25.5124149812992,13.18,1,CPTAC,CPTAC,,,,,18.95147733793525,18.95147733793525,CHEMBL1079742,CHEMBL203,IC50,70.0,nM,7.154901959985743
C3N-01405,25.5124149812992,13.18,1,CPTAC,CPTAC,,,,,18.95147733793525,18.95147733793525,CHEMBL941,CHEMBL203,IC50,0.11,nM,9.958607314841775
C3N-01405,25.5124149812992,13.18,1,CPTAC,CPTAC,,,,,18.95147733793525,18.95147733793525,CHEMBL1079742,CHEMBL203,IC50,2.0,nM,8.698970004336019
C3N-01410,25.4209245927885,12.52,1,CPTAC,CPTAC,,,,,18.26706456372495,18.26706456372495,CHEMBL941,CHEMBL203,IC50,100000.0,nM,4.0
C3N-01410,25.4209245927885,12.52,1,CPTAC,CPTAC,,,,,18.26706456372495,18.26706456372495,CHEMBL941,CHEMBL203,Kd,10000.0,nM,5.0
C3N-01410,25.4209245927885,12.52,1,CPTAC,CPTAC,,,,,18.26706456372495,18.26706456372495,CHEMBL941,CHEMBL203,Kd,10000.0,nM,5.0
C3N-01410,25.4209245927885,12.52,1,CPTAC,CPTAC,,,,,18.26706456372495,18.26706456372495,CHEMBL941,CHEMBL203,Kd,10000.0,nM,5.0
C3N-01410,25.4209245927885,12.52,1,CPTAC,CPTAC,,,,,18.26706456372495,18.26706456372495,CHEMBL941,CHEMBL203,Kd,10000.0,nM,5.0
C3N-01410,25.4209245927885,12.52,1,CPTAC,CPTAC,,,,,18.26706456372495,18.26706456372495,CHEMBL941,CHEMBL203,Kd,7600.0,nM,5.119186407719209
C3N-01410,25.4209245927885,12.52,1,CPTAC,CPTAC,,,,,18.26706456372495,18.26706456372495,CHEMBL941,CHEMBL203,Kd,10000.0,nM,5.0
C3N-01410,25.4209245927885,12.52,1,CPTAC,CPTAC,,,,,18.26706456372495,18.26706456372495,CHEMBL941,CHEMBL203,Kd,10000.0,nM,5.0
C3N-01410,25.4209245927885,12.52,1,CPTAC,CPTAC,,,,,18.26706456372495,18.26706456372495,CHEMBL941,CHEMBL203,Kd,10000.0,nM,5.0
C3N-01410,25.4209245927885,12.52,1,CPTAC,CPTAC,,,,,18.26706456372495,18.26706456372495,CHEMBL941,CHEMBL203,Kd,10000.0,nM,5.0
C3N-01410,25.4209245927885,12.52,1,CPTAC,CPTAC,,,,,18.26706456372495,18.26706456372495,CHEMBL941,CHEMBL203,Kd,10000.0,nM,5.0
C3N-01410,25.4209245927885,12.52,1,CPTAC,CPTAC,,,,,18.26706456372495,18.26706456372495,CHEMBL1079742,CHEMBL203,IC50,420.0,nM,6.376750709602099
C3N-01410,25.4209245927885,12.52,1,CPTAC,CPTAC,,,,,18.26706456372495,18.26706456372495,CHEMBL1079742,CHEMBL203,IC50,15.0,nM,7.823908740944319
C3N-01410,25.4209245927885,12.52,1,CPTAC,CPTAC,,,,,18.26706456372495,18.26706456372495,CHEMBL941,CHEMBL203,Kd,10000.0,nM,5.0
C3N-01410,25.4209245927885,12.52,1,CPTAC,CPTAC,,,,,18.26706456372495,18.26706456372495,CHEMBL941,CHEMBL203,Kd,10000.0,nM,5.0
C3N-01410,25.4209245927885,12.52,1,CPTAC,CPTAC,,,,,18.26706456372495,18.26706456372495,CHEMBL941,CHEMBL203,Kd,10000.0,nM,5.0
C3N-01410,25.4209245927885,12.52,1,CPTAC,CPTAC,,,,,18.26706456372495,18.26706456372495,CHEMBL941,CHEMBL203,Kd,10000.0,nM,5.0
C3N-01410,25.4209245927885,12.52,1,CPTAC,CPTAC,,,,,18.26706456372495,18.26706456372495,CHEMBL941,CHEMBL203,Kd,7600.0,nM,5.119186407719209
C3N-01410,25.4209245927885,12.52,1,CPTAC,CPTAC,,,,,18.26706456372495,18.26706456372495,CHEMBL941,CHEMBL203,Kd,10000.0,nM,5.0
C3N-01410,25.4209245927885,12.52,1,CPTAC,CPTAC,,,,,18.26706456372495,18.26706456372495,CHEMBL941,CHEMBL203,Kd,10000.0,nM,5.0
C3N-01410,25.4209245927885,12.52,1,CPTAC,CPTAC,,,,,18.26706456372495,18.26706456372495,CHEMBL941,CHEMBL203,Kd,10000.0,nM,5.0
C3N-01410,25.4209245927885,12.52,1,CPTAC,CPTAC,,,,,18.26706456372495,18.26706456372495,CHEMBL941,CHEMBL203,Kd,10000.0,nM,5.0
C3N-01410,25.4209245927885,12.52,1,CPTAC,CPTAC,,,,,18.26706456372495,18.26706456372495,CHEMBL941,CHEMBL203,Kd,10000.0,nM,5.0
C3N-01410,25.4209245927885,12.52,1,CPTAC,CPTAC,,,,,18.26706456372495,18.26706456372495,CHEMBL941,CHEMBL203,Kd,10000.0,nM,5.0
C3N-01410,25.4209245927885,12.52,1,CPTAC,CPTAC,,,,,18.26706456372495,18.26706456372495,CHEMBL941,CHEMBL203,Kd,10000.0,nM,5.0
C3N-01410,25.4209245927885,12.52,1,CPTAC,CPTAC,,,,,18.26706456372495,18.26706456372495,CHEMBL941,CHEMBL203,Kd,30000.0,nM,4.522878745280337
C3N-01410,25.4209245927885,12.52,1,CPTAC,CPTAC,,,,,18.26706456372495,18.26706456372495,CHEMBL1079742,CHEMBL203,IC50,70.0,nM,7.154901959985743
C3N-01410,25.4209245927885,12.52,1,CPTAC,CPTAC,,,,,18.26706456372495,18.26706456372495,CHEMBL941,CHEMBL203,IC50,0.11,nM,9.958607314841775
C3N-01410,25.4209245927885,12.52,1,CPTAC,CPTAC,,,,,18.26706456372495,18.26706456372495,CHEMBL1079742,CHEMBL203,IC50,2.0,nM,8.698970004336019
C3N-01413,25.4049962092453,12.79,1,CPTAC,CPTAC,,,,,,,CHEMBL941,CHEMBL203,IC50,100000.0,nM,4.0
C3N-01413,25.4049962092453,12.79,1,CPTAC,CPTAC,,,,,,,CHEMBL941,CHEMBL203,Kd,10000.0,nM,5.0
C3N-01413,25.4049962092453,12.79,1,CPTAC,CPTAC,,,,,,,CHEMBL941,CHEMBL203,Kd,10000.0,nM,5.0
C3N-01413,25.4049962092453,12.79,1,CPTAC,CPTAC,,,,,,,CHEMBL941,CHEMBL203,Kd,10000.0,nM,5.0
C3N-01413,25.4049962092453,12.79,1,CPTAC,CPTAC,,,,,,,CHEMBL941,CHEMBL203,Kd,10000.0,nM,5.0
C3N-01413,25.4049962092453,12.79,1,CPTAC,CPTAC,,,,,,,CHEMBL941,CHEMBL203,Kd,7600.0,nM,5.119186407719209
C3N-01413,25.4049962092453,12.79,1,CPTAC,CPTAC,,,,,,,CHEMBL941,CHEMBL203,Kd,10000.0,nM,5.0
C3N-01413,25.4049962092453,12.79,1,CPTAC,CPTAC,,,,,,,CHEMBL941,CHEMBL203,Kd,10000.0,nM,5.0
C3N-01413,25.4049962092453,12.79,1,CPTAC,CPTAC,,,,,,,CHEMBL941,CHEMBL203,Kd,10000.0,nM,5.0
C3N-01413,25.4049962092453,12.79,1,CPTAC,CPTAC,,,,,,,CHEMBL941,CHEMBL203,Kd,10000.0,nM,5.0
C3N-01413,25.4049962092453,12.79,1,CPTAC,CPTAC,,,,,,,CHEMBL941,CHEMBL203,Kd,10000.0,nM,5.0
C3N-01413,25.4049962092453,12.79,1,CPTAC,CPTAC,,,,,,,CHEMBL1079742,CHEMBL203,IC50,420.0,nM,6.376750709602099
C3N-01413,25.4049962092453,12.79,1,CPTAC,CPTAC,,,,,,,CHEMBL1079742,CHEMBL203,IC50,15.0,nM,7.823908740944319
C3N-01413,25.4049962092453,12.79,1,CPTAC,CPTAC,,,,,,,CHEMBL941,CHEMBL203,Kd,10000.0,nM,5.0
C3N-01413,25.4049962092453,12.79,1,CPTAC,CPTAC,,,,,,,CHEMBL941,CHEMBL203,Kd,10000.0,nM,5.0
C3N-01413,25.4049962092453,12.79,1,CPTAC,CPTAC,,,,,,,CHEMBL941,CHEMBL203,Kd,10000.0,nM,5.0
C3N-01413,25.4049962092453,12.79,1,CPTAC,CPTAC,,,,,,,CHEMBL941,CHEMBL203,Kd,10000.0,nM,5.0
C3N-01413,25.4049962092453,12.79,1,CPTAC,CPTAC,,,,,,,CHEMBL941,CHEMBL203,Kd,7600.0,nM,5.119186407719209
C3N-01413,25.4049962092453,12.79,1,CPTAC,CPTAC,,,,,,,CHEMBL941,CHEMBL203,Kd,10000.0,nM,5.0
C3N-01413,25.4049962092453,12.79,1,CPTAC,CPTAC,,,,,,,CHEMBL941,CHEMBL203,Kd,10000.0,nM,5.0
C3N-01413,25.4049962092453,12.79,1,CPTAC,CPTAC,,,,,,,CHEMBL941,CHEMBL203,Kd,10000.0,nM,5.0
C3N-01413,25.4049962092453,12.79,1,CPTAC,CPTAC,,,,,,,CHEMBL941,CHEMBL203,Kd,10000.0,nM,5.0
C3N-01413,25.4049962092453,12.79,1,CPTAC,CPTAC,,,,,,,CHEMBL941,CHEMBL203,Kd,10000.0,nM,5.0
C3N-01413,25.4049962092453,12.79,1,CPTAC,CPTAC,,,,,,,CHEMBL941,CHEMBL203,Kd,10000.0,nM,5.0
C3N-01413,25.4049962092453,12.79,1,CPTAC,CPTAC,,,,,,,CHEMBL941,CHEMBL203,Kd,10000.0,nM,5.0
C3N-01413,25.4049962092453,12.79,1,CPTAC,CPTAC,,,,,,,CHEMBL941,CHEMBL203,Kd,30000.0,nM,4.522878745280337
C3N-01413,25.4049962092453,12.79,1,CPTAC,CPTAC,,,,,,,CHEMBL1079742,CHEMBL203,IC50,70.0,nM,7.154901959985743
C3N-01413,25.4049962092453,12.79,1,CPTAC,CPTAC,,,,,,,CHEMBL941,CHEMBL203,IC50,0.11,nM,9.958607314841775
C3N-01413,25.4049962092453,12.79,1,CPTAC,CPTAC,,,,,,,CHEMBL1079742,CHEMBL203,IC50,2.0,nM,8.698970004336019
C3N-01414,25.2741593375862,12.68,1,CPTAC,CPTAC,,,16.715376315681198,,18.6298796038158,17.6726279597485,CHEMBL941,CHEMBL203,IC50,100000.0,nM,4.0
C3N-01414,25.2741593375862,12.68,1,CPTAC,CPTAC,,,16.715376315681198,,18.6298796038158,17.6726279597485,CHEMBL941,CHEMBL203,Kd,10000.0,nM,5.0
C3N-01414,25.2741593375862,12.68,1,CPTAC,CPTAC,,,16.715376315681198,,18.6298796038158,17.6726279597485,CHEMBL941,CHEMBL203,Kd,10000.0,nM,5.0
C3N-01414,25.2741593375862,12.68,1,CPTAC,CPTAC,,,16.715376315681198,,18.6298796038158,17.6726279597485,CHEMBL941,CHEMBL203,Kd,10000.0,nM,5.0
C3N-01414,25.2741593375862,12.68,1,CPTAC,CPTAC,,,16.715376315681198,,18.6298796038158,17.6726279597485,CHEMBL941,CHEMBL203,Kd,10000.0,nM,5.0
C3N-01414,25.2741593375862,12.68,1,CPTAC,CPTAC,,,16.715376315681198,,18.6298796038158,17.6726279597485,CHEMBL941,CHEMBL203,Kd,7600.0,nM,5.119186407719209
C3N-01414,25.2741593375862,12.68,1,CPTAC,CPTAC,,,16.715376315681198,,18.6298796038158,17.6726279597485,CHEMBL941,CHEMBL203,Kd,10000.0,nM,5.0
C3N-01414,25.2741593375862,12.68,1,CPTAC,CPTAC,,,16.715376315681198,,18.6298796038158,17.6726279597485,CHEMBL941,CHEMBL203,Kd,10000.0,nM,5.0
C3N-01414,25.2741593375862,12.68,1,CPTAC,CPTAC,,,16.715376315681198,,18.6298796038158,17.6726279597485,CHEMBL941,CHEMBL203,Kd,10000.0,nM,5.0
C3N-01414,25.2741593375862,12.68,1,CPTAC,CPTAC,,,16.715376315681198,,18.6298796038158,17.6726279597485,CHEMBL941,CHEMBL203,Kd,10000.0,nM,5.0
C3N-01414,25.2741593375862,12.68,1,CPTAC,CPTAC,,,16.715376315681198,,18.6298796038158,17.6726279597485,CHEMBL941,CHEMBL203,Kd,10000.0,nM,5.0
C3N-01414,25.2741593375862,12.68,1,CPTAC,CPTAC,,,16.715376315681198,,18.6298796038158,17.6726279597485,CHEMBL1079742,CHEMBL203,IC50,420.0,nM,6.376750709602099
C3N-01414,25.2741593375862,12.68,1,CPTAC,CPTAC,,,16.715376315681198,,18.6298796038158,17.6726279597485,CHEMBL1079742,CHEMBL203,IC50,15.0,nM,7.823908740944319
C3N-01414,25.2741593375862,12.68,1,CPTAC,CPTAC,,,16.715376315681198,,18.6298796038158,17.6726279597485,CHEMBL941,CHEMBL203,Kd,10000.0,nM,5.0
C3N-01414,25.2741593375862,12.68,1,CPTAC,CPTAC,,,16.715376315681198,,18.6298796038158,17.6726279597485,CHEMBL941,CHEMBL203,Kd,10000.0,nM,5.0
C3N-01414,25.2741593375862,12.68,1,CPTAC,CPTAC,,,16.715376315681198,,18.6298796038158,17.6726279597485,CHEMBL941,CHEMBL203,Kd,10000.0,nM,5.0
C3N-01414,25.2741593375862,12.68,1,CPTAC,CPTAC,,,16.715376315681198,,18.6298796038158,17.6726279597485,CHEMBL941,CHEMBL203,Kd,10000.0,nM,5.0
C3N-01414,25.2741593375862,12.68,1,CPTAC,CPTAC,,,16.715376315681198,,18.6298796038158,17.6726279597485,CHEMBL941,CHEMBL203,Kd,7600.0,nM,5.119186407719209
C3N-01414,25.2741593375862,12.68,1,CPTAC,CPTAC,,,16.715376315681198,,18.6298796038158,17.6726279597485,CHEMBL941,CHEMBL203,Kd,10000.0,nM,5.0
C3N-01414,25.2741593375862,12.68,1,CPTAC,CPTAC,,,16.715376315681198,,18.6298796038158,17.6726279597485,CHEMBL941,CHEMBL203,Kd,10000.0,nM,5.0
C3N-01414,25.2741593375862,12.68,1,CPTAC,CPTAC,,,16.715376315681198,,18.6298796038158,17.6726279597485,CHEMBL941,CHEMBL203,Kd,10000.0,nM,5.0
C3N-01414,25.2741593375862,12.68,1,CPTAC,CPTAC,,,16.715376315681198,,18.6298796038158,17.6726279597485,CHEMBL941,CHEMBL203,Kd,10000.0,nM,5.0
C3N-01414,25.2741593375862,12.68,1,CPTAC,CPTAC,,,16.715376315681198,,18.6298796038158,17.6726279597485,CHEMBL941,CHEMBL203,Kd,10000.0,nM,5.0
C3N-01414,25.2741593375862,12.68,1,CPTAC,CPTAC,,,16.715376315681198,,18.6298796038158,17.6726279597485,CHEMBL941,CHEMBL203,Kd,10000.0,nM,5.0
C3N-01414,25.2741593375862,12.68,1,CPTAC,CPTAC,,,16.715376315681198,,18.6298796038158,17.6726279597485,CHEMBL941,CHEMBL203,Kd,10000.0,nM,5.0
C3N-01414,25.2741593375862,12.68,1,CPTAC,CPTAC,,,16.715376315681198,,18.6298796038158,17.6726279597485,CHEMBL941,CHEMBL203,Kd,30000.0,nM,4.522878745280337
C3N-01414,25.2741593375862,12.68,1,CPTAC,CPTAC,,,16.715376315681198,,18.6298796038158,17.6726279597485,CHEMBL1079742,CHEMBL203,IC50,70.0,nM,7.154901959985743
C3N-01414,25.2741593375862,12.68,1,CPTAC,CPTAC,,,16.715376315681198,,18.6298796038158,17.6726279597485,CHEMBL941,CHEMBL203,IC50,0.11,nM,9.958607314841775
C3N-01414,25.2741593375862,12.68,1,CPTAC,CPTAC,,,16.715376315681198,,18.6298796038158,17.6726279597485,CHEMBL1079742,CHEMBL203,IC50,2.0,nM,8.698970004336019
C3N-01415,25.4146407397302,12.72,1,CPTAC,CPTAC,,,18.465072433143952,,,18.465072433143952,CHEMBL941,CHEMBL203,IC50,100000.0,nM,4.0
C3N-01415,25.4146407397302,12.72,1,CPTAC,CPTAC,,,18.465072433143952,,,18.465072433143952,CHEMBL941,CHEMBL203,Kd,10000.0,nM,5.0
C3N-01415,25.4146407397302,12.72,1,CPTAC,CPTAC,,,18.465072433143952,,,18.465072433143952,CHEMBL941,CHEMBL203,Kd,10000.0,nM,5.0
C3N-01415,25.4146407397302,12.72,1,CPTAC,CPTAC,,,18.465072433143952,,,18.465072433143952,CHEMBL941,CHEMBL203,Kd,10000.0,nM,5.0
C3N-01415,25.4146407397302,12.72,1,CPTAC,CPTAC,,,18.465072433143952,,,18.465072433143952,CHEMBL941,CHEMBL203,Kd,10000.0,nM,5.0
C3N-01415,25.4146407397302,12.72,1,CPTAC,CPTAC,,,18.465072433143952,,,18.465072433143952,CHEMBL941,CHEMBL203,Kd,7600.0,nM,5.119186407719209
C3N-01415,25.4146407397302,12.72,1,CPTAC,CPTAC,,,18.465072433143952,,,18.465072433143952,CHEMBL941,CHEMBL203,Kd,10000.0,nM,5.0
C3N-01415,25.4146407397302,12.72,1,CPTAC,CPTAC,,,18.465072433143952,,,18.465072433143952,CHEMBL941,CHEMBL203,Kd,10000.0,nM,5.0
C3N-01415,25.4146407397302,12.72,1,CPTAC,CPTAC,,,18.465072433143952,,,18.465072433143952,CHEMBL941,CHEMBL203,Kd,10000.0,nM,5.0
C3N-01415,25.4146407397302,12.72,1,CPTAC,CPTAC,,,18.465072433143952,,,18.465072433143952,CHEMBL941,CHEMBL203,Kd,10000.0,nM,5.0
C3N-01415,25.4146407397302,12.72,1,CPTAC,CPTAC,,,18.465072433143952,,,18.465072433143952,CHEMBL941,CHEMBL203,Kd,10000.0,nM,5.0
C3N-01415,25.4146407397302,12.72,1,CPTAC,CPTAC,,,18.465072433143952,,,18.465072433143952,CHEMBL1079742,CHEMBL203,IC50,420.0,nM,6.376750709602099
C3N-01415,25.4146407397302,12.72,1,CPTAC,CPTAC,,,18.465072433143952,,,18.465072433143952,CHEMBL1079742,CHEMBL203,IC50,15.0,nM,7.823908740944319
C3N-01415,25.4146407397302,12.72,1,CPTAC,CPTAC,,,18.465072433143952,,,18.465072433143952,CHEMBL941,CHEMBL203,Kd,10000.0,nM,5.0
C3N-01415,25.4146407397302,12.72,1,CPTAC,CPTAC,,,18.465072433143952,,,18.465072433143952,CHEMBL941,CHEMBL203,Kd,10000.0,nM,5.0
C3N-01415,25.4146407397302,12.72,1,CPTAC,CPTAC,,,18.465072433143952,,,18.465072433143952,CHEMBL941,CHEMBL203,Kd,10000.0,nM,5.0
C3N-01415,25.4146407397302,12.72,1,CPTAC,CPTAC,,,18.465072433143952,,,18.465072433143952,CHEMBL941,CHEMBL203,Kd,10000.0,nM,5.0
C3N-01415,25.4146407397302,12.72,1,CPTAC,CPTAC,,,18.465072433143952,,,18.465072433143952,CHEMBL941,CHEMBL203,Kd,7600.0,nM,5.119186407719209
C3N-01415,25.4146407397302,12.72,1,CPTAC,CPTAC,,,18.465072433143952,,,18.465072433143952,CHEMBL941,CHEMBL203,Kd,10000.0,nM,5.0
C3N-01415,25.4146407397302,12.72,1,CPTAC,CPTAC,,,18.465072433143952,,,18.465072433143952,CHEMBL941,CHEMBL203,Kd,10000.0,nM,5.0
C3N-01415,25.4146407397302,12.72,1,CPTAC,CPTAC,,,18.465072433143952,,,18.465072433143952,CHEMBL941,CHEMBL203,Kd,10000.0,nM,5.0
C3N-01415,25.4146407397302,12.72,1,CPTAC,CPTAC,,,18.465072433143952,,,18.465072433143952,CHEMBL941,CHEMBL203,Kd,10000.0,nM,5.0
C3N-01415,25.4146407397302,12.72,1,CPTAC,CPTAC,,,18.465072433143952,,,18.465072433143952,CHEMBL941,CHEMBL203,Kd,10000.0,nM,5.0
C3N-01415,25.4146407397302,12.72,1,CPTAC,CPTAC,,,18.465072433143952,,,18.465072433143952,CHEMBL941,CHEMBL203,Kd,10000.0,nM,5.0
C3N-01415,25.4146407397302,12.72,1,CPTAC,CPTAC,,,18.465072433143952,,,18.465072433143952,CHEMBL941,CHEMBL203,Kd,10000.0,nM,5.0
C3N-01415,25.4146407397302,12.72,1,CPTAC,CPTAC,,,18.465072433143952,,,18.465072433143952,CHEMBL941,CHEMBL203,Kd,30000.0,nM,4.522878745280337
C3N-01415,25.4146407397302,12.72,1,CPTAC,CPTAC,,,18.465072433143952,,,18.465072433143952,CHEMBL1079742,CHEMBL203,IC50,70.0,nM,7.154901959985743
C3N-01415,25.4146407397302,12.72,1,CPTAC,CPTAC,,,18.465072433143952,,,18.465072433143952,CHEMBL941,CHEMBL203,IC50,0.11,nM,9.958607314841775
C3N-01415,25.4146407397302,12.72,1,CPTAC,CPTAC,,,18.465072433143952,,,18.465072433143952,CHEMBL1079742,CHEMBL203,IC50,2.0,nM,8.698970004336019
C3N-01416,25.4404145246653,12.68,1,CPTAC,CPTAC,,,,,18.67756894987355,18.67756894987355,CHEMBL941,CHEMBL203,IC50,100000.0,nM,4.0
C3N-01416,25.4404145246653,12.68,1,CPTAC,CPTAC,,,,,18.67756894987355,18.67756894987355,CHEMBL941,CHEMBL203,Kd,10000.0,nM,5.0
C3N-01416,25.4404145246653,12.68,1,CPTAC,CPTAC,,,,,18.67756894987355,18.67756894987355,CHEMBL941,CHEMBL203,Kd,10000.0,nM,5.0
C3N-01416,25.4404145246653,12.68,1,CPTAC,CPTAC,,,,,18.67756894987355,18.67756894987355,CHEMBL941,CHEMBL203,Kd,10000.0,nM,5.0
C3N-01416,25.4404145246653,12.68,1,CPTAC,CPTAC,,,,,18.67756894987355,18.67756894987355,CHEMBL941,CHEMBL203,Kd,10000.0,nM,5.0
C3N-01416,25.4404145246653,12.68,1,CPTAC,CPTAC,,,,,18.67756894987355,18.67756894987355,CHEMBL941,CHEMBL203,Kd,7600.0,nM,5.119186407719209
C3N-01416,25.4404145246653,12.68,1,CPTAC,CPTAC,,,,,18.67756894987355,18.67756894987355,CHEMBL941,CHEMBL203,Kd,10000.0,nM,5.0
C3N-01416,25.4404145246653,12.68,1,CPTAC,CPTAC,,,,,18.67756894987355,18.67756894987355,CHEMBL941,CHEMBL203,Kd,10000.0,nM,5.0
C3N-01416,25.4404145246653,12.68,1,CPTAC,CPTAC,,,,,18.67756894987355,18.67756894987355,CHEMBL941,CHEMBL203,Kd,10000.0,nM,5.0
C3N-01416,25.4404145246653,12.68,1,CPTAC,CPTAC,,,,,18.67756894987355,18.67756894987355,CHEMBL941,CHEMBL203,Kd,10000.0,nM,5.0
C3N-01416,25.4404145246653,12.68,1,CPTAC,CPTAC,,,,,18.67756894987355,18.67756894987355,CHEMBL941,CHEMBL203,Kd,10000.0,nM,5.0
C3N-01416,25.4404145246653,12.68,1,CPTAC,CPTAC,,,,,18.67756894987355,18.67756894987355,CHEMBL1079742,CHEMBL203,IC50,420.0,nM,6.376750709602099
C3N-01416,25.4404145246653,12.68,1,CPTAC,CPTAC,,,,,18.67756894987355,18.67756894987355,CHEMBL1079742,CHEMBL203,IC50,15.0,nM,7.823908740944319
C3N-01416,25.4404145246653,12.68,1,CPTAC,CPTAC,,,,,18.67756894987355,18.67756894987355,CHEMBL941,CHEMBL203,Kd,10000.0,nM,5.0
C3N-01416,25.4404145246653,12.68,1,CPTAC,CPTAC,,,,,18.67756894987355,18.67756894987355,CHEMBL941,CHEMBL203,Kd,10000.0,nM,5.0
C3N-01416,25.4404145246653,12.68,1,CPTAC,CPTAC,,,,,18.67756894987355,18.67756894987355,CHEMBL941,CHEMBL203,Kd,10000.0,nM,5.0
C3N-01416,25.4404145246653,12.68,1,CPTAC,CPTAC,,,,,18.67756894987355,18.67756894987355,CHEMBL941,CHEMBL203,Kd,10000.0,nM,5.0
C3N-01416,25.4404145246653,12.68,1,CPTAC,CPTAC,,,,,18.67756894987355,18.67756894987355,CHEMBL941,CHEMBL203,Kd,7600.0,nM,5.119186407719209
C3N-01416,25.4404145246653,12.68,1,CPTAC,CPTAC,,,,,18.67756894987355,18.67756894987355,CHEMBL941,CHEMBL203,Kd,10000.0,nM,5.0
C3N-01416,25.4404145246653,12.68,1,CPTAC,CPTAC,,,,,18.67756894987355,18.67756894987355,CHEMBL941,CHEMBL203,Kd,10000.0,nM,5.0
C3N-01416,25.4404145246653,12.68,1,CPTAC,CPTAC,,,,,18.67756894987355,18.67756894987355,CHEMBL941,CHEMBL203,Kd,10000.0,nM,5.0
C3N-01416,25.4404145246653,12.68,1,CPTAC,CPTAC,,,,,18.67756894987355,18.67756894987355,CHEMBL941,CHEMBL203,Kd,10000.0,nM,5.0
C3N-01416,25.4404145246653,12.68,1,CPTAC,CPTAC,,,,,18.67756894987355,18.67756894987355,CHEMBL941,CHEMBL203,Kd,10000.0,nM,5.0
C3N-01416,25.4404145246653,12.68,1,CPTAC,CPTAC,,,,,18.67756894987355,18.67756894987355,CHEMBL941,CHEMBL203,Kd,10000.0,nM,5.0
C3N-01416,25.4404145246653,12.68,1,CPTAC,CPTAC,,,,,18.67756894987355,18.67756894987355,CHEMBL941,CHEMBL203,Kd,10000.0,nM,5.0
C3N-01416,25.4404145246653,12.68,1,CPTAC,CPTAC,,,,,18.67756894987355,18.67756894987355,CHEMBL941,CHEMBL203,Kd,30000.0,nM,4.522878745280337
C3N-01416,25.4404145246653,12.68,1,CPTAC,CPTAC,,,,,18.67756894987355,18.67756894987355,CHEMBL1079742,CHEMBL203,IC50,70.0,nM,7.154901959985743
C3N-01416,25.4404145246653,12.68,1,CPTAC,CPTAC,,,,,18.67756894987355,18.67756894987355,CHEMBL941,CHEMBL203,IC50,0.11,nM,9.958607314841775
C3N-01416,25.4404145246653,12.68,1,CPTAC,CPTAC,,,,,18.67756894987355,18.67756894987355,CHEMBL1079742,CHEMBL203,IC50,2.0,nM,8.698970004336019
C3N-01488,25.493320250279,12.57,1,CPTAC,CPTAC,,,,,,,CHEMBL941,CHEMBL203,IC50,100000.0,nM,4.0
C3N-01488,25.493320250279,12.57,1,CPTAC,CPTAC,,,,,,,CHEMBL941,CHEMBL203,Kd,10000.0,nM,5.0
C3N-01488,25.493320250279,12.57,1,CPTAC,CPTAC,,,,,,,CHEMBL941,CHEMBL203,Kd,10000.0,nM,5.0
C3N-01488,25.493320250279,12.57,1,CPTAC,CPTAC,,,,,,,CHEMBL941,CHEMBL203,Kd,10000.0,nM,5.0
C3N-01488,25.493320250279,12.57,1,CPTAC,CPTAC,,,,,,,CHEMBL941,CHEMBL203,Kd,10000.0,nM,5.0
C3N-01488,25.493320250279,12.57,1,CPTAC,CPTAC,,,,,,,CHEMBL941,CHEMBL203,Kd,7600.0,nM,5.119186407719209
C3N-01488,25.493320250279,12.57,1,CPTAC,CPTAC,,,,,,,CHEMBL941,CHEMBL203,Kd,10000.0,nM,5.0
C3N-01488,25.493320250279,12.57,1,CPTAC,CPTAC,,,,,,,CHEMBL941,CHEMBL203,Kd,10000.0,nM,5.0
C3N-01488,25.493320250279,12.57,1,CPTAC,CPTAC,,,,,,,CHEMBL941,CHEMBL203,Kd,10000.0,nM,5.0
C3N-01488,25.493320250279,12.57,1,CPTAC,CPTAC,,,,,,,CHEMBL941,CHEMBL203,Kd,10000.0,nM,5.0
C3N-01488,25.493320250279,12.57,1,CPTAC,CPTAC,,,,,,,CHEMBL941,CHEMBL203,Kd,10000.0,nM,5.0
C3N-01488,25.493320250279,12.57,1,CPTAC,CPTAC,,,,,,,CHEMBL1079742,CHEMBL203,IC50,420.0,nM,6.376750709602099
C3N-01488,25.493320250279,12.57,1,CPTAC,CPTAC,,,,,,,CHEMBL1079742,CHEMBL203,IC50,15.0,nM,7.823908740944319
C3N-01488,25.493320250279,12.57,1,CPTAC,CPTAC,,,,,,,CHEMBL941,CHEMBL203,Kd,10000.0,nM,5.0
C3N-01488,25.493320250279,12.57,1,CPTAC,CPTAC,,,,,,,CHEMBL941,CHEMBL203,Kd,10000.0,nM,5.0
C3N-01488,25.493320250279,12.57,1,CPTAC,CPTAC,,,,,,,CHEMBL941,CHEMBL203,Kd,10000.0,nM,5.0
C3N-01488,25.493320250279,12.57,1,CPTAC,CPTAC,,,,,,,CHEMBL941,CHEMBL203,Kd,10000.0,nM,5.0
C3N-01488,25.493320250279,12.57,1,CPTAC,CPTAC,,,,,,,CHEMBL941,CHEMBL203,Kd,7600.0,nM,5.119186407719209
C3N-01488,25.493320250279,12.57,1,CPTAC,CPTAC,,,,,,,CHEMBL941,CHEMBL203,Kd,10000.0,nM,5.0
C3N-01488,25.493320250279,12.57,1,CPTAC,CPTAC,,,,,,,CHEMBL941,CHEMBL203,Kd,10000.0,nM,5.0
C3N-01488,25.493320250279,12.57,1,CPTAC,CPTAC,,,,,,,CHEMBL941,CHEMBL203,Kd,10000.0,nM,5.0
C3N-01488,25.493320250279,12.57,1,CPTAC,CPTAC,,,,,,,CHEMBL941,CHEMBL203,Kd,10000.0,nM,5.0
C3N-01488,25.493320250279,12.57,1,CPTAC,CPTAC,,,,,,,CHEMBL941,CHEMBL203,Kd,10000.0,nM,5.0
C3N-01488,25.493320250279,12.57,1,CPTAC,CPTAC,,,,,,,CHEMBL941,CHEMBL203,Kd,10000.0,nM,5.0
C3N-01488,25.493320250279,12.57,1,CPTAC,CPTAC,,,,,,,CHEMBL941,CHEMBL203,Kd,10000.0,nM,5.0
C3N-01488,25.493320250279,12.57,1,CPTAC,CPTAC,,,,,,,CHEMBL941,CHEMBL203,Kd,30000.0,nM,4.522878745280337
C3N-01488,25.493320250279,12.57,1,CPTAC,CPTAC,,,,,,,CHEMBL1079742,CHEMBL203,IC50,70.0,nM,7.154901959985743
C3N-01488,25.493320250279,12.57,1,CPTAC,CPTAC,,,,,,,CHEMBL941,CHEMBL203,IC50,0.11,nM,9.958607314841775
C3N-01488,25.493320250279,12.57,1,CPTAC,CPTAC,,,,,,,CHEMBL1079742,CHEMBL203,IC50,2.0,nM,8.698970004336019
C3N-01489,25.3478309361998,12.73,1,CPTAC,CPTAC,,,,,18.72364871818195,18.72364871818195,CHEMBL941,CHEMBL203,IC50,100000.0,nM,4.0
C3N-01489,25.3478309361998,12.73,1,CPTAC,CPTAC,,,,,18.72364871818195,18.72364871818195,CHEMBL941,CHEMBL203,Kd,10000.0,nM,5.0
C3N-01489,25.3478309361998,12.73,1,CPTAC,CPTAC,,,,,18.72364871818195,18.72364871818195,CHEMBL941,CHEMBL203,Kd,10000.0,nM,5.0
C3N-01489,25.3478309361998,12.73,1,CPTAC,CPTAC,,,,,18.72364871818195,18.72364871818195,CHEMBL941,CHEMBL203,Kd,10000.0,nM,5.0
C3N-01489,25.3478309361998,12.73,1,CPTAC,CPTAC,,,,,18.72364871818195,18.72364871818195,CHEMBL941,CHEMBL203,Kd,10000.0,nM,5.0
C3N-01489,25.3478309361998,12.73,1,CPTAC,CPTAC,,,,,18.72364871818195,18.72364871818195,CHEMBL941,CHEMBL203,Kd,7600.0,nM,5.119186407719209
C3N-01489,25.3478309361998,12.73,1,CPTAC,CPTAC,,,,,18.72364871818195,18.72364871818195,CHEMBL941,CHEMBL203,Kd,10000.0,nM,5.0
C3N-01489,25.3478309361998,12.73,1,CPTAC,CPTAC,,,,,18.72364871818195,18.72364871818195,CHEMBL941,CHEMBL203,Kd,10000.0,nM,5.0
C3N-01489,25.3478309361998,12.73,1,CPTAC,CPTAC,,,,,18.72364871818195,18.72364871818195,CHEMBL941,CHEMBL203,Kd,10000.0,nM,5.0
C3N-01489,25.3478309361998,12.73,1,CPTAC,CPTAC,,,,,18.72364871818195,18.72364871818195,CHEMBL941,CHEMBL203,Kd,10000.0,nM,5.0
C3N-01489,25.3478309361998,12.73,1,CPTAC,CPTAC,,,,,18.72364871818195,18.72364871818195,CHEMBL941,CHEMBL203,Kd,10000.0,nM,5.0
C3N-01489,25.3478309361998,12.73,1,CPTAC,CPTAC,,,,,18.72364871818195,18.72364871818195,CHEMBL1079742,CHEMBL203,IC50,420.0,nM,6.376750709602099
C3N-01489,25.3478309361998,12.73,1,CPTAC,CPTAC,,,,,18.72364871818195,18.72364871818195,CHEMBL1079742,CHEMBL203,IC50,15.0,nM,7.823908740944319
C3N-01489,25.3478309361998,12.73,1,CPTAC,CPTAC,,,,,18.72364871818195,18.72364871818195,CHEMBL941,CHEMBL203,Kd,10000.0,nM,5.0
C3N-01489,25.3478309361998,12.73,1,CPTAC,CPTAC,,,,,18.72364871818195,18.72364871818195,CHEMBL941,CHEMBL203,Kd,10000.0,nM,5.0
C3N-01489,25.3478309361998,12.73,1,CPTAC,CPTAC,,,,,18.72364871818195,18.72364871818195,CHEMBL941,CHEMBL203,Kd,10000.0,nM,5.0
C3N-01489,25.3478309361998,12.73,1,CPTAC,CPTAC,,,,,18.72364871818195,18.72364871818195,CHEMBL941,CHEMBL203,Kd,10000.0,nM,5.0
C3N-01489,25.3478309361998,12.73,1,CPTAC,CPTAC,,,,,18.72364871818195,18.72364871818195,CHEMBL941,CHEMBL203,Kd,7600.0,nM,5.119186407719209
C3N-01489,25.3478309361998,12.73,1,CPTAC,CPTAC,,,,,18.72364871818195,18.72364871818195,CHEMBL941,CHEMBL203,Kd,10000.0,nM,5.0
C3N-01489,25.3478309361998,12.73,1,CPTAC,CPTAC,,,,,18.72364871818195,18.72364871818195,CHEMBL941,CHEMBL203,Kd,10000.0,nM,5.0
C3N-01489,25.3478309361998,12.73,1,CPTAC,CPTAC,,,,,18.72364871818195,18.72364871818195,CHEMBL941,CHEMBL203,Kd,10000.0,nM,5.0
C3N-01489,25.3478309361998,12.73,1,CPTAC,CPTAC,,,,,18.72364871818195,18.72364871818195,CHEMBL941,CHEMBL203,Kd,10000.0,nM,5.0
C3N-01489,25.3478309361998,12.73,1,CPTAC,CPTAC,,,,,18.72364871818195,18.72364871818195,CHEMBL941,CHEMBL203,Kd,10000.0,nM,5.0
C3N-01489,25.3478309361998,12.73,1,CPTAC,CPTAC,,,,,18.72364871818195,18.72364871818195,CHEMBL941,CHEMBL203,Kd,10000.0,nM,5.0
C3N-01489,25.3478309361998,12.73,1,CPTAC,CPTAC,,,,,18.72364871818195,18.72364871818195,CHEMBL941,CHEMBL203,Kd,10000.0,nM,5.0
C3N-01489,25.3478309361998,12.73,1,CPTAC,CPTAC,,,,,18.72364871818195,18.72364871818195,CHEMBL941,CHEMBL203,Kd,30000.0,nM,4.522878745280337
C3N-01489,25.3478309361998,12.73,1,CPTAC,CPTAC,,,,,18.72364871818195,18.72364871818195,CHEMBL1079742,CHEMBL203,IC50,70.0,nM,7.154901959985743
C3N-01489,25.3478309361998,12.73,1,CPTAC,CPTAC,,,,,18.72364871818195,18.72364871818195,CHEMBL941,CHEMBL203,IC50,0.11,nM,9.958607314841775
C3N-01489,25.3478309361998,12.73,1,CPTAC,CPTAC,,,,,18.72364871818195,18.72364871818195,CHEMBL1079742,CHEMBL203,IC50,2.0,nM,8.698970004336019
C3N-01799,25.3569250076712,12.73,1,CPTAC,CPTAC,,,,,,,CHEMBL941,CHEMBL203,IC50,100000.0,nM,4.0
C3N-01799,25.3569250076712,12.73,1,CPTAC,CPTAC,,,,,,,CHEMBL941,CHEMBL203,Kd,10000.0,nM,5.0
C3N-01799,25.3569250076712,12.73,1,CPTAC,CPTAC,,,,,,,CHEMBL941,CHEMBL203,Kd,10000.0,nM,5.0
C3N-01799,25.3569250076712,12.73,1,CPTAC,CPTAC,,,,,,,CHEMBL941,CHEMBL203,Kd,10000.0,nM,5.0
C3N-01799,25.3569250076712,12.73,1,CPTAC,CPTAC,,,,,,,CHEMBL941,CHEMBL203,Kd,10000.0,nM,5.0
C3N-01799,25.3569250076712,12.73,1,CPTAC,CPTAC,,,,,,,CHEMBL941,CHEMBL203,Kd,7600.0,nM,5.119186407719209
C3N-01799,25.3569250076712,12.73,1,CPTAC,CPTAC,,,,,,,CHEMBL941,CHEMBL203,Kd,10000.0,nM,5.0
C3N-01799,25.3569250076712,12.73,1,CPTAC,CPTAC,,,,,,,CHEMBL941,CHEMBL203,Kd,10000.0,nM,5.0
C3N-01799,25.3569250076712,12.73,1,CPTAC,CPTAC,,,,,,,CHEMBL941,CHEMBL203,Kd,10000.0,nM,5.0
C3N-01799,25.3569250076712,12.73,1,CPTAC,CPTAC,,,,,,,CHEMBL941,CHEMBL203,Kd,10000.0,nM,5.0
C3N-01799,25.3569250076712,12.73,1,CPTAC,CPTAC,,,,,,,CHEMBL941,CHEMBL203,Kd,10000.0,nM,5.0
C3N-01799,25.3569250076712,12.73,1,CPTAC,CPTAC,,,,,,,CHEMBL1079742,CHEMBL203,IC50,420.0,nM,6.376750709602099
C3N-01799,25.3569250076712,12.73,1,CPTAC,CPTAC,,,,,,,CHEMBL1079742,CHEMBL203,IC50,15.0,nM,7.823908740944319
C3N-01799,25.3569250076712,12.73,1,CPTAC,CPTAC,,,,,,,CHEMBL941,CHEMBL203,Kd,10000.0,nM,5.0
C3N-01799,25.3569250076712,12.73,1,CPTAC,CPTAC,,,,,,,CHEMBL941,CHEMBL203,Kd,10000.0,nM,5.0
C3N-01799,25.3569250076712,12.73,1,CPTAC,CPTAC,,,,,,,CHEMBL941,CHEMBL203,Kd,10000.0,nM,5.0
C3N-01799,25.3569250076712,12.73,1,CPTAC,CPTAC,,,,,,,CHEMBL941,CHEMBL203,Kd,10000.0,nM,5.0
C3N-01799,25.3569250076712,12.73,1,CPTAC,CPTAC,,,,,,,CHEMBL941,CHEMBL203,Kd,7600.0,nM,5.119186407719209
C3N-01799,25.3569250076712,12.73,1,CPTAC,CPTAC,,,,,,,CHEMBL941,CHEMBL203,Kd,10000.0,nM,5.0
C3N-01799,25.3569250076712,12.73,1,CPTAC,CPTAC,,,,,,,CHEMBL941,CHEMBL203,Kd,10000.0,nM,5.0
C3N-01799,25.3569250076712,12.73,1,CPTAC,CPTAC,,,,,,,CHEMBL941,CHEMBL203,Kd,10000.0,nM,5.0
C3N-01799,25.3569250076712,12.73,1,CPTAC,CPTAC,,,,,,,CHEMBL941,CHEMBL203,Kd,10000.0,nM,5.0
C3N-01799,25.3569250076712,12.73,1,CPTAC,CPTAC,,,,,,,CHEMBL941,CHEMBL203,Kd,10000.0,nM,5.0
C3N-01799,25.3569250076712,12.73,1,CPTAC,CPTAC,,,,,,,CHEMBL941,CHEMBL203,Kd,10000.0,nM,5.0
C3N-01799,25.3569250076712,12.73,1,CPTAC,CPTAC,,,,,,,CHEMBL941,CHEMBL203,Kd,10000.0,nM,5.0
C3N-01799,25.3569250076712,12.73,1,CPTAC,CPTAC,,,,,,,CHEMBL941,CHEMBL203,Kd,30000.0,nM,4.522878745280337
C3N-01799,25.3569250076712,12.73,1,CPTAC,CPTAC,,,,,,,CHEMBL1079742,CHEMBL203,IC50,70.0,nM,7.154901959985743
C3N-01799,25.3569250076712,12.73,1,CPTAC,CPTAC,,,,,,,CHEMBL941,CHEMBL203,IC50,0.11,nM,9.958607314841775
C3N-01799,25.3569250076712,12.73,1,CPTAC,CPTAC,,,,,,,CHEMBL1079742,CHEMBL203,IC50,2.0,nM,8.698970004336019
C3N-01823,25.342698254533,12.45,1,CPTAC,CPTAC,,,17.871326806181898,,,17.871326806181898,CHEMBL941,CHEMBL203,IC50,100000.0,nM,4.0
C3N-01823,25.342698254533,12.45,1,CPTAC,CPTAC,,,17.871326806181898,,,17.871326806181898,CHEMBL941,CHEMBL203,Kd,10000.0,nM,5.0
C3N-01823,25.342698254533,12.45,1,CPTAC,CPTAC,,,17.871326806181898,,,17.871326806181898,CHEMBL941,CHEMBL203,Kd,10000.0,nM,5.0
C3N-01823,25.342698254533,12.45,1,CPTAC,CPTAC,,,17.871326806181898,,,17.871326806181898,CHEMBL941,CHEMBL203,Kd,10000.0,nM,5.0
C3N-01823,25.342698254533,12.45,1,CPTAC,CPTAC,,,17.871326806181898,,,17.871326806181898,CHEMBL941,CHEMBL203,Kd,10000.0,nM,5.0
C3N-01823,25.342698254533,12.45,1,CPTAC,CPTAC,,,17.871326806181898,,,17.871326806181898,CHEMBL941,CHEMBL203,Kd,7600.0,nM,5.119186407719209
C3N-01823,25.342698254533,12.45,1,CPTAC,CPTAC,,,17.871326806181898,,,17.871326806181898,CHEMBL941,CHEMBL203,Kd,10000.0,nM,5.0
C3N-01823,25.342698254533,12.45,1,CPTAC,CPTAC,,,17.871326806181898,,,17.871326806181898,CHEMBL941,CHEMBL203,Kd,10000.0,nM,5.0
C3N-01823,25.342698254533,12.45,1,CPTAC,CPTAC,,,17.871326806181898,,,17.871326806181898,CHEMBL941,CHEMBL203,Kd,10000.0,nM,5.0
C3N-01823,25.342698254533,12.45,1,CPTAC,CPTAC,,,17.871326806181898,,,17.871326806181898,CHEMBL941,CHEMBL203,Kd,10000.0,nM,5.0
C3N-01823,25.342698254533,12.45,1,CPTAC,CPTAC,,,17.871326806181898,,,17.871326806181898,CHEMBL941,CHEMBL203,Kd,10000.0,nM,5.0
C3N-01823,25.342698254533,12.45,1,CPTAC,CPTAC,,,17.871326806181898,,,17.871326806181898,CHEMBL1079742,CHEMBL203,IC50,420.0,nM,6.376750709602099
C3N-01823,25.342698254533,12.45,1,CPTAC,CPTAC,,,17.871326806181898,,,17.871326806181898,CHEMBL1079742,CHEMBL203,IC50,15.0,nM,7.823908740944319
C3N-01823,25.342698254533,12.45,1,CPTAC,CPTAC,,,17.871326806181898,,,17.871326806181898,CHEMBL941,CHEMBL203,Kd,10000.0,nM,5.0
C3N-01823,25.342698254533,12.45,1,CPTAC,CPTAC,,,17.871326806181898,,,17.871326806181898,CHEMBL941,CHEMBL203,Kd,10000.0,nM,5.0
C3N-01823,25.342698254533,12.45,1,CPTAC,CPTAC,,,17.871326806181898,,,17.871326806181898,CHEMBL941,CHEMBL203,Kd,10000.0,nM,5.0
C3N-01823,25.342698254533,12.45,1,CPTAC,CPTAC,,,17.871326806181898,,,17.871326806181898,CHEMBL941,CHEMBL203,Kd,10000.0,nM,5.0
C3N-01823,25.342698254533,12.45,1,CPTAC,CPTAC,,,17.871326806181898,,,17.871326806181898,CHEMBL941,CHEMBL203,Kd,7600.0,nM,5.119186407719209
C3N-01823,25.342698254533,12.45,1,CPTAC,CPTAC,,,17.871326806181898,,,17.871326806181898,CHEMBL941,CHEMBL203,Kd,10000.0,nM,5.0
C3N-01823,25.342698254533,12.45,1,CPTAC,CPTAC,,,17.871326806181898,,,17.871326806181898,CHEMBL941,CHEMBL203,Kd,10000.0,nM,5.0
C3N-01823,25.342698254533,12.45,1,CPTAC,CPTAC,,,17.871326806181898,,,17.871326806181898,CHEMBL941,CHEMBL203,Kd,10000.0,nM,5.0
C3N-01823,25.342698254533,12.45,1,CPTAC,CPTAC,,,17.871326806181898,,,17.871326806181898,CHEMBL941,CHEMBL203,Kd,10000.0,nM,5.0
C3N-01823,25.342698254533,12.45,1,CPTAC,CPTAC,,,17.871326806181898,,,17.871326806181898,CHEMBL941,CHEMBL203,Kd,10000.0,nM,5.0
C3N-01823,25.342698254533,12.45,1,CPTAC,CPTAC,,,17.871326806181898,,,17.871326806181898,CHEMBL941,CHEMBL203,Kd,10000.0,nM,5.0
C3N-01823,25.342698254533,12.45,1,CPTAC,CPTAC,,,17.871326806181898,,,17.871326806181898,CHEMBL941,CHEMBL203,Kd,10000.0,nM,5.0
C3N-01823,25.342698254533,12.45,1,CPTAC,CPTAC,,,17.871326806181898,,,17.871326806181898,CHEMBL941,CHEMBL203,Kd,30000.0,nM,4.522878745280337
C3N-01823,25.342698254533,12.45,1,CPTAC,CPTAC,,,17.871326806181898,,,17.871326806181898,CHEMBL1079742,CHEMBL203,IC50,70.0,nM,7.154901959985743
C3N-01823,25.342698254533,12.45,1,CPTAC,CPTAC,,,17.871326806181898,,,17.871326806181898,CHEMBL941,CHEMBL203,IC50,0.11,nM,9.958607314841775
C3N-01823,25.342698254533,12.45,1,CPTAC,CPTAC,,,17.871326806181898,,,17.871326806181898,CHEMBL1079742,CHEMBL203,IC50,2.0,nM,8.698970004336019
C3N-02000,25.5780232799465,12.36,1,CPTAC,CPTAC,,,,,19.41341415755525,19.41341415755525,CHEMBL941,CHEMBL203,IC50,100000.0,nM,4.0
C3N-02000,25.5780232799465,12.36,1,CPTAC,CPTAC,,,,,19.41341415755525,19.41341415755525,CHEMBL941,CHEMBL203,Kd,10000.0,nM,5.0
C3N-02000,25.5780232799465,12.36,1,CPTAC,CPTAC,,,,,19.41341415755525,19.41341415755525,CHEMBL941,CHEMBL203,Kd,10000.0,nM,5.0
C3N-02000,25.5780232799465,12.36,1,CPTAC,CPTAC,,,,,19.41341415755525,19.41341415755525,CHEMBL941,CHEMBL203,Kd,10000.0,nM,5.0
C3N-02000,25.5780232799465,12.36,1,CPTAC,CPTAC,,,,,19.41341415755525,19.41341415755525,CHEMBL941,CHEMBL203,Kd,10000.0,nM,5.0
C3N-02000,25.5780232799465,12.36,1,CPTAC,CPTAC,,,,,19.41341415755525,19.41341415755525,CHEMBL941,CHEMBL203,Kd,7600.0,nM,5.119186407719209
C3N-02000,25.5780232799465,12.36,1,CPTAC,CPTAC,,,,,19.41341415755525,19.41341415755525,CHEMBL941,CHEMBL203,Kd,10000.0,nM,5.0
C3N-02000,25.5780232799465,12.36,1,CPTAC,CPTAC,,,,,19.41341415755525,19.41341415755525,CHEMBL941,CHEMBL203,Kd,10000.0,nM,5.0
C3N-02000,25.5780232799465,12.36,1,CPTAC,CPTAC,,,,,19.41341415755525,19.41341415755525,CHEMBL941,CHEMBL203,Kd,10000.0,nM,5.0
C3N-02000,25.5780232799465,12.36,1,CPTAC,CPTAC,,,,,19.41341415755525,19.41341415755525,CHEMBL941,CHEMBL203,Kd,10000.0,nM,5.0
C3N-02000,25.5780232799465,12.36,1,CPTAC,CPTAC,,,,,19.41341415755525,19.41341415755525,CHEMBL941,CHEMBL203,Kd,10000.0,nM,5.0
C3N-02000,25.5780232799465,12.36,1,CPTAC,CPTAC,,,,,19.41341415755525,19.41341415755525,CHEMBL1079742,CHEMBL203,IC50,420.0,nM,6.376750709602099
C3N-02000,25.5780232799465,12.36,1,CPTAC,CPTAC,,,,,19.41341415755525,19.41341415755525,CHEMBL1079742,CHEMBL203,IC50,15.0,nM,7.823908740944319
C3N-02000,25.5780232799465,12.36,1,CPTAC,CPTAC,,,,,19.41341415755525,19.41341415755525,CHEMBL941,CHEMBL203,Kd,10000.0,nM,5.0
C3N-02000,25.5780232799465,12.36,1,CPTAC,CPTAC,,,,,19.41341415755525,19.41341415755525,CHEMBL941,CHEMBL203,Kd,10000.0,nM,5.0
C3N-02000,25.5780232799465,12.36,1,CPTAC,CPTAC,,,,,19.41341415755525,19.41341415755525,CHEMBL941,CHEMBL203,Kd,10000.0,nM,5.0
C3N-02000,25.5780232799465,12.36,1,CPTAC,CPTAC,,,,,19.41341415755525,19.41341415755525,CHEMBL941,CHEMBL203,Kd,10000.0,nM,5.0
C3N-02000,25.5780232799465,12.36,1,CPTAC,CPTAC,,,,,19.41341415755525,19.41341415755525,CHEMBL941,CHEMBL203,Kd,7600.0,nM,5.119186407719209
C3N-02000,25.5780232799465,12.36,1,CPTAC,CPTAC,,,,,19.41341415755525,19.41341415755525,CHEMBL941,CHEMBL203,Kd,10000.0,nM,5.0
C3N-02000,25.5780232799465,12.36,1,CPTAC,CPTAC,,,,,19.41341415755525,19.41341415755525,CHEMBL941,CHEMBL203,Kd,10000.0,nM,5.0
C3N-02000,25.5780232799465,12.36,1,CPTAC,CPTAC,,,,,19.41341415755525,19.41341415755525,CHEMBL941,CHEMBL203,Kd,10000.0,nM,5.0
C3N-02000,25.5780232799465,12.36,1,CPTAC,CPTAC,,,,,19.41341415755525,19.41341415755525,CHEMBL941,CHEMBL203,Kd,10000.0,nM,5.0
C3N-02000,25.5780232799465,12.36,1,CPTAC,CPTAC,,,,,19.41341415755525,19.41341415755525,CHEMBL941,CHEMBL203,Kd,10000.0,nM,5.0
C3N-02000,25.5780232799465,12.36,1,CPTAC,CPTAC,,,,,19.41341415755525,19.41341415755525,CHEMBL941,CHEMBL203,Kd,10000.0,nM,5.0
C3N-02000,25.5780232799465,12.36,1,CPTAC,CPTAC,,,,,19.41341415755525,19.41341415755525,CHEMBL941,CHEMBL203,Kd,10000.0,nM,5.0
C3N-02000,25.5780232799465,12.36,1,CPTAC,CPTAC,,,,,19.41341415755525,19.41341415755525,CHEMBL941,CHEMBL203,Kd,30000.0,nM,4.522878745280337
C3N-02000,25.5780232799465,12.36,1,CPTAC,CPTAC,,,,,19.41341415755525,19.41341415755525,CHEMBL1079742,CHEMBL203,IC50,70.0,nM,7.154901959985743
C3N-02000,25.5780232799465,12.36,1,CPTAC,CPTAC,,,,,19.41341415755525,19.41341415755525,CHEMBL941,CHEMBL203,IC50,0.11,nM,9.958607314841775
C3N-02000,25.5780232799465,12.36,1,CPTAC,CPTAC,,,,,19.41341415755525,19.41341415755525,CHEMBL1079742,CHEMBL203,IC50,2.0,nM,8.698970004336019
C3N-02002,25.602252124282,12.47,1,CPTAC,CPTAC,,,,,19.64149643945085,19.64149643945085,CHEMBL941,CHEMBL203,IC50,100000.0,nM,4.0
C3N-02002,25.602252124282,12.47,1,CPTAC,CPTAC,,,,,19.64149643945085,19.64149643945085,CHEMBL941,CHEMBL203,Kd,10000.0,nM,5.0
C3N-02002,25.602252124282,12.47,1,CPTAC,CPTAC,,,,,19.64149643945085,19.64149643945085,CHEMBL941,CHEMBL203,Kd,10000.0,nM,5.0
C3N-02002,25.602252124282,12.47,1,CPTAC,CPTAC,,,,,19.64149643945085,19.64149643945085,CHEMBL941,CHEMBL203,Kd,10000.0,nM,5.0
C3N-02002,25.602252124282,12.47,1,CPTAC,CPTAC,,,,,19.64149643945085,19.64149643945085,CHEMBL941,CHEMBL203,Kd,10000.0,nM,5.0
C3N-02002,25.602252124282,12.47,1,CPTAC,CPTAC,,,,,19.64149643945085,19.64149643945085,CHEMBL941,CHEMBL203,Kd,7600.0,nM,5.119186407719209
C3N-02002,25.602252124282,12.47,1,CPTAC,CPTAC,,,,,19.64149643945085,19.64149643945085,CHEMBL941,CHEMBL203,Kd,10000.0,nM,5.0
C3N-02002,25.602252124282,12.47,1,CPTAC,CPTAC,,,,,19.64149643945085,19.64149643945085,CHEMBL941,CHEMBL203,Kd,10000.0,nM,5.0
C3N-02002,25.602252124282,12.47,1,CPTAC,CPTAC,,,,,19.64149643945085,19.64149643945085,CHEMBL941,CHEMBL203,Kd,10000.0,nM,5.0
C3N-02002,25.602252124282,12.47,1,CPTAC,CPTAC,,,,,19.64149643945085,19.64149643945085,CHEMBL941,CHEMBL203,Kd,10000.0,nM,5.0
C3N-02002,25.602252124282,12.47,1,CPTAC,CPTAC,,,,,19.64149643945085,19.64149643945085,CHEMBL941,CHEMBL203,Kd,10000.0,nM,5.0
C3N-02002,25.602252124282,12.47,1,CPTAC,CPTAC,,,,,19.64149643945085,19.64149643945085,CHEMBL1079742,CHEMBL203,IC50,420.0,nM,6.376750709602099
C3N-02002,25.602252124282,12.47,1,CPTAC,CPTAC,,,,,19.64149643945085,19.64149643945085,CHEMBL1079742,CHEMBL203,IC50,15.0,nM,7.823908740944319
C3N-02002,25.602252124282,12.47,1,CPTAC,CPTAC,,,,,19.64149643945085,19.64149643945085,CHEMBL941,CHEMBL203,Kd,10000.0,nM,5.0
C3N-02002,25.602252124282,12.47,1,CPTAC,CPTAC,,,,,19.64149643945085,19.64149643945085,CHEMBL941,CHEMBL203,Kd,10000.0,nM,5.0
C3N-02002,25.602252124282,12.47,1,CPTAC,CPTAC,,,,,19.64149643945085,19.64149643945085,CHEMBL941,CHEMBL203,Kd,10000.0,nM,5.0
C3N-02002,25.602252124282,12.47,1,CPTAC,CPTAC,,,,,19.64149643945085,19.64149643945085,CHEMBL941,CHEMBL203,Kd,10000.0,nM,5.0
C3N-02002,25.602252124282,12.47,1,CPTAC,CPTAC,,,,,19.64149643945085,19.64149643945085,CHEMBL941,CHEMBL203,Kd,7600.0,nM,5.119186407719209
C3N-02002,25.602252124282,12.47,1,CPTAC,CPTAC,,,,,19.64149643945085,19.64149643945085,CHEMBL941,CHEMBL203,Kd,10000.0,nM,5.0
C3N-02002,25.602252124282,12.47,1,CPTAC,CPTAC,,,,,19.64149643945085,19.64149643945085,CHEMBL941,CHEMBL203,Kd,10000.0,nM,5.0
C3N-02002,25.602252124282,12.47,1,CPTAC,CPTAC,,,,,19.64149643945085,19.64149643945085,CHEMBL941,CHEMBL203,Kd,10000.0,nM,5.0
C3N-02002,25.602252124282,12.47,1,CPTAC,CPTAC,,,,,19.64149643945085,19.64149643945085,CHEMBL941,CHEMBL203,Kd,10000.0,nM,5.0
C3N-02002,25.602252124282,12.47,1,CPTAC,CPTAC,,,,,19.64149643945085,19.64149643945085,CHEMBL941,CHEMBL203,Kd,10000.0,nM,5.0
C3N-02002,25.602252124282,12.47,1,CPTAC,CPTAC,,,,,19.64149643945085,19.64149643945085,CHEMBL941,CHEMBL203,Kd,10000.0,nM,5.0
C3N-02002,25.602252124282,12.47,1,CPTAC,CPTAC,,,,,19.64149643945085,19.64149643945085,CHEMBL941,CHEMBL203,Kd,10000.0,nM,5.0
C3N-02002,25.602252124282,12.47,1,CPTAC,CPTAC,,,,,19.64149643945085,19.64149643945085,CHEMBL941,CHEMBL203,Kd,30000.0,nM,4.522878745280337
C3N-02002,25.602252124282,12.47,1,CPTAC,CPTAC,,,,,19.64149643945085,19.64149643945085,CHEMBL1079742,CHEMBL203,IC50,70.0,nM,7.154901959985743
C3N-02002,25.602252124282,12.47,1,CPTAC,CPTAC,,,,,19.64149643945085,19.64149643945085,CHEMBL941,CHEMBL203,IC50,0.11,nM,9.958607314841775
C3N-02002,25.602252124282,12.47,1,CPTAC,CPTAC,,,,,19.64149643945085,19.64149643945085,CHEMBL1079742,CHEMBL203,IC50,2.0,nM,8.698970004336019
C3N-02003,25.4088039416267,12.67,1,CPTAC,CPTAC,,,17.7037170993624,,,17.7037170993624,CHEMBL941,CHEMBL203,IC50,100000.0,nM,4.0
C3N-02003,25.4088039416267,12.67,1,CPTAC,CPTAC,,,17.7037170993624,,,17.7037170993624,CHEMBL941,CHEMBL203,Kd,10000.0,nM,5.0
C3N-02003,25.4088039416267,12.67,1,CPTAC,CPTAC,,,17.7037170993624,,,17.7037170993624,CHEMBL941,CHEMBL203,Kd,10000.0,nM,5.0
C3N-02003,25.4088039416267,12.67,1,CPTAC,CPTAC,,,17.7037170993624,,,17.7037170993624,CHEMBL941,CHEMBL203,Kd,10000.0,nM,5.0
C3N-02003,25.4088039416267,12.67,1,CPTAC,CPTAC,,,17.7037170993624,,,17.7037170993624,CHEMBL941,CHEMBL203,Kd,10000.0,nM,5.0
C3N-02003,25.4088039416267,12.67,1,CPTAC,CPTAC,,,17.7037170993624,,,17.7037170993624,CHEMBL941,CHEMBL203,Kd,7600.0,nM,5.119186407719209
C3N-02003,25.4088039416267,12.67,1,CPTAC,CPTAC,,,17.7037170993624,,,17.7037170993624,CHEMBL941,CHEMBL203,Kd,10000.0,nM,5.0
C3N-02003,25.4088039416267,12.67,1,CPTAC,CPTAC,,,17.7037170993624,,,17.7037170993624,CHEMBL941,CHEMBL203,Kd,10000.0,nM,5.0
C3N-02003,25.4088039416267,12.67,1,CPTAC,CPTAC,,,17.7037170993624,,,17.7037170993624,CHEMBL941,CHEMBL203,Kd,10000.0,nM,5.0
C3N-02003,25.4088039416267,12.67,1,CPTAC,CPTAC,,,17.7037170993624,,,17.7037170993624,CHEMBL941,CHEMBL203,Kd,10000.0,nM,5.0
C3N-02003,25.4088039416267,12.67,1,CPTAC,CPTAC,,,17.7037170993624,,,17.7037170993624,CHEMBL941,CHEMBL203,Kd,10000.0,nM,5.0
C3N-02003,25.4088039416267,12.67,1,CPTAC,CPTAC,,,17.7037170993624,,,17.7037170993624,CHEMBL1079742,CHEMBL203,IC50,420.0,nM,6.376750709602099
C3N-02003,25.4088039416267,12.67,1,CPTAC,CPTAC,,,17.7037170993624,,,17.7037170993624,CHEMBL1079742,CHEMBL203,IC50,15.0,nM,7.823908740944319
C3N-02003,25.4088039416267,12.67,1,CPTAC,CPTAC,,,17.7037170993624,,,17.7037170993624,CHEMBL941,CHEMBL203,Kd,10000.0,nM,5.0
C3N-02003,25.4088039416267,12.67,1,CPTAC,CPTAC,,,17.7037170993624,,,17.7037170993624,CHEMBL941,CHEMBL203,Kd,10000.0,nM,5.0
C3N-02003,25.4088039416267,12.67,1,CPTAC,CPTAC,,,17.7037170993624,,,17.7037170993624,CHEMBL941,CHEMBL203,Kd,10000.0,nM,5.0
C3N-02003,25.4088039416267,12.67,1,CPTAC,CPTAC,,,17.7037170993624,,,17.7037170993624,CHEMBL941,CHEMBL203,Kd,10000.0,nM,5.0
C3N-02003,25.4088039416267,12.67,1,CPTAC,CPTAC,,,17.7037170993624,,,17.7037170993624,CHEMBL941,CHEMBL203,Kd,7600.0,nM,5.119186407719209
C3N-02003,25.4088039416267,12.67,1,CPTAC,CPTAC,,,17.7037170993624,,,17.7037170993624,CHEMBL941,CHEMBL203,Kd,10000.0,nM,5.0
C3N-02003,25.4088039416267,12.67,1,CPTAC,CPTAC,,,17.7037170993624,,,17.7037170993624,CHEMBL941,CHEMBL203,Kd,10000.0,nM,5.0
C3N-02003,25.4088039416267,12.67,1,CPTAC,CPTAC,,,17.7037170993624,,,17.7037170993624,CHEMBL941,CHEMBL203,Kd,10000.0,nM,5.0
C3N-02003,25.4088039416267,12.67,1,CPTAC,CPTAC,,,17.7037170993624,,,17.7037170993624,CHEMBL941,CHEMBL203,Kd,10000.0,nM,5.0
C3N-02003,25.4088039416267,12.67,1,CPTAC,CPTAC,,,17.7037170993624,,,17.7037170993624,CHEMBL941,CHEMBL203,Kd,10000.0,nM,5.0
C3N-02003,25.4088039416267,12.67,1,CPTAC,CPTAC,,,17.7037170993624,,,17.7037170993624,CHEMBL941,CHEMBL203,Kd,10000.0,nM,5.0
C3N-02003,25.4088039416267,12.67,1,CPTAC,CPTAC,,,17.7037170993624,,,17.7037170993624,CHEMBL941,CHEMBL203,Kd,10000.0,nM,5.0
C3N-02003,25.4088039416267,12.67,1,CPTAC,CPTAC,,,17.7037170993624,,,17.7037170993624,CHEMBL941,CHEMBL203,Kd,30000.0,nM,4.522878745280337
C3N-02003,25.4088039416267,12.67,1,CPTAC,CPTAC,,,17.7037170993624,,,17.7037170993624,CHEMBL1079742,CHEMBL203,IC50,70.0,nM,7.154901959985743
C3N-02003,25.4088039416267,12.67,1,CPTAC,CPTAC,,,17.7037170993624,,,17.7037170993624,CHEMBL941,CHEMBL203,IC50,0.11,nM,9.958607314841775
C3N-02003,25.4088039416267,12.67,1,CPTAC,CPTAC,,,17.7037170993624,,,17.7037170993624,CHEMBL1079742,CHEMBL203,IC50,2.0,nM,8.698970004336019
C3N-02067,25.4048647734266,12.9,1,CPTAC,CPTAC,,,18.9136474187717,,19.1964033999606,19.05502540936615,CHEMBL941,CHEMBL203,IC50,100000.0,nM,4.0
C3N-02067,25.4048647734266,12.9,1,CPTAC,CPTAC,,,18.9136474187717,,19.1964033999606,19.05502540936615,CHEMBL941,CHEMBL203,Kd,10000.0,nM,5.0
C3N-02067,25.4048647734266,12.9,1,CPTAC,CPTAC,,,18.9136474187717,,19.1964033999606,19.05502540936615,CHEMBL941,CHEMBL203,Kd,10000.0,nM,5.0
C3N-02067,25.4048647734266,12.9,1,CPTAC,CPTAC,,,18.9136474187717,,19.1964033999606,19.05502540936615,CHEMBL941,CHEMBL203,Kd,10000.0,nM,5.0
C3N-02067,25.4048647734266,12.9,1,CPTAC,CPTAC,,,18.9136474187717,,19.1964033999606,19.05502540936615,CHEMBL941,CHEMBL203,Kd,10000.0,nM,5.0
C3N-02067,25.4048647734266,12.9,1,CPTAC,CPTAC,,,18.9136474187717,,19.1964033999606,19.05502540936615,CHEMBL941,CHEMBL203,Kd,7600.0,nM,5.119186407719209
C3N-02067,25.4048647734266,12.9,1,CPTAC,CPTAC,,,18.9136474187717,,19.1964033999606,19.05502540936615,CHEMBL941,CHEMBL203,Kd,10000.0,nM,5.0
C3N-02067,25.4048647734266,12.9,1,CPTAC,CPTAC,,,18.9136474187717,,19.1964033999606,19.05502540936615,CHEMBL941,CHEMBL203,Kd,10000.0,nM,5.0
C3N-02067,25.4048647734266,12.9,1,CPTAC,CPTAC,,,18.9136474187717,,19.1964033999606,19.05502540936615,CHEMBL941,CHEMBL203,Kd,10000.0,nM,5.0
C3N-02067,25.4048647734266,12.9,1,CPTAC,CPTAC,,,18.9136474187717,,19.1964033999606,19.05502540936615,CHEMBL941,CHEMBL203,Kd,10000.0,nM,5.0
C3N-02067,25.4048647734266,12.9,1,CPTAC,CPTAC,,,18.9136474187717,,19.1964033999606,19.05502540936615,CHEMBL941,CHEMBL203,Kd,10000.0,nM,5.0
C3N-02067,25.4048647734266,12.9,1,CPTAC,CPTAC,,,18.9136474187717,,19.1964033999606,19.05502540936615,CHEMBL1079742,CHEMBL203,IC50,420.0,nM,6.376750709602099
C3N-02067,25.4048647734266,12.9,1,CPTAC,CPTAC,,,18.9136474187717,,19.1964033999606,19.05502540936615,CHEMBL1079742,CHEMBL203,IC50,15.0,nM,7.823908740944319
C3N-02067,25.4048647734266,12.9,1,CPTAC,CPTAC,,,18.9136474187717,,19.1964033999606,19.05502540936615,CHEMBL941,CHEMBL203,Kd,10000.0,nM,5.0
C3N-02067,25.4048647734266,12.9,1,CPTAC,CPTAC,,,18.9136474187717,,19.1964033999606,19.05502540936615,CHEMBL941,CHEMBL203,Kd,10000.0,nM,5.0
C3N-02067,25.4048647734266,12.9,1,CPTAC,CPTAC,,,18.9136474187717,,19.1964033999606,19.05502540936615,CHEMBL941,CHEMBL203,Kd,10000.0,nM,5.0
C3N-02067,25.4048647734266,12.9,1,CPTAC,CPTAC,,,18.9136474187717,,19.1964033999606,19.05502540936615,CHEMBL941,CHEMBL203,Kd,10000.0,nM,5.0
C3N-02067,25.4048647734266,12.9,1,CPTAC,CPTAC,,,18.9136474187717,,19.1964033999606,19.05502540936615,CHEMBL941,CHEMBL203,Kd,7600.0,nM,5.119186407719209
C3N-02067,25.4048647734266,12.9,1,CPTAC,CPTAC,,,18.9136474187717,,19.1964033999606,19.05502540936615,CHEMBL941,CHEMBL203,Kd,10000.0,nM,5.0
C3N-02067,25.4048647734266,12.9,1,CPTAC,CPTAC,,,18.9136474187717,,19.1964033999606,19.05502540936615,CHEMBL941,CHEMBL203,Kd,10000.0,nM,5.0
C3N-02067,25.4048647734266,12.9,1,CPTAC,CPTAC,,,18.9136474187717,,19.1964033999606,19.05502540936615,CHEMBL941,CHEMBL203,Kd,10000.0,nM,5.0
C3N-02067,25.4048647734266,12.9,1,CPTAC,CPTAC,,,18.9136474187717,,19.1964033999606,19.05502540936615,CHEMBL941,CHEMBL203,Kd,10000.0,nM,5.0
C3N-02067,25.4048647734266,12.9,1,CPTAC,CPTAC,,,18.9136474187717,,19.1964033999606,19.05502540936615,CHEMBL941,CHEMBL203,Kd,10000.0,nM,5.0
C3N-02067,25.4048647734266,12.9,1,CPTAC,CPTAC,,,18.9136474187717,,19.1964033999606,19.05502540936615,CHEMBL941,CHEMBL203,Kd,10000.0,nM,5.0
C3N-02067,25.4048647734266,12.9,1,CPTAC,CPTAC,,,18.9136474187717,,19.1964033999606,19.05502540936615,CHEMBL941,CHEMBL203,Kd,10000.0,nM,5.0
C3N-02067,25.4048647734266,12.9,1,CPTAC,CPTAC,,,18.9136474187717,,19.1964033999606,19.05502540936615,CHEMBL941,CHEMBL203,Kd,30000.0,nM,4.522878745280337
C3N-02067,25.4048647734266,12.9,1,CPTAC,CPTAC,,,18.9136474187717,,19.1964033999606,19.05502540936615,CHEMBL1079742,CHEMBL203,IC50,70.0,nM,7.154901959985743
C3N-02067,25.4048647734266,12.9,1,CPTAC,CPTAC,,,18.9136474187717,,19.1964033999606,19.05502540936615,CHEMBL941,CHEMBL203,IC50,0.11,nM,9.958607314841775
C3N-02067,25.4048647734266,12.9,1,CPTAC,CPTAC,,,18.9136474187717,,19.1964033999606,19.05502540936615,CHEMBL1079742,CHEMBL203,IC50,2.0,nM,8.698970004336019
C3N-02087,25.3335464908397,12.2,1,CPTAC,CPTAC,,,17.62909662083875,,18.868637966994548,18.24886729391665,CHEMBL941,CHEMBL203,IC50,100000.0,nM,4.0
C3N-02087,25.3335464908397,12.2,1,CPTAC,CPTAC,,,17.62909662083875,,18.868637966994548,18.24886729391665,CHEMBL941,CHEMBL203,Kd,10000.0,nM,5.0
C3N-02087,25.3335464908397,12.2,1,CPTAC,CPTAC,,,17.62909662083875,,18.868637966994548,18.24886729391665,CHEMBL941,CHEMBL203,Kd,10000.0,nM,5.0
C3N-02087,25.3335464908397,12.2,1,CPTAC,CPTAC,,,17.62909662083875,,18.868637966994548,18.24886729391665,CHEMBL941,CHEMBL203,Kd,10000.0,nM,5.0
C3N-02087,25.3335464908397,12.2,1,CPTAC,CPTAC,,,17.62909662083875,,18.868637966994548,18.24886729391665,CHEMBL941,CHEMBL203,Kd,10000.0,nM,5.0
C3N-02087,25.3335464908397,12.2,1,CPTAC,CPTAC,,,17.62909662083875,,18.868637966994548,18.24886729391665,CHEMBL941,CHEMBL203,Kd,7600.0,nM,5.119186407719209
C3N-02087,25.3335464908397,12.2,1,CPTAC,CPTAC,,,17.62909662083875,,18.868637966994548,18.24886729391665,CHEMBL941,CHEMBL203,Kd,10000.0,nM,5.0
C3N-02087,25.3335464908397,12.2,1,CPTAC,CPTAC,,,17.62909662083875,,18.868637966994548,18.24886729391665,CHEMBL941,CHEMBL203,Kd,10000.0,nM,5.0
C3N-02087,25.3335464908397,12.2,1,CPTAC,CPTAC,,,17.62909662083875,,18.868637966994548,18.24886729391665,CHEMBL941,CHEMBL203,Kd,10000.0,nM,5.0
C3N-02087,25.3335464908397,12.2,1,CPTAC,CPTAC,,,17.62909662083875,,18.868637966994548,18.24886729391665,CHEMBL941,CHEMBL203,Kd,10000.0,nM,5.0
C3N-02087,25.3335464908397,12.2,1,CPTAC,CPTAC,,,17.62909662083875,,18.868637966994548,18.24886729391665,CHEMBL941,CHEMBL203,Kd,10000.0,nM,5.0
C3N-02087,25.3335464908397,12.2,1,CPTAC,CPTAC,,,17.62909662083875,,18.868637966994548,18.24886729391665,CHEMBL1079742,CHEMBL203,IC50,420.0,nM,6.376750709602099
C3N-02087,25.3335464908397,12.2,1,CPTAC,CPTAC,,,17.62909662083875,,18.868637966994548,18.24886729391665,CHEMBL1079742,CHEMBL203,IC50,15.0,nM,7.823908740944319
C3N-02087,25.3335464908397,12.2,1,CPTAC,CPTAC,,,17.62909662083875,,18.868637966994548,18.24886729391665,CHEMBL941,CHEMBL203,Kd,10000.0,nM,5.0
C3N-02087,25.3335464908397,12.2,1,CPTAC,CPTAC,,,17.62909662083875,,18.868637966994548,18.24886729391665,CHEMBL941,CHEMBL203,Kd,10000.0,nM,5.0
C3N-02087,25.3335464908397,12.2,1,CPTAC,CPTAC,,,17.62909662083875,,18.868637966994548,18.24886729391665,CHEMBL941,CHEMBL203,Kd,10000.0,nM,5.0
C3N-02087,25.3335464908397,12.2,1,CPTAC,CPTAC,,,17.62909662083875,,18.868637966994548,18.24886729391665,CHEMBL941,CHEMBL203,Kd,10000.0,nM,5.0
C3N-02087,25.3335464908397,12.2,1,CPTAC,CPTAC,,,17.62909662083875,,18.868637966994548,18.24886729391665,CHEMBL941,CHEMBL203,Kd,7600.0,nM,5.119186407719209
C3N-02087,25.3335464908397,12.2,1,CPTAC,CPTAC,,,17.62909662083875,,18.868637966994548,18.24886729391665,CHEMBL941,CHEMBL203,Kd,10000.0,nM,5.0
C3N-02087,25.3335464908397,12.2,1,CPTAC,CPTAC,,,17.62909662083875,,18.868637966994548,18.24886729391665,CHEMBL941,CHEMBL203,Kd,10000.0,nM,5.0
C3N-02087,25.3335464908397,12.2,1,CPTAC,CPTAC,,,17.62909662083875,,18.868637966994548,18.24886729391665,CHEMBL941,CHEMBL203,Kd,10000.0,nM,5.0
C3N-02087,25.3335464908397,12.2,1,CPTAC,CPTAC,,,17.62909662083875,,18.868637966994548,18.24886729391665,CHEMBL941,CHEMBL203,Kd,10000.0,nM,5.0
C3N-02087,25.3335464908397,12.2,1,CPTAC,CPTAC,,,17.62909662083875,,18.868637966994548,18.24886729391665,CHEMBL941,CHEMBL203,Kd,10000.0,nM,5.0
C3N-02087,25.3335464908397,12.2,1,CPTAC,CPTAC,,,17.62909662083875,,18.868637966994548,18.24886729391665,CHEMBL941,CHEMBL203,Kd,10000.0,nM,5.0
C3N-02087,25.3335464908397,12.2,1,CPTAC,CPTAC,,,17.62909662083875,,18.868637966994548,18.24886729391665,CHEMBL941,CHEMBL203,Kd,10000.0,nM,5.0
C3N-02087,25.3335464908397,12.2,1,CPTAC,CPTAC,,,17.62909662083875,,18.868637966994548,18.24886729391665,CHEMBL941,CHEMBL203,Kd,30000.0,nM,4.522878745280337
C3N-02087,25.3335464908397,12.2,1,CPTAC,CPTAC,,,17.62909662083875,,18.868637966994548,18.24886729391665,CHEMBL1079742,CHEMBL203,IC50,70.0,nM,7.154901959985743
C3N-02087,25.3335464908397,12.2,1,CPTAC,CPTAC,,,17.62909662083875,,18.868637966994548,18.24886729391665,CHEMBL941,CHEMBL203,IC50,0.11,nM,9.958607314841775
C3N-02087,25.3335464908397,12.2,1,CPTAC,CPTAC,,,17.62909662083875,,18.868637966994548,18.24886729391665,CHEMBL1079742,CHEMBL203,IC50,2.0,nM,8.698970004336019
C3N-02089,25.572181958562,12.37,1,CPTAC,CPTAC,,,,,,,CHEMBL941,CHEMBL203,IC50,100000.0,nM,4.0
C3N-02089,25.572181958562,12.37,1,CPTAC,CPTAC,,,,,,,CHEMBL941,CHEMBL203,Kd,10000.0,nM,5.0
C3N-02089,25.572181958562,12.37,1,CPTAC,CPTAC,,,,,,,CHEMBL941,CHEMBL203,Kd,10000.0,nM,5.0
C3N-02089,25.572181958562,12.37,1,CPTAC,CPTAC,,,,,,,CHEMBL941,CHEMBL203,Kd,10000.0,nM,5.0
C3N-02089,25.572181958562,12.37,1,CPTAC,CPTAC,,,,,,,CHEMBL941,CHEMBL203,Kd,10000.0,nM,5.0
C3N-02089,25.572181958562,12.37,1,CPTAC,CPTAC,,,,,,,CHEMBL941,CHEMBL203,Kd,7600.0,nM,5.119186407719209
C3N-02089,25.572181958562,12.37,1,CPTAC,CPTAC,,,,,,,CHEMBL941,CHEMBL203,Kd,10000.0,nM,5.0
C3N-02089,25.572181958562,12.37,1,CPTAC,CPTAC,,,,,,,CHEMBL941,CHEMBL203,Kd,10000.0,nM,5.0
C3N-02089,25.572181958562,12.37,1,CPTAC,CPTAC,,,,,,,CHEMBL941,CHEMBL203,Kd,10000.0,nM,5.0
C3N-02089,25.572181958562,12.37,1,CPTAC,CPTAC,,,,,,,CHEMBL941,CHEMBL203,Kd,10000.0,nM,5.0
C3N-02089,25.572181958562,12.37,1,CPTAC,CPTAC,,,,,,,CHEMBL941,CHEMBL203,Kd,10000.0,nM,5.0
C3N-02089,25.572181958562,12.37,1,CPTAC,CPTAC,,,,,,,CHEMBL1079742,CHEMBL203,IC50,420.0,nM,6.376750709602099
C3N-02089,25.572181958562,12.37,1,CPTAC,CPTAC,,,,,,,CHEMBL1079742,CHEMBL203,IC50,15.0,nM,7.823908740944319
C3N-02089,25.572181958562,12.37,1,CPTAC,CPTAC,,,,,,,CHEMBL941,CHEMBL203,Kd,10000.0,nM,5.0
C3N-02089,25.572181958562,12.37,1,CPTAC,CPTAC,,,,,,,CHEMBL941,CHEMBL203,Kd,10000.0,nM,5.0
C3N-02089,25.572181958562,12.37,1,CPTAC,CPTAC,,,,,,,CHEMBL941,CHEMBL203,Kd,10000.0,nM,5.0
C3N-02089,25.572181958562,12.37,1,CPTAC,CPTAC,,,,,,,CHEMBL941,CHEMBL203,Kd,10000.0,nM,5.0
C3N-02089,25.572181958562,12.37,1,CPTAC,CPTAC,,,,,,,CHEMBL941,CHEMBL203,Kd,7600.0,nM,5.119186407719209
C3N-02089,25.572181958562,12.37,1,CPTAC,CPTAC,,,,,,,CHEMBL941,CHEMBL203,Kd,10000.0,nM,5.0
C3N-02089,25.572181958562,12.37,1,CPTAC,CPTAC,,,,,,,CHEMBL941,CHEMBL203,Kd,10000.0,nM,5.0
C3N-02089,25.572181958562,12.37,1,CPTAC,CPTAC,,,,,,,CHEMBL941,CHEMBL203,Kd,10000.0,nM,5.0
C3N-02089,25.572181958562,12.37,1,CPTAC,CPTAC,,,,,,,CHEMBL941,CHEMBL203,Kd,10000.0,nM,5.0
C3N-02089,25.572181958562,12.37,1,CPTAC,CPTAC,,,,,,,CHEMBL941,CHEMBL203,Kd,10000.0,nM,5.0
C3N-02089,25.572181958562,12.37,1,CPTAC,CPTAC,,,,,,,CHEMBL941,CHEMBL203,Kd,10000.0,nM,5.0
C3N-02089,25.572181958562,12.37,1,CPTAC,CPTAC,,,,,,,CHEMBL941,CHEMBL203,Kd,10000.0,nM,5.0
C3N-02089,25.572181958562,12.37,1,CPTAC,CPTAC,,,,,,,CHEMBL941,CHEMBL203,Kd,30000.0,nM,4.522878745280337
C3N-02089,25.572181958562,12.37,1,CPTAC,CPTAC,,,,,,,CHEMBL1079742,CHEMBL203,IC50,70.0,nM,7.154901959985743
C3N-02089,25.572181958562,12.37,1,CPTAC,CPTAC,,,,,,,CHEMBL941,CHEMBL203,IC50,0.11,nM,9.958607314841775
C3N-02089,25.572181958562,12.37,1,CPTAC,CPTAC,,,,,,,CHEMBL1079742,CHEMBL203,IC50,2.0,nM,8.698970004336019
C3N-02145,25.6229679176186,12.29,1,CPTAC,CPTAC,,,,,,,CHEMBL941,CHEMBL203,IC50,100000.0,nM,4.0
C3N-02145,25.6229679176186,12.29,1,CPTAC,CPTAC,,,,,,,CHEMBL941,CHEMBL203,Kd,10000.0,nM,5.0
C3N-02145,25.6229679176186,12.29,1,CPTAC,CPTAC,,,,,,,CHEMBL941,CHEMBL203,Kd,10000.0,nM,5.0
C3N-02145,25.6229679176186,12.29,1,CPTAC,CPTAC,,,,,,,CHEMBL941,CHEMBL203,Kd,10000.0,nM,5.0
C3N-02145,25.6229679176186,12.29,1,CPTAC,CPTAC,,,,,,,CHEMBL941,CHEMBL203,Kd,10000.0,nM,5.0
C3N-02145,25.6229679176186,12.29,1,CPTAC,CPTAC,,,,,,,CHEMBL941,CHEMBL203,Kd,7600.0,nM,5.119186407719209
C3N-02145,25.6229679176186,12.29,1,CPTAC,CPTAC,,,,,,,CHEMBL941,CHEMBL203,Kd,10000.0,nM,5.0
C3N-02145,25.6229679176186,12.29,1,CPTAC,CPTAC,,,,,,,CHEMBL941,CHEMBL203,Kd,10000.0,nM,5.0
C3N-02145,25.6229679176186,12.29,1,CPTAC,CPTAC,,,,,,,CHEMBL941,CHEMBL203,Kd,10000.0,nM,5.0
C3N-02145,25.6229679176186,12.29,1,CPTAC,CPTAC,,,,,,,CHEMBL941,CHEMBL203,Kd,10000.0,nM,5.0
C3N-02145,25.6229679176186,12.29,1,CPTAC,CPTAC,,,,,,,CHEMBL941,CHEMBL203,Kd,10000.0,nM,5.0
C3N-02145,25.6229679176186,12.29,1,CPTAC,CPTAC,,,,,,,CHEMBL1079742,CHEMBL203,IC50,420.0,nM,6.376750709602099
C3N-02145,25.6229679176186,12.29,1,CPTAC,CPTAC,,,,,,,CHEMBL1079742,CHEMBL203,IC50,15.0,nM,7.823908740944319
C3N-02145,25.6229679176186,12.29,1,CPTAC,CPTAC,,,,,,,CHEMBL941,CHEMBL203,Kd,10000.0,nM,5.0
C3N-02145,25.6229679176186,12.29,1,CPTAC,CPTAC,,,,,,,CHEMBL941,CHEMBL203,Kd,10000.0,nM,5.0
C3N-02145,25.6229679176186,12.29,1,CPTAC,CPTAC,,,,,,,CHEMBL941,CHEMBL203,Kd,10000.0,nM,5.0
C3N-02145,25.6229679176186,12.29,1,CPTAC,CPTAC,,,,,,,CHEMBL941,CHEMBL203,Kd,10000.0,nM,5.0
C3N-02145,25.6229679176186,12.29,1,CPTAC,CPTAC,,,,,,,CHEMBL941,CHEMBL203,Kd,7600.0,nM,5.119186407719209
C3N-02145,25.6229679176186,12.29,1,CPTAC,CPTAC,,,,,,,CHEMBL941,CHEMBL203,Kd,10000.0,nM,5.0
C3N-02145,25.6229679176186,12.29,1,CPTAC,CPTAC,,,,,,,CHEMBL941,CHEMBL203,Kd,10000.0,nM,5.0
C3N-02145,25.6229679176186,12.29,1,CPTAC,CPTAC,,,,,,,CHEMBL941,CHEMBL203,Kd,10000.0,nM,5.0
C3N-02145,25.6229679176186,12.29,1,CPTAC,CPTAC,,,,,,,CHEMBL941,CHEMBL203,Kd,10000.0,nM,5.0
C3N-02145,25.6229679176186,12.29,1,CPTAC,CPTAC,,,,,,,CHEMBL941,CHEMBL203,Kd,10000.0,nM,5.0
C3N-02145,25.6229679176186,12.29,1,CPTAC,CPTAC,,,,,,,CHEMBL941,CHEMBL203,Kd,10000.0,nM,5.0
C3N-02145,25.6229679176186,12.29,1,CPTAC,CPTAC,,,,,,,CHEMBL941,CHEMBL203,Kd,10000.0,nM,5.0
C3N-02145,25.6229679176186,12.29,1,CPTAC,CPTAC,,,,,,,CHEMBL941,CHEMBL203,Kd,30000.0,nM,4.522878745280337
C3N-02145,25.6229679176186,12.29,1,CPTAC,CPTAC,,,,,,,CHEMBL1079742,CHEMBL203,IC50,70.0,nM,7.154901959985743
C3N-02145,25.6229679176186,12.29,1,CPTAC,CPTAC,,,,,,,CHEMBL941,CHEMBL203,IC50,0.11,nM,9.958607314841775
C3N-02145,25.6229679176186,12.29,1,CPTAC,CPTAC,,,,,,,CHEMBL1079742,CHEMBL203,IC50,2.0,nM,8.698970004336019
C3N-02149,25.4611152489188,12.48,1,CPTAC,CPTAC,,,,,17.682957617408597,17.682957617408597,CHEMBL941,CHEMBL203,IC50,100000.0,nM,4.0
C3N-02149,25.4611152489188,12.48,1,CPTAC,CPTAC,,,,,17.682957617408597,17.682957617408597,CHEMBL941,CHEMBL203,Kd,10000.0,nM,5.0
C3N-02149,25.4611152489188,12.48,1,CPTAC,CPTAC,,,,,17.682957617408597,17.682957617408597,CHEMBL941,CHEMBL203,Kd,10000.0,nM,5.0
C3N-02149,25.4611152489188,12.48,1,CPTAC,CPTAC,,,,,17.682957617408597,17.682957617408597,CHEMBL941,CHEMBL203,Kd,10000.0,nM,5.0
C3N-02149,25.4611152489188,12.48,1,CPTAC,CPTAC,,,,,17.682957617408597,17.682957617408597,CHEMBL941,CHEMBL203,Kd,10000.0,nM,5.0
C3N-02149,25.4611152489188,12.48,1,CPTAC,CPTAC,,,,,17.682957617408597,17.682957617408597,CHEMBL941,CHEMBL203,Kd,7600.0,nM,5.119186407719209
C3N-02149,25.4611152489188,12.48,1,CPTAC,CPTAC,,,,,17.682957617408597,17.682957617408597,CHEMBL941,CHEMBL203,Kd,10000.0,nM,5.0
C3N-02149,25.4611152489188,12.48,1,CPTAC,CPTAC,,,,,17.682957617408597,17.682957617408597,CHEMBL941,CHEMBL203,Kd,10000.0,nM,5.0
C3N-02149,25.4611152489188,12.48,1,CPTAC,CPTAC,,,,,17.682957617408597,17.682957617408597,CHEMBL941,CHEMBL203,Kd,10000.0,nM,5.0
C3N-02149,25.4611152489188,12.48,1,CPTAC,CPTAC,,,,,17.682957617408597,17.682957617408597,CHEMBL941,CHEMBL203,Kd,10000.0,nM,5.0
C3N-02149,25.4611152489188,12.48,1,CPTAC,CPTAC,,,,,17.682957617408597,17.682957617408597,CHEMBL941,CHEMBL203,Kd,10000.0,nM,5.0
C3N-02149,25.4611152489188,12.48,1,CPTAC,CPTAC,,,,,17.682957617408597,17.682957617408597,CHEMBL1079742,CHEMBL203,IC50,420.0,nM,6.376750709602099
C3N-02149,25.4611152489188,12.48,1,CPTAC,CPTAC,,,,,17.682957617408597,17.682957617408597,CHEMBL1079742,CHEMBL203,IC50,15.0,nM,7.823908740944319
C3N-02149,25.4611152489188,12.48,1,CPTAC,CPTAC,,,,,17.682957617408597,17.682957617408597,CHEMBL941,CHEMBL203,Kd,10000.0,nM,5.0
C3N-02149,25.4611152489188,12.48,1,CPTAC,CPTAC,,,,,17.682957617408597,17.682957617408597,CHEMBL941,CHEMBL203,Kd,10000.0,nM,5.0
C3N-02149,25.4611152489188,12.48,1,CPTAC,CPTAC,,,,,17.682957617408597,17.682957617408597,CHEMBL941,CHEMBL203,Kd,10000.0,nM,5.0
C3N-02149,25.4611152489188,12.48,1,CPTAC,CPTAC,,,,,17.682957617408597,17.682957617408597,CHEMBL941,CHEMBL203,Kd,10000.0,nM,5.0
C3N-02149,25.4611152489188,12.48,1,CPTAC,CPTAC,,,,,17.682957617408597,17.682957617408597,CHEMBL941,CHEMBL203,Kd,7600.0,nM,5.119186407719209
C3N-02149,25.4611152489188,12.48,1,CPTAC,CPTAC,,,,,17.682957617408597,17.682957617408597,CHEMBL941,CHEMBL203,Kd,10000.0,nM,5.0
C3N-02149,25.4611152489188,12.48,1,CPTAC,CPTAC,,,,,17.682957617408597,17.682957617408597,CHEMBL941,CHEMBL203,Kd,10000.0,nM,5.0
C3N-02149,25.4611152489188,12.48,1,CPTAC,CPTAC,,,,,17.682957617408597,17.682957617408597,CHEMBL941,CHEMBL203,Kd,10000.0,nM,5.0
C3N-02149,25.4611152489188,12.48,1,CPTAC,CPTAC,,,,,17.682957617408597,17.682957617408597,CHEMBL941,CHEMBL203,Kd,10000.0,nM,5.0
C3N-02149,25.4611152489188,12.48,1,CPTAC,CPTAC,,,,,17.682957617408597,17.682957617408597,CHEMBL941,CHEMBL203,Kd,10000.0,nM,5.0
C3N-02149,25.4611152489188,12.48,1,CPTAC,CPTAC,,,,,17.682957617408597,17.682957617408597,CHEMBL941,CHEMBL203,Kd,10000.0,nM,5.0
C3N-02149,25.4611152489188,12.48,1,CPTAC,CPTAC,,,,,17.682957617408597,17.682957617408597,CHEMBL941,CHEMBL203,Kd,10000.0,nM,5.0
C3N-02149,25.4611152489188,12.48,1,CPTAC,CPTAC,,,,,17.682957617408597,17.682957617408597,CHEMBL941,CHEMBL203,Kd,30000.0,nM,4.522878745280337
C3N-02149,25.4611152489188,12.48,1,CPTAC,CPTAC,,,,,17.682957617408597,17.682957617408597,CHEMBL1079742,CHEMBL203,IC50,70.0,nM,7.154901959985743
C3N-02149,25.4611152489188,12.48,1,CPTAC,CPTAC,,,,,17.682957617408597,17.682957617408597,CHEMBL941,CHEMBL203,IC50,0.11,nM,9.958607314841775
C3N-02149,25.4611152489188,12.48,1,CPTAC,CPTAC,,,,,17.682957617408597,17.682957617408597,CHEMBL1079742,CHEMBL203,IC50,2.0,nM,8.698970004336019
C3N-02155,25.6356463403392,12.49,1,CPTAC,CPTAC,,,,,20.347288878236,20.347288878236,CHEMBL941,CHEMBL203,IC50,100000.0,nM,4.0
C3N-02155,25.6356463403392,12.49,1,CPTAC,CPTAC,,,,,20.347288878236,20.347288878236,CHEMBL941,CHEMBL203,Kd,10000.0,nM,5.0
C3N-02155,25.6356463403392,12.49,1,CPTAC,CPTAC,,,,,20.347288878236,20.347288878236,CHEMBL941,CHEMBL203,Kd,10000.0,nM,5.0
C3N-02155,25.6356463403392,12.49,1,CPTAC,CPTAC,,,,,20.347288878236,20.347288878236,CHEMBL941,CHEMBL203,Kd,10000.0,nM,5.0
C3N-02155,25.6356463403392,12.49,1,CPTAC,CPTAC,,,,,20.347288878236,20.347288878236,CHEMBL941,CHEMBL203,Kd,10000.0,nM,5.0
C3N-02155,25.6356463403392,12.49,1,CPTAC,CPTAC,,,,,20.347288878236,20.347288878236,CHEMBL941,CHEMBL203,Kd,7600.0,nM,5.119186407719209
C3N-02155,25.6356463403392,12.49,1,CPTAC,CPTAC,,,,,20.347288878236,20.347288878236,CHEMBL941,CHEMBL203,Kd,10000.0,nM,5.0
C3N-02155,25.6356463403392,12.49,1,CPTAC,CPTAC,,,,,20.347288878236,20.347288878236,CHEMBL941,CHEMBL203,Kd,10000.0,nM,5.0
C3N-02155,25.6356463403392,12.49,1,CPTAC,CPTAC,,,,,20.347288878236,20.347288878236,CHEMBL941,CHEMBL203,Kd,10000.0,nM,5.0
C3N-02155,25.6356463403392,12.49,1,CPTAC,CPTAC,,,,,20.347288878236,20.347288878236,CHEMBL941,CHEMBL203,Kd,10000.0,nM,5.0
C3N-02155,25.6356463403392,12.49,1,CPTAC,CPTAC,,,,,20.347288878236,20.347288878236,CHEMBL941,CHEMBL203,Kd,10000.0,nM,5.0
C3N-02155,25.6356463403392,12.49,1,CPTAC,CPTAC,,,,,20.347288878236,20.347288878236,CHEMBL1079742,CHEMBL203,IC50,420.0,nM,6.376750709602099
C3N-02155,25.6356463403392,12.49,1,CPTAC,CPTAC,,,,,20.347288878236,20.347288878236,CHEMBL1079742,CHEMBL203,IC50,15.0,nM,7.823908740944319
C3N-02155,25.6356463403392,12.49,1,CPTAC,CPTAC,,,,,20.347288878236,20.347288878236,CHEMBL941,CHEMBL203,Kd,10000.0,nM,5.0
C3N-02155,25.6356463403392,12.49,1,CPTAC,CPTAC,,,,,20.347288878236,20.347288878236,CHEMBL941,CHEMBL203,Kd,10000.0,nM,5.0
C3N-02155,25.6356463403392,12.49,1,CPTAC,CPTAC,,,,,20.347288878236,20.347288878236,CHEMBL941,CHEMBL203,Kd,10000.0,nM,5.0
C3N-02155,25.6356463403392,12.49,1,CPTAC,CPTAC,,,,,20.347288878236,20.347288878236,CHEMBL941,CHEMBL203,Kd,10000.0,nM,5.0
C3N-02155,25.6356463403392,12.49,1,CPTAC,CPTAC,,,,,20.347288878236,20.347288878236,CHEMBL941,CHEMBL203,Kd,7600.0,nM,5.119186407719209
C3N-02155,25.6356463403392,12.49,1,CPTAC,CPTAC,,,,,20.347288878236,20.347288878236,CHEMBL941,CHEMBL203,Kd,10000.0,nM,5.0
C3N-02155,25.6356463403392,12.49,1,CPTAC,CPTAC,,,,,20.347288878236,20.347288878236,CHEMBL941,CHEMBL203,Kd,10000.0,nM,5.0
C3N-02155,25.6356463403392,12.49,1,CPTAC,CPTAC,,,,,20.347288878236,20.347288878236,CHEMBL941,CHEMBL203,Kd,10000.0,nM,5.0
C3N-02155,25.6356463403392,12.49,1,CPTAC,CPTAC,,,,,20.347288878236,20.347288878236,CHEMBL941,CHEMBL203,Kd,10000.0,nM,5.0
C3N-02155,25.6356463403392,12.49,1,CPTAC,CPTAC,,,,,20.347288878236,20.347288878236,CHEMBL941,CHEMBL203,Kd,10000.0,nM,5.0
C3N-02155,25.6356463403392,12.49,1,CPTAC,CPTAC,,,,,20.347288878236,20.347288878236,CHEMBL941,CHEMBL203,Kd,10000.0,nM,5.0
C3N-02155,25.6356463403392,12.49,1,CPTAC,CPTAC,,,,,20.347288878236,20.347288878236,CHEMBL941,CHEMBL203,Kd,10000.0,nM,5.0
C3N-02155,25.6356463403392,12.49,1,CPTAC,CPTAC,,,,,20.347288878236,20.347288878236,CHEMBL941,CHEMBL203,Kd,30000.0,nM,4.522878745280337
C3N-02155,25.6356463403392,12.49,1,CPTAC,CPTAC,,,,,20.347288878236,20.347288878236,CHEMBL1079742,CHEMBL203,IC50,70.0,nM,7.154901959985743
C3N-02155,25.6356463403392,12.49,1,CPTAC,CPTAC,,,,,20.347288878236,20.347288878236,CHEMBL941,CHEMBL203,IC50,0.11,nM,9.958607314841775
C3N-02155,25.6356463403392,12.49,1,CPTAC,CPTAC,,,,,20.347288878236,20.347288878236,CHEMBL1079742,CHEMBL203,IC50,2.0,nM,8.698970004336019
C3N-02158,25.4890038477375,12.84,1,CPTAC,CPTAC,,,17.7050107093324,10.60490272817275,18.214828817933444,15.508247418479533,CHEMBL941,CHEMBL203,IC50,100000.0,nM,4.0
C3N-02158,25.4890038477375,12.84,1,CPTAC,CPTAC,,,17.7050107093324,10.60490272817275,18.214828817933444,15.508247418479533,CHEMBL941,CHEMBL203,Kd,10000.0,nM,5.0
C3N-02158,25.4890038477375,12.84,1,CPTAC,CPTAC,,,17.7050107093324,10.60490272817275,18.214828817933444,15.508247418479533,CHEMBL941,CHEMBL203,Kd,10000.0,nM,5.0
C3N-02158,25.4890038477375,12.84,1,CPTAC,CPTAC,,,17.7050107093324,10.60490272817275,18.214828817933444,15.508247418479533,CHEMBL941,CHEMBL203,Kd,10000.0,nM,5.0
C3N-02158,25.4890038477375,12.84,1,CPTAC,CPTAC,,,17.7050107093324,10.60490272817275,18.214828817933444,15.508247418479533,CHEMBL941,CHEMBL203,Kd,10000.0,nM,5.0
C3N-02158,25.4890038477375,12.84,1,CPTAC,CPTAC,,,17.7050107093324,10.60490272817275,18.214828817933444,15.508247418479533,CHEMBL941,CHEMBL203,Kd,7600.0,nM,5.119186407719209
C3N-02158,25.4890038477375,12.84,1,CPTAC,CPTAC,,,17.7050107093324,10.60490272817275,18.214828817933444,15.508247418479533,CHEMBL941,CHEMBL203,Kd,10000.0,nM,5.0
C3N-02158,25.4890038477375,12.84,1,CPTAC,CPTAC,,,17.7050107093324,10.60490272817275,18.214828817933444,15.508247418479533,CHEMBL941,CHEMBL203,Kd,10000.0,nM,5.0
C3N-02158,25.4890038477375,12.84,1,CPTAC,CPTAC,,,17.7050107093324,10.60490272817275,18.214828817933444,15.508247418479533,CHEMBL941,CHEMBL203,Kd,10000.0,nM,5.0
C3N-02158,25.4890038477375,12.84,1,CPTAC,CPTAC,,,17.7050107093324,10.60490272817275,18.214828817933444,15.508247418479533,CHEMBL941,CHEMBL203,Kd,10000.0,nM,5.0
C3N-02158,25.4890038477375,12.84,1,CPTAC,CPTAC,,,17.7050107093324,10.60490272817275,18.214828817933444,15.508247418479533,CHEMBL941,CHEMBL203,Kd,10000.0,nM,5.0
C3N-02158,25.4890038477375,12.84,1,CPTAC,CPTAC,,,17.7050107093324,10.60490272817275,18.214828817933444,15.508247418479533,CHEMBL1079742,CHEMBL203,IC50,420.0,nM,6.376750709602099
C3N-02158,25.4890038477375,12.84,1,CPTAC,CPTAC,,,17.7050107093324,10.60490272817275,18.214828817933444,15.508247418479533,CHEMBL1079742,CHEMBL203,IC50,15.0,nM,7.823908740944319
C3N-02158,25.4890038477375,12.84,1,CPTAC,CPTAC,,,17.7050107093324,10.60490272817275,18.214828817933444,15.508247418479533,CHEMBL941,CHEMBL203,Kd,10000.0,nM,5.0
C3N-02158,25.4890038477375,12.84,1,CPTAC,CPTAC,,,17.7050107093324,10.60490272817275,18.214828817933444,15.508247418479533,CHEMBL941,CHEMBL203,Kd,10000.0,nM,5.0
C3N-02158,25.4890038477375,12.84,1,CPTAC,CPTAC,,,17.7050107093324,10.60490272817275,18.214828817933444,15.508247418479533,CHEMBL941,CHEMBL203,Kd,10000.0,nM,5.0
C3N-02158,25.4890038477375,12.84,1,CPTAC,CPTAC,,,17.7050107093324,10.60490272817275,18.214828817933444,15.508247418479533,CHEMBL941,CHEMBL203,Kd,10000.0,nM,5.0
C3N-02158,25.4890038477375,12.84,1,CPTAC,CPTAC,,,17.7050107093324,10.60490272817275,18.214828817933444,15.508247418479533,CHEMBL941,CHEMBL203,Kd,7600.0,nM,5.119186407719209
C3N-02158,25.4890038477375,12.84,1,CPTAC,CPTAC,,,17.7050107093324,10.60490272817275,18.214828817933444,15.508247418479533,CHEMBL941,CHEMBL203,Kd,10000.0,nM,5.0
C3N-02158,25.4890038477375,12.84,1,CPTAC,CPTAC,,,17.7050107093324,10.60490272817275,18.214828817933444,15.508247418479533,CHEMBL941,CHEMBL203,Kd,10000.0,nM,5.0
C3N-02158,25.4890038477375,12.84,1,CPTAC,CPTAC,,,17.7050107093324,10.60490272817275,18.214828817933444,15.508247418479533,CHEMBL941,CHEMBL203,Kd,10000.0,nM,5.0
C3N-02158,25.4890038477375,12.84,1,CPTAC,CPTAC,,,17.7050107093324,10.60490272817275,18.214828817933444,15.508247418479533,CHEMBL941,CHEMBL203,Kd,10000.0,nM,5.0
C3N-02158,25.4890038477375,12.84,1,CPTAC,CPTAC,,,17.7050107093324,10.60490272817275,18.214828817933444,15.508247418479533,CHEMBL941,CHEMBL203,Kd,10000.0,nM,5.0
C3N-02158,25.4890038477375,12.84,1,CPTAC,CPTAC,,,17.7050107093324,10.60490272817275,18.214828817933444,15.508247418479533,CHEMBL941,CHEMBL203,Kd,10000.0,nM,5.0
C3N-02158,25.4890038477375,12.84,1,CPTAC,CPTAC,,,17.7050107093324,10.60490272817275,18.214828817933444,15.508247418479533,CHEMBL941,CHEMBL203,Kd,10000.0,nM,5.0
C3N-02158,25.4890038477375,12.84,1,CPTAC,CPTAC,,,17.7050107093324,10.60490272817275,18.214828817933444,15.508247418479533,CHEMBL941,CHEMBL203,Kd,30000.0,nM,4.522878745280337
C3N-02158,25.4890038477375,12.84,1,CPTAC,CPTAC,,,17.7050107093324,10.60490272817275,18.214828817933444,15.508247418479533,CHEMBL1079742,CHEMBL203,IC50,70.0,nM,7.154901959985743
C3N-02158,25.4890038477375,12.84,1,CPTAC,CPTAC,,,17.7050107093324,10.60490272817275,18.214828817933444,15.508247418479533,CHEMBL941,CHEMBL203,IC50,0.11,nM,9.958607314841775
C3N-02158,25.4890038477375,12.84,1,CPTAC,CPTAC,,,17.7050107093324,10.60490272817275,18.214828817933444,15.508247418479533,CHEMBL1079742,CHEMBL203,IC50,2.0,nM,8.698970004336019
C3N-02379,25.4308698585042,12.52,1,CPTAC,CPTAC,,,17.5923102799153,,21.5232646834421,19.5577874816787,CHEMBL941,CHEMBL203,IC50,100000.0,nM,4.0
C3N-02379,25.4308698585042,12.52,1,CPTAC,CPTAC,,,17.5923102799153,,21.5232646834421,19.5577874816787,CHEMBL941,CHEMBL203,Kd,10000.0,nM,5.0
C3N-02379,25.4308698585042,12.52,1,CPTAC,CPTAC,,,17.5923102799153,,21.5232646834421,19.5577874816787,CHEMBL941,CHEMBL203,Kd,10000.0,nM,5.0
C3N-02379,25.4308698585042,12.52,1,CPTAC,CPTAC,,,17.5923102799153,,21.5232646834421,19.5577874816787,CHEMBL941,CHEMBL203,Kd,10000.0,nM,5.0
C3N-02379,25.4308698585042,12.52,1,CPTAC,CPTAC,,,17.5923102799153,,21.5232646834421,19.5577874816787,CHEMBL941,CHEMBL203,Kd,10000.0,nM,5.0
C3N-02379,25.4308698585042,12.52,1,CPTAC,CPTAC,,,17.5923102799153,,21.5232646834421,19.5577874816787,CHEMBL941,CHEMBL203,Kd,7600.0,nM,5.119186407719209
C3N-02379,25.4308698585042,12.52,1,CPTAC,CPTAC,,,17.5923102799153,,21.5232646834421,19.5577874816787,CHEMBL941,CHEMBL203,Kd,10000.0,nM,5.0
C3N-02379,25.4308698585042,12.52,1,CPTAC,CPTAC,,,17.5923102799153,,21.5232646834421,19.5577874816787,CHEMBL941,CHEMBL203,Kd,10000.0,nM,5.0
C3N-02379,25.4308698585042,12.52,1,CPTAC,CPTAC,,,17.5923102799153,,21.5232646834421,19.5577874816787,CHEMBL941,CHEMBL203,Kd,10000.0,nM,5.0
C3N-02379,25.4308698585042,12.52,1,CPTAC,CPTAC,,,17.5923102799153,,21.5232646834421,19.5577874816787,CHEMBL941,CHEMBL203,Kd,10000.0,nM,5.0
C3N-02379,25.4308698585042,12.52,1,CPTAC,CPTAC,,,17.5923102799153,,21.5232646834421,19.5577874816787,CHEMBL941,CHEMBL203,Kd,10000.0,nM,5.0
C3N-02379,25.4308698585042,12.52,1,CPTAC,CPTAC,,,17.5923102799153,,21.5232646834421,19.5577874816787,CHEMBL1079742,CHEMBL203,IC50,420.0,nM,6.376750709602099
C3N-02379,25.4308698585042,12.52,1,CPTAC,CPTAC,,,17.5923102799153,,21.5232646834421,19.5577874816787,CHEMBL1079742,CHEMBL203,IC50,15.0,nM,7.823908740944319
C3N-02379,25.4308698585042,12.52,1,CPTAC,CPTAC,,,17.5923102799153,,21.5232646834421,19.5577874816787,CHEMBL941,CHEMBL203,Kd,10000.0,nM,5.0
C3N-02379,25.4308698585042,12.52,1,CPTAC,CPTAC,,,17.5923102799153,,21.5232646834421,19.5577874816787,CHEMBL941,CHEMBL203,Kd,10000.0,nM,5.0
C3N-02379,25.4308698585042,12.52,1,CPTAC,CPTAC,,,17.5923102799153,,21.5232646834421,19.5577874816787,CHEMBL941,CHEMBL203,Kd,10000.0,nM,5.0
C3N-02379,25.4308698585042,12.52,1,CPTAC,CPTAC,,,17.5923102799153,,21.5232646834421,19.5577874816787,CHEMBL941,CHEMBL203,Kd,10000.0,nM,5.0
C3N-02379,25.4308698585042,12.52,1,CPTAC,CPTAC,,,17.5923102799153,,21.5232646834421,19.5577874816787,CHEMBL941,CHEMBL203,Kd,7600.0,nM,5.119186407719209
C3N-02379,25.4308698585042,12.52,1,CPTAC,CPTAC,,,17.5923102799153,,21.5232646834421,19.5577874816787,CHEMBL941,CHEMBL203,Kd,10000.0,nM,5.0
C3N-02379,25.4308698585042,12.52,1,CPTAC,CPTAC,,,17.5923102799153,,21.5232646834421,19.5577874816787,CHEMBL941,CHEMBL203,Kd,10000.0,nM,5.0
C3N-02379,25.4308698585042,12.52,1,CPTAC,CPTAC,,,17.5923102799153,,21.5232646834421,19.5577874816787,CHEMBL941,CHEMBL203,Kd,10000.0,nM,5.0
C3N-02379,25.4308698585042,12.52,1,CPTAC,CPTAC,,,17.5923102799153,,21.5232646834421,19.5577874816787,CHEMBL941,CHEMBL203,Kd,10000.0,nM,5.0
C3N-02379,25.4308698585042,12.52,1,CPTAC,CPTAC,,,17.5923102799153,,21.5232646834421,19.5577874816787,CHEMBL941,CHEMBL203,Kd,10000.0,nM,5.0
C3N-02379,25.4308698585042,12.52,1,CPTAC,CPTAC,,,17.5923102799153,,21.5232646834421,19.5577874816787,CHEMBL941,CHEMBL203,Kd,10000.0,nM,5.0
C3N-02379,25.4308698585042,12.52,1,CPTAC,CPTAC,,,17.5923102799153,,21.5232646834421,19.5577874816787,CHEMBL941,CHEMBL203,Kd,10000.0,nM,5.0
C3N-02379,25.4308698585042,12.52,1,CPTAC,CPTAC,,,17.5923102799153,,21.5232646834421,19.5577874816787,CHEMBL941,CHEMBL203,Kd,30000.0,nM,4.522878745280337
C3N-02379,25.4308698585042,12.52,1,CPTAC,CPTAC,,,17.5923102799153,,21.5232646834421,19.5577874816787,CHEMBL1079742,CHEMBL203,IC50,70.0,nM,7.154901959985743
C3N-02379,25.4308698585042,12.52,1,CPTAC,CPTAC,,,17.5923102799153,,21.5232646834421,19.5577874816787,CHEMBL941,CHEMBL203,IC50,0.11,nM,9.958607314841775
C3N-02379,25.4308698585042,12.52,1,CPTAC,CPTAC,,,17.5923102799153,,21.5232646834421,19.5577874816787,CHEMBL1079742,CHEMBL203,IC50,2.0,nM,8.698970004336019
C3N-02380,25.4106211217859,12.47,1,CPTAC,CPTAC,,,,,,,CHEMBL941,CHEMBL203,IC50,100000.0,nM,4.0
C3N-02380,25.4106211217859,12.47,1,CPTAC,CPTAC,,,,,,,CHEMBL941,CHEMBL203,Kd,10000.0,nM,5.0
C3N-02380,25.4106211217859,12.47,1,CPTAC,CPTAC,,,,,,,CHEMBL941,CHEMBL203,Kd,10000.0,nM,5.0
C3N-02380,25.4106211217859,12.47,1,CPTAC,CPTAC,,,,,,,CHEMBL941,CHEMBL203,Kd,10000.0,nM,5.0
C3N-02380,25.4106211217859,12.47,1,CPTAC,CPTAC,,,,,,,CHEMBL941,CHEMBL203,Kd,10000.0,nM,5.0
C3N-02380,25.4106211217859,12.47,1,CPTAC,CPTAC,,,,,,,CHEMBL941,CHEMBL203,Kd,7600.0,nM,5.119186407719209
C3N-02380,25.4106211217859,12.47,1,CPTAC,CPTAC,,,,,,,CHEMBL941,CHEMBL203,Kd,10000.0,nM,5.0
C3N-02380,25.4106211217859,12.47,1,CPTAC,CPTAC,,,,,,,CHEMBL941,CHEMBL203,Kd,10000.0,nM,5.0
C3N-02380,25.4106211217859,12.47,1,CPTAC,CPTAC,,,,,,,CHEMBL941,CHEMBL203,Kd,10000.0,nM,5.0
C3N-02380,25.4106211217859,12.47,1,CPTAC,CPTAC,,,,,,,CHEMBL941,CHEMBL203,Kd,10000.0,nM,5.0
C3N-02380,25.4106211217859,12.47,1,CPTAC,CPTAC,,,,,,,CHEMBL941,CHEMBL203,Kd,10000.0,nM,5.0
C3N-02380,25.4106211217859,12.47,1,CPTAC,CPTAC,,,,,,,CHEMBL1079742,CHEMBL203,IC50,420.0,nM,6.376750709602099
C3N-02380,25.4106211217859,12.47,1,CPTAC,CPTAC,,,,,,,CHEMBL1079742,CHEMBL203,IC50,15.0,nM,7.823908740944319
C3N-02380,25.4106211217859,12.47,1,CPTAC,CPTAC,,,,,,,CHEMBL941,CHEMBL203,Kd,10000.0,nM,5.0
C3N-02380,25.4106211217859,12.47,1,CPTAC,CPTAC,,,,,,,CHEMBL941,CHEMBL203,Kd,10000.0,nM,5.0
C3N-02380,25.4106211217859,12.47,1,CPTAC,CPTAC,,,,,,,CHEMBL941,CHEMBL203,Kd,10000.0,nM,5.0
C3N-02380,25.4106211217859,12.47,1,CPTAC,CPTAC,,,,,,,CHEMBL941,CHEMBL203,Kd,10000.0,nM,5.0
C3N-02380,25.4106211217859,12.47,1,CPTAC,CPTAC,,,,,,,CHEMBL941,CHEMBL203,Kd,7600.0,nM,5.119186407719209
C3N-02380,25.4106211217859,12.47,1,CPTAC,CPTAC,,,,,,,CHEMBL941,CHEMBL203,Kd,10000.0,nM,5.0
C3N-02380,25.4106211217859,12.47,1,CPTAC,CPTAC,,,,,,,CHEMBL941,CHEMBL203,Kd,10000.0,nM,5.0
C3N-02380,25.4106211217859,12.47,1,CPTAC,CPTAC,,,,,,,CHEMBL941,CHEMBL203,Kd,10000.0,nM,5.0
C3N-02380,25.4106211217859,12.47,1,CPTAC,CPTAC,,,,,,,CHEMBL941,CHEMBL203,Kd,10000.0,nM,5.0
C3N-02380,25.4106211217859,12.47,1,CPTAC,CPTAC,,,,,,,CHEMBL941,CHEMBL203,Kd,10000.0,nM,5.0
C3N-02380,25.4106211217859,12.47,1,CPTAC,CPTAC,,,,,,,CHEMBL941,CHEMBL203,Kd,10000.0,nM,5.0
C3N-02380,25.4106211217859,12.47,1,CPTAC,CPTAC,,,,,,,CHEMBL941,CHEMBL203,Kd,10000.0,nM,5.0
C3N-02380,25.4106211217859,12.47,1,CPTAC,CPTAC,,,,,,,CHEMBL941,CHEMBL203,Kd,30000.0,nM,4.522878745280337
C3N-02380,25.4106211217859,12.47,1,CPTAC,CPTAC,,,,,,,CHEMBL1079742,CHEMBL203,IC50,70.0,nM,7.154901959985743
C3N-02380,25.4106211217859,12.47,1,CPTAC,CPTAC,,,,,,,CHEMBL941,CHEMBL203,IC50,0.11,nM,9.958607314841775
C3N-02380,25.4106211217859,12.47,1,CPTAC,CPTAC,,,,,,,CHEMBL1079742,CHEMBL203,IC50,2.0,nM,8.698970004336019
C3N-02421,25.3567088433007,12.48,1,CPTAC,CPTAC,,,18.0663454696274,10.583122355255949,19.93441077324065,16.194626199374667,CHEMBL941,CHEMBL203,IC50,100000.0,nM,4.0
C3N-02421,25.3567088433007,12.48,1,CPTAC,CPTAC,,,18.0663454696274,10.583122355255949,19.93441077324065,16.194626199374667,CHEMBL941,CHEMBL203,Kd,10000.0,nM,5.0
C3N-02421,25.3567088433007,12.48,1,CPTAC,CPTAC,,,18.0663454696274,10.583122355255949,19.93441077324065,16.194626199374667,CHEMBL941,CHEMBL203,Kd,10000.0,nM,5.0
C3N-02421,25.3567088433007,12.48,1,CPTAC,CPTAC,,,18.0663454696274,10.583122355255949,19.93441077324065,16.194626199374667,CHEMBL941,CHEMBL203,Kd,10000.0,nM,5.0
C3N-02421,25.3567088433007,12.48,1,CPTAC,CPTAC,,,18.0663454696274,10.583122355255949,19.93441077324065,16.194626199374667,CHEMBL941,CHEMBL203,Kd,10000.0,nM,5.0
C3N-02421,25.3567088433007,12.48,1,CPTAC,CPTAC,,,18.0663454696274,10.583122355255949,19.93441077324065,16.194626199374667,CHEMBL941,CHEMBL203,Kd,7600.0,nM,5.119186407719209
C3N-02421,25.3567088433007,12.48,1,CPTAC,CPTAC,,,18.0663454696274,10.583122355255949,19.93441077324065,16.194626199374667,CHEMBL941,CHEMBL203,Kd,10000.0,nM,5.0
C3N-02421,25.3567088433007,12.48,1,CPTAC,CPTAC,,,18.0663454696274,10.583122355255949,19.93441077324065,16.194626199374667,CHEMBL941,CHEMBL203,Kd,10000.0,nM,5.0
C3N-02421,25.3567088433007,12.48,1,CPTAC,CPTAC,,,18.0663454696274,10.583122355255949,19.93441077324065,16.194626199374667,CHEMBL941,CHEMBL203,Kd,10000.0,nM,5.0
C3N-02421,25.3567088433007,12.48,1,CPTAC,CPTAC,,,18.0663454696274,10.583122355255949,19.93441077324065,16.194626199374667,CHEMBL941,CHEMBL203,Kd,10000.0,nM,5.0
C3N-02421,25.3567088433007,12.48,1,CPTAC,CPTAC,,,18.0663454696274,10.583122355255949,19.93441077324065,16.194626199374667,CHEMBL941,CHEMBL203,Kd,10000.0,nM,5.0
C3N-02421,25.3567088433007,12.48,1,CPTAC,CPTAC,,,18.0663454696274,10.583122355255949,19.93441077324065,16.194626199374667,CHEMBL1079742,CHEMBL203,IC50,420.0,nM,6.376750709602099
C3N-02421,25.3567088433007,12.48,1,CPTAC,CPTAC,,,18.0663454696274,10.583122355255949,19.93441077324065,16.194626199374667,CHEMBL1079742,CHEMBL203,IC50,15.0,nM,7.823908740944319
C3N-02421,25.3567088433007,12.48,1,CPTAC,CPTAC,,,18.0663454696274,10.583122355255949,19.93441077324065,16.194626199374667,CHEMBL941,CHEMBL203,Kd,10000.0,nM,5.0
C3N-02421,25.3567088433007,12.48,1,CPTAC,CPTAC,,,18.0663454696274,10.583122355255949,19.93441077324065,16.194626199374667,CHEMBL941,CHEMBL203,Kd,10000.0,nM,5.0
C3N-02421,25.3567088433007,12.48,1,CPTAC,CPTAC,,,18.0663454696274,10.583122355255949,19.93441077324065,16.194626199374667,CHEMBL941,CHEMBL203,Kd,10000.0,nM,5.0
C3N-02421,25.3567088433007,12.48,1,CPTAC,CPTAC,,,18.0663454696274,10.583122355255949,19.93441077324065,16.194626199374667,CHEMBL941,CHEMBL203,Kd,10000.0,nM,5.0
C3N-02421,25.3567088433007,12.48,1,CPTAC,CPTAC,,,18.0663454696274,10.583122355255949,19.93441077324065,16.194626199374667,CHEMBL941,CHEMBL203,Kd,7600.0,nM,5.119186407719209
C3N-02421,25.3567088433007,12.48,1,CPTAC,CPTAC,,,18.0663454696274,10.583122355255949,19.93441077324065,16.194626199374667,CHEMBL941,CHEMBL203,Kd,10000.0,nM,5.0
C3N-02421,25.3567088433007,12.48,1,CPTAC,CPTAC,,,18.0663454696274,10.583122355255949,19.93441077324065,16.194626199374667,CHEMBL941,CHEMBL203,Kd,10000.0,nM,5.0
C3N-02421,25.3567088433007,12.48,1,CPTAC,CPTAC,,,18.0663454696274,10.583122355255949,19.93441077324065,16.194626199374667,CHEMBL941,CHEMBL203,Kd,10000.0,nM,5.0
C3N-02421,25.3567088433007,12.48,1,CPTAC,CPTAC,,,18.0663454696274,10.583122355255949,19.93441077324065,16.194626199374667,CHEMBL941,CHEMBL203,Kd,10000.0,nM,5.0
C3N-02421,25.3567088433007,12.48,1,CPTAC,CPTAC,,,18.0663454696274,10.583122355255949,19.93441077324065,16.194626199374667,CHEMBL941,CHEMBL203,Kd,10000.0,nM,5.0
C3N-02421,25.3567088433007,12.48,1,CPTAC,CPTAC,,,18.0663454696274,10.583122355255949,19.93441077324065,16.194626199374667,CHEMBL941,CHEMBL203,Kd,10000.0,nM,5.0
C3N-02421,25.3567088433007,12.48,1,CPTAC,CPTAC,,,18.0663454696274,10.583122355255949,19.93441077324065,16.194626199374667,CHEMBL941,CHEMBL203,Kd,10000.0,nM,5.0
C3N-02421,25.3567088433007,12.48,1,CPTAC,CPTAC,,,18.0663454696274,10.583122355255949,19.93441077324065,16.194626199374667,CHEMBL941,CHEMBL203,Kd,30000.0,nM,4.522878745280337
C3N-02421,25.3567088433007,12.48,1,CPTAC,CPTAC,,,18.0663454696274,10.583122355255949,19.93441077324065,16.194626199374667,CHEMBL1079742,CHEMBL203,IC50,70.0,nM,7.154901959985743
C3N-02421,25.3567088433007,12.48,1,CPTAC,CPTAC,,,18.0663454696274,10.583122355255949,19.93441077324065,16.194626199374667,CHEMBL941,CHEMBL203,IC50,0.11,nM,9.958607314841775
C3N-02421,25.3567088433007,12.48,1,CPTAC,CPTAC,,,18.0663454696274,10.583122355255949,19.93441077324065,16.194626199374667,CHEMBL1079742,CHEMBL203,IC50,2.0,nM,8.698970004336019
C3N-02423,25.6750435695027,12.87,1,CPTAC,CPTAC,,,,,,,CHEMBL941,CHEMBL203,IC50,100000.0,nM,4.0
C3N-02423,25.6750435695027,12.87,1,CPTAC,CPTAC,,,,,,,CHEMBL941,CHEMBL203,Kd,10000.0,nM,5.0
C3N-02423,25.6750435695027,12.87,1,CPTAC,CPTAC,,,,,,,CHEMBL941,CHEMBL203,Kd,10000.0,nM,5.0
C3N-02423,25.6750435695027,12.87,1,CPTAC,CPTAC,,,,,,,CHEMBL941,CHEMBL203,Kd,10000.0,nM,5.0
C3N-02423,25.6750435695027,12.87,1,CPTAC,CPTAC,,,,,,,CHEMBL941,CHEMBL203,Kd,10000.0,nM,5.0
C3N-02423,25.6750435695027,12.87,1,CPTAC,CPTAC,,,,,,,CHEMBL941,CHEMBL203,Kd,7600.0,nM,5.119186407719209
C3N-02423,25.6750435695027,12.87,1,CPTAC,CPTAC,,,,,,,CHEMBL941,CHEMBL203,Kd,10000.0,nM,5.0
C3N-02423,25.6750435695027,12.87,1,CPTAC,CPTAC,,,,,,,CHEMBL941,CHEMBL203,Kd,10000.0,nM,5.0
C3N-02423,25.6750435695027,12.87,1,CPTAC,CPTAC,,,,,,,CHEMBL941,CHEMBL203,Kd,10000.0,nM,5.0
C3N-02423,25.6750435695027,12.87,1,CPTAC,CPTAC,,,,,,,CHEMBL941,CHEMBL203,Kd,10000.0,nM,5.0
C3N-02423,25.6750435695027,12.87,1,CPTAC,CPTAC,,,,,,,CHEMBL941,CHEMBL203,Kd,10000.0,nM,5.0
C3N-02423,25.6750435695027,12.87,1,CPTAC,CPTAC,,,,,,,CHEMBL1079742,CHEMBL203,IC50,420.0,nM,6.376750709602099
C3N-02423,25.6750435695027,12.87,1,CPTAC,CPTAC,,,,,,,CHEMBL1079742,CHEMBL203,IC50,15.0,nM,7.823908740944319
C3N-02423,25.6750435695027,12.87,1,CPTAC,CPTAC,,,,,,,CHEMBL941,CHEMBL203,Kd,10000.0,nM,5.0
C3N-02423,25.6750435695027,12.87,1,CPTAC,CPTAC,,,,,,,CHEMBL941,CHEMBL203,Kd,10000.0,nM,5.0
C3N-02423,25.6750435695027,12.87,1,CPTAC,CPTAC,,,,,,,CHEMBL941,CHEMBL203,Kd,10000.0,nM,5.0
C3N-02423,25.6750435695027,12.87,1,CPTAC,CPTAC,,,,,,,CHEMBL941,CHEMBL203,Kd,10000.0,nM,5.0
C3N-02423,25.6750435695027,12.87,1,CPTAC,CPTAC,,,,,,,CHEMBL941,CHEMBL203,Kd,7600.0,nM,5.119186407719209
C3N-02423,25.6750435695027,12.87,1,CPTAC,CPTAC,,,,,,,CHEMBL941,CHEMBL203,Kd,10000.0,nM,5.0
C3N-02423,25.6750435695027,12.87,1,CPTAC,CPTAC,,,,,,,CHEMBL941,CHEMBL203,Kd,10000.0,nM,5.0
C3N-02423,25.6750435695027,12.87,1,CPTAC,CPTAC,,,,,,,CHEMBL941,CHEMBL203,Kd,10000.0,nM,5.0
C3N-02423,25.6750435695027,12.87,1,CPTAC,CPTAC,,,,,,,CHEMBL941,CHEMBL203,Kd,10000.0,nM,5.0
C3N-02423,25.6750435695027,12.87,1,CPTAC,CPTAC,,,,,,,CHEMBL941,CHEMBL203,Kd,10000.0,nM,5.0
C3N-02423,25.6750435695027,12.87,1,CPTAC,CPTAC,,,,,,,CHEMBL941,CHEMBL203,Kd,10000.0,nM,5.0
C3N-02423,25.6750435695027,12.87,1,CPTAC,CPTAC,,,,,,,CHEMBL941,CHEMBL203,Kd,10000.0,nM,5.0
C3N-02423,25.6750435695027,12.87,1,CPTAC,CPTAC,,,,,,,CHEMBL941,CHEMBL203,Kd,30000.0,nM,4.522878745280337
C3N-02423,25.6750435695027,12.87,1,CPTAC,CPTAC,,,,,,,CHEMBL1079742,CHEMBL203,IC50,70.0,nM,7.154901959985743
C3N-02423,25.6750435695027,12.87,1,CPTAC,CPTAC,,,,,,,CHEMBL941,CHEMBL203,IC50,0.11,nM,9.958607314841775
C3N-02423,25.6750435695027,12.87,1,CPTAC,CPTAC,,,,,,,CHEMBL1079742,CHEMBL203,IC50,2.0,nM,8.698970004336019
C3N-02424,25.4400812216074,12.3,1,CPTAC,CPTAC,,,,,18.8614032995857,18.8614032995857,CHEMBL941,CHEMBL203,IC50,100000.0,nM,4.0
C3N-02424,25.4400812216074,12.3,1,CPTAC,CPTAC,,,,,18.8614032995857,18.8614032995857,CHEMBL941,CHEMBL203,Kd,10000.0,nM,5.0
C3N-02424,25.4400812216074,12.3,1,CPTAC,CPTAC,,,,,18.8614032995857,18.8614032995857,CHEMBL941,CHEMBL203,Kd,10000.0,nM,5.0
C3N-02424,25.4400812216074,12.3,1,CPTAC,CPTAC,,,,,18.8614032995857,18.8614032995857,CHEMBL941,CHEMBL203,Kd,10000.0,nM,5.0
C3N-02424,25.4400812216074,12.3,1,CPTAC,CPTAC,,,,,18.8614032995857,18.8614032995857,CHEMBL941,CHEMBL203,Kd,10000.0,nM,5.0
C3N-02424,25.4400812216074,12.3,1,CPTAC,CPTAC,,,,,18.8614032995857,18.8614032995857,CHEMBL941,CHEMBL203,Kd,7600.0,nM,5.119186407719209
C3N-02424,25.4400812216074,12.3,1,CPTAC,CPTAC,,,,,18.8614032995857,18.8614032995857,CHEMBL941,CHEMBL203,Kd,10000.0,nM,5.0
C3N-02424,25.4400812216074,12.3,1,CPTAC,CPTAC,,,,,18.8614032995857,18.8614032995857,CHEMBL941,CHEMBL203,Kd,10000.0,nM,5.0
C3N-02424,25.4400812216074,12.3,1,CPTAC,CPTAC,,,,,18.8614032995857,18.8614032995857,CHEMBL941,CHEMBL203,Kd,10000.0,nM,5.0
C3N-02424,25.4400812216074,12.3,1,CPTAC,CPTAC,,,,,18.8614032995857,18.8614032995857,CHEMBL941,CHEMBL203,Kd,10000.0,nM,5.0
C3N-02424,25.4400812216074,12.3,1,CPTAC,CPTAC,,,,,18.8614032995857,18.8614032995857,CHEMBL941,CHEMBL203,Kd,10000.0,nM,5.0
C3N-02424,25.4400812216074,12.3,1,CPTAC,CPTAC,,,,,18.8614032995857,18.8614032995857,CHEMBL1079742,CHEMBL203,IC50,420.0,nM,6.376750709602099
C3N-02424,25.4400812216074,12.3,1,CPTAC,CPTAC,,,,,18.8614032995857,18.8614032995857,CHEMBL1079742,CHEMBL203,IC50,15.0,nM,7.823908740944319
C3N-02424,25.4400812216074,12.3,1,CPTAC,CPTAC,,,,,18.8614032995857,18.8614032995857,CHEMBL941,CHEMBL203,Kd,10000.0,nM,5.0
C3N-02424,25.4400812216074,12.3,1,CPTAC,CPTAC,,,,,18.8614032995857,18.8614032995857,CHEMBL941,CHEMBL203,Kd,10000.0,nM,5.0
C3N-02424,25.4400812216074,12.3,1,CPTAC,CPTAC,,,,,18.8614032995857,18.8614032995857,CHEMBL941,CHEMBL203,Kd,10000.0,nM,5.0
C3N-02424,25.4400812216074,12.3,1,CPTAC,CPTAC,,,,,18.8614032995857,18.8614032995857,CHEMBL941,CHEMBL203,Kd,10000.0,nM,5.0
C3N-02424,25.4400812216074,12.3,1,CPTAC,CPTAC,,,,,18.8614032995857,18.8614032995857,CHEMBL941,CHEMBL203,Kd,7600.0,nM,5.119186407719209
C3N-02424,25.4400812216074,12.3,1,CPTAC,CPTAC,,,,,18.8614032995857,18.8614032995857,CHEMBL941,CHEMBL203,Kd,10000.0,nM,5.0
C3N-02424,25.4400812216074,12.3,1,CPTAC,CPTAC,,,,,18.8614032995857,18.8614032995857,CHEMBL941,CHEMBL203,Kd,10000.0,nM,5.0
C3N-02424,25.4400812216074,12.3,1,CPTAC,CPTAC,,,,,18.8614032995857,18.8614032995857,CHEMBL941,CHEMBL203,Kd,10000.0,nM,5.0
C3N-02424,25.4400812216074,12.3,1,CPTAC,CPTAC,,,,,18.8614032995857,18.8614032995857,CHEMBL941,CHEMBL203,Kd,10000.0,nM,5.0
C3N-02424,25.4400812216074,12.3,1,CPTAC,CPTAC,,,,,18.8614032995857,18.8614032995857,CHEMBL941,CHEMBL203,Kd,10000.0,nM,5.0
C3N-02424,25.4400812216074,12.3,1,CPTAC,CPTAC,,,,,18.8614032995857,18.8614032995857,CHEMBL941,CHEMBL203,Kd,10000.0,nM,5.0
C3N-02424,25.4400812216074,12.3,1,CPTAC,CPTAC,,,,,18.8614032995857,18.8614032995857,CHEMBL941,CHEMBL203,Kd,10000.0,nM,5.0
C3N-02424,25.4400812216074,12.3,1,CPTAC,CPTAC,,,,,18.8614032995857,18.8614032995857,CHEMBL941,CHEMBL203,Kd,30000.0,nM,4.522878745280337
C3N-02424,25.4400812216074,12.3,1,CPTAC,CPTAC,,,,,18.8614032995857,18.8614032995857,CHEMBL1079742,CHEMBL203,IC50,70.0,nM,7.154901959985743
C3N-02424,25.4400812216074,12.3,1,CPTAC,CPTAC,,,,,18.8614032995857,18.8614032995857,CHEMBL941,CHEMBL203,IC50,0.11,nM,9.958607314841775
C3N-02424,25.4400812216074,12.3,1,CPTAC,CPTAC,,,,,18.8614032995857,18.8614032995857,CHEMBL1079742,CHEMBL203,IC50,2.0,nM,8.698970004336019
C3N-02433,25.4471146724605,12.61,1,CPTAC,CPTAC,,,17.7156641031058,,,17.7156641031058,CHEMBL941,CHEMBL203,IC50,100000.0,nM,4.0
C3N-02433,25.4471146724605,12.61,1,CPTAC,CPTAC,,,17.7156641031058,,,17.7156641031058,CHEMBL941,CHEMBL203,Kd,10000.0,nM,5.0
C3N-02433,25.4471146724605,12.61,1,CPTAC,CPTAC,,,17.7156641031058,,,17.7156641031058,CHEMBL941,CHEMBL203,Kd,10000.0,nM,5.0
C3N-02433,25.4471146724605,12.61,1,CPTAC,CPTAC,,,17.7156641031058,,,17.7156641031058,CHEMBL941,CHEMBL203,Kd,10000.0,nM,5.0
C3N-02433,25.4471146724605,12.61,1,CPTAC,CPTAC,,,17.7156641031058,,,17.7156641031058,CHEMBL941,CHEMBL203,Kd,10000.0,nM,5.0
C3N-02433,25.4471146724605,12.61,1,CPTAC,CPTAC,,,17.7156641031058,,,17.7156641031058,CHEMBL941,CHEMBL203,Kd,7600.0,nM,5.119186407719209
C3N-02433,25.4471146724605,12.61,1,CPTAC,CPTAC,,,17.7156641031058,,,17.7156641031058,CHEMBL941,CHEMBL203,Kd,10000.0,nM,5.0
C3N-02433,25.4471146724605,12.61,1,CPTAC,CPTAC,,,17.7156641031058,,,17.7156641031058,CHEMBL941,CHEMBL203,Kd,10000.0,nM,5.0
C3N-02433,25.4471146724605,12.61,1,CPTAC,CPTAC,,,17.7156641031058,,,17.7156641031058,CHEMBL941,CHEMBL203,Kd,10000.0,nM,5.0
C3N-02433,25.4471146724605,12.61,1,CPTAC,CPTAC,,,17.7156641031058,,,17.7156641031058,CHEMBL941,CHEMBL203,Kd,10000.0,nM,5.0
C3N-02433,25.4471146724605,12.61,1,CPTAC,CPTAC,,,17.7156641031058,,,17.7156641031058,CHEMBL941,CHEMBL203,Kd,10000.0,nM,5.0
C3N-02433,25.4471146724605,12.61,1,CPTAC,CPTAC,,,17.7156641031058,,,17.7156641031058,CHEMBL1079742,CHEMBL203,IC50,420.0,nM,6.376750709602099
C3N-02433,25.4471146724605,12.61,1,CPTAC,CPTAC,,,17.7156641031058,,,17.7156641031058,CHEMBL1079742,CHEMBL203,IC50,15.0,nM,7.823908740944319
C3N-02433,25.4471146724605,12.61,1,CPTAC,CPTAC,,,17.7156641031058,,,17.7156641031058,CHEMBL941,CHEMBL203,Kd,10000.0,nM,5.0
C3N-02433,25.4471146724605,12.61,1,CPTAC,CPTAC,,,17.7156641031058,,,17.7156641031058,CHEMBL941,CHEMBL203,Kd,10000.0,nM,5.0
C3N-02433,25.4471146724605,12.61,1,CPTAC,CPTAC,,,17.7156641031058,,,17.7156641031058,CHEMBL941,CHEMBL203,Kd,10000.0,nM,5.0
C3N-02433,25.4471146724605,12.61,1,CPTAC,CPTAC,,,17.7156641031058,,,17.7156641031058,CHEMBL941,CHEMBL203,Kd,10000.0,nM,5.0
C3N-02433,25.4471146724605,12.61,1,CPTAC,CPTAC,,,17.7156641031058,,,17.7156641031058,CHEMBL941,CHEMBL203,Kd,7600.0,nM,5.119186407719209
C3N-02433,25.4471146724605,12.61,1,CPTAC,CPTAC,,,17.7156641031058,,,17.7156641031058,CHEMBL941,CHEMBL203,Kd,10000.0,nM,5.0
C3N-02433,25.4471146724605,12.61,1,CPTAC,CPTAC,,,17.7156641031058,,,17.7156641031058,CHEMBL941,CHEMBL203,Kd,10000.0,nM,5.0
C3N-02433,25.4471146724605,12.61,1,CPTAC,CPTAC,,,17.7156641031058,,,17.7156641031058,CHEMBL941,CHEMBL203,Kd,10000.0,nM,5.0
C3N-02433,25.4471146724605,12.61,1,CPTAC,CPTAC,,,17.7156641031058,,,17.7156641031058,CHEMBL941,CHEMBL203,Kd,10000.0,nM,5.0
C3N-02433,25.4471146724605,12.61,1,CPTAC,CPTAC,,,17.7156641031058,,,17.7156641031058,CHEMBL941,CHEMBL203,Kd,10000.0,nM,5.0
C3N-02433,25.4471146724605,12.61,1,CPTAC,CPTAC,,,17.7156641031058,,,17.7156641031058,CHEMBL941,CHEMBL203,Kd,10000.0,nM,5.0
C3N-02433,25.4471146724605,12.61,1,CPTAC,CPTAC,,,17.7156641031058,,,17.7156641031058,CHEMBL941,CHEMBL203,Kd,10000.0,nM,5.0
C3N-02433,25.4471146724605,12.61,1,CPTAC,CPTAC,,,17.7156641031058,,,17.7156641031058,CHEMBL941,CHEMBL203,Kd,30000.0,nM,4.522878745280337
C3N-02433,25.4471146724605,12.61,1,CPTAC,CPTAC,,,17.7156641031058,,,17.7156641031058,CHEMBL1079742,CHEMBL203,IC50,70.0,nM,7.154901959985743
C3N-02433,25.4471146724605,12.61,1,CPTAC,CPTAC,,,17.7156641031058,,,17.7156641031058,CHEMBL941,CHEMBL203,IC50,0.11,nM,9.958607314841775
C3N-02433,25.4471146724605,12.61,1,CPTAC,CPTAC,,,17.7156641031058,,,17.7156641031058,CHEMBL1079742,CHEMBL203,IC50,2.0,nM,8.698970004336019
C3N-02529,25.3633692039298,12.09,1,CPTAC,CPTAC,,,18.740353176561648,,19.63332991049575,19.1868415435287,CHEMBL941,CHEMBL203,IC50,100000.0,nM,4.0
C3N-02529,25.3633692039298,12.09,1,CPTAC,CPTAC,,,18.740353176561648,,19.63332991049575,19.1868415435287,CHEMBL941,CHEMBL203,Kd,10000.0,nM,5.0
C3N-02529,25.3633692039298,12.09,1,CPTAC,CPTAC,,,18.740353176561648,,19.63332991049575,19.1868415435287,CHEMBL941,CHEMBL203,Kd,10000.0,nM,5.0
C3N-02529,25.3633692039298,12.09,1,CPTAC,CPTAC,,,18.740353176561648,,19.63332991049575,19.1868415435287,CHEMBL941,CHEMBL203,Kd,10000.0,nM,5.0
C3N-02529,25.3633692039298,12.09,1,CPTAC,CPTAC,,,18.740353176561648,,19.63332991049575,19.1868415435287,CHEMBL941,CHEMBL203,Kd,10000.0,nM,5.0
C3N-02529,25.3633692039298,12.09,1,CPTAC,CPTAC,,,18.740353176561648,,19.63332991049575,19.1868415435287,CHEMBL941,CHEMBL203,Kd,7600.0,nM,5.119186407719209
C3N-02529,25.3633692039298,12.09,1,CPTAC,CPTAC,,,18.740353176561648,,19.63332991049575,19.1868415435287,CHEMBL941,CHEMBL203,Kd,10000.0,nM,5.0
C3N-02529,25.3633692039298,12.09,1,CPTAC,CPTAC,,,18.740353176561648,,19.63332991049575,19.1868415435287,CHEMBL941,CHEMBL203,Kd,10000.0,nM,5.0
C3N-02529,25.3633692039298,12.09,1,CPTAC,CPTAC,,,18.740353176561648,,19.63332991049575,19.1868415435287,CHEMBL941,CHEMBL203,Kd,10000.0,nM,5.0
C3N-02529,25.3633692039298,12.09,1,CPTAC,CPTAC,,,18.740353176561648,,19.63332991049575,19.1868415435287,CHEMBL941,CHEMBL203,Kd,10000.0,nM,5.0
C3N-02529,25.3633692039298,12.09,1,CPTAC,CPTAC,,,18.740353176561648,,19.63332991049575,19.1868415435287,CHEMBL941,CHEMBL203,Kd,10000.0,nM,5.0
C3N-02529,25.3633692039298,12.09,1,CPTAC,CPTAC,,,18.740353176561648,,19.63332991049575,19.1868415435287,CHEMBL1079742,CHEMBL203,IC50,420.0,nM,6.376750709602099
C3N-02529,25.3633692039298,12.09,1,CPTAC,CPTAC,,,18.740353176561648,,19.63332991049575,19.1868415435287,CHEMBL1079742,CHEMBL203,IC50,15.0,nM,7.823908740944319
C3N-02529,25.3633692039298,12.09,1,CPTAC,CPTAC,,,18.740353176561648,,19.63332991049575,19.1868415435287,CHEMBL941,CHEMBL203,Kd,10000.0,nM,5.0
C3N-02529,25.3633692039298,12.09,1,CPTAC,CPTAC,,,18.740353176561648,,19.63332991049575,19.1868415435287,CHEMBL941,CHEMBL203,Kd,10000.0,nM,5.0
C3N-02529,25.3633692039298,12.09,1,CPTAC,CPTAC,,,18.740353176561648,,19.63332991049575,19.1868415435287,CHEMBL941,CHEMBL203,Kd,10000.0,nM,5.0
C3N-02529,25.3633692039298,12.09,1,CPTAC,CPTAC,,,18.740353176561648,,19.63332991049575,19.1868415435287,CHEMBL941,CHEMBL203,Kd,10000.0,nM,5.0
C3N-02529,25.3633692039298,12.09,1,CPTAC,CPTAC,,,18.740353176561648,,19.63332991049575,19.1868415435287,CHEMBL941,CHEMBL203,Kd,7600.0,nM,5.119186407719209
C3N-02529,25.3633692039298,12.09,1,CPTAC,CPTAC,,,18.740353176561648,,19.63332991049575,19.1868415435287,CHEMBL941,CHEMBL203,Kd,10000.0,nM,5.0
C3N-02529,25.3633692039298,12.09,1,CPTAC,CPTAC,,,18.740353176561648,,19.63332991049575,19.1868415435287,CHEMBL941,CHEMBL203,Kd,10000.0,nM,5.0
C3N-02529,25.3633692039298,12.09,1,CPTAC,CPTAC,,,18.740353176561648,,19.63332991049575,19.1868415435287,CHEMBL941,CHEMBL203,Kd,10000.0,nM,5.0
C3N-02529,25.3633692039298,12.09,1,CPTAC,CPTAC,,,18.740353176561648,,19.63332991049575,19.1868415435287,CHEMBL941,CHEMBL203,Kd,10000.0,nM,5.0
C3N-02529,25.3633692039298,12.09,1,CPTAC,CPTAC,,,18.740353176561648,,19.63332991049575,19.1868415435287,CHEMBL941,CHEMBL203,Kd,10000.0,nM,5.0
C3N-02529,25.3633692039298,12.09,1,CPTAC,CPTAC,,,18.740353176561648,,19.63332991049575,19.1868415435287,CHEMBL941,CHEMBL203,Kd,10000.0,nM,5.0
C3N-02529,25.3633692039298,12.09,1,CPTAC,CPTAC,,,18.740353176561648,,19.63332991049575,19.1868415435287,CHEMBL941,CHEMBL203,Kd,10000.0,nM,5.0
C3N-02529,25.3633692039298,12.09,1,CPTAC,CPTAC,,,18.740353176561648,,19.63332991049575,19.1868415435287,CHEMBL941,CHEMBL203,Kd,30000.0,nM,4.522878745280337
C3N-02529,25.3633692039298,12.09,1,CPTAC,CPTAC,,,18.740353176561648,,19.63332991049575,19.1868415435287,CHEMBL1079742,CHEMBL203,IC50,70.0,nM,7.154901959985743
C3N-02529,25.3633692039298,12.09,1,CPTAC,CPTAC,,,18.740353176561648,,19.63332991049575,19.1868415435287,CHEMBL941,CHEMBL203,IC50,0.11,nM,9.958607314841775
C3N-02529,25.3633692039298,12.09,1,CPTAC,CPTAC,,,18.740353176561648,,19.63332991049575,19.1868415435287,CHEMBL1079742,CHEMBL203,IC50,2.0,nM,8.698970004336019
C3N-02572,25.4597396650714,12.76,1,CPTAC,CPTAC,,,,,,,CHEMBL941,CHEMBL203,IC50,100000.0,nM,4.0
C3N-02572,25.4597396650714,12.76,1,CPTAC,CPTAC,,,,,,,CHEMBL941,CHEMBL203,Kd,10000.0,nM,5.0
C3N-02572,25.4597396650714,12.76,1,CPTAC,CPTAC,,,,,,,CHEMBL941,CHEMBL203,Kd,10000.0,nM,5.0
C3N-02572,25.4597396650714,12.76,1,CPTAC,CPTAC,,,,,,,CHEMBL941,CHEMBL203,Kd,10000.0,nM,5.0
C3N-02572,25.4597396650714,12.76,1,CPTAC,CPTAC,,,,,,,CHEMBL941,CHEMBL203,Kd,10000.0,nM,5.0
C3N-02572,25.4597396650714,12.76,1,CPTAC,CPTAC,,,,,,,CHEMBL941,CHEMBL203,Kd,7600.0,nM,5.119186407719209
C3N-02572,25.4597396650714,12.76,1,CPTAC,CPTAC,,,,,,,CHEMBL941,CHEMBL203,Kd,10000.0,nM,5.0
C3N-02572,25.4597396650714,12.76,1,CPTAC,CPTAC,,,,,,,CHEMBL941,CHEMBL203,Kd,10000.0,nM,5.0
C3N-02572,25.4597396650714,12.76,1,CPTAC,CPTAC,,,,,,,CHEMBL941,CHEMBL203,Kd,10000.0,nM,5.0
C3N-02572,25.4597396650714,12.76,1,CPTAC,CPTAC,,,,,,,CHEMBL941,CHEMBL203,Kd,10000.0,nM,5.0
C3N-02572,25.4597396650714,12.76,1,CPTAC,CPTAC,,,,,,,CHEMBL941,CHEMBL203,Kd,10000.0,nM,5.0
C3N-02572,25.4597396650714,12.76,1,CPTAC,CPTAC,,,,,,,CHEMBL1079742,CHEMBL203,IC50,420.0,nM,6.376750709602099
C3N-02572,25.4597396650714,12.76,1,CPTAC,CPTAC,,,,,,,CHEMBL1079742,CHEMBL203,IC50,15.0,nM,7.823908740944319
C3N-02572,25.4597396650714,12.76,1,CPTAC,CPTAC,,,,,,,CHEMBL941,CHEMBL203,Kd,10000.0,nM,5.0
C3N-02572,25.4597396650714,12.76,1,CPTAC,CPTAC,,,,,,,CHEMBL941,CHEMBL203,Kd,10000.0,nM,5.0
C3N-02572,25.4597396650714,12.76,1,CPTAC,CPTAC,,,,,,,CHEMBL941,CHEMBL203,Kd,10000.0,nM,5.0
C3N-02572,25.4597396650714,12.76,1,CPTAC,CPTAC,,,,,,,CHEMBL941,CHEMBL203,Kd,10000.0,nM,5.0
C3N-02572,25.4597396650714,12.76,1,CPTAC,CPTAC,,,,,,,CHEMBL941,CHEMBL203,Kd,7600.0,nM,5.119186407719209
C3N-02572,25.4597396650714,12.76,1,CPTAC,CPTAC,,,,,,,CHEMBL941,CHEMBL203,Kd,10000.0,nM,5.0
C3N-02572,25.4597396650714,12.76,1,CPTAC,CPTAC,,,,,,,CHEMBL941,CHEMBL203,Kd,10000.0,nM,5.0
C3N-02572,25.4597396650714,12.76,1,CPTAC,CPTAC,,,,,,,CHEMBL941,CHEMBL203,Kd,10000.0,nM,5.0
C3N-02572,25.4597396650714,12.76,1,CPTAC,CPTAC,,,,,,,CHEMBL941,CHEMBL203,Kd,10000.0,nM,5.0
C3N-02572,25.4597396650714,12.76,1,CPTAC,CPTAC,,,,,,,CHEMBL941,CHEMBL203,Kd,10000.0,nM,5.0
C3N-02572,25.4597396650714,12.76,1,CPTAC,CPTAC,,,,,,,CHEMBL941,CHEMBL203,Kd,10000.0,nM,5.0
C3N-02572,25.4597396650714,12.76,1,CPTAC,CPTAC,,,,,,,CHEMBL941,CHEMBL203,Kd,10000.0,nM,5.0
C3N-02572,25.4597396650714,12.76,1,CPTAC,CPTAC,,,,,,,CHEMBL941,CHEMBL203,Kd,30000.0,nM,4.522878745280337
C3N-02572,25.4597396650714,12.76,1,CPTAC,CPTAC,,,,,,,CHEMBL1079742,CHEMBL203,IC50,70.0,nM,7.154901959985743
C3N-02572,25.4597396650714,12.76,1,CPTAC,CPTAC,,,,,,,CHEMBL941,CHEMBL203,IC50,0.11,nM,9.958607314841775
C3N-02572,25.4597396650714,12.76,1,CPTAC,CPTAC,,,,,,,CHEMBL1079742,CHEMBL203,IC50,2.0,nM,8.698970004336019
C3N-02582,25.6520434363475,12.55,1,CPTAC,CPTAC,,13.11230106168735,18.89778942247105,,19.8277390647715,17.279276516309967,CHEMBL941,CHEMBL203,IC50,100000.0,nM,4.0
C3N-02582,25.6520434363475,12.55,1,CPTAC,CPTAC,,13.11230106168735,18.89778942247105,,19.8277390647715,17.279276516309967,CHEMBL941,CHEMBL203,Kd,10000.0,nM,5.0
C3N-02582,25.6520434363475,12.55,1,CPTAC,CPTAC,,13.11230106168735,18.89778942247105,,19.8277390647715,17.279276516309967,CHEMBL941,CHEMBL203,Kd,10000.0,nM,5.0
C3N-02582,25.6520434363475,12.55,1,CPTAC,CPTAC,,13.11230106168735,18.89778942247105,,19.8277390647715,17.279276516309967,CHEMBL941,CHEMBL203,Kd,10000.0,nM,5.0
C3N-02582,25.6520434363475,12.55,1,CPTAC,CPTAC,,13.11230106168735,18.89778942247105,,19.8277390647715,17.279276516309967,CHEMBL941,CHEMBL203,Kd,10000.0,nM,5.0
C3N-02582,25.6520434363475,12.55,1,CPTAC,CPTAC,,13.11230106168735,18.89778942247105,,19.8277390647715,17.279276516309967,CHEMBL941,CHEMBL203,Kd,7600.0,nM,5.119186407719209
C3N-02582,25.6520434363475,12.55,1,CPTAC,CPTAC,,13.11230106168735,18.89778942247105,,19.8277390647715,17.279276516309967,CHEMBL941,CHEMBL203,Kd,10000.0,nM,5.0
C3N-02582,25.6520434363475,12.55,1,CPTAC,CPTAC,,13.11230106168735,18.89778942247105,,19.8277390647715,17.279276516309967,CHEMBL941,CHEMBL203,Kd,10000.0,nM,5.0
C3N-02582,25.6520434363475,12.55,1,CPTAC,CPTAC,,13.11230106168735,18.89778942247105,,19.8277390647715,17.279276516309967,CHEMBL941,CHEMBL203,Kd,10000.0,nM,5.0
C3N-02582,25.6520434363475,12.55,1,CPTAC,CPTAC,,13.11230106168735,18.89778942247105,,19.8277390647715,17.279276516309967,CHEMBL941,CHEMBL203,Kd,10000.0,nM,5.0
C3N-02582,25.6520434363475,12.55,1,CPTAC,CPTAC,,13.11230106168735,18.89778942247105,,19.8277390647715,17.279276516309967,CHEMBL941,CHEMBL203,Kd,10000.0,nM,5.0
C3N-02582,25.6520434363475,12.55,1,CPTAC,CPTAC,,13.11230106168735,18.89778942247105,,19.8277390647715,17.279276516309967,CHEMBL1079742,CHEMBL203,IC50,420.0,nM,6.376750709602099
C3N-02582,25.6520434363475,12.55,1,CPTAC,CPTAC,,13.11230106168735,18.89778942247105,,19.8277390647715,17.279276516309967,CHEMBL1079742,CHEMBL203,IC50,15.0,nM,7.823908740944319
C3N-02582,25.6520434363475,12.55,1,CPTAC,CPTAC,,13.11230106168735,18.89778942247105,,19.8277390647715,17.279276516309967,CHEMBL941,CHEMBL203,Kd,10000.0,nM,5.0
C3N-02582,25.6520434363475,12.55,1,CPTAC,CPTAC,,13.11230106168735,18.89778942247105,,19.8277390647715,17.279276516309967,CHEMBL941,CHEMBL203,Kd,10000.0,nM,5.0
C3N-02582,25.6520434363475,12.55,1,CPTAC,CPTAC,,13.11230106168735,18.89778942247105,,19.8277390647715,17.279276516309967,CHEMBL941,CHEMBL203,Kd,10000.0,nM,5.0
C3N-02582,25.6520434363475,12.55,1,CPTAC,CPTAC,,13.11230106168735,18.89778942247105,,19.8277390647715,17.279276516309967,CHEMBL941,CHEMBL203,Kd,10000.0,nM,5.0
C3N-02582,25.6520434363475,12.55,1,CPTAC,CPTAC,,13.11230106168735,18.89778942247105,,19.8277390647715,17.279276516309967,CHEMBL941,CHEMBL203,Kd,7600.0,nM,5.119186407719209
C3N-02582,25.6520434363475,12.55,1,CPTAC,CPTAC,,13.11230106168735,18.89778942247105,,19.8277390647715,17.279276516309967,CHEMBL941,CHEMBL203,Kd,10000.0,nM,5.0
C3N-02582,25.6520434363475,12.55,1,CPTAC,CPTAC,,13.11230106168735,18.89778942247105,,19.8277390647715,17.279276516309967,CHEMBL941,CHEMBL203,Kd,10000.0,nM,5.0
C3N-02582,25.6520434363475,12.55,1,CPTAC,CPTAC,,13.11230106168735,18.89778942247105,,19.8277390647715,17.279276516309967,CHEMBL941,CHEMBL203,Kd,10000.0,nM,5.0
C3N-02582,25.6520434363475,12.55,1,CPTAC,CPTAC,,13.11230106168735,18.89778942247105,,19.8277390647715,17.279276516309967,CHEMBL941,CHEMBL203,Kd,10000.0,nM,5.0
C3N-02582,25.6520434363475,12.55,1,CPTAC,CPTAC,,13.11230106168735,18.89778942247105,,19.8277390647715,17.279276516309967,CHEMBL941,CHEMBL203,Kd,10000.0,nM,5.0
C3N-02582,25.6520434363475,12.55,1,CPTAC,CPTAC,,13.11230106168735,18.89778942247105,,19.8277390647715,17.279276516309967,CHEMBL941,CHEMBL203,Kd,10000.0,nM,5.0
C3N-02582,25.6520434363475,12.55,1,CPTAC,CPTAC,,13.11230106168735,18.89778942247105,,19.8277390647715,17.279276516309967,CHEMBL941,CHEMBL203,Kd,10000.0,nM,5.0
C3N-02582,25.6520434363475,12.55,1,CPTAC,CPTAC,,13.11230106168735,18.89778942247105,,19.8277390647715,17.279276516309967,CHEMBL941,CHEMBL203,Kd,30000.0,nM,4.522878745280337
C3N-02582,25.6520434363475,12.55,1,CPTAC,CPTAC,,13.11230106168735,18.89778942247105,,19.8277390647715,17.279276516309967,CHEMBL1079742,CHEMBL203,IC50,70.0,nM,7.154901959985743
C3N-02582,25.6520434363475,12.55,1,CPTAC,CPTAC,,13.11230106168735,18.89778942247105,,19.8277390647715,17.279276516309967,CHEMBL941,CHEMBL203,IC50,0.11,nM,9.958607314841775
C3N-02582,25.6520434363475,12.55,1,CPTAC,CPTAC,,13.11230106168735,18.89778942247105,,19.8277390647715,17.279276516309967,CHEMBL1079742,CHEMBL203,IC50,2.0,nM,8.698970004336019
C3N-02586,25.3061625332937,12.34,1,CPTAC,CPTAC,,,,,,,CHEMBL941,CHEMBL203,IC50,100000.0,nM,4.0
C3N-02586,25.3061625332937,12.34,1,CPTAC,CPTAC,,,,,,,CHEMBL941,CHEMBL203,Kd,10000.0,nM,5.0
C3N-02586,25.3061625332937,12.34,1,CPTAC,CPTAC,,,,,,,CHEMBL941,CHEMBL203,Kd,10000.0,nM,5.0
C3N-02586,25.3061625332937,12.34,1,CPTAC,CPTAC,,,,,,,CHEMBL941,CHEMBL203,Kd,10000.0,nM,5.0
C3N-02586,25.3061625332937,12.34,1,CPTAC,CPTAC,,,,,,,CHEMBL941,CHEMBL203,Kd,10000.0,nM,5.0
C3N-02586,25.3061625332937,12.34,1,CPTAC,CPTAC,,,,,,,CHEMBL941,CHEMBL203,Kd,7600.0,nM,5.119186407719209
C3N-02586,25.3061625332937,12.34,1,CPTAC,CPTAC,,,,,,,CHEMBL941,CHEMBL203,Kd,10000.0,nM,5.0
C3N-02586,25.3061625332937,12.34,1,CPTAC,CPTAC,,,,,,,CHEMBL941,CHEMBL203,Kd,10000.0,nM,5.0
C3N-02586,25.3061625332937,12.34,1,CPTAC,CPTAC,,,,,,,CHEMBL941,CHEMBL203,Kd,10000.0,nM,5.0
C3N-02586,25.3061625332937,12.34,1,CPTAC,CPTAC,,,,,,,CHEMBL941,CHEMBL203,Kd,10000.0,nM,5.0
C3N-02586,25.3061625332937,12.34,1,CPTAC,CPTAC,,,,,,,CHEMBL941,CHEMBL203,Kd,10000.0,nM,5.0
C3N-02586,25.3061625332937,12.34,1,CPTAC,CPTAC,,,,,,,CHEMBL1079742,CHEMBL203,IC50,420.0,nM,6.376750709602099
C3N-02586,25.3061625332937,12.34,1,CPTAC,CPTAC,,,,,,,CHEMBL1079742,CHEMBL203,IC50,15.0,nM,7.823908740944319
C3N-02586,25.3061625332937,12.34,1,CPTAC,CPTAC,,,,,,,CHEMBL941,CHEMBL203,Kd,10000.0,nM,5.0
C3N-02586,25.3061625332937,12.34,1,CPTAC,CPTAC,,,,,,,CHEMBL941,CHEMBL203,Kd,10000.0,nM,5.0
C3N-02586,25.3061625332937,12.34,1,CPTAC,CPTAC,,,,,,,CHEMBL941,CHEMBL203,Kd,10000.0,nM,5.0
C3N-02586,25.3061625332937,12.34,1,CPTAC,CPTAC,,,,,,,CHEMBL941,CHEMBL203,Kd,10000.0,nM,5.0
C3N-02586,25.3061625332937,12.34,1,CPTAC,CPTAC,,,,,,,CHEMBL941,CHEMBL203,Kd,7600.0,nM,5.119186407719209
C3N-02586,25.3061625332937,12.34,1,CPTAC,CPTAC,,,,,,,CHEMBL941,CHEMBL203,Kd,10000.0,nM,5.0
C3N-02586,25.3061625332937,12.34,1,CPTAC,CPTAC,,,,,,,CHEMBL941,CHEMBL203,Kd,10000.0,nM,5.0
C3N-02586,25.3061625332937,12.34,1,CPTAC,CPTAC,,,,,,,CHEMBL941,CHEMBL203,Kd,10000.0,nM,5.0
C3N-02586,25.3061625332937,12.34,1,CPTAC,CPTAC,,,,,,,CHEMBL941,CHEMBL203,Kd,10000.0,nM,5.0
C3N-02586,25.3061625332937,12.34,1,CPTAC,CPTAC,,,,,,,CHEMBL941,CHEMBL203,Kd,10000.0,nM,5.0
C3N-02586,25.3061625332937,12.34,1,CPTAC,CPTAC,,,,,,,CHEMBL941,CHEMBL203,Kd,10000.0,nM,5.0
C3N-02586,25.3061625332937,12.34,1,CPTAC,CPTAC,,,,,,,CHEMBL941,CHEMBL203,Kd,10000.0,nM,5.0
C3N-02586,25.3061625332937,12.34,1,CPTAC,CPTAC,,,,,,,CHEMBL941,CHEMBL203,Kd,30000.0,nM,4.522878745280337
C3N-02586,25.3061625332937,12.34,1,CPTAC,CPTAC,,,,,,,CHEMBL1079742,CHEMBL203,IC50,70.0,nM,7.154901959985743
C3N-02586,25.3061625332937,12.34,1,CPTAC,CPTAC,,,,,,,CHEMBL941,CHEMBL203,IC50,0.11,nM,9.958607314841775
C3N-02586,25.3061625332937,12.34,1,CPTAC,CPTAC,,,,,,,CHEMBL1079742,CHEMBL203,IC50,2.0,nM,8.698970004336019
C3N-02587,25.4035032876409,12.72,1,CPTAC,CPTAC,,,,,,,CHEMBL941,CHEMBL203,IC50,100000.0,nM,4.0
C3N-02587,25.4035032876409,12.72,1,CPTAC,CPTAC,,,,,,,CHEMBL941,CHEMBL203,Kd,10000.0,nM,5.0
C3N-02587,25.4035032876409,12.72,1,CPTAC,CPTAC,,,,,,,CHEMBL941,CHEMBL203,Kd,10000.0,nM,5.0
C3N-02587,25.4035032876409,12.72,1,CPTAC,CPTAC,,,,,,,CHEMBL941,CHEMBL203,Kd,10000.0,nM,5.0
C3N-02587,25.4035032876409,12.72,1,CPTAC,CPTAC,,,,,,,CHEMBL941,CHEMBL203,Kd,10000.0,nM,5.0
C3N-02587,25.4035032876409,12.72,1,CPTAC,CPTAC,,,,,,,CHEMBL941,CHEMBL203,Kd,7600.0,nM,5.119186407719209
C3N-02587,25.4035032876409,12.72,1,CPTAC,CPTAC,,,,,,,CHEMBL941,CHEMBL203,Kd,10000.0,nM,5.0
C3N-02587,25.4035032876409,12.72,1,CPTAC,CPTAC,,,,,,,CHEMBL941,CHEMBL203,Kd,10000.0,nM,5.0
C3N-02587,25.4035032876409,12.72,1,CPTAC,CPTAC,,,,,,,CHEMBL941,CHEMBL203,Kd,10000.0,nM,5.0
C3N-02587,25.4035032876409,12.72,1,CPTAC,CPTAC,,,,,,,CHEMBL941,CHEMBL203,Kd,10000.0,nM,5.0
C3N-02587,25.4035032876409,12.72,1,CPTAC,CPTAC,,,,,,,CHEMBL941,CHEMBL203,Kd,10000.0,nM,5.0
C3N-02587,25.4035032876409,12.72,1,CPTAC,CPTAC,,,,,,,CHEMBL1079742,CHEMBL203,IC50,420.0,nM,6.376750709602099
C3N-02587,25.4035032876409,12.72,1,CPTAC,CPTAC,,,,,,,CHEMBL1079742,CHEMBL203,IC50,15.0,nM,7.823908740944319
C3N-02587,25.4035032876409,12.72,1,CPTAC,CPTAC,,,,,,,CHEMBL941,CHEMBL203,Kd,10000.0,nM,5.0
C3N-02587,25.4035032876409,12.72,1,CPTAC,CPTAC,,,,,,,CHEMBL941,CHEMBL203,Kd,10000.0,nM,5.0
C3N-02587,25.4035032876409,12.72,1,CPTAC,CPTAC,,,,,,,CHEMBL941,CHEMBL203,Kd,10000.0,nM,5.0
C3N-02587,25.4035032876409,12.72,1,CPTAC,CPTAC,,,,,,,CHEMBL941,CHEMBL203,Kd,10000.0,nM,5.0
C3N-02587,25.4035032876409,12.72,1,CPTAC,CPTAC,,,,,,,CHEMBL941,CHEMBL203,Kd,7600.0,nM,5.119186407719209
C3N-02587,25.4035032876409,12.72,1,CPTAC,CPTAC,,,,,,,CHEMBL941,CHEMBL203,Kd,10000.0,nM,5.0
C3N-02587,25.4035032876409,12.72,1,CPTAC,CPTAC,,,,,,,CHEMBL941,CHEMBL203,Kd,10000.0,nM,5.0
C3N-02587,25.4035032876409,12.72,1,CPTAC,CPTAC,,,,,,,CHEMBL941,CHEMBL203,Kd,10000.0,nM,5.0
C3N-02587,25.4035032876409,12.72,1,CPTAC,CPTAC,,,,,,,CHEMBL941,CHEMBL203,Kd,10000.0,nM,5.0
C3N-02587,25.4035032876409,12.72,1,CPTAC,CPTAC,,,,,,,CHEMBL941,CHEMBL203,Kd,10000.0,nM,5.0
C3N-02587,25.4035032876409,12.72,1,CPTAC,CPTAC,,,,,,,CHEMBL941,CHEMBL203,Kd,10000.0,nM,5.0
C3N-02587,25.4035032876409,12.72,1,CPTAC,CPTAC,,,,,,,CHEMBL941,CHEMBL203,Kd,10000.0,nM,5.0
C3N-02587,25.4035032876409,12.72,1,CPTAC,CPTAC,,,,,,,CHEMBL941,CHEMBL203,Kd,30000.0,nM,4.522878745280337
C3N-02587,25.4035032876409,12.72,1,CPTAC,CPTAC,,,,,,,CHEMBL1079742,CHEMBL203,IC50,70.0,nM,7.154901959985743
C3N-02587,25.4035032876409,12.72,1,CPTAC,CPTAC,,,,,,,CHEMBL941,CHEMBL203,IC50,0.11,nM,9.958607314841775
C3N-02587,25.4035032876409,12.72,1,CPTAC,CPTAC,,,,,,,CHEMBL1079742,CHEMBL203,IC50,2.0,nM,8.698970004336019
C3N-02588,25.5679414994873,12.74,1,CPTAC,CPTAC,,,,,,,CHEMBL941,CHEMBL203,IC50,100000.0,nM,4.0
C3N-02588,25.5679414994873,12.74,1,CPTAC,CPTAC,,,,,,,CHEMBL941,CHEMBL203,Kd,10000.0,nM,5.0
C3N-02588,25.5679414994873,12.74,1,CPTAC,CPTAC,,,,,,,CHEMBL941,CHEMBL203,Kd,10000.0,nM,5.0
C3N-02588,25.5679414994873,12.74,1,CPTAC,CPTAC,,,,,,,CHEMBL941,CHEMBL203,Kd,10000.0,nM,5.0
C3N-02588,25.5679414994873,12.74,1,CPTAC,CPTAC,,,,,,,CHEMBL941,CHEMBL203,Kd,10000.0,nM,5.0
C3N-02588,25.5679414994873,12.74,1,CPTAC,CPTAC,,,,,,,CHEMBL941,CHEMBL203,Kd,7600.0,nM,5.119186407719209
C3N-02588,25.5679414994873,12.74,1,CPTAC,CPTAC,,,,,,,CHEMBL941,CHEMBL203,Kd,10000.0,nM,5.0
C3N-02588,25.5679414994873,12.74,1,CPTAC,CPTAC,,,,,,,CHEMBL941,CHEMBL203,Kd,10000.0,nM,5.0
C3N-02588,25.5679414994873,12.74,1,CPTAC,CPTAC,,,,,,,CHEMBL941,CHEMBL203,Kd,10000.0,nM,5.0
C3N-02588,25.5679414994873,12.74,1,CPTAC,CPTAC,,,,,,,CHEMBL941,CHEMBL203,Kd,10000.0,nM,5.0
C3N-02588,25.5679414994873,12.74,1,CPTAC,CPTAC,,,,,,,CHEMBL941,CHEMBL203,Kd,10000.0,nM,5.0
C3N-02588,25.5679414994873,12.74,1,CPTAC,CPTAC,,,,,,,CHEMBL1079742,CHEMBL203,IC50,420.0,nM,6.376750709602099
C3N-02588,25.5679414994873,12.74,1,CPTAC,CPTAC,,,,,,,CHEMBL1079742,CHEMBL203,IC50,15.0,nM,7.823908740944319
C3N-02588,25.5679414994873,12.74,1,CPTAC,CPTAC,,,,,,,CHEMBL941,CHEMBL203,Kd,10000.0,nM,5.0
C3N-02588,25.5679414994873,12.74,1,CPTAC,CPTAC,,,,,,,CHEMBL941,CHEMBL203,Kd,10000.0,nM,5.0
C3N-02588,25.5679414994873,12.74,1,CPTAC,CPTAC,,,,,,,CHEMBL941,CHEMBL203,Kd,10000.0,nM,5.0
C3N-02588,25.5679414994873,12.74,1,CPTAC,CPTAC,,,,,,,CHEMBL941,CHEMBL203,Kd,10000.0,nM,5.0
C3N-02588,25.5679414994873,12.74,1,CPTAC,CPTAC,,,,,,,CHEMBL941,CHEMBL203,Kd,7600.0,nM,5.119186407719209
C3N-02588,25.5679414994873,12.74,1,CPTAC,CPTAC,,,,,,,CHEMBL941,CHEMBL203,Kd,10000.0,nM,5.0
C3N-02588,25.5679414994873,12.74,1,CPTAC,CPTAC,,,,,,,CHEMBL941,CHEMBL203,Kd,10000.0,nM,5.0
C3N-02588,25.5679414994873,12.74,1,CPTAC,CPTAC,,,,,,,CHEMBL941,CHEMBL203,Kd,10000.0,nM,5.0
C3N-02588,25.5679414994873,12.74,1,CPTAC,CPTAC,,,,,,,CHEMBL941,CHEMBL203,Kd,10000.0,nM,5.0
C3N-02588,25.5679414994873,12.74,1,CPTAC,CPTAC,,,,,,,CHEMBL941,CHEMBL203,Kd,10000.0,nM,5.0
C3N-02588,25.5679414994873,12.74,1,CPTAC,CPTAC,,,,,,,CHEMBL941,CHEMBL203,Kd,10000.0,nM,5.0
C3N-02588,25.5679414994873,12.74,1,CPTAC,CPTAC,,,,,,,CHEMBL941,CHEMBL203,Kd,10000.0,nM,5.0
C3N-02588,25.5679414994873,12.74,1,CPTAC,CPTAC,,,,,,,CHEMBL941,CHEMBL203,Kd,30000.0,nM,4.522878745280337
C3N-02588,25.5679414994873,12.74,1,CPTAC,CPTAC,,,,,,,CHEMBL1079742,CHEMBL203,IC50,70.0,nM,7.154901959985743
C3N-02588,25.5679414994873,12.74,1,CPTAC,CPTAC,,,,,,,CHEMBL941,CHEMBL203,IC50,0.11,nM,9.958607314841775
C3N-02588,25.5679414994873,12.74,1,CPTAC,CPTAC,,,,,,,CHEMBL1079742,CHEMBL203,IC50,2.0,nM,8.698970004336019
C3N-02729,25.3061208556321,12.41,1,CPTAC,CPTAC,,,,,19.5244167289084,19.5244167289084,CHEMBL941,CHEMBL203,IC50,100000.0,nM,4.0
C3N-02729,25.3061208556321,12.41,1,CPTAC,CPTAC,,,,,19.5244167289084,19.5244167289084,CHEMBL941,CHEMBL203,Kd,10000.0,nM,5.0
C3N-02729,25.3061208556321,12.41,1,CPTAC,CPTAC,,,,,19.5244167289084,19.5244167289084,CHEMBL941,CHEMBL203,Kd,10000.0,nM,5.0
C3N-02729,25.3061208556321,12.41,1,CPTAC,CPTAC,,,,,19.5244167289084,19.5244167289084,CHEMBL941,CHEMBL203,Kd,10000.0,nM,5.0
C3N-02729,25.3061208556321,12.41,1,CPTAC,CPTAC,,,,,19.5244167289084,19.5244167289084,CHEMBL941,CHEMBL203,Kd,10000.0,nM,5.0
C3N-02729,25.3061208556321,12.41,1,CPTAC,CPTAC,,,,,19.5244167289084,19.5244167289084,CHEMBL941,CHEMBL203,Kd,7600.0,nM,5.119186407719209
C3N-02729,25.3061208556321,12.41,1,CPTAC,CPTAC,,,,,19.5244167289084,19.5244167289084,CHEMBL941,CHEMBL203,Kd,10000.0,nM,5.0
C3N-02729,25.3061208556321,12.41,1,CPTAC,CPTAC,,,,,19.5244167289084,19.5244167289084,CHEMBL941,CHEMBL203,Kd,10000.0,nM,5.0
C3N-02729,25.3061208556321,12.41,1,CPTAC,CPTAC,,,,,19.5244167289084,19.5244167289084,CHEMBL941,CHEMBL203,Kd,10000.0,nM,5.0
C3N-02729,25.3061208556321,12.41,1,CPTAC,CPTAC,,,,,19.5244167289084,19.5244167289084,CHEMBL941,CHEMBL203,Kd,10000.0,nM,5.0
C3N-02729,25.3061208556321,12.41,1,CPTAC,CPTAC,,,,,19.5244167289084,19.5244167289084,CHEMBL941,CHEMBL203,Kd,10000.0,nM,5.0
C3N-02729,25.3061208556321,12.41,1,CPTAC,CPTAC,,,,,19.5244167289084,19.5244167289084,CHEMBL1079742,CHEMBL203,IC50,420.0,nM,6.376750709602099
C3N-02729,25.3061208556321,12.41,1,CPTAC,CPTAC,,,,,19.5244167289084,19.5244167289084,CHEMBL1079742,CHEMBL203,IC50,15.0,nM,7.823908740944319
C3N-02729,25.3061208556321,12.41,1,CPTAC,CPTAC,,,,,19.5244167289084,19.5244167289084,CHEMBL941,CHEMBL203,Kd,10000.0,nM,5.0
C3N-02729,25.3061208556321,12.41,1,CPTAC,CPTAC,,,,,19.5244167289084,19.5244167289084,CHEMBL941,CHEMBL203,Kd,10000.0,nM,5.0
C3N-02729,25.3061208556321,12.41,1,CPTAC,CPTAC,,,,,19.5244167289084,19.5244167289084,CHEMBL941,CHEMBL203,Kd,10000.0,nM,5.0
C3N-02729,25.3061208556321,12.41,1,CPTAC,CPTAC,,,,,19.5244167289084,19.5244167289084,CHEMBL941,CHEMBL203,Kd,10000.0,nM,5.0
C3N-02729,25.3061208556321,12.41,1,CPTAC,CPTAC,,,,,19.5244167289084,19.5244167289084,CHEMBL941,CHEMBL203,Kd,7600.0,nM,5.119186407719209
C3N-02729,25.3061208556321,12.41,1,CPTAC,CPTAC,,,,,19.5244167289084,19.5244167289084,CHEMBL941,CHEMBL203,Kd,10000.0,nM,5.0
C3N-02729,25.3061208556321,12.41,1,CPTAC,CPTAC,,,,,19.5244167289084,19.5244167289084,CHEMBL941,CHEMBL203,Kd,10000.0,nM,5.0
C3N-02729,25.3061208556321,12.41,1,CPTAC,CPTAC,,,,,19.5244167289084,19.5244167289084,CHEMBL941,CHEMBL203,Kd,10000.0,nM,5.0
C3N-02729,25.3061208556321,12.41,1,CPTAC,CPTAC,,,,,19.5244167289084,19.5244167289084,CHEMBL941,CHEMBL203,Kd,10000.0,nM,5.0
C3N-02729,25.3061208556321,12.41,1,CPTAC,CPTAC,,,,,19.5244167289084,19.5244167289084,CHEMBL941,CHEMBL203,Kd,10000.0,nM,5.0
C3N-02729,25.3061208556321,12.41,1,CPTAC,CPTAC,,,,,19.5244167289084,19.5244167289084,CHEMBL941,CHEMBL203,Kd,10000.0,nM,5.0
C3N-02729,25.3061208556321,12.41,1,CPTAC,CPTAC,,,,,19.5244167289084,19.5244167289084,CHEMBL941,CHEMBL203,Kd,10000.0,nM,5.0
C3N-02729,25.3061208556321,12.41,1,CPTAC,CPTAC,,,,,19.5244167289084,19.5244167289084,CHEMBL941,CHEMBL203,Kd,30000.0,nM,4.522878745280337
C3N-02729,25.3061208556321,12.41,1,CPTAC,CPTAC,,,,,19.5244167289084,19.5244167289084,CHEMBL1079742,CHEMBL203,IC50,70.0,nM,7.154901959985743
C3N-02729,25.3061208556321,12.41,1,CPTAC,CPTAC,,,,,19.5244167289084,19.5244167289084,CHEMBL941,CHEMBL203,IC50,0.11,nM,9.958607314841775
C3N-02729,25.3061208556321,12.41,1,CPTAC,CPTAC,,,,,19.5244167289084,19.5244167289084,CHEMBL1079742,CHEMBL203,IC50,2.0,nM,8.698970004336019
