patient_id,EGFR_PROTEIN,EGFR_RNA,EGFR_activity_mean,phospho_Y1016,phospho_Y1069,phospho_Y1092,phospho_Y1110,phospho_Y1172,EGFR_expression_score,is_egfr_hotspot,ligand,protein,median_binding_nM,median_p_binding,n_measurements,standard_units,canonical_smiles,MolWt,MolLogP,TPSA,NumHDonors,NumHAcceptors,NumRotatableBonds,RingCount,HeavyAtomCount,cohort_CPTAC,batch_domain_CPTAC,mutation_unknown,egfr_hotspot_label_other,binding_type_IC50,binding_type_KD,pref_name_erlotinib hydrochloride,pref_name_imatinib,mutation_binding_context_other_IC50,mutation_binding_context_other_KD,protein_ligand_pair_CHEMBL203_CHEMBL1079742,protein_ligand_pair_CHEMBL203_CHEMBL941
C3L-00001,28.1928745547492,17.07,1,13.072192414390651,12.6046447755037,17.767914942942703,10.583122355255949,20.075879232096295,20.075879232096295,0.0,CHEMBL1079742,CHEMBL203,42.5,7.489405350465031,4,nM,C#Cc1cccc(Nc2ncnc3cc(OCCOC)c(OCCOC)cc23)c1.Cl,429.90400000000017,3.8269000000000033,74.73000000000002,1,7,10,3,30,True,True,True,True,True,False,True,False,True,False,True,False
C3L-00001,28.1928745547492,17.07,1,13.072192414390651,12.6046447755037,17.767914942942703,10.583122355255949,20.075879232096295,20.075879232096295,0.0,CHEMBL941,CHEMBL203,50000.055,6.979303657420888,2,nM,Cc1ccc(NC(=O)c2ccc(CN3CCN(C)CC3)cc2)cc1Nc1nccc(-c2cccnc2)n1,493.6150000000002,4.590320000000004,86.28000000000002,2,7,7,5,37,True,True,True,True,True,False,False,True,True,False,False,True
C3L-00001,28.1928745547492,17.07,1,13.072192414390651,12.6046447755037,17.767914942942703,10.583122355255949,20.075879232096295,20.075879232096295,0.0,CHEMBL941,CHEMBL203,10000.0,5.0,23,nM,Cc1ccc(NC(=O)c2ccc(CN3CCN(C)CC3)cc2)cc1Nc1nccc(-c2cccnc2)n1,493.6150000000002,4.590320000000004,86.28000000000002,2,7,7,5,37,True,True,True,True,False,True,False,True,False,True,False,True
C3L-00009,25.2195852713392,11.86,1,13.072192414390651,12.6046447755037,16.9314862480461,10.583122355255949,18.76705563200995,17.849270940028028,0.0,CHEMBL1079742,CHEMBL203,42.5,7.489405350465031,4,nM,C#Cc1cccc(Nc2ncnc3cc(OCCOC)c(OCCOC)cc23)c1.Cl,429.90400000000017,3.8269000000000033,74.73000000000002,1,7,10,3,30,True,True,True,True,True,False,True,False,True,False,True,False
C3L-00009,25.2195852713392,11.86,1,13.072192414390651,12.6046447755037,16.9314862480461,10.583122355255949,18.76705563200995,17.849270940028028,0.0,CHEMBL941,CHEMBL203,50000.055,6.979303657420888,2,nM,Cc1ccc(NC(=O)c2ccc(CN3CCN(C)CC3)cc2)cc1Nc1nccc(-c2cccnc2)n1,493.6150000000002,4.590320000000004,86.28000000000002,2,7,7,5,37,True,True,True,True,True,False,False,True,True,False,False,True
C3L-00009,25.2195852713392,11.86,1,13.072192414390651,12.6046447755037,16.9314862480461,10.583122355255949,18.76705563200995,17.849270940028028,0.0,CHEMBL941,CHEMBL203,10000.0,5.0,23,nM,Cc1ccc(NC(=O)c2ccc(CN3CCN(C)CC3)cc2)cc1Nc1nccc(-c2cccnc2)n1,493.6150000000002,4.590320000000004,86.28000000000002,2,7,7,5,37,True,True,True,True,False,True,False,True,False,True,False,True
C3L-00080,25.2388034634108,12.58,1,13.072192414390651,12.6046447755037,17.767914942942703,10.583122355255949,18.0262477741692,18.0262477741692,0.0,CHEMBL1079742,CHEMBL203,42.5,7.489405350465031,4,nM,C#Cc1cccc(Nc2ncnc3cc(OCCOC)c(OCCOC)cc23)c1.Cl,429.90400000000017,3.8269000000000033,74.73000000000002,1,7,10,3,30,True,True,True,True,True,False,True,False,True,False,True,False
C3L-00080,25.2388034634108,12.58,1,13.072192414390651,12.6046447755037,17.767914942942703,10.583122355255949,18.0262477741692,18.0262477741692,0.0,CHEMBL941,CHEMBL203,50000.055,6.979303657420888,2,nM,Cc1ccc(NC(=O)c2ccc(CN3CCN(C)CC3)cc2)cc1Nc1nccc(-c2cccnc2)n1,493.6150000000002,4.590320000000004,86.28000000000002,2,7,7,5,37,True,True,True,True,True,False,False,True,True,False,False,True
C3L-00080,25.2388034634108,12.58,1,13.072192414390651,12.6046447755037,17.767914942942703,10.583122355255949,18.0262477741692,18.0262477741692,0.0,CHEMBL941,CHEMBL203,10000.0,5.0,23,nM,Cc1ccc(NC(=O)c2ccc(CN3CCN(C)CC3)cc2)cc1Nc1nccc(-c2cccnc2)n1,493.6150000000002,4.590320000000004,86.28000000000002,2,7,7,5,37,True,True,True,True,False,True,False,True,False,True,False,True
C3L-00083,25.0415832172602,10.94,1,13.072192414390651,12.6046447755037,17.767914942942703,10.583122355255949,18.865020633290122,17.99546391996231,0.0,CHEMBL1079742,CHEMBL203,42.5,7.489405350465031,4,nM,C#Cc1cccc(Nc2ncnc3cc(OCCOC)c(OCCOC)cc23)c1.Cl,429.90400000000017,3.8269000000000033,74.73000000000002,1,7,10,3,30,True,True,True,True,True,False,True,False,True,False,True,False
C3L-00083,25.0415832172602,10.94,1,13.072192414390651,12.6046447755037,17.767914942942703,10.583122355255949,18.865020633290122,17.99546391996231,0.0,CHEMBL941,CHEMBL203,50000.055,6.979303657420888,2,nM,Cc1ccc(NC(=O)c2ccc(CN3CCN(C)CC3)cc2)cc1Nc1nccc(-c2cccnc2)n1,493.6150000000002,4.590320000000004,86.28000000000002,2,7,7,5,37,True,True,True,True,True,False,False,True,True,False,False,True
C3L-00083,25.0415832172602,10.94,1,13.072192414390651,12.6046447755037,17.767914942942703,10.583122355255949,18.865020633290122,17.99546391996231,0.0,CHEMBL941,CHEMBL203,10000.0,5.0,23,nM,Cc1ccc(NC(=O)c2ccc(CN3CCN(C)CC3)cc2)cc1Nc1nccc(-c2cccnc2)n1,493.6150000000002,4.590320000000004,86.28000000000002,2,7,7,5,37,True,True,True,True,False,True,False,True,False,True,False,True
C3L-00093,24.4695108198644,12.78,1,13.072192414390651,12.6046447755037,17.767914942942703,10.583122355255949,18.865020633290122,17.99546391996231,0.0,CHEMBL1079742,CHEMBL203,42.5,7.489405350465031,4,nM,C#Cc1cccc(Nc2ncnc3cc(OCCOC)c(OCCOC)cc23)c1.Cl,429.90400000000017,3.8269000000000033,74.73000000000002,1,7,10,3,30,True,True,True,True,True,False,True,False,True,False,True,False
C3L-00093,24.4695108198644,12.78,1,13.072192414390651,12.6046447755037,17.767914942942703,10.583122355255949,18.865020633290122,17.99546391996231,0.0,CHEMBL941,CHEMBL203,50000.055,6.979303657420888,2,nM,Cc1ccc(NC(=O)c2ccc(CN3CCN(C)CC3)cc2)cc1Nc1nccc(-c2cccnc2)n1,493.6150000000002,4.590320000000004,86.28000000000002,2,7,7,5,37,True,True,True,True,True,False,False,True,True,False,False,True
C3L-00093,24.4695108198644,12.78,1,13.072192414390651,12.6046447755037,17.767914942942703,10.583122355255949,18.865020633290122,17.99546391996231,0.0,CHEMBL941,CHEMBL203,10000.0,5.0,23,nM,Cc1ccc(NC(=O)c2ccc(CN3CCN(C)CC3)cc2)cc1Nc1nccc(-c2cccnc2)n1,493.6150000000002,4.590320000000004,86.28000000000002,2,7,7,5,37,True,True,True,True,False,True,False,True,False,True,False,True
C3L-00094,24.7383165786791,12.28,1,13.072192414390651,12.6046447755037,17.767914942942703,10.583122355255949,18.865020633290122,17.99546391996231,0.0,CHEMBL1079742,CHEMBL203,42.5,7.489405350465031,4,nM,C#Cc1cccc(Nc2ncnc3cc(OCCOC)c(OCCOC)cc23)c1.Cl,429.90400000000017,3.8269000000000033,74.73000000000002,1,7,10,3,30,True,True,True,True,True,False,True,False,True,False,True,False
C3L-00094,24.7383165786791,12.28,1,13.072192414390651,12.6046447755037,17.767914942942703,10.583122355255949,18.865020633290122,17.99546391996231,0.0,CHEMBL941,CHEMBL203,50000.055,6.979303657420888,2,nM,Cc1ccc(NC(=O)c2ccc(CN3CCN(C)CC3)cc2)cc1Nc1nccc(-c2cccnc2)n1,493.6150000000002,4.590320000000004,86.28000000000002,2,7,7,5,37,True,True,True,True,True,False,False,True,True,False,False,True
C3L-00094,24.7383165786791,12.28,1,13.072192414390651,12.6046447755037,17.767914942942703,10.583122355255949,18.865020633290122,17.99546391996231,0.0,CHEMBL941,CHEMBL203,10000.0,5.0,23,nM,Cc1ccc(NC(=O)c2ccc(CN3CCN(C)CC3)cc2)cc1Nc1nccc(-c2cccnc2)n1,493.6150000000002,4.590320000000004,86.28000000000002,2,7,7,5,37,True,True,True,True,False,True,False,True,False,True,False,True
C3L-00095,24.9813336570897,12.34,1,13.072192414390651,12.6046447755037,17.767914942942703,10.583122355255949,18.865020633290122,17.99546391996231,0.0,CHEMBL1079742,CHEMBL203,42.5,7.489405350465031,4,nM,C#Cc1cccc(Nc2ncnc3cc(OCCOC)c(OCCOC)cc23)c1.Cl,429.90400000000017,3.8269000000000033,74.73000000000002,1,7,10,3,30,True,True,True,True,True,False,True,False,True,False,True,False
C3L-00095,24.9813336570897,12.34,1,13.072192414390651,12.6046447755037,17.767914942942703,10.583122355255949,18.865020633290122,17.99546391996231,0.0,CHEMBL941,CHEMBL203,50000.055,6.979303657420888,2,nM,Cc1ccc(NC(=O)c2ccc(CN3CCN(C)CC3)cc2)cc1Nc1nccc(-c2cccnc2)n1,493.6150000000002,4.590320000000004,86.28000000000002,2,7,7,5,37,True,True,True,True,True,False,False,True,True,False,False,True
C3L-00095,24.9813336570897,12.34,1,13.072192414390651,12.6046447755037,17.767914942942703,10.583122355255949,18.865020633290122,17.99546391996231,0.0,CHEMBL941,CHEMBL203,10000.0,5.0,23,nM,Cc1ccc(NC(=O)c2ccc(CN3CCN(C)CC3)cc2)cc1Nc1nccc(-c2cccnc2)n1,493.6150000000002,4.590320000000004,86.28000000000002,2,7,7,5,37,True,True,True,True,False,True,False,True,False,True,False,True
C3L-00140,25.030301878115,12.47,1,13.072192414390651,12.6046447755037,17.530325112873,10.583122355255949,18.44859567402295,17.989460393447978,0.0,CHEMBL1079742,CHEMBL203,42.5,7.489405350465031,4,nM,C#Cc1cccc(Nc2ncnc3cc(OCCOC)c(OCCOC)cc23)c1.Cl,429.90400000000017,3.8269000000000033,74.73000000000002,1,7,10,3,30,True,True,True,True,True,False,True,False,True,False,True,False
C3L-00140,25.030301878115,12.47,1,13.072192414390651,12.6046447755037,17.530325112873,10.583122355255949,18.44859567402295,17.989460393447978,0.0,CHEMBL941,CHEMBL203,50000.055,6.979303657420888,2,nM,Cc1ccc(NC(=O)c2ccc(CN3CCN(C)CC3)cc2)cc1Nc1nccc(-c2cccnc2)n1,493.6150000000002,4.590320000000004,86.28000000000002,2,7,7,5,37,True,True,True,True,True,False,False,True,True,False,False,True
C3L-00140,25.030301878115,12.47,1,13.072192414390651,12.6046447755037,17.530325112873,10.583122355255949,18.44859567402295,17.989460393447978,0.0,CHEMBL941,CHEMBL203,10000.0,5.0,23,nM,Cc1ccc(NC(=O)c2ccc(CN3CCN(C)CC3)cc2)cc1Nc1nccc(-c2cccnc2)n1,493.6150000000002,4.590320000000004,86.28000000000002,2,7,7,5,37,True,True,True,True,False,True,False,True,False,True,False,True
C3L-00144,25.5229505272406,13.26,1,13.072192414390651,12.6046447755037,17.767914942942703,10.583122355255949,18.865020633290122,17.99546391996231,0.0,CHEMBL1079742,CHEMBL203,42.5,7.489405350465031,4,nM,C#Cc1cccc(Nc2ncnc3cc(OCCOC)c(OCCOC)cc23)c1.Cl,429.90400000000017,3.8269000000000033,74.73000000000002,1,7,10,3,30,True,True,True,True,True,False,True,False,True,False,True,False
C3L-00144,25.5229505272406,13.26,1,13.072192414390651,12.6046447755037,17.767914942942703,10.583122355255949,18.865020633290122,17.99546391996231,0.0,CHEMBL941,CHEMBL203,50000.055,6.979303657420888,2,nM,Cc1ccc(NC(=O)c2ccc(CN3CCN(C)CC3)cc2)cc1Nc1nccc(-c2cccnc2)n1,493.6150000000002,4.590320000000004,86.28000000000002,2,7,7,5,37,True,True,True,True,True,False,False,True,True,False,False,True
C3L-00144,25.5229505272406,13.26,1,13.072192414390651,12.6046447755037,17.767914942942703,10.583122355255949,18.865020633290122,17.99546391996231,0.0,CHEMBL941,CHEMBL203,10000.0,5.0,23,nM,Cc1ccc(NC(=O)c2ccc(CN3CCN(C)CC3)cc2)cc1Nc1nccc(-c2cccnc2)n1,493.6150000000002,4.590320000000004,86.28000000000002,2,7,7,5,37,True,True,True,True,False,True,False,True,False,True,False,True
C3L-00263,25.2077115074721,12.3,1,13.072192414390651,12.6046447755037,17.767914942942703,10.583122355255949,18.78487997569265,18.78487997569265,0.0,CHEMBL1079742,CHEMBL203,42.5,7.489405350465031,4,nM,C#Cc1cccc(Nc2ncnc3cc(OCCOC)c(OCCOC)cc23)c1.Cl,429.90400000000017,3.8269000000000033,74.73000000000002,1,7,10,3,30,True,True,True,True,True,False,True,False,True,False,True,False
C3L-00263,25.2077115074721,12.3,1,13.072192414390651,12.6046447755037,17.767914942942703,10.583122355255949,18.78487997569265,18.78487997569265,0.0,CHEMBL941,CHEMBL203,50000.055,6.979303657420888,2,nM,Cc1ccc(NC(=O)c2ccc(CN3CCN(C)CC3)cc2)cc1Nc1nccc(-c2cccnc2)n1,493.6150000000002,4.590320000000004,86.28000000000002,2,7,7,5,37,True,True,True,True,True,False,False,True,True,False,False,True
C3L-00263,25.2077115074721,12.3,1,13.072192414390651,12.6046447755037,17.767914942942703,10.583122355255949,18.78487997569265,18.78487997569265,0.0,CHEMBL941,CHEMBL203,10000.0,5.0,23,nM,Cc1ccc(NC(=O)c2ccc(CN3CCN(C)CC3)cc2)cc1Nc1nccc(-c2cccnc2)n1,493.6150000000002,4.590320000000004,86.28000000000002,2,7,7,5,37,True,True,True,True,False,True,False,True,False,True,False,True
C3L-00279,25.7485218030559,13.15,1,13.072192414390651,12.6046447755037,17.767914942942703,10.583122355255949,18.6326719038641,18.6326719038641,0.0,CHEMBL1079742,CHEMBL203,42.5,7.489405350465031,4,nM,C#Cc1cccc(Nc2ncnc3cc(OCCOC)c(OCCOC)cc23)c1.Cl,429.90400000000017,3.8269000000000033,74.73000000000002,1,7,10,3,30,True,True,True,True,True,False,True,False,True,False,True,False
C3L-00279,25.7485218030559,13.15,1,13.072192414390651,12.6046447755037,17.767914942942703,10.583122355255949,18.6326719038641,18.6326719038641,0.0,CHEMBL941,CHEMBL203,50000.055,6.979303657420888,2,nM,Cc1ccc(NC(=O)c2ccc(CN3CCN(C)CC3)cc2)cc1Nc1nccc(-c2cccnc2)n1,493.6150000000002,4.590320000000004,86.28000000000002,2,7,7,5,37,True,True,True,True,True,False,False,True,True,False,False,True
C3L-00279,25.7485218030559,13.15,1,13.072192414390651,12.6046447755037,17.767914942942703,10.583122355255949,18.6326719038641,18.6326719038641,0.0,CHEMBL941,CHEMBL203,10000.0,5.0,23,nM,Cc1ccc(NC(=O)c2ccc(CN3CCN(C)CC3)cc2)cc1Nc1nccc(-c2cccnc2)n1,493.6150000000002,4.590320000000004,86.28000000000002,2,7,7,5,37,True,True,True,True,False,True,False,True,False,True,False,True
C3L-00368,25.8287616618409,13.59,1,13.072192414390651,12.6046447755037,18.3238196875235,10.583122355255949,19.256333267017556,18.790076477270524,0.0,CHEMBL1079742,CHEMBL203,42.5,7.489405350465031,4,nM,C#Cc1cccc(Nc2ncnc3cc(OCCOC)c(OCCOC)cc23)c1.Cl,429.90400000000017,3.8269000000000033,74.73000000000002,1,7,10,3,30,True,True,True,True,True,False,True,False,True,False,True,False
C3L-00368,25.8287616618409,13.59,1,13.072192414390651,12.6046447755037,18.3238196875235,10.583122355255949,19.256333267017556,18.790076477270524,0.0,CHEMBL941,CHEMBL203,50000.055,6.979303657420888,2,nM,Cc1ccc(NC(=O)c2ccc(CN3CCN(C)CC3)cc2)cc1Nc1nccc(-c2cccnc2)n1,493.6150000000002,4.590320000000004,86.28000000000002,2,7,7,5,37,True,True,True,True,True,False,False,True,True,False,False,True
C3L-00368,25.8287616618409,13.59,1,13.072192414390651,12.6046447755037,18.3238196875235,10.583122355255949,19.256333267017556,18.790076477270524,0.0,CHEMBL941,CHEMBL203,10000.0,5.0,23,nM,Cc1ccc(NC(=O)c2ccc(CN3CCN(C)CC3)cc2)cc1Nc1nccc(-c2cccnc2)n1,493.6150000000002,4.590320000000004,86.28000000000002,2,7,7,5,37,True,True,True,True,False,True,False,True,False,True,False,True
C3L-00412,24.9982671311309,11.65,1,13.072192414390651,12.6046447755037,17.7189778877548,10.583122355255949,18.865020633290122,17.7189778877548,0.0,CHEMBL1079742,CHEMBL203,42.5,7.489405350465031,4,nM,C#Cc1cccc(Nc2ncnc3cc(OCCOC)c(OCCOC)cc23)c1.Cl,429.90400000000017,3.8269000000000033,74.73000000000002,1,7,10,3,30,True,True,True,True,True,False,True,False,True,False,True,False
C3L-00412,24.9982671311309,11.65,1,13.072192414390651,12.6046447755037,17.7189778877548,10.583122355255949,18.865020633290122,17.7189778877548,0.0,CHEMBL941,CHEMBL203,50000.055,6.979303657420888,2,nM,Cc1ccc(NC(=O)c2ccc(CN3CCN(C)CC3)cc2)cc1Nc1nccc(-c2cccnc2)n1,493.6150000000002,4.590320000000004,86.28000000000002,2,7,7,5,37,True,True,True,True,True,False,False,True,True,False,False,True
C3L-00412,24.9982671311309,11.65,1,13.072192414390651,12.6046447755037,17.7189778877548,10.583122355255949,18.865020633290122,17.7189778877548,0.0,CHEMBL941,CHEMBL203,10000.0,5.0,23,nM,Cc1ccc(NC(=O)c2ccc(CN3CCN(C)CC3)cc2)cc1Nc1nccc(-c2cccnc2)n1,493.6150000000002,4.590320000000004,86.28000000000002,2,7,7,5,37,True,True,True,True,False,True,False,True,False,True,False,True
C3L-00422,25.5854863398615,13.28,1,13.072192414390651,12.6046447755037,17.767914942942703,10.583122355255949,18.865020633290122,17.99546391996231,0.0,CHEMBL1079742,CHEMBL203,42.5,7.489405350465031,4,nM,C#Cc1cccc(Nc2ncnc3cc(OCCOC)c(OCCOC)cc23)c1.Cl,429.90400000000017,3.8269000000000033,74.73000000000002,1,7,10,3,30,True,True,True,True,True,False,True,False,True,False,True,False
C3L-00422,25.5854863398615,13.28,1,13.072192414390651,12.6046447755037,17.767914942942703,10.583122355255949,18.865020633290122,17.99546391996231,0.0,CHEMBL941,CHEMBL203,50000.055,6.979303657420888,2,nM,Cc1ccc(NC(=O)c2ccc(CN3CCN(C)CC3)cc2)cc1Nc1nccc(-c2cccnc2)n1,493.6150000000002,4.590320000000004,86.28000000000002,2,7,7,5,37,True,True,True,True,True,False,False,True,True,False,False,True
C3L-00422,25.5854863398615,13.28,1,13.072192414390651,12.6046447755037,17.767914942942703,10.583122355255949,18.865020633290122,17.99546391996231,0.0,CHEMBL941,CHEMBL203,10000.0,5.0,23,nM,Cc1ccc(NC(=O)c2ccc(CN3CCN(C)CC3)cc2)cc1Nc1nccc(-c2cccnc2)n1,493.6150000000002,4.590320000000004,86.28000000000002,2,7,7,5,37,True,True,True,True,False,True,False,True,False,True,False,True
C3L-00510,25.1276540810189,13.11,1,13.072192414390651,12.6046447755037,17.767914942942703,10.583122355255949,18.865020633290122,17.99546391996231,0.0,CHEMBL1079742,CHEMBL203,42.5,7.489405350465031,4,nM,C#Cc1cccc(Nc2ncnc3cc(OCCOC)c(OCCOC)cc23)c1.Cl,429.90400000000017,3.8269000000000033,74.73000000000002,1,7,10,3,30,True,True,True,True,True,False,True,False,True,False,True,False
C3L-00510,25.1276540810189,13.11,1,13.072192414390651,12.6046447755037,17.767914942942703,10.583122355255949,18.865020633290122,17.99546391996231,0.0,CHEMBL941,CHEMBL203,50000.055,6.979303657420888,2,nM,Cc1ccc(NC(=O)c2ccc(CN3CCN(C)CC3)cc2)cc1Nc1nccc(-c2cccnc2)n1,493.6150000000002,4.590320000000004,86.28000000000002,2,7,7,5,37,True,True,True,True,True,False,False,True,True,False,False,True
C3L-00510,25.1276540810189,13.11,1,13.072192414390651,12.6046447755037,17.767914942942703,10.583122355255949,18.865020633290122,17.99546391996231,0.0,CHEMBL941,CHEMBL203,10000.0,5.0,23,nM,Cc1ccc(NC(=O)c2ccc(CN3CCN(C)CC3)cc2)cc1Nc1nccc(-c2cccnc2)n1,493.6150000000002,4.590320000000004,86.28000000000002,2,7,7,5,37,True,True,True,True,False,True,False,True,False,True,False,True
C3L-00604,25.5789469370576,13.28,1,13.072192414390651,11.70987316125485,17.31265957314855,10.583122355255949,18.46905993551355,15.830530889972316,0.0,CHEMBL1079742,CHEMBL203,42.5,7.489405350465031,4,nM,C#Cc1cccc(Nc2ncnc3cc(OCCOC)c(OCCOC)cc23)c1.Cl,429.90400000000017,3.8269000000000033,74.73000000000002,1,7,10,3,30,True,True,True,True,True,False,True,False,True,False,True,False
C3L-00604,25.5789469370576,13.28,1,13.072192414390651,11.70987316125485,17.31265957314855,10.583122355255949,18.46905993551355,15.830530889972316,0.0,CHEMBL941,CHEMBL203,50000.055,6.979303657420888,2,nM,Cc1ccc(NC(=O)c2ccc(CN3CCN(C)CC3)cc2)cc1Nc1nccc(-c2cccnc2)n1,493.6150000000002,4.590320000000004,86.28000000000002,2,7,7,5,37,True,True,True,True,True,False,False,True,True,False,False,True
C3L-00604,25.5789469370576,13.28,1,13.072192414390651,11.70987316125485,17.31265957314855,10.583122355255949,18.46905993551355,15.830530889972316,0.0,CHEMBL941,CHEMBL203,10000.0,5.0,23,nM,Cc1ccc(NC(=O)c2ccc(CN3CCN(C)CC3)cc2)cc1Nc1nccc(-c2cccnc2)n1,493.6150000000002,4.590320000000004,86.28000000000002,2,7,7,5,37,True,True,True,True,False,True,False,True,False,True,False,True
C3L-00893,25.535569904301,13.81,1,13.072192414390651,12.6046447755037,17.767914942942703,10.583122355255949,18.865020633290122,17.99546391996231,0.0,CHEMBL1079742,CHEMBL203,42.5,7.489405350465031,4,nM,C#Cc1cccc(Nc2ncnc3cc(OCCOC)c(OCCOC)cc23)c1.Cl,429.90400000000017,3.8269000000000033,74.73000000000002,1,7,10,3,30,True,True,True,True,True,False,True,False,True,False,True,False
C3L-00893,25.535569904301,13.81,1,13.072192414390651,12.6046447755037,17.767914942942703,10.583122355255949,18.865020633290122,17.99546391996231,0.0,CHEMBL941,CHEMBL203,50000.055,6.979303657420888,2,nM,Cc1ccc(NC(=O)c2ccc(CN3CCN(C)CC3)cc2)cc1Nc1nccc(-c2cccnc2)n1,493.6150000000002,4.590320000000004,86.28000000000002,2,7,7,5,37,True,True,True,True,True,False,False,True,True,False,False,True
C3L-00893,25.535569904301,13.81,1,13.072192414390651,12.6046447755037,17.767914942942703,10.583122355255949,18.865020633290122,17.99546391996231,0.0,CHEMBL941,CHEMBL203,10000.0,5.0,23,nM,Cc1ccc(NC(=O)c2ccc(CN3CCN(C)CC3)cc2)cc1Nc1nccc(-c2cccnc2)n1,493.6150000000002,4.590320000000004,86.28000000000002,2,7,7,5,37,True,True,True,True,False,True,False,True,False,True,False,True
C3L-00913,25.0545503955683,11.34,1,13.072192414390651,12.6046447755037,17.767914942942703,10.583122355255949,18.865020633290122,17.99546391996231,0.0,CHEMBL1079742,CHEMBL203,42.5,7.489405350465031,4,nM,C#Cc1cccc(Nc2ncnc3cc(OCCOC)c(OCCOC)cc23)c1.Cl,429.90400000000017,3.8269000000000033,74.73000000000002,1,7,10,3,30,True,True,True,True,True,False,True,False,True,False,True,False
C3L-00913,25.0545503955683,11.34,1,13.072192414390651,12.6046447755037,17.767914942942703,10.583122355255949,18.865020633290122,17.99546391996231,0.0,CHEMBL941,CHEMBL203,50000.055,6.979303657420888,2,nM,Cc1ccc(NC(=O)c2ccc(CN3CCN(C)CC3)cc2)cc1Nc1nccc(-c2cccnc2)n1,493.6150000000002,4.590320000000004,86.28000000000002,2,7,7,5,37,True,True,True,True,True,False,False,True,True,False,False,True
C3L-00913,25.0545503955683,11.34,1,13.072192414390651,12.6046447755037,17.767914942942703,10.583122355255949,18.865020633290122,17.99546391996231,0.0,CHEMBL941,CHEMBL203,10000.0,5.0,23,nM,Cc1ccc(NC(=O)c2ccc(CN3CCN(C)CC3)cc2)cc1Nc1nccc(-c2cccnc2)n1,493.6150000000002,4.590320000000004,86.28000000000002,2,7,7,5,37,True,True,True,True,False,True,False,True,False,True,False,True
C3L-00973,24.89454976491,11.81,1,13.0873727155154,12.6046447755037,17.767914942942703,10.583122355255949,18.865020633290122,13.0873727155154,0.0,CHEMBL1079742,CHEMBL203,42.5,7.489405350465031,4,nM,C#Cc1cccc(Nc2ncnc3cc(OCCOC)c(OCCOC)cc23)c1.Cl,429.90400000000017,3.8269000000000033,74.73000000000002,1,7,10,3,30,True,True,True,True,True,False,True,False,True,False,True,False
C3L-00973,24.89454976491,11.81,1,13.0873727155154,12.6046447755037,17.767914942942703,10.583122355255949,18.865020633290122,13.0873727155154,0.0,CHEMBL941,CHEMBL203,50000.055,6.979303657420888,2,nM,Cc1ccc(NC(=O)c2ccc(CN3CCN(C)CC3)cc2)cc1Nc1nccc(-c2cccnc2)n1,493.6150000000002,4.590320000000004,86.28000000000002,2,7,7,5,37,True,True,True,True,True,False,False,True,True,False,False,True
C3L-00973,24.89454976491,11.81,1,13.0873727155154,12.6046447755037,17.767914942942703,10.583122355255949,18.865020633290122,13.0873727155154,0.0,CHEMBL941,CHEMBL203,10000.0,5.0,23,nM,Cc1ccc(NC(=O)c2ccc(CN3CCN(C)CC3)cc2)cc1Nc1nccc(-c2cccnc2)n1,493.6150000000002,4.590320000000004,86.28000000000002,2,7,7,5,37,True,True,True,True,False,True,False,True,False,True,False,True
C3L-01330,25.4858764937843,13.65,1,13.072192414390651,12.6046447755037,17.61215485684675,10.583122355255949,18.865020633290122,17.61215485684675,0.0,CHEMBL1079742,CHEMBL203,42.5,7.489405350465031,4,nM,C#Cc1cccc(Nc2ncnc3cc(OCCOC)c(OCCOC)cc23)c1.Cl,429.90400000000017,3.8269000000000033,74.73000000000002,1,7,10,3,30,True,True,True,True,True,False,True,False,True,False,True,False
C3L-01330,25.4858764937843,13.65,1,13.072192414390651,12.6046447755037,17.61215485684675,10.583122355255949,18.865020633290122,17.61215485684675,0.0,CHEMBL941,CHEMBL203,50000.055,6.979303657420888,2,nM,Cc1ccc(NC(=O)c2ccc(CN3CCN(C)CC3)cc2)cc1Nc1nccc(-c2cccnc2)n1,493.6150000000002,4.590320000000004,86.28000000000002,2,7,7,5,37,True,True,True,True,True,False,False,True,True,False,False,True
C3L-01330,25.4858764937843,13.65,1,13.072192414390651,12.6046447755037,17.61215485684675,10.583122355255949,18.865020633290122,17.61215485684675,0.0,CHEMBL941,CHEMBL203,10000.0,5.0,23,nM,Cc1ccc(NC(=O)c2ccc(CN3CCN(C)CC3)cc2)cc1Nc1nccc(-c2cccnc2)n1,493.6150000000002,4.590320000000004,86.28000000000002,2,7,7,5,37,True,True,True,True,False,True,False,True,False,True,False,True
C3L-01632,24.9891486517818,11.41,1,13.072192414390651,12.6046447755037,17.767914942942703,10.583122355255949,18.988258975081,18.988258975081,0.0,CHEMBL1079742,CHEMBL203,42.5,7.489405350465031,4,nM,C#Cc1cccc(Nc2ncnc3cc(OCCOC)c(OCCOC)cc23)c1.Cl,429.90400000000017,3.8269000000000033,74.73000000000002,1,7,10,3,30,True,True,True,True,True,False,True,False,True,False,True,False
C3L-01632,24.9891486517818,11.41,1,13.072192414390651,12.6046447755037,17.767914942942703,10.583122355255949,18.988258975081,18.988258975081,0.0,CHEMBL941,CHEMBL203,50000.055,6.979303657420888,2,nM,Cc1ccc(NC(=O)c2ccc(CN3CCN(C)CC3)cc2)cc1Nc1nccc(-c2cccnc2)n1,493.6150000000002,4.590320000000004,86.28000000000002,2,7,7,5,37,True,True,True,True,True,False,False,True,True,False,False,True
C3L-01632,24.9891486517818,11.41,1,13.072192414390651,12.6046447755037,17.767914942942703,10.583122355255949,18.988258975081,18.988258975081,0.0,CHEMBL941,CHEMBL203,10000.0,5.0,23,nM,Cc1ccc(NC(=O)c2ccc(CN3CCN(C)CC3)cc2)cc1Nc1nccc(-c2cccnc2)n1,493.6150000000002,4.590320000000004,86.28000000000002,2,7,7,5,37,True,True,True,True,False,True,False,True,False,True,False,True
C3L-01682,25.3644515302173,13.05,1,13.072192414390651,12.6046447755037,17.767914942942703,10.583122355255949,18.865020633290122,17.99546391996231,0.0,CHEMBL1079742,CHEMBL203,42.5,7.489405350465031,4,nM,C#Cc1cccc(Nc2ncnc3cc(OCCOC)c(OCCOC)cc23)c1.Cl,429.90400000000017,3.8269000000000033,74.73000000000002,1,7,10,3,30,True,True,True,True,True,False,True,False,True,False,True,False
C3L-01682,25.3644515302173,13.05,1,13.072192414390651,12.6046447755037,17.767914942942703,10.583122355255949,18.865020633290122,17.99546391996231,0.0,CHEMBL941,CHEMBL203,50000.055,6.979303657420888,2,nM,Cc1ccc(NC(=O)c2ccc(CN3CCN(C)CC3)cc2)cc1Nc1nccc(-c2cccnc2)n1,493.6150000000002,4.590320000000004,86.28000000000002,2,7,7,5,37,True,True,True,True,True,False,False,True,True,False,False,True
C3L-01682,25.3644515302173,13.05,1,13.072192414390651,12.6046447755037,17.767914942942703,10.583122355255949,18.865020633290122,17.99546391996231,0.0,CHEMBL941,CHEMBL203,10000.0,5.0,23,nM,Cc1ccc(NC(=O)c2ccc(CN3CCN(C)CC3)cc2)cc1Nc1nccc(-c2cccnc2)n1,493.6150000000002,4.590320000000004,86.28000000000002,2,7,7,5,37,True,True,True,True,False,True,False,True,False,True,False,True
C3L-01683,24.5714842659513,11.65,1,13.072192414390651,12.6046447755037,17.767914942942703,10.583122355255949,18.865020633290122,17.99546391996231,0.0,CHEMBL1079742,CHEMBL203,42.5,7.489405350465031,4,nM,C#Cc1cccc(Nc2ncnc3cc(OCCOC)c(OCCOC)cc23)c1.Cl,429.90400000000017,3.8269000000000033,74.73000000000002,1,7,10,3,30,True,True,True,True,True,False,True,False,True,False,True,False
C3L-01683,24.5714842659513,11.65,1,13.072192414390651,12.6046447755037,17.767914942942703,10.583122355255949,18.865020633290122,17.99546391996231,0.0,CHEMBL941,CHEMBL203,50000.055,6.979303657420888,2,nM,Cc1ccc(NC(=O)c2ccc(CN3CCN(C)CC3)cc2)cc1Nc1nccc(-c2cccnc2)n1,493.6150000000002,4.590320000000004,86.28000000000002,2,7,7,5,37,True,True,True,True,True,False,False,True,True,False,False,True
C3L-01683,24.5714842659513,11.65,1,13.072192414390651,12.6046447755037,17.767914942942703,10.583122355255949,18.865020633290122,17.99546391996231,0.0,CHEMBL941,CHEMBL203,10000.0,5.0,23,nM,Cc1ccc(NC(=O)c2ccc(CN3CCN(C)CC3)cc2)cc1Nc1nccc(-c2cccnc2)n1,493.6150000000002,4.590320000000004,86.28000000000002,2,7,7,5,37,True,True,True,True,False,True,False,True,False,True,False,True
C3L-01862,24.8657895228368,11.44,1,13.072192414390651,12.6046447755037,17.767914942942703,10.583122355255949,18.865020633290122,17.99546391996231,0.0,CHEMBL1079742,CHEMBL203,42.5,7.489405350465031,4,nM,C#Cc1cccc(Nc2ncnc3cc(OCCOC)c(OCCOC)cc23)c1.Cl,429.90400000000017,3.8269000000000033,74.73000000000002,1,7,10,3,30,True,True,True,True,True,False,True,False,True,False,True,False
C3L-01862,24.8657895228368,11.44,1,13.072192414390651,12.6046447755037,17.767914942942703,10.583122355255949,18.865020633290122,17.99546391996231,0.0,CHEMBL941,CHEMBL203,50000.055,6.979303657420888,2,nM,Cc1ccc(NC(=O)c2ccc(CN3CCN(C)CC3)cc2)cc1Nc1nccc(-c2cccnc2)n1,493.6150000000002,4.590320000000004,86.28000000000002,2,7,7,5,37,True,True,True,True,True,False,False,True,True,False,False,True
C3L-01862,24.8657895228368,11.44,1,13.072192414390651,12.6046447755037,17.767914942942703,10.583122355255949,18.865020633290122,17.99546391996231,0.0,CHEMBL941,CHEMBL203,10000.0,5.0,23,nM,Cc1ccc(NC(=O)c2ccc(CN3CCN(C)CC3)cc2)cc1Nc1nccc(-c2cccnc2)n1,493.6150000000002,4.590320000000004,86.28000000000002,2,7,7,5,37,True,True,True,True,False,True,False,True,False,True,False,True
C3L-01889,25.492147508708,12.88,1,13.072192414390651,12.6046447755037,17.767914942942703,10.583122355255949,18.865020633290122,17.99546391996231,0.0,CHEMBL1079742,CHEMBL203,42.5,7.489405350465031,4,nM,C#Cc1cccc(Nc2ncnc3cc(OCCOC)c(OCCOC)cc23)c1.Cl,429.90400000000017,3.8269000000000033,74.73000000000002,1,7,10,3,30,True,True,True,True,True,False,True,False,True,False,True,False
C3L-01889,25.492147508708,12.88,1,13.072192414390651,12.6046447755037,17.767914942942703,10.583122355255949,18.865020633290122,17.99546391996231,0.0,CHEMBL941,CHEMBL203,50000.055,6.979303657420888,2,nM,Cc1ccc(NC(=O)c2ccc(CN3CCN(C)CC3)cc2)cc1Nc1nccc(-c2cccnc2)n1,493.6150000000002,4.590320000000004,86.28000000000002,2,7,7,5,37,True,True,True,True,True,False,False,True,True,False,False,True
C3L-01889,25.492147508708,12.88,1,13.072192414390651,12.6046447755037,17.767914942942703,10.583122355255949,18.865020633290122,17.99546391996231,0.0,CHEMBL941,CHEMBL203,10000.0,5.0,23,nM,Cc1ccc(NC(=O)c2ccc(CN3CCN(C)CC3)cc2)cc1Nc1nccc(-c2cccnc2)n1,493.6150000000002,4.590320000000004,86.28000000000002,2,7,7,5,37,True,True,True,True,False,True,False,True,False,True,False,True
C3L-01890,25.1959125801797,12.16,1,13.072192414390651,12.6046447755037,17.767914942942703,10.583122355255949,18.865020633290122,17.99546391996231,0.0,CHEMBL1079742,CHEMBL203,42.5,7.489405350465031,4,nM,C#Cc1cccc(Nc2ncnc3cc(OCCOC)c(OCCOC)cc23)c1.Cl,429.90400000000017,3.8269000000000033,74.73000000000002,1,7,10,3,30,True,True,True,True,True,False,True,False,True,False,True,False
C3L-01890,25.1959125801797,12.16,1,13.072192414390651,12.6046447755037,17.767914942942703,10.583122355255949,18.865020633290122,17.99546391996231,0.0,CHEMBL941,CHEMBL203,50000.055,6.979303657420888,2,nM,Cc1ccc(NC(=O)c2ccc(CN3CCN(C)CC3)cc2)cc1Nc1nccc(-c2cccnc2)n1,493.6150000000002,4.590320000000004,86.28000000000002,2,7,7,5,37,True,True,True,True,True,False,False,True,True,False,False,True
C3L-01890,25.1959125801797,12.16,1,13.072192414390651,12.6046447755037,17.767914942942703,10.583122355255949,18.865020633290122,17.99546391996231,0.0,CHEMBL941,CHEMBL203,10000.0,5.0,23,nM,Cc1ccc(NC(=O)c2ccc(CN3CCN(C)CC3)cc2)cc1Nc1nccc(-c2cccnc2)n1,493.6150000000002,4.590320000000004,86.28000000000002,2,7,7,5,37,True,True,True,True,False,True,False,True,False,True,False,True
C3L-01924,26.0774438258352,13.49,1,13.072192414390651,12.6046447755037,17.767914942942703,10.583122355255949,18.865020633290122,17.99546391996231,0.0,CHEMBL1079742,CHEMBL203,42.5,7.489405350465031,4,nM,C#Cc1cccc(Nc2ncnc3cc(OCCOC)c(OCCOC)cc23)c1.Cl,429.90400000000017,3.8269000000000033,74.73000000000002,1,7,10,3,30,True,True,True,True,True,False,True,False,True,False,True,False
C3L-01924,26.0774438258352,13.49,1,13.072192414390651,12.6046447755037,17.767914942942703,10.583122355255949,18.865020633290122,17.99546391996231,0.0,CHEMBL941,CHEMBL203,50000.055,6.979303657420888,2,nM,Cc1ccc(NC(=O)c2ccc(CN3CCN(C)CC3)cc2)cc1Nc1nccc(-c2cccnc2)n1,493.6150000000002,4.590320000000004,86.28000000000002,2,7,7,5,37,True,True,True,True,True,False,False,True,True,False,False,True
C3L-01924,26.0774438258352,13.49,1,13.072192414390651,12.6046447755037,17.767914942942703,10.583122355255949,18.865020633290122,17.99546391996231,0.0,CHEMBL941,CHEMBL203,10000.0,5.0,23,nM,Cc1ccc(NC(=O)c2ccc(CN3CCN(C)CC3)cc2)cc1Nc1nccc(-c2cccnc2)n1,493.6150000000002,4.590320000000004,86.28000000000002,2,7,7,5,37,True,True,True,True,False,True,False,True,False,True,False,True
C3L-02219,26.9307217620976,13.56,1,13.072192414390651,12.6046447755037,17.767914942942703,10.583122355255949,18.865020633290122,17.99546391996231,0.0,CHEMBL1079742,CHEMBL203,42.5,7.489405350465031,4,nM,C#Cc1cccc(Nc2ncnc3cc(OCCOC)c(OCCOC)cc23)c1.Cl,429.90400000000017,3.8269000000000033,74.73000000000002,1,7,10,3,30,True,True,True,True,True,False,True,False,True,False,True,False
C3L-02219,26.9307217620976,13.56,1,13.072192414390651,12.6046447755037,17.767914942942703,10.583122355255949,18.865020633290122,17.99546391996231,0.0,CHEMBL941,CHEMBL203,50000.055,6.979303657420888,2,nM,Cc1ccc(NC(=O)c2ccc(CN3CCN(C)CC3)cc2)cc1Nc1nccc(-c2cccnc2)n1,493.6150000000002,4.590320000000004,86.28000000000002,2,7,7,5,37,True,True,True,True,True,False,False,True,True,False,False,True
C3L-02219,26.9307217620976,13.56,1,13.072192414390651,12.6046447755037,17.767914942942703,10.583122355255949,18.865020633290122,17.99546391996231,0.0,CHEMBL941,CHEMBL203,10000.0,5.0,23,nM,Cc1ccc(NC(=O)c2ccc(CN3CCN(C)CC3)cc2)cc1Nc1nccc(-c2cccnc2)n1,493.6150000000002,4.590320000000004,86.28000000000002,2,7,7,5,37,True,True,True,True,False,True,False,True,False,True,False,True
C3L-02345,24.8007349321607,12.12,1,13.072192414390651,12.6046447755037,17.767914942942703,10.583122355255949,18.865020633290122,17.99546391996231,0.0,CHEMBL1079742,CHEMBL203,42.5,7.489405350465031,4,nM,C#Cc1cccc(Nc2ncnc3cc(OCCOC)c(OCCOC)cc23)c1.Cl,429.90400000000017,3.8269000000000033,74.73000000000002,1,7,10,3,30,True,True,True,True,True,False,True,False,True,False,True,False
C3L-02345,24.8007349321607,12.12,1,13.072192414390651,12.6046447755037,17.767914942942703,10.583122355255949,18.865020633290122,17.99546391996231,0.0,CHEMBL941,CHEMBL203,50000.055,6.979303657420888,2,nM,Cc1ccc(NC(=O)c2ccc(CN3CCN(C)CC3)cc2)cc1Nc1nccc(-c2cccnc2)n1,493.6150000000002,4.590320000000004,86.28000000000002,2,7,7,5,37,True,True,True,True,True,False,False,True,True,False,False,True
C3L-02345,24.8007349321607,12.12,1,13.072192414390651,12.6046447755037,17.767914942942703,10.583122355255949,18.865020633290122,17.99546391996231,0.0,CHEMBL941,CHEMBL203,10000.0,5.0,23,nM,Cc1ccc(NC(=O)c2ccc(CN3CCN(C)CC3)cc2)cc1Nc1nccc(-c2cccnc2)n1,493.6150000000002,4.590320000000004,86.28000000000002,2,7,7,5,37,True,True,True,True,False,True,False,True,False,True,False,True
C3L-02348,25.2410354113575,12.62,1,13.065650406197651,12.6046447755037,17.767914942942703,10.583122355255949,18.865020633290122,13.065650406197651,0.0,CHEMBL1079742,CHEMBL203,42.5,7.489405350465031,4,nM,C#Cc1cccc(Nc2ncnc3cc(OCCOC)c(OCCOC)cc23)c1.Cl,429.90400000000017,3.8269000000000033,74.73000000000002,1,7,10,3,30,True,True,True,True,True,False,True,False,True,False,True,False
C3L-02348,25.2410354113575,12.62,1,13.065650406197651,12.6046447755037,17.767914942942703,10.583122355255949,18.865020633290122,13.065650406197651,0.0,CHEMBL941,CHEMBL203,50000.055,6.979303657420888,2,nM,Cc1ccc(NC(=O)c2ccc(CN3CCN(C)CC3)cc2)cc1Nc1nccc(-c2cccnc2)n1,493.6150000000002,4.590320000000004,86.28000000000002,2,7,7,5,37,True,True,True,True,True,False,False,True,True,False,False,True
C3L-02348,25.2410354113575,12.62,1,13.065650406197651,12.6046447755037,17.767914942942703,10.583122355255949,18.865020633290122,13.065650406197651,0.0,CHEMBL941,CHEMBL203,10000.0,5.0,23,nM,Cc1ccc(NC(=O)c2ccc(CN3CCN(C)CC3)cc2)cc1Nc1nccc(-c2cccnc2)n1,493.6150000000002,4.590320000000004,86.28000000000002,2,7,7,5,37,True,True,True,True,False,True,False,True,False,True,False,True
C3L-02350,25.0004800680721,11.75,1,13.072192414390651,12.6046447755037,17.37976128112005,10.583122355255949,18.865020633290122,17.37976128112005,0.0,CHEMBL1079742,CHEMBL203,42.5,7.489405350465031,4,nM,C#Cc1cccc(Nc2ncnc3cc(OCCOC)c(OCCOC)cc23)c1.Cl,429.90400000000017,3.8269000000000033,74.73000000000002,1,7,10,3,30,True,True,True,True,True,False,True,False,True,False,True,False
C3L-02350,25.0004800680721,11.75,1,13.072192414390651,12.6046447755037,17.37976128112005,10.583122355255949,18.865020633290122,17.37976128112005,0.0,CHEMBL941,CHEMBL203,50000.055,6.979303657420888,2,nM,Cc1ccc(NC(=O)c2ccc(CN3CCN(C)CC3)cc2)cc1Nc1nccc(-c2cccnc2)n1,493.6150000000002,4.590320000000004,86.28000000000002,2,7,7,5,37,True,True,True,True,True,False,False,True,True,False,False,True
C3L-02350,25.0004800680721,11.75,1,13.072192414390651,12.6046447755037,17.37976128112005,10.583122355255949,18.865020633290122,17.37976128112005,0.0,CHEMBL941,CHEMBL203,10000.0,5.0,23,nM,Cc1ccc(NC(=O)c2ccc(CN3CCN(C)CC3)cc2)cc1Nc1nccc(-c2cccnc2)n1,493.6150000000002,4.590320000000004,86.28000000000002,2,7,7,5,37,True,True,True,True,False,True,False,True,False,True,False,True
C3L-02365,25.8407891861086,13.51,1,13.072192414390651,12.6046447755037,17.90627991903495,10.583122355255949,18.865020633290122,17.90627991903495,0.0,CHEMBL1079742,CHEMBL203,42.5,7.489405350465031,4,nM,C#Cc1cccc(Nc2ncnc3cc(OCCOC)c(OCCOC)cc23)c1.Cl,429.90400000000017,3.8269000000000033,74.73000000000002,1,7,10,3,30,True,True,True,True,True,False,True,False,True,False,True,False
C3L-02365,25.8407891861086,13.51,1,13.072192414390651,12.6046447755037,17.90627991903495,10.583122355255949,18.865020633290122,17.90627991903495,0.0,CHEMBL941,CHEMBL203,50000.055,6.979303657420888,2,nM,Cc1ccc(NC(=O)c2ccc(CN3CCN(C)CC3)cc2)cc1Nc1nccc(-c2cccnc2)n1,493.6150000000002,4.590320000000004,86.28000000000002,2,7,7,5,37,True,True,True,True,True,False,False,True,True,False,False,True
C3L-02365,25.8407891861086,13.51,1,13.072192414390651,12.6046447755037,17.90627991903495,10.583122355255949,18.865020633290122,17.90627991903495,0.0,CHEMBL941,CHEMBL203,10000.0,5.0,23,nM,Cc1ccc(NC(=O)c2ccc(CN3CCN(C)CC3)cc2)cc1Nc1nccc(-c2cccnc2)n1,493.6150000000002,4.590320000000004,86.28000000000002,2,7,7,5,37,True,True,True,True,False,True,False,True,False,True,False,True
C3L-02508,24.9253582626231,11.06,1,13.02924094564425,12.6046447755037,17.767914942942703,10.583122355255949,18.865020633290122,13.02924094564425,0.0,CHEMBL1079742,CHEMBL203,42.5,7.489405350465031,4,nM,C#Cc1cccc(Nc2ncnc3cc(OCCOC)c(OCCOC)cc23)c1.Cl,429.90400000000017,3.8269000000000033,74.73000000000002,1,7,10,3,30,True,True,True,True,True,False,True,False,True,False,True,False
C3L-02508,24.9253582626231,11.06,1,13.02924094564425,12.6046447755037,17.767914942942703,10.583122355255949,18.865020633290122,13.02924094564425,0.0,CHEMBL941,CHEMBL203,50000.055,6.979303657420888,2,nM,Cc1ccc(NC(=O)c2ccc(CN3CCN(C)CC3)cc2)cc1Nc1nccc(-c2cccnc2)n1,493.6150000000002,4.590320000000004,86.28000000000002,2,7,7,5,37,True,True,True,True,True,False,False,True,True,False,False,True
C3L-02508,24.9253582626231,11.06,1,13.02924094564425,12.6046447755037,17.767914942942703,10.583122355255949,18.865020633290122,13.02924094564425,0.0,CHEMBL941,CHEMBL203,10000.0,5.0,23,nM,Cc1ccc(NC(=O)c2ccc(CN3CCN(C)CC3)cc2)cc1Nc1nccc(-c2cccnc2)n1,493.6150000000002,4.590320000000004,86.28000000000002,2,7,7,5,37,True,True,True,True,False,True,False,True,False,True,False,True
C3L-02549,25.5473840840909,12.17,1,13.072192414390651,12.6046447755037,17.6470758759427,10.583122355255949,18.865020633290122,17.6470758759427,0.0,CHEMBL1079742,CHEMBL203,42.5,7.489405350465031,4,nM,C#Cc1cccc(Nc2ncnc3cc(OCCOC)c(OCCOC)cc23)c1.Cl,429.90400000000017,3.8269000000000033,74.73000000000002,1,7,10,3,30,True,True,True,True,True,False,True,False,True,False,True,False
C3L-02549,25.5473840840909,12.17,1,13.072192414390651,12.6046447755037,17.6470758759427,10.583122355255949,18.865020633290122,17.6470758759427,0.0,CHEMBL941,CHEMBL203,50000.055,6.979303657420888,2,nM,Cc1ccc(NC(=O)c2ccc(CN3CCN(C)CC3)cc2)cc1Nc1nccc(-c2cccnc2)n1,493.6150000000002,4.590320000000004,86.28000000000002,2,7,7,5,37,True,True,True,True,True,False,False,True,True,False,False,True
C3L-02549,25.5473840840909,12.17,1,13.072192414390651,12.6046447755037,17.6470758759427,10.583122355255949,18.865020633290122,17.6470758759427,0.0,CHEMBL941,CHEMBL203,10000.0,5.0,23,nM,Cc1ccc(NC(=O)c2ccc(CN3CCN(C)CC3)cc2)cc1Nc1nccc(-c2cccnc2)n1,493.6150000000002,4.590320000000004,86.28000000000002,2,7,7,5,37,True,True,True,True,False,True,False,True,False,True,False,True
C3N-00167,25.8302570918315,14.29,1,13.072192414390651,12.6046447755037,17.767914942942703,10.583122355255949,18.9414062257186,18.9414062257186,0.0,CHEMBL1079742,CHEMBL203,42.5,7.489405350465031,4,nM,C#Cc1cccc(Nc2ncnc3cc(OCCOC)c(OCCOC)cc23)c1.Cl,429.90400000000017,3.8269000000000033,74.73000000000002,1,7,10,3,30,True,True,True,True,True,False,True,False,True,False,True,False
C3N-00167,25.8302570918315,14.29,1,13.072192414390651,12.6046447755037,17.767914942942703,10.583122355255949,18.9414062257186,18.9414062257186,0.0,CHEMBL941,CHEMBL203,50000.055,6.979303657420888,2,nM,Cc1ccc(NC(=O)c2ccc(CN3CCN(C)CC3)cc2)cc1Nc1nccc(-c2cccnc2)n1,493.6150000000002,4.590320000000004,86.28000000000002,2,7,7,5,37,True,True,True,True,True,False,False,True,True,False,False,True
C3N-00167,25.8302570918315,14.29,1,13.072192414390651,12.6046447755037,17.767914942942703,10.583122355255949,18.9414062257186,18.9414062257186,0.0,CHEMBL941,CHEMBL203,10000.0,5.0,23,nM,Cc1ccc(NC(=O)c2ccc(CN3CCN(C)CC3)cc2)cc1Nc1nccc(-c2cccnc2)n1,493.6150000000002,4.590320000000004,86.28000000000002,2,7,7,5,37,True,True,True,True,False,True,False,True,False,True,False,True
C3N-00169,26.209111897473,13.59,1,13.072192414390651,12.6046447755037,17.767914942942703,10.583122355255949,18.865020633290122,17.99546391996231,0.0,CHEMBL1079742,CHEMBL203,42.5,7.489405350465031,4,nM,C#Cc1cccc(Nc2ncnc3cc(OCCOC)c(OCCOC)cc23)c1.Cl,429.90400000000017,3.8269000000000033,74.73000000000002,1,7,10,3,30,True,True,True,True,True,False,True,False,True,False,True,False
C3N-00169,26.209111897473,13.59,1,13.072192414390651,12.6046447755037,17.767914942942703,10.583122355255949,18.865020633290122,17.99546391996231,0.0,CHEMBL941,CHEMBL203,50000.055,6.979303657420888,2,nM,Cc1ccc(NC(=O)c2ccc(CN3CCN(C)CC3)cc2)cc1Nc1nccc(-c2cccnc2)n1,493.6150000000002,4.590320000000004,86.28000000000002,2,7,7,5,37,True,True,True,True,True,False,False,True,True,False,False,True
C3N-00169,26.209111897473,13.59,1,13.072192414390651,12.6046447755037,17.767914942942703,10.583122355255949,18.865020633290122,17.99546391996231,0.0,CHEMBL941,CHEMBL203,10000.0,5.0,23,nM,Cc1ccc(NC(=O)c2ccc(CN3CCN(C)CC3)cc2)cc1Nc1nccc(-c2cccnc2)n1,493.6150000000002,4.590320000000004,86.28000000000002,2,7,7,5,37,True,True,True,True,False,True,False,True,False,True,False,True
C3N-00175,25.8620795992577,13.63,1,13.072192414390651,12.6046447755037,17.55734646737845,10.583122355255949,18.865020633290122,17.55734646737845,0.0,CHEMBL1079742,CHEMBL203,42.5,7.489405350465031,4,nM,C#Cc1cccc(Nc2ncnc3cc(OCCOC)c(OCCOC)cc23)c1.Cl,429.90400000000017,3.8269000000000033,74.73000000000002,1,7,10,3,30,True,True,True,True,True,False,True,False,True,False,True,False
C3N-00175,25.8620795992577,13.63,1,13.072192414390651,12.6046447755037,17.55734646737845,10.583122355255949,18.865020633290122,17.55734646737845,0.0,CHEMBL941,CHEMBL203,50000.055,6.979303657420888,2,nM,Cc1ccc(NC(=O)c2ccc(CN3CCN(C)CC3)cc2)cc1Nc1nccc(-c2cccnc2)n1,493.6150000000002,4.590320000000004,86.28000000000002,2,7,7,5,37,True,True,True,True,True,False,False,True,True,False,False,True
C3N-00175,25.8620795992577,13.63,1,13.072192414390651,12.6046447755037,17.55734646737845,10.583122355255949,18.865020633290122,17.55734646737845,0.0,CHEMBL941,CHEMBL203,10000.0,5.0,23,nM,Cc1ccc(NC(=O)c2ccc(CN3CCN(C)CC3)cc2)cc1Nc1nccc(-c2cccnc2)n1,493.6150000000002,4.590320000000004,86.28000000000002,2,7,7,5,37,True,True,True,True,False,True,False,True,False,True,False,True
C3N-00180,25.6285355522037,12.45,1,13.072192414390651,12.6046447755037,17.767914942942703,10.583122355255949,18.865020633290122,17.99546391996231,0.0,CHEMBL1079742,CHEMBL203,42.5,7.489405350465031,4,nM,C#Cc1cccc(Nc2ncnc3cc(OCCOC)c(OCCOC)cc23)c1.Cl,429.90400000000017,3.8269000000000033,74.73000000000002,1,7,10,3,30,True,True,True,True,True,False,True,False,True,False,True,False
C3N-00180,25.6285355522037,12.45,1,13.072192414390651,12.6046447755037,17.767914942942703,10.583122355255949,18.865020633290122,17.99546391996231,0.0,CHEMBL941,CHEMBL203,50000.055,6.979303657420888,2,nM,Cc1ccc(NC(=O)c2ccc(CN3CCN(C)CC3)cc2)cc1Nc1nccc(-c2cccnc2)n1,493.6150000000002,4.590320000000004,86.28000000000002,2,7,7,5,37,True,True,True,True,True,False,False,True,True,False,False,True
C3N-00180,25.6285355522037,12.45,1,13.072192414390651,12.6046447755037,17.767914942942703,10.583122355255949,18.865020633290122,17.99546391996231,0.0,CHEMBL941,CHEMBL203,10000.0,5.0,23,nM,Cc1ccc(NC(=O)c2ccc(CN3CCN(C)CC3)cc2)cc1Nc1nccc(-c2cccnc2)n1,493.6150000000002,4.590320000000004,86.28000000000002,2,7,7,5,37,True,True,True,True,False,True,False,True,False,True,False,True
C3N-00199,26.5569262633047,14.87,1,13.072192414390651,12.7013173580964,17.7926138668204,10.583122355255949,19.7902750794112,16.761402101442666,0.0,CHEMBL1079742,CHEMBL203,42.5,7.489405350465031,4,nM,C#Cc1cccc(Nc2ncnc3cc(OCCOC)c(OCCOC)cc23)c1.Cl,429.90400000000017,3.8269000000000033,74.73000000000002,1,7,10,3,30,True,True,True,True,True,False,True,False,True,False,True,False
C3N-00199,26.5569262633047,14.87,1,13.072192414390651,12.7013173580964,17.7926138668204,10.583122355255949,19.7902750794112,16.761402101442666,0.0,CHEMBL941,CHEMBL203,50000.055,6.979303657420888,2,nM,Cc1ccc(NC(=O)c2ccc(CN3CCN(C)CC3)cc2)cc1Nc1nccc(-c2cccnc2)n1,493.6150000000002,4.590320000000004,86.28000000000002,2,7,7,5,37,True,True,True,True,True,False,False,True,True,False,False,True
C3N-00199,26.5569262633047,14.87,1,13.072192414390651,12.7013173580964,17.7926138668204,10.583122355255949,19.7902750794112,16.761402101442666,0.0,CHEMBL941,CHEMBL203,10000.0,5.0,23,nM,Cc1ccc(NC(=O)c2ccc(CN3CCN(C)CC3)cc2)cc1Nc1nccc(-c2cccnc2)n1,493.6150000000002,4.590320000000004,86.28000000000002,2,7,7,5,37,True,True,True,True,False,True,False,True,False,True,False,True
C3N-00203,25.7426584106461,12.68,1,13.072192414390651,12.6046447755037,18.2669136413368,10.583122355255949,18.865020633290122,18.2669136413368,0.0,CHEMBL1079742,CHEMBL203,42.5,7.489405350465031,4,nM,C#Cc1cccc(Nc2ncnc3cc(OCCOC)c(OCCOC)cc23)c1.Cl,429.90400000000017,3.8269000000000033,74.73000000000002,1,7,10,3,30,True,True,True,True,True,False,True,False,True,False,True,False
C3N-00203,25.7426584106461,12.68,1,13.072192414390651,12.6046447755037,18.2669136413368,10.583122355255949,18.865020633290122,18.2669136413368,0.0,CHEMBL941,CHEMBL203,50000.055,6.979303657420888,2,nM,Cc1ccc(NC(=O)c2ccc(CN3CCN(C)CC3)cc2)cc1Nc1nccc(-c2cccnc2)n1,493.6150000000002,4.590320000000004,86.28000000000002,2,7,7,5,37,True,True,True,True,True,False,False,True,True,False,False,True
C3N-00203,25.7426584106461,12.68,1,13.072192414390651,12.6046447755037,18.2669136413368,10.583122355255949,18.865020633290122,18.2669136413368,0.0,CHEMBL941,CHEMBL203,10000.0,5.0,23,nM,Cc1ccc(NC(=O)c2ccc(CN3CCN(C)CC3)cc2)cc1Nc1nccc(-c2cccnc2)n1,493.6150000000002,4.590320000000004,86.28000000000002,2,7,7,5,37,True,True,True,True,False,True,False,True,False,True,False,True
C3N-00217,24.9492776634389,10.69,1,13.072192414390651,12.6046447755037,17.767914942942703,10.583122355255949,19.453806346749047,19.453806346749047,0.0,CHEMBL1079742,CHEMBL203,42.5,7.489405350465031,4,nM,C#Cc1cccc(Nc2ncnc3cc(OCCOC)c(OCCOC)cc23)c1.Cl,429.90400000000017,3.8269000000000033,74.73000000000002,1,7,10,3,30,True,True,True,True,True,False,True,False,True,False,True,False
C3N-00217,24.9492776634389,10.69,1,13.072192414390651,12.6046447755037,17.767914942942703,10.583122355255949,19.453806346749047,19.453806346749047,0.0,CHEMBL941,CHEMBL203,50000.055,6.979303657420888,2,nM,Cc1ccc(NC(=O)c2ccc(CN3CCN(C)CC3)cc2)cc1Nc1nccc(-c2cccnc2)n1,493.6150000000002,4.590320000000004,86.28000000000002,2,7,7,5,37,True,True,True,True,True,False,False,True,True,False,False,True
C3N-00217,24.9492776634389,10.69,1,13.072192414390651,12.6046447755037,17.767914942942703,10.583122355255949,19.453806346749047,19.453806346749047,0.0,CHEMBL941,CHEMBL203,10000.0,5.0,23,nM,Cc1ccc(NC(=O)c2ccc(CN3CCN(C)CC3)cc2)cc1Nc1nccc(-c2cccnc2)n1,493.6150000000002,4.590320000000004,86.28000000000002,2,7,7,5,37,True,True,True,True,False,True,False,True,False,True,False,True
C3N-00223,25.7043818597271,13.17,1,13.072192414390651,12.6046447755037,17.767914942942703,10.583122355255949,18.865020633290122,17.99546391996231,0.0,CHEMBL1079742,CHEMBL203,42.5,7.489405350465031,4,nM,C#Cc1cccc(Nc2ncnc3cc(OCCOC)c(OCCOC)cc23)c1.Cl,429.90400000000017,3.8269000000000033,74.73000000000002,1,7,10,3,30,True,True,True,True,True,False,True,False,True,False,True,False
C3N-00223,25.7043818597271,13.17,1,13.072192414390651,12.6046447755037,17.767914942942703,10.583122355255949,18.865020633290122,17.99546391996231,0.0,CHEMBL941,CHEMBL203,50000.055,6.979303657420888,2,nM,Cc1ccc(NC(=O)c2ccc(CN3CCN(C)CC3)cc2)cc1Nc1nccc(-c2cccnc2)n1,493.6150000000002,4.590320000000004,86.28000000000002,2,7,7,5,37,True,True,True,True,True,False,False,True,True,False,False,True
C3N-00223,25.7043818597271,13.17,1,13.072192414390651,12.6046447755037,17.767914942942703,10.583122355255949,18.865020633290122,17.99546391996231,0.0,CHEMBL941,CHEMBL203,10000.0,5.0,23,nM,Cc1ccc(NC(=O)c2ccc(CN3CCN(C)CC3)cc2)cc1Nc1nccc(-c2cccnc2)n1,493.6150000000002,4.590320000000004,86.28000000000002,2,7,7,5,37,True,True,True,True,False,True,False,True,False,True,False,True
C3N-00293,25.5681915327736,12.86,1,13.072192414390651,12.6046447755037,17.767914942942703,10.583122355255949,18.865020633290122,17.99546391996231,0.0,CHEMBL1079742,CHEMBL203,42.5,7.489405350465031,4,nM,C#Cc1cccc(Nc2ncnc3cc(OCCOC)c(OCCOC)cc23)c1.Cl,429.90400000000017,3.8269000000000033,74.73000000000002,1,7,10,3,30,True,True,True,True,True,False,True,False,True,False,True,False
C3N-00293,25.5681915327736,12.86,1,13.072192414390651,12.6046447755037,17.767914942942703,10.583122355255949,18.865020633290122,17.99546391996231,0.0,CHEMBL941,CHEMBL203,50000.055,6.979303657420888,2,nM,Cc1ccc(NC(=O)c2ccc(CN3CCN(C)CC3)cc2)cc1Nc1nccc(-c2cccnc2)n1,493.6150000000002,4.590320000000004,86.28000000000002,2,7,7,5,37,True,True,True,True,True,False,False,True,True,False,False,True
C3N-00293,25.5681915327736,12.86,1,13.072192414390651,12.6046447755037,17.767914942942703,10.583122355255949,18.865020633290122,17.99546391996231,0.0,CHEMBL941,CHEMBL203,10000.0,5.0,23,nM,Cc1ccc(NC(=O)c2ccc(CN3CCN(C)CC3)cc2)cc1Nc1nccc(-c2cccnc2)n1,493.6150000000002,4.590320000000004,86.28000000000002,2,7,7,5,37,True,True,True,True,False,True,False,True,False,True,False,True
C3N-00294,26.3535539994835,14.21,1,13.072192414390651,12.6046447755037,18.6429779761161,9.4812042681664,20.1290208219156,16.084401022066032,0.0,CHEMBL1079742,CHEMBL203,42.5,7.489405350465031,4,nM,C#Cc1cccc(Nc2ncnc3cc(OCCOC)c(OCCOC)cc23)c1.Cl,429.90400000000017,3.8269000000000033,74.73000000000002,1,7,10,3,30,True,True,True,True,True,False,True,False,True,False,True,False
C3N-00294,26.3535539994835,14.21,1,13.072192414390651,12.6046447755037,18.6429779761161,9.4812042681664,20.1290208219156,16.084401022066032,0.0,CHEMBL941,CHEMBL203,50000.055,6.979303657420888,2,nM,Cc1ccc(NC(=O)c2ccc(CN3CCN(C)CC3)cc2)cc1Nc1nccc(-c2cccnc2)n1,493.6150000000002,4.590320000000004,86.28000000000002,2,7,7,5,37,True,True,True,True,True,False,False,True,True,False,False,True
C3N-00294,26.3535539994835,14.21,1,13.072192414390651,12.6046447755037,18.6429779761161,9.4812042681664,20.1290208219156,16.084401022066032,0.0,CHEMBL941,CHEMBL203,10000.0,5.0,23,nM,Cc1ccc(NC(=O)c2ccc(CN3CCN(C)CC3)cc2)cc1Nc1nccc(-c2cccnc2)n1,493.6150000000002,4.590320000000004,86.28000000000002,2,7,7,5,37,True,True,True,True,False,True,False,True,False,True,False,True
C3N-00433,24.7488290292835,11.77,1,13.072192414390651,12.6046447755037,17.767914942942703,10.583122355255949,18.865020633290122,17.99546391996231,0.0,CHEMBL1079742,CHEMBL203,42.5,7.489405350465031,4,nM,C#Cc1cccc(Nc2ncnc3cc(OCCOC)c(OCCOC)cc23)c1.Cl,429.90400000000017,3.8269000000000033,74.73000000000002,1,7,10,3,30,True,True,True,True,True,False,True,False,True,False,True,False
C3N-00433,24.7488290292835,11.77,1,13.072192414390651,12.6046447755037,17.767914942942703,10.583122355255949,18.865020633290122,17.99546391996231,0.0,CHEMBL941,CHEMBL203,50000.055,6.979303657420888,2,nM,Cc1ccc(NC(=O)c2ccc(CN3CCN(C)CC3)cc2)cc1Nc1nccc(-c2cccnc2)n1,493.6150000000002,4.590320000000004,86.28000000000002,2,7,7,5,37,True,True,True,True,True,False,False,True,True,False,False,True
C3N-00433,24.7488290292835,11.77,1,13.072192414390651,12.6046447755037,17.767914942942703,10.583122355255949,18.865020633290122,17.99546391996231,0.0,CHEMBL941,CHEMBL203,10000.0,5.0,23,nM,Cc1ccc(NC(=O)c2ccc(CN3CCN(C)CC3)cc2)cc1Nc1nccc(-c2cccnc2)n1,493.6150000000002,4.590320000000004,86.28000000000002,2,7,7,5,37,True,True,True,True,False,True,False,True,False,True,False,True
C3N-00546,26.5493584527283,15.11,1,13.072192414390651,12.6046447755037,18.21680060337085,10.583122355255949,19.2092088906635,18.713004747017173,0.0,CHEMBL1079742,CHEMBL203,42.5,7.489405350465031,4,nM,C#Cc1cccc(Nc2ncnc3cc(OCCOC)c(OCCOC)cc23)c1.Cl,429.90400000000017,3.8269000000000033,74.73000000000002,1,7,10,3,30,True,True,True,True,True,False,True,False,True,False,True,False
C3N-00546,26.5493584527283,15.11,1,13.072192414390651,12.6046447755037,18.21680060337085,10.583122355255949,19.2092088906635,18.713004747017173,0.0,CHEMBL941,CHEMBL203,50000.055,6.979303657420888,2,nM,Cc1ccc(NC(=O)c2ccc(CN3CCN(C)CC3)cc2)cc1Nc1nccc(-c2cccnc2)n1,493.6150000000002,4.590320000000004,86.28000000000002,2,7,7,5,37,True,True,True,True,True,False,False,True,True,False,False,True
C3N-00546,26.5493584527283,15.11,1,13.072192414390651,12.6046447755037,18.21680060337085,10.583122355255949,19.2092088906635,18.713004747017173,0.0,CHEMBL941,CHEMBL203,10000.0,5.0,23,nM,Cc1ccc(NC(=O)c2ccc(CN3CCN(C)CC3)cc2)cc1Nc1nccc(-c2cccnc2)n1,493.6150000000002,4.590320000000004,86.28000000000002,2,7,7,5,37,True,True,True,True,False,True,False,True,False,True,False,True
C3N-00547,25.5763653447642,12.63,1,13.072192414390651,12.6046447755037,17.767914942942703,10.583122355255949,17.809195319469453,17.809195319469453,0.0,CHEMBL1079742,CHEMBL203,42.5,7.489405350465031,4,nM,C#Cc1cccc(Nc2ncnc3cc(OCCOC)c(OCCOC)cc23)c1.Cl,429.90400000000017,3.8269000000000033,74.73000000000002,1,7,10,3,30,True,True,True,True,True,False,True,False,True,False,True,False
C3N-00547,25.5763653447642,12.63,1,13.072192414390651,12.6046447755037,17.767914942942703,10.583122355255949,17.809195319469453,17.809195319469453,0.0,CHEMBL941,CHEMBL203,50000.055,6.979303657420888,2,nM,Cc1ccc(NC(=O)c2ccc(CN3CCN(C)CC3)cc2)cc1Nc1nccc(-c2cccnc2)n1,493.6150000000002,4.590320000000004,86.28000000000002,2,7,7,5,37,True,True,True,True,True,False,False,True,True,False,False,True
C3N-00547,25.5763653447642,12.63,1,13.072192414390651,12.6046447755037,17.767914942942703,10.583122355255949,17.809195319469453,17.809195319469453,0.0,CHEMBL941,CHEMBL203,10000.0,5.0,23,nM,Cc1ccc(NC(=O)c2ccc(CN3CCN(C)CC3)cc2)cc1Nc1nccc(-c2cccnc2)n1,493.6150000000002,4.590320000000004,86.28000000000002,2,7,7,5,37,True,True,True,True,False,True,False,True,False,True,False,True
C3N-00549,24.877413478776,8.77,1,13.072192414390651,12.6046447755037,17.0322744834888,10.583122355255949,18.865020633290122,17.0322744834888,0.0,CHEMBL1079742,CHEMBL203,42.5,7.489405350465031,4,nM,C#Cc1cccc(Nc2ncnc3cc(OCCOC)c(OCCOC)cc23)c1.Cl,429.90400000000017,3.8269000000000033,74.73000000000002,1,7,10,3,30,True,True,True,True,True,False,True,False,True,False,True,False
C3N-00549,24.877413478776,8.77,1,13.072192414390651,12.6046447755037,17.0322744834888,10.583122355255949,18.865020633290122,17.0322744834888,0.0,CHEMBL941,CHEMBL203,50000.055,6.979303657420888,2,nM,Cc1ccc(NC(=O)c2ccc(CN3CCN(C)CC3)cc2)cc1Nc1nccc(-c2cccnc2)n1,493.6150000000002,4.590320000000004,86.28000000000002,2,7,7,5,37,True,True,True,True,True,False,False,True,True,False,False,True
C3N-00549,24.877413478776,8.77,1,13.072192414390651,12.6046447755037,17.0322744834888,10.583122355255949,18.865020633290122,17.0322744834888,0.0,CHEMBL941,CHEMBL203,10000.0,5.0,23,nM,Cc1ccc(NC(=O)c2ccc(CN3CCN(C)CC3)cc2)cc1Nc1nccc(-c2cccnc2)n1,493.6150000000002,4.590320000000004,86.28000000000002,2,7,7,5,37,True,True,True,True,False,True,False,True,False,True,False,True
C3N-00550,25.5427290588497,13.03,1,13.072192414390651,12.6046447755037,17.767914942942703,10.583122355255949,18.3067029059481,18.3067029059481,0.0,CHEMBL1079742,CHEMBL203,42.5,7.489405350465031,4,nM,C#Cc1cccc(Nc2ncnc3cc(OCCOC)c(OCCOC)cc23)c1.Cl,429.90400000000017,3.8269000000000033,74.73000000000002,1,7,10,3,30,True,True,True,True,True,False,True,False,True,False,True,False
C3N-00550,25.5427290588497,13.03,1,13.072192414390651,12.6046447755037,17.767914942942703,10.583122355255949,18.3067029059481,18.3067029059481,0.0,CHEMBL941,CHEMBL203,50000.055,6.979303657420888,2,nM,Cc1ccc(NC(=O)c2ccc(CN3CCN(C)CC3)cc2)cc1Nc1nccc(-c2cccnc2)n1,493.6150000000002,4.590320000000004,86.28000000000002,2,7,7,5,37,True,True,True,True,True,False,False,True,True,False,False,True
C3N-00550,25.5427290588497,13.03,1,13.072192414390651,12.6046447755037,17.767914942942703,10.583122355255949,18.3067029059481,18.3067029059481,0.0,CHEMBL941,CHEMBL203,10000.0,5.0,23,nM,Cc1ccc(NC(=O)c2ccc(CN3CCN(C)CC3)cc2)cc1Nc1nccc(-c2cccnc2)n1,493.6150000000002,4.590320000000004,86.28000000000002,2,7,7,5,37,True,True,True,True,False,True,False,True,False,True,False,True
C3N-00551,25.8130418993541,13.61,1,13.072192414390651,12.6046447755037,17.767914942942703,10.583122355255949,18.865020633290122,17.99546391996231,0.0,CHEMBL1079742,CHEMBL203,42.5,7.489405350465031,4,nM,C#Cc1cccc(Nc2ncnc3cc(OCCOC)c(OCCOC)cc23)c1.Cl,429.90400000000017,3.8269000000000033,74.73000000000002,1,7,10,3,30,True,True,True,True,True,False,True,False,True,False,True,False
C3N-00551,25.8130418993541,13.61,1,13.072192414390651,12.6046447755037,17.767914942942703,10.583122355255949,18.865020633290122,17.99546391996231,0.0,CHEMBL941,CHEMBL203,50000.055,6.979303657420888,2,nM,Cc1ccc(NC(=O)c2ccc(CN3CCN(C)CC3)cc2)cc1Nc1nccc(-c2cccnc2)n1,493.6150000000002,4.590320000000004,86.28000000000002,2,7,7,5,37,True,True,True,True,True,False,False,True,True,False,False,True
C3N-00551,25.8130418993541,13.61,1,13.072192414390651,12.6046447755037,17.767914942942703,10.583122355255949,18.865020633290122,17.99546391996231,0.0,CHEMBL941,CHEMBL203,10000.0,5.0,23,nM,Cc1ccc(NC(=O)c2ccc(CN3CCN(C)CC3)cc2)cc1Nc1nccc(-c2cccnc2)n1,493.6150000000002,4.590320000000004,86.28000000000002,2,7,7,5,37,True,True,True,True,False,True,False,True,False,True,False,True
C3N-00552,26.1295411312732,12.96,1,13.072192414390651,12.6046447755037,17.767914942942703,10.583122355255949,18.865020633290122,17.99546391996231,0.0,CHEMBL1079742,CHEMBL203,42.5,7.489405350465031,4,nM,C#Cc1cccc(Nc2ncnc3cc(OCCOC)c(OCCOC)cc23)c1.Cl,429.90400000000017,3.8269000000000033,74.73000000000002,1,7,10,3,30,True,True,True,True,True,False,True,False,True,False,True,False
C3N-00552,26.1295411312732,12.96,1,13.072192414390651,12.6046447755037,17.767914942942703,10.583122355255949,18.865020633290122,17.99546391996231,0.0,CHEMBL941,CHEMBL203,50000.055,6.979303657420888,2,nM,Cc1ccc(NC(=O)c2ccc(CN3CCN(C)CC3)cc2)cc1Nc1nccc(-c2cccnc2)n1,493.6150000000002,4.590320000000004,86.28000000000002,2,7,7,5,37,True,True,True,True,True,False,False,True,True,False,False,True
C3N-00552,26.1295411312732,12.96,1,13.072192414390651,12.6046447755037,17.767914942942703,10.583122355255949,18.865020633290122,17.99546391996231,0.0,CHEMBL941,CHEMBL203,10000.0,5.0,23,nM,Cc1ccc(NC(=O)c2ccc(CN3CCN(C)CC3)cc2)cc1Nc1nccc(-c2cccnc2)n1,493.6150000000002,4.590320000000004,86.28000000000002,2,7,7,5,37,True,True,True,True,False,True,False,True,False,True,False,True
C3N-00556,25.9072613809423,13.61,1,13.072192414390651,12.6046447755037,17.767914942942703,10.054346078997517,18.7801193713264,15.53412679775554,0.0,CHEMBL1079742,CHEMBL203,42.5,7.489405350465031,4,nM,C#Cc1cccc(Nc2ncnc3cc(OCCOC)c(OCCOC)cc23)c1.Cl,429.90400000000017,3.8269000000000033,74.73000000000002,1,7,10,3,30,True,True,True,True,True,False,True,False,True,False,True,False
C3N-00556,25.9072613809423,13.61,1,13.072192414390651,12.6046447755037,17.767914942942703,10.054346078997517,18.7801193713264,15.53412679775554,0.0,CHEMBL941,CHEMBL203,50000.055,6.979303657420888,2,nM,Cc1ccc(NC(=O)c2ccc(CN3CCN(C)CC3)cc2)cc1Nc1nccc(-c2cccnc2)n1,493.6150000000002,4.590320000000004,86.28000000000002,2,7,7,5,37,True,True,True,True,True,False,False,True,True,False,False,True
C3N-00556,25.9072613809423,13.61,1,13.072192414390651,12.6046447755037,17.767914942942703,10.054346078997517,18.7801193713264,15.53412679775554,0.0,CHEMBL941,CHEMBL203,10000.0,5.0,23,nM,Cc1ccc(NC(=O)c2ccc(CN3CCN(C)CC3)cc2)cc1Nc1nccc(-c2cccnc2)n1,493.6150000000002,4.590320000000004,86.28000000000002,2,7,7,5,37,True,True,True,True,False,True,False,True,False,True,False,True
C3N-00559,26.1518216848455,14.87,1,13.072192414390651,12.6046447755037,17.767914942942703,10.583122355255949,18.865020633290122,17.99546391996231,0.0,CHEMBL1079742,CHEMBL203,42.5,7.489405350465031,4,nM,C#Cc1cccc(Nc2ncnc3cc(OCCOC)c(OCCOC)cc23)c1.Cl,429.90400000000017,3.8269000000000033,74.73000000000002,1,7,10,3,30,True,True,True,True,True,False,True,False,True,False,True,False
C3N-00559,26.1518216848455,14.87,1,13.072192414390651,12.6046447755037,17.767914942942703,10.583122355255949,18.865020633290122,17.99546391996231,0.0,CHEMBL941,CHEMBL203,50000.055,6.979303657420888,2,nM,Cc1ccc(NC(=O)c2ccc(CN3CCN(C)CC3)cc2)cc1Nc1nccc(-c2cccnc2)n1,493.6150000000002,4.590320000000004,86.28000000000002,2,7,7,5,37,True,True,True,True,True,False,False,True,True,False,False,True
C3N-00559,26.1518216848455,14.87,1,13.072192414390651,12.6046447755037,17.767914942942703,10.583122355255949,18.865020633290122,17.99546391996231,0.0,CHEMBL941,CHEMBL203,10000.0,5.0,23,nM,Cc1ccc(NC(=O)c2ccc(CN3CCN(C)CC3)cc2)cc1Nc1nccc(-c2cccnc2)n1,493.6150000000002,4.590320000000004,86.28000000000002,2,7,7,5,37,True,True,True,True,False,True,False,True,False,True,False,True
C3N-00560,24.5289887737447,9.99,1,13.07873442258365,12.6046447755037,17.767914942942703,10.583122355255949,18.865020633290122,13.07873442258365,0.0,CHEMBL1079742,CHEMBL203,42.5,7.489405350465031,4,nM,C#Cc1cccc(Nc2ncnc3cc(OCCOC)c(OCCOC)cc23)c1.Cl,429.90400000000017,3.8269000000000033,74.73000000000002,1,7,10,3,30,True,True,True,True,True,False,True,False,True,False,True,False
C3N-00560,24.5289887737447,9.99,1,13.07873442258365,12.6046447755037,17.767914942942703,10.583122355255949,18.865020633290122,13.07873442258365,0.0,CHEMBL941,CHEMBL203,50000.055,6.979303657420888,2,nM,Cc1ccc(NC(=O)c2ccc(CN3CCN(C)CC3)cc2)cc1Nc1nccc(-c2cccnc2)n1,493.6150000000002,4.590320000000004,86.28000000000002,2,7,7,5,37,True,True,True,True,True,False,False,True,True,False,False,True
C3N-00560,24.5289887737447,9.99,1,13.07873442258365,12.6046447755037,17.767914942942703,10.583122355255949,18.865020633290122,13.07873442258365,0.0,CHEMBL941,CHEMBL203,10000.0,5.0,23,nM,Cc1ccc(NC(=O)c2ccc(CN3CCN(C)CC3)cc2)cc1Nc1nccc(-c2cccnc2)n1,493.6150000000002,4.590320000000004,86.28000000000002,2,7,7,5,37,True,True,True,True,False,True,False,True,False,True,False,True
C3N-00572,25.6238341943003,13.01,1,13.072192414390651,12.6046447755037,17.767914942942703,10.583122355255949,18.865020633290122,17.99546391996231,0.0,CHEMBL1079742,CHEMBL203,42.5,7.489405350465031,4,nM,C#Cc1cccc(Nc2ncnc3cc(OCCOC)c(OCCOC)cc23)c1.Cl,429.90400000000017,3.8269000000000033,74.73000000000002,1,7,10,3,30,True,True,True,True,True,False,True,False,True,False,True,False
C3N-00572,25.6238341943003,13.01,1,13.072192414390651,12.6046447755037,17.767914942942703,10.583122355255949,18.865020633290122,17.99546391996231,0.0,CHEMBL941,CHEMBL203,50000.055,6.979303657420888,2,nM,Cc1ccc(NC(=O)c2ccc(CN3CCN(C)CC3)cc2)cc1Nc1nccc(-c2cccnc2)n1,493.6150000000002,4.590320000000004,86.28000000000002,2,7,7,5,37,True,True,True,True,True,False,False,True,True,False,False,True
C3N-00572,25.6238341943003,13.01,1,13.072192414390651,12.6046447755037,17.767914942942703,10.583122355255949,18.865020633290122,17.99546391996231,0.0,CHEMBL941,CHEMBL203,10000.0,5.0,23,nM,Cc1ccc(NC(=O)c2ccc(CN3CCN(C)CC3)cc2)cc1Nc1nccc(-c2cccnc2)n1,493.6150000000002,4.590320000000004,86.28000000000002,2,7,7,5,37,True,True,True,True,False,True,False,True,False,True,False,True
C3N-00574,27.194333921035,15.59,1,13.072192414390651,12.6046447755037,18.84717269123845,10.583122355255949,18.865020633290122,18.84717269123845,0.0,CHEMBL1079742,CHEMBL203,42.5,7.489405350465031,4,nM,C#Cc1cccc(Nc2ncnc3cc(OCCOC)c(OCCOC)cc23)c1.Cl,429.90400000000017,3.8269000000000033,74.73000000000002,1,7,10,3,30,True,True,True,True,True,False,True,False,True,False,True,False
C3N-00574,27.194333921035,15.59,1,13.072192414390651,12.6046447755037,18.84717269123845,10.583122355255949,18.865020633290122,18.84717269123845,0.0,CHEMBL941,CHEMBL203,50000.055,6.979303657420888,2,nM,Cc1ccc(NC(=O)c2ccc(CN3CCN(C)CC3)cc2)cc1Nc1nccc(-c2cccnc2)n1,493.6150000000002,4.590320000000004,86.28000000000002,2,7,7,5,37,True,True,True,True,True,False,False,True,True,False,False,True
C3N-00574,27.194333921035,15.59,1,13.072192414390651,12.6046447755037,18.84717269123845,10.583122355255949,18.865020633290122,18.84717269123845,0.0,CHEMBL941,CHEMBL203,10000.0,5.0,23,nM,Cc1ccc(NC(=O)c2ccc(CN3CCN(C)CC3)cc2)cc1Nc1nccc(-c2cccnc2)n1,493.6150000000002,4.590320000000004,86.28000000000002,2,7,7,5,37,True,True,True,True,False,True,False,True,False,True,False,True
C3N-00578,26.9337410983496,15.08,1,13.072192414390651,12.6046447755037,17.767914942942703,10.583122355255949,19.19437418164805,19.19437418164805,0.0,CHEMBL1079742,CHEMBL203,42.5,7.489405350465031,4,nM,C#Cc1cccc(Nc2ncnc3cc(OCCOC)c(OCCOC)cc23)c1.Cl,429.90400000000017,3.8269000000000033,74.73000000000002,1,7,10,3,30,True,True,True,True,True,False,True,False,True,False,True,False
C3N-00578,26.9337410983496,15.08,1,13.072192414390651,12.6046447755037,17.767914942942703,10.583122355255949,19.19437418164805,19.19437418164805,0.0,CHEMBL941,CHEMBL203,50000.055,6.979303657420888,2,nM,Cc1ccc(NC(=O)c2ccc(CN3CCN(C)CC3)cc2)cc1Nc1nccc(-c2cccnc2)n1,493.6150000000002,4.590320000000004,86.28000000000002,2,7,7,5,37,True,True,True,True,True,False,False,True,True,False,False,True
C3N-00578,26.9337410983496,15.08,1,13.072192414390651,12.6046447755037,17.767914942942703,10.583122355255949,19.19437418164805,19.19437418164805,0.0,CHEMBL941,CHEMBL203,10000.0,5.0,23,nM,Cc1ccc(NC(=O)c2ccc(CN3CCN(C)CC3)cc2)cc1Nc1nccc(-c2cccnc2)n1,493.6150000000002,4.590320000000004,86.28000000000002,2,7,7,5,37,True,True,True,True,False,True,False,True,False,True,False,True
C3N-00579,25.6656738723878,13.29,1,13.072192414390651,12.507972192911,17.105680121572448,10.583122355255949,19.1669128982862,16.26018840425655,0.0,CHEMBL1079742,CHEMBL203,42.5,7.489405350465031,4,nM,C#Cc1cccc(Nc2ncnc3cc(OCCOC)c(OCCOC)cc23)c1.Cl,429.90400000000017,3.8269000000000033,74.73000000000002,1,7,10,3,30,True,True,True,True,True,False,True,False,True,False,True,False
C3N-00579,25.6656738723878,13.29,1,13.072192414390651,12.507972192911,17.105680121572448,10.583122355255949,19.1669128982862,16.26018840425655,0.0,CHEMBL941,CHEMBL203,50000.055,6.979303657420888,2,nM,Cc1ccc(NC(=O)c2ccc(CN3CCN(C)CC3)cc2)cc1Nc1nccc(-c2cccnc2)n1,493.6150000000002,4.590320000000004,86.28000000000002,2,7,7,5,37,True,True,True,True,True,False,False,True,True,False,False,True
C3N-00579,25.6656738723878,13.29,1,13.072192414390651,12.507972192911,17.105680121572448,10.583122355255949,19.1669128982862,16.26018840425655,0.0,CHEMBL941,CHEMBL203,10000.0,5.0,23,nM,Cc1ccc(NC(=O)c2ccc(CN3CCN(C)CC3)cc2)cc1Nc1nccc(-c2cccnc2)n1,493.6150000000002,4.590320000000004,86.28000000000002,2,7,7,5,37,True,True,True,True,False,True,False,True,False,True,False,True
C3N-00580,26.1592661355895,13.57,1,13.072192414390651,12.6046447755037,17.767914942942703,10.583122355255949,18.865020633290122,17.99546391996231,0.0,CHEMBL1079742,CHEMBL203,42.5,7.489405350465031,4,nM,C#Cc1cccc(Nc2ncnc3cc(OCCOC)c(OCCOC)cc23)c1.Cl,429.90400000000017,3.8269000000000033,74.73000000000002,1,7,10,3,30,True,True,True,True,True,False,True,False,True,False,True,False
C3N-00580,26.1592661355895,13.57,1,13.072192414390651,12.6046447755037,17.767914942942703,10.583122355255949,18.865020633290122,17.99546391996231,0.0,CHEMBL941,CHEMBL203,50000.055,6.979303657420888,2,nM,Cc1ccc(NC(=O)c2ccc(CN3CCN(C)CC3)cc2)cc1Nc1nccc(-c2cccnc2)n1,493.6150000000002,4.590320000000004,86.28000000000002,2,7,7,5,37,True,True,True,True,True,False,False,True,True,False,False,True
C3N-00580,26.1592661355895,13.57,1,13.072192414390651,12.6046447755037,17.767914942942703,10.583122355255949,18.865020633290122,17.99546391996231,0.0,CHEMBL941,CHEMBL203,10000.0,5.0,23,nM,Cc1ccc(NC(=O)c2ccc(CN3CCN(C)CC3)cc2)cc1Nc1nccc(-c2cccnc2)n1,493.6150000000002,4.590320000000004,86.28000000000002,2,7,7,5,37,True,True,True,True,False,True,False,True,False,True,False,True
C3N-00704,26.121155134845,13.88,1,13.072192414390651,12.6046447755037,18.21250276632405,11.0309569060314,19.7619580991693,16.335139257174916,0.0,CHEMBL1079742,CHEMBL203,42.5,7.489405350465031,4,nM,C#Cc1cccc(Nc2ncnc3cc(OCCOC)c(OCCOC)cc23)c1.Cl,429.90400000000017,3.8269000000000033,74.73000000000002,1,7,10,3,30,True,True,True,True,True,False,True,False,True,False,True,False
C3N-00704,26.121155134845,13.88,1,13.072192414390651,12.6046447755037,18.21250276632405,11.0309569060314,19.7619580991693,16.335139257174916,0.0,CHEMBL941,CHEMBL203,50000.055,6.979303657420888,2,nM,Cc1ccc(NC(=O)c2ccc(CN3CCN(C)CC3)cc2)cc1Nc1nccc(-c2cccnc2)n1,493.6150000000002,4.590320000000004,86.28000000000002,2,7,7,5,37,True,True,True,True,True,False,False,True,True,False,False,True
C3N-00704,26.121155134845,13.88,1,13.072192414390651,12.6046447755037,18.21250276632405,11.0309569060314,19.7619580991693,16.335139257174916,0.0,CHEMBL941,CHEMBL203,10000.0,5.0,23,nM,Cc1ccc(NC(=O)c2ccc(CN3CCN(C)CC3)cc2)cc1Nc1nccc(-c2cccnc2)n1,493.6150000000002,4.590320000000004,86.28000000000002,2,7,7,5,37,True,True,True,True,False,True,False,True,False,True,False,True
C3N-00737,24.9448217406697,12.0,1,13.072192414390651,12.6046447755037,17.767914942942703,10.583122355255949,18.35861572489695,18.35861572489695,0.0,CHEMBL1079742,CHEMBL203,42.5,7.489405350465031,4,nM,C#Cc1cccc(Nc2ncnc3cc(OCCOC)c(OCCOC)cc23)c1.Cl,429.90400000000017,3.8269000000000033,74.73000000000002,1,7,10,3,30,True,True,True,True,True,False,True,False,True,False,True,False
C3N-00737,24.9448217406697,12.0,1,13.072192414390651,12.6046447755037,17.767914942942703,10.583122355255949,18.35861572489695,18.35861572489695,0.0,CHEMBL941,CHEMBL203,50000.055,6.979303657420888,2,nM,Cc1ccc(NC(=O)c2ccc(CN3CCN(C)CC3)cc2)cc1Nc1nccc(-c2cccnc2)n1,493.6150000000002,4.590320000000004,86.28000000000002,2,7,7,5,37,True,True,True,True,True,False,False,True,True,False,False,True
C3N-00737,24.9448217406697,12.0,1,13.072192414390651,12.6046447755037,17.767914942942703,10.583122355255949,18.35861572489695,18.35861572489695,0.0,CHEMBL941,CHEMBL203,10000.0,5.0,23,nM,Cc1ccc(NC(=O)c2ccc(CN3CCN(C)CC3)cc2)cc1Nc1nccc(-c2cccnc2)n1,493.6150000000002,4.590320000000004,86.28000000000002,2,7,7,5,37,True,True,True,True,False,True,False,True,False,True,False,True
C3N-00738,25.0238206175351,11.93,1,13.072192414390651,12.6046447755037,17.798194820644248,10.583122355255949,18.865020633290122,17.798194820644248,0.0,CHEMBL1079742,CHEMBL203,42.5,7.489405350465031,4,nM,C#Cc1cccc(Nc2ncnc3cc(OCCOC)c(OCCOC)cc23)c1.Cl,429.90400000000017,3.8269000000000033,74.73000000000002,1,7,10,3,30,True,True,True,True,True,False,True,False,True,False,True,False
C3N-00738,25.0238206175351,11.93,1,13.072192414390651,12.6046447755037,17.798194820644248,10.583122355255949,18.865020633290122,17.798194820644248,0.0,CHEMBL941,CHEMBL203,50000.055,6.979303657420888,2,nM,Cc1ccc(NC(=O)c2ccc(CN3CCN(C)CC3)cc2)cc1Nc1nccc(-c2cccnc2)n1,493.6150000000002,4.590320000000004,86.28000000000002,2,7,7,5,37,True,True,True,True,True,False,False,True,True,False,False,True
C3N-00738,25.0238206175351,11.93,1,13.072192414390651,12.6046447755037,17.798194820644248,10.583122355255949,18.865020633290122,17.798194820644248,0.0,CHEMBL941,CHEMBL203,10000.0,5.0,23,nM,Cc1ccc(NC(=O)c2ccc(CN3CCN(C)CC3)cc2)cc1Nc1nccc(-c2cccnc2)n1,493.6150000000002,4.590320000000004,86.28000000000002,2,7,7,5,37,True,True,True,True,False,True,False,True,False,True,False,True
C3N-00959,25.0737200585985,11.96,1,13.072192414390651,12.6046447755037,17.61583864730285,10.583122355255949,18.865020633290122,17.61583864730285,0.0,CHEMBL1079742,CHEMBL203,42.5,7.489405350465031,4,nM,C#Cc1cccc(Nc2ncnc3cc(OCCOC)c(OCCOC)cc23)c1.Cl,429.90400000000017,3.8269000000000033,74.73000000000002,1,7,10,3,30,True,True,True,True,True,False,True,False,True,False,True,False
C3N-00959,25.0737200585985,11.96,1,13.072192414390651,12.6046447755037,17.61583864730285,10.583122355255949,18.865020633290122,17.61583864730285,0.0,CHEMBL941,CHEMBL203,50000.055,6.979303657420888,2,nM,Cc1ccc(NC(=O)c2ccc(CN3CCN(C)CC3)cc2)cc1Nc1nccc(-c2cccnc2)n1,493.6150000000002,4.590320000000004,86.28000000000002,2,7,7,5,37,True,True,True,True,True,False,False,True,True,False,False,True
C3N-00959,25.0737200585985,11.96,1,13.072192414390651,12.6046447755037,17.61583864730285,10.583122355255949,18.865020633290122,17.61583864730285,0.0,CHEMBL941,CHEMBL203,10000.0,5.0,23,nM,Cc1ccc(NC(=O)c2ccc(CN3CCN(C)CC3)cc2)cc1Nc1nccc(-c2cccnc2)n1,493.6150000000002,4.590320000000004,86.28000000000002,2,7,7,5,37,True,True,True,True,False,True,False,True,False,True,False,True
C3N-01016,25.292537531081,11.43,1,13.072192414390651,12.6046447755037,17.767914942942703,10.583122355255949,18.865020633290122,17.99546391996231,0.0,CHEMBL1079742,CHEMBL203,42.5,7.489405350465031,4,nM,C#Cc1cccc(Nc2ncnc3cc(OCCOC)c(OCCOC)cc23)c1.Cl,429.90400000000017,3.8269000000000033,74.73000000000002,1,7,10,3,30,True,True,True,True,True,False,True,False,True,False,True,False
C3N-01016,25.292537531081,11.43,1,13.072192414390651,12.6046447755037,17.767914942942703,10.583122355255949,18.865020633290122,17.99546391996231,0.0,CHEMBL941,CHEMBL203,50000.055,6.979303657420888,2,nM,Cc1ccc(NC(=O)c2ccc(CN3CCN(C)CC3)cc2)cc1Nc1nccc(-c2cccnc2)n1,493.6150000000002,4.590320000000004,86.28000000000002,2,7,7,5,37,True,True,True,True,True,False,False,True,True,False,False,True
C3N-01016,25.292537531081,11.43,1,13.072192414390651,12.6046447755037,17.767914942942703,10.583122355255949,18.865020633290122,17.99546391996231,0.0,CHEMBL941,CHEMBL203,10000.0,5.0,23,nM,Cc1ccc(NC(=O)c2ccc(CN3CCN(C)CC3)cc2)cc1Nc1nccc(-c2cccnc2)n1,493.6150000000002,4.590320000000004,86.28000000000002,2,7,7,5,37,True,True,True,True,False,True,False,True,False,True,False,True
C3N-01021,25.6077934875998,13.23,1,13.072192414390651,12.6046447755037,18.00146744647665,10.583122355255949,18.865020633290122,18.00146744647665,0.0,CHEMBL1079742,CHEMBL203,42.5,7.489405350465031,4,nM,C#Cc1cccc(Nc2ncnc3cc(OCCOC)c(OCCOC)cc23)c1.Cl,429.90400000000017,3.8269000000000033,74.73000000000002,1,7,10,3,30,True,True,True,True,True,False,True,False,True,False,True,False
C3N-01021,25.6077934875998,13.23,1,13.072192414390651,12.6046447755037,18.00146744647665,10.583122355255949,18.865020633290122,18.00146744647665,0.0,CHEMBL941,CHEMBL203,50000.055,6.979303657420888,2,nM,Cc1ccc(NC(=O)c2ccc(CN3CCN(C)CC3)cc2)cc1Nc1nccc(-c2cccnc2)n1,493.6150000000002,4.590320000000004,86.28000000000002,2,7,7,5,37,True,True,True,True,True,False,False,True,True,False,False,True
C3N-01021,25.6077934875998,13.23,1,13.072192414390651,12.6046447755037,18.00146744647665,10.583122355255949,18.865020633290122,18.00146744647665,0.0,CHEMBL941,CHEMBL203,10000.0,5.0,23,nM,Cc1ccc(NC(=O)c2ccc(CN3CCN(C)CC3)cc2)cc1Nc1nccc(-c2cccnc2)n1,493.6150000000002,4.590320000000004,86.28000000000002,2,7,7,5,37,True,True,True,True,False,True,False,True,False,True,False,True
C3N-01023,24.8365551759637,11.88,1,13.072192414390651,12.6046447755037,17.767914942942703,10.583122355255949,17.70989100525025,17.70989100525025,0.0,CHEMBL1079742,CHEMBL203,42.5,7.489405350465031,4,nM,C#Cc1cccc(Nc2ncnc3cc(OCCOC)c(OCCOC)cc23)c1.Cl,429.90400000000017,3.8269000000000033,74.73000000000002,1,7,10,3,30,True,True,True,True,True,False,True,False,True,False,True,False
C3N-01023,24.8365551759637,11.88,1,13.072192414390651,12.6046447755037,17.767914942942703,10.583122355255949,17.70989100525025,17.70989100525025,0.0,CHEMBL941,CHEMBL203,50000.055,6.979303657420888,2,nM,Cc1ccc(NC(=O)c2ccc(CN3CCN(C)CC3)cc2)cc1Nc1nccc(-c2cccnc2)n1,493.6150000000002,4.590320000000004,86.28000000000002,2,7,7,5,37,True,True,True,True,True,False,False,True,True,False,False,True
C3N-01023,24.8365551759637,11.88,1,13.072192414390651,12.6046447755037,17.767914942942703,10.583122355255949,17.70989100525025,17.70989100525025,0.0,CHEMBL941,CHEMBL203,10000.0,5.0,23,nM,Cc1ccc(NC(=O)c2ccc(CN3CCN(C)CC3)cc2)cc1Nc1nccc(-c2cccnc2)n1,493.6150000000002,4.590320000000004,86.28000000000002,2,7,7,5,37,True,True,True,True,False,True,False,True,False,True,False,True
C3N-01024,25.0245566740671,12.42,1,13.072192414390651,12.6046447755037,17.767914942942703,10.583122355255949,18.33931340512735,18.33931340512735,0.0,CHEMBL1079742,CHEMBL203,42.5,7.489405350465031,4,nM,C#Cc1cccc(Nc2ncnc3cc(OCCOC)c(OCCOC)cc23)c1.Cl,429.90400000000017,3.8269000000000033,74.73000000000002,1,7,10,3,30,True,True,True,True,True,False,True,False,True,False,True,False
C3N-01024,25.0245566740671,12.42,1,13.072192414390651,12.6046447755037,17.767914942942703,10.583122355255949,18.33931340512735,18.33931340512735,0.0,CHEMBL941,CHEMBL203,50000.055,6.979303657420888,2,nM,Cc1ccc(NC(=O)c2ccc(CN3CCN(C)CC3)cc2)cc1Nc1nccc(-c2cccnc2)n1,493.6150000000002,4.590320000000004,86.28000000000002,2,7,7,5,37,True,True,True,True,True,False,False,True,True,False,False,True
C3N-01024,25.0245566740671,12.42,1,13.072192414390651,12.6046447755037,17.767914942942703,10.583122355255949,18.33931340512735,18.33931340512735,0.0,CHEMBL941,CHEMBL203,10000.0,5.0,23,nM,Cc1ccc(NC(=O)c2ccc(CN3CCN(C)CC3)cc2)cc1Nc1nccc(-c2cccnc2)n1,493.6150000000002,4.590320000000004,86.28000000000002,2,7,7,5,37,True,True,True,True,False,True,False,True,False,True,False,True
C3N-01030,25.8151951647821,13.19,1,13.072192414390651,12.6046447755037,17.767914942942703,10.583122355255949,18.865020633290122,17.99546391996231,0.0,CHEMBL1079742,CHEMBL203,42.5,7.489405350465031,4,nM,C#Cc1cccc(Nc2ncnc3cc(OCCOC)c(OCCOC)cc23)c1.Cl,429.90400000000017,3.8269000000000033,74.73000000000002,1,7,10,3,30,True,True,True,True,True,False,True,False,True,False,True,False
C3N-01030,25.8151951647821,13.19,1,13.072192414390651,12.6046447755037,17.767914942942703,10.583122355255949,18.865020633290122,17.99546391996231,0.0,CHEMBL941,CHEMBL203,50000.055,6.979303657420888,2,nM,Cc1ccc(NC(=O)c2ccc(CN3CCN(C)CC3)cc2)cc1Nc1nccc(-c2cccnc2)n1,493.6150000000002,4.590320000000004,86.28000000000002,2,7,7,5,37,True,True,True,True,True,False,False,True,True,False,False,True
C3N-01030,25.8151951647821,13.19,1,13.072192414390651,12.6046447755037,17.767914942942703,10.583122355255949,18.865020633290122,17.99546391996231,0.0,CHEMBL941,CHEMBL203,10000.0,5.0,23,nM,Cc1ccc(NC(=O)c2ccc(CN3CCN(C)CC3)cc2)cc1Nc1nccc(-c2cccnc2)n1,493.6150000000002,4.590320000000004,86.28000000000002,2,7,7,5,37,True,True,True,True,False,True,False,True,False,True,False,True
C3N-01071,24.8046170557369,9.46,1,13.072192414390651,12.6046447755037,17.767914942942703,10.583122355255949,17.817716983425953,17.817716983425953,0.0,CHEMBL1079742,CHEMBL203,42.5,7.489405350465031,4,nM,C#Cc1cccc(Nc2ncnc3cc(OCCOC)c(OCCOC)cc23)c1.Cl,429.90400000000017,3.8269000000000033,74.73000000000002,1,7,10,3,30,True,True,True,True,True,False,True,False,True,False,True,False
C3N-01071,24.8046170557369,9.46,1,13.072192414390651,12.6046447755037,17.767914942942703,10.583122355255949,17.817716983425953,17.817716983425953,0.0,CHEMBL941,CHEMBL203,50000.055,6.979303657420888,2,nM,Cc1ccc(NC(=O)c2ccc(CN3CCN(C)CC3)cc2)cc1Nc1nccc(-c2cccnc2)n1,493.6150000000002,4.590320000000004,86.28000000000002,2,7,7,5,37,True,True,True,True,True,False,False,True,True,False,False,True
C3N-01071,24.8046170557369,9.46,1,13.072192414390651,12.6046447755037,17.767914942942703,10.583122355255949,17.817716983425953,17.817716983425953,0.0,CHEMBL941,CHEMBL203,10000.0,5.0,23,nM,Cc1ccc(NC(=O)c2ccc(CN3CCN(C)CC3)cc2)cc1Nc1nccc(-c2cccnc2)n1,493.6150000000002,4.590320000000004,86.28000000000002,2,7,7,5,37,True,True,True,True,False,True,False,True,False,True,False,True
C3N-01072,25.8027200760202,13.5,1,13.072192414390651,12.6046447755037,17.767914942942703,10.583122355255949,18.865020633290122,17.99546391996231,0.0,CHEMBL1079742,CHEMBL203,42.5,7.489405350465031,4,nM,C#Cc1cccc(Nc2ncnc3cc(OCCOC)c(OCCOC)cc23)c1.Cl,429.90400000000017,3.8269000000000033,74.73000000000002,1,7,10,3,30,True,True,True,True,True,False,True,False,True,False,True,False
C3N-01072,25.8027200760202,13.5,1,13.072192414390651,12.6046447755037,17.767914942942703,10.583122355255949,18.865020633290122,17.99546391996231,0.0,CHEMBL941,CHEMBL203,50000.055,6.979303657420888,2,nM,Cc1ccc(NC(=O)c2ccc(CN3CCN(C)CC3)cc2)cc1Nc1nccc(-c2cccnc2)n1,493.6150000000002,4.590320000000004,86.28000000000002,2,7,7,5,37,True,True,True,True,True,False,False,True,True,False,False,True
C3N-01072,25.8027200760202,13.5,1,13.072192414390651,12.6046447755037,17.767914942942703,10.583122355255949,18.865020633290122,17.99546391996231,0.0,CHEMBL941,CHEMBL203,10000.0,5.0,23,nM,Cc1ccc(NC(=O)c2ccc(CN3CCN(C)CC3)cc2)cc1Nc1nccc(-c2cccnc2)n1,493.6150000000002,4.590320000000004,86.28000000000002,2,7,7,5,37,True,True,True,True,False,True,False,True,False,True,False,True
C3N-01074,25.7077462374607,12.21,1,13.072192414390651,12.6046447755037,17.767914942942703,10.583122355255949,18.4378756012437,18.4378756012437,0.0,CHEMBL1079742,CHEMBL203,42.5,7.489405350465031,4,nM,C#Cc1cccc(Nc2ncnc3cc(OCCOC)c(OCCOC)cc23)c1.Cl,429.90400000000017,3.8269000000000033,74.73000000000002,1,7,10,3,30,True,True,True,True,True,False,True,False,True,False,True,False
C3N-01074,25.7077462374607,12.21,1,13.072192414390651,12.6046447755037,17.767914942942703,10.583122355255949,18.4378756012437,18.4378756012437,0.0,CHEMBL941,CHEMBL203,50000.055,6.979303657420888,2,nM,Cc1ccc(NC(=O)c2ccc(CN3CCN(C)CC3)cc2)cc1Nc1nccc(-c2cccnc2)n1,493.6150000000002,4.590320000000004,86.28000000000002,2,7,7,5,37,True,True,True,True,True,False,False,True,True,False,False,True
C3N-01074,25.7077462374607,12.21,1,13.072192414390651,12.6046447755037,17.767914942942703,10.583122355255949,18.4378756012437,18.4378756012437,0.0,CHEMBL941,CHEMBL203,10000.0,5.0,23,nM,Cc1ccc(NC(=O)c2ccc(CN3CCN(C)CC3)cc2)cc1Nc1nccc(-c2cccnc2)n1,493.6150000000002,4.590320000000004,86.28000000000002,2,7,7,5,37,True,True,True,True,False,True,False,True,False,True,False,True
C3N-01405,25.1491148348766,13.29,1,13.072192414390651,12.6046447755037,17.767914942942703,10.583122355255949,18.95147733793525,18.95147733793525,0.0,CHEMBL1079742,CHEMBL203,42.5,7.489405350465031,4,nM,C#Cc1cccc(Nc2ncnc3cc(OCCOC)c(OCCOC)cc23)c1.Cl,429.90400000000017,3.8269000000000033,74.73000000000002,1,7,10,3,30,True,True,True,True,True,False,True,False,True,False,True,False
C3N-01405,25.1491148348766,13.29,1,13.072192414390651,12.6046447755037,17.767914942942703,10.583122355255949,18.95147733793525,18.95147733793525,0.0,CHEMBL941,CHEMBL203,50000.055,6.979303657420888,2,nM,Cc1ccc(NC(=O)c2ccc(CN3CCN(C)CC3)cc2)cc1Nc1nccc(-c2cccnc2)n1,493.6150000000002,4.590320000000004,86.28000000000002,2,7,7,5,37,True,True,True,True,True,False,False,True,True,False,False,True
C3N-01405,25.1491148348766,13.29,1,13.072192414390651,12.6046447755037,17.767914942942703,10.583122355255949,18.95147733793525,18.95147733793525,0.0,CHEMBL941,CHEMBL203,10000.0,5.0,23,nM,Cc1ccc(NC(=O)c2ccc(CN3CCN(C)CC3)cc2)cc1Nc1nccc(-c2cccnc2)n1,493.6150000000002,4.590320000000004,86.28000000000002,2,7,7,5,37,True,True,True,True,False,True,False,True,False,True,False,True
C3N-01410,25.4636016577533,12.38,1,13.072192414390651,12.6046447755037,17.767914942942703,10.583122355255949,18.26706456372495,18.26706456372495,0.0,CHEMBL1079742,CHEMBL203,42.5,7.489405350465031,4,nM,C#Cc1cccc(Nc2ncnc3cc(OCCOC)c(OCCOC)cc23)c1.Cl,429.90400000000017,3.8269000000000033,74.73000000000002,1,7,10,3,30,True,True,True,True,True,False,True,False,True,False,True,False
C3N-01410,25.4636016577533,12.38,1,13.072192414390651,12.6046447755037,17.767914942942703,10.583122355255949,18.26706456372495,18.26706456372495,0.0,CHEMBL941,CHEMBL203,50000.055,6.979303657420888,2,nM,Cc1ccc(NC(=O)c2ccc(CN3CCN(C)CC3)cc2)cc1Nc1nccc(-c2cccnc2)n1,493.6150000000002,4.590320000000004,86.28000000000002,2,7,7,5,37,True,True,True,True,True,False,False,True,True,False,False,True
C3N-01410,25.4636016577533,12.38,1,13.072192414390651,12.6046447755037,17.767914942942703,10.583122355255949,18.26706456372495,18.26706456372495,0.0,CHEMBL941,CHEMBL203,10000.0,5.0,23,nM,Cc1ccc(NC(=O)c2ccc(CN3CCN(C)CC3)cc2)cc1Nc1nccc(-c2cccnc2)n1,493.6150000000002,4.590320000000004,86.28000000000002,2,7,7,5,37,True,True,True,True,False,True,False,True,False,True,False,True
C3N-01413,25.5106660402709,13.44,1,13.072192414390651,12.6046447755037,17.767914942942703,10.583122355255949,18.865020633290122,17.99546391996231,0.0,CHEMBL1079742,CHEMBL203,42.5,7.489405350465031,4,nM,C#Cc1cccc(Nc2ncnc3cc(OCCOC)c(OCCOC)cc23)c1.Cl,429.90400000000017,3.8269000000000033,74.73000000000002,1,7,10,3,30,True,True,True,True,True,False,True,False,True,False,True,False
C3N-01413,25.5106660402709,13.44,1,13.072192414390651,12.6046447755037,17.767914942942703,10.583122355255949,18.865020633290122,17.99546391996231,0.0,CHEMBL941,CHEMBL203,50000.055,6.979303657420888,2,nM,Cc1ccc(NC(=O)c2ccc(CN3CCN(C)CC3)cc2)cc1Nc1nccc(-c2cccnc2)n1,493.6150000000002,4.590320000000004,86.28000000000002,2,7,7,5,37,True,True,True,True,True,False,False,True,True,False,False,True
C3N-01413,25.5106660402709,13.44,1,13.072192414390651,12.6046447755037,17.767914942942703,10.583122355255949,18.865020633290122,17.99546391996231,0.0,CHEMBL941,CHEMBL203,10000.0,5.0,23,nM,Cc1ccc(NC(=O)c2ccc(CN3CCN(C)CC3)cc2)cc1Nc1nccc(-c2cccnc2)n1,493.6150000000002,4.590320000000004,86.28000000000002,2,7,7,5,37,True,True,True,True,False,True,False,True,False,True,False,True
C3N-01414,25.1925911500859,11.96,1,13.072192414390651,12.6046447755037,16.715376315681198,10.583122355255949,18.6298796038158,17.6726279597485,0.0,CHEMBL1079742,CHEMBL203,42.5,7.489405350465031,4,nM,C#Cc1cccc(Nc2ncnc3cc(OCCOC)c(OCCOC)cc23)c1.Cl,429.90400000000017,3.8269000000000033,74.73000000000002,1,7,10,3,30,True,True,True,True,True,False,True,False,True,False,True,False
C3N-01414,25.1925911500859,11.96,1,13.072192414390651,12.6046447755037,16.715376315681198,10.583122355255949,18.6298796038158,17.6726279597485,0.0,CHEMBL941,CHEMBL203,50000.055,6.979303657420888,2,nM,Cc1ccc(NC(=O)c2ccc(CN3CCN(C)CC3)cc2)cc1Nc1nccc(-c2cccnc2)n1,493.6150000000002,4.590320000000004,86.28000000000002,2,7,7,5,37,True,True,True,True,True,False,False,True,True,False,False,True
C3N-01414,25.1925911500859,11.96,1,13.072192414390651,12.6046447755037,16.715376315681198,10.583122355255949,18.6298796038158,17.6726279597485,0.0,CHEMBL941,CHEMBL203,10000.0,5.0,23,nM,Cc1ccc(NC(=O)c2ccc(CN3CCN(C)CC3)cc2)cc1Nc1nccc(-c2cccnc2)n1,493.6150000000002,4.590320000000004,86.28000000000002,2,7,7,5,37,True,True,True,True,False,True,False,True,False,True,False,True
C3N-01415,27.1873355673688,14.53,1,13.072192414390651,12.6046447755037,18.465072433143952,10.583122355255949,18.865020633290122,18.465072433143952,0.0,CHEMBL1079742,CHEMBL203,42.5,7.489405350465031,4,nM,C#Cc1cccc(Nc2ncnc3cc(OCCOC)c(OCCOC)cc23)c1.Cl,429.90400000000017,3.8269000000000033,74.73000000000002,1,7,10,3,30,True,True,True,True,True,False,True,False,True,False,True,False
C3N-01415,27.1873355673688,14.53,1,13.072192414390651,12.6046447755037,18.465072433143952,10.583122355255949,18.865020633290122,18.465072433143952,0.0,CHEMBL941,CHEMBL203,50000.055,6.979303657420888,2,nM,Cc1ccc(NC(=O)c2ccc(CN3CCN(C)CC3)cc2)cc1Nc1nccc(-c2cccnc2)n1,493.6150000000002,4.590320000000004,86.28000000000002,2,7,7,5,37,True,True,True,True,True,False,False,True,True,False,False,True
C3N-01415,27.1873355673688,14.53,1,13.072192414390651,12.6046447755037,18.465072433143952,10.583122355255949,18.865020633290122,18.465072433143952,0.0,CHEMBL941,CHEMBL203,10000.0,5.0,23,nM,Cc1ccc(NC(=O)c2ccc(CN3CCN(C)CC3)cc2)cc1Nc1nccc(-c2cccnc2)n1,493.6150000000002,4.590320000000004,86.28000000000002,2,7,7,5,37,True,True,True,True,False,True,False,True,False,True,False,True
C3N-01416,26.1477894762281,13.74,1,13.072192414390651,12.6046447755037,17.767914942942703,10.583122355255949,18.67756894987355,18.67756894987355,0.0,CHEMBL1079742,CHEMBL203,42.5,7.489405350465031,4,nM,C#Cc1cccc(Nc2ncnc3cc(OCCOC)c(OCCOC)cc23)c1.Cl,429.90400000000017,3.8269000000000033,74.73000000000002,1,7,10,3,30,True,True,True,True,True,False,True,False,True,False,True,False
C3N-01416,26.1477894762281,13.74,1,13.072192414390651,12.6046447755037,17.767914942942703,10.583122355255949,18.67756894987355,18.67756894987355,0.0,CHEMBL941,CHEMBL203,50000.055,6.979303657420888,2,nM,Cc1ccc(NC(=O)c2ccc(CN3CCN(C)CC3)cc2)cc1Nc1nccc(-c2cccnc2)n1,493.6150000000002,4.590320000000004,86.28000000000002,2,7,7,5,37,True,True,True,True,True,False,False,True,True,False,False,True
C3N-01416,26.1477894762281,13.74,1,13.072192414390651,12.6046447755037,17.767914942942703,10.583122355255949,18.67756894987355,18.67756894987355,0.0,CHEMBL941,CHEMBL203,10000.0,5.0,23,nM,Cc1ccc(NC(=O)c2ccc(CN3CCN(C)CC3)cc2)cc1Nc1nccc(-c2cccnc2)n1,493.6150000000002,4.590320000000004,86.28000000000002,2,7,7,5,37,True,True,True,True,False,True,False,True,False,True,False,True
C3N-01488,25.8924374777076,13.3,1,13.072192414390651,12.6046447755037,17.767914942942703,10.583122355255949,18.865020633290122,17.99546391996231,0.0,CHEMBL1079742,CHEMBL203,42.5,7.489405350465031,4,nM,C#Cc1cccc(Nc2ncnc3cc(OCCOC)c(OCCOC)cc23)c1.Cl,429.90400000000017,3.8269000000000033,74.73000000000002,1,7,10,3,30,True,True,True,True,True,False,True,False,True,False,True,False
C3N-01488,25.8924374777076,13.3,1,13.072192414390651,12.6046447755037,17.767914942942703,10.583122355255949,18.865020633290122,17.99546391996231,0.0,CHEMBL941,CHEMBL203,50000.055,6.979303657420888,2,nM,Cc1ccc(NC(=O)c2ccc(CN3CCN(C)CC3)cc2)cc1Nc1nccc(-c2cccnc2)n1,493.6150000000002,4.590320000000004,86.28000000000002,2,7,7,5,37,True,True,True,True,True,False,False,True,True,False,False,True
C3N-01488,25.8924374777076,13.3,1,13.072192414390651,12.6046447755037,17.767914942942703,10.583122355255949,18.865020633290122,17.99546391996231,0.0,CHEMBL941,CHEMBL203,10000.0,5.0,23,nM,Cc1ccc(NC(=O)c2ccc(CN3CCN(C)CC3)cc2)cc1Nc1nccc(-c2cccnc2)n1,493.6150000000002,4.590320000000004,86.28000000000002,2,7,7,5,37,True,True,True,True,False,True,False,True,False,True,False,True
C3N-01489,25.3649592833841,12.87,1,13.072192414390651,12.6046447755037,17.767914942942703,10.583122355255949,18.72364871818195,18.72364871818195,0.0,CHEMBL1079742,CHEMBL203,42.5,7.489405350465031,4,nM,C#Cc1cccc(Nc2ncnc3cc(OCCOC)c(OCCOC)cc23)c1.Cl,429.90400000000017,3.8269000000000033,74.73000000000002,1,7,10,3,30,True,True,True,True,True,False,True,False,True,False,True,False
C3N-01489,25.3649592833841,12.87,1,13.072192414390651,12.6046447755037,17.767914942942703,10.583122355255949,18.72364871818195,18.72364871818195,0.0,CHEMBL941,CHEMBL203,50000.055,6.979303657420888,2,nM,Cc1ccc(NC(=O)c2ccc(CN3CCN(C)CC3)cc2)cc1Nc1nccc(-c2cccnc2)n1,493.6150000000002,4.590320000000004,86.28000000000002,2,7,7,5,37,True,True,True,True,True,False,False,True,True,False,False,True
C3N-01489,25.3649592833841,12.87,1,13.072192414390651,12.6046447755037,17.767914942942703,10.583122355255949,18.72364871818195,18.72364871818195,0.0,CHEMBL941,CHEMBL203,10000.0,5.0,23,nM,Cc1ccc(NC(=O)c2ccc(CN3CCN(C)CC3)cc2)cc1Nc1nccc(-c2cccnc2)n1,493.6150000000002,4.590320000000004,86.28000000000002,2,7,7,5,37,True,True,True,True,False,True,False,True,False,True,False,True
C3N-01799,24.9735254804085,13.19,1,13.072192414390651,12.6046447755037,17.767914942942703,10.583122355255949,18.865020633290122,17.99546391996231,0.0,CHEMBL1079742,CHEMBL203,42.5,7.489405350465031,4,nM,C#Cc1cccc(Nc2ncnc3cc(OCCOC)c(OCCOC)cc23)c1.Cl,429.90400000000017,3.8269000000000033,74.73000000000002,1,7,10,3,30,True,True,True,True,True,False,True,False,True,False,True,False
C3N-01799,24.9735254804085,13.19,1,13.072192414390651,12.6046447755037,17.767914942942703,10.583122355255949,18.865020633290122,17.99546391996231,0.0,CHEMBL941,CHEMBL203,50000.055,6.979303657420888,2,nM,Cc1ccc(NC(=O)c2ccc(CN3CCN(C)CC3)cc2)cc1Nc1nccc(-c2cccnc2)n1,493.6150000000002,4.590320000000004,86.28000000000002,2,7,7,5,37,True,True,True,True,True,False,False,True,True,False,False,True
C3N-01799,24.9735254804085,13.19,1,13.072192414390651,12.6046447755037,17.767914942942703,10.583122355255949,18.865020633290122,17.99546391996231,0.0,CHEMBL941,CHEMBL203,10000.0,5.0,23,nM,Cc1ccc(NC(=O)c2ccc(CN3CCN(C)CC3)cc2)cc1Nc1nccc(-c2cccnc2)n1,493.6150000000002,4.590320000000004,86.28000000000002,2,7,7,5,37,True,True,True,True,False,True,False,True,False,True,False,True
C3N-01823,25.1618930074769,12.65,1,13.072192414390651,12.6046447755037,17.871326806181898,10.583122355255949,18.865020633290122,17.871326806181898,0.0,CHEMBL1079742,CHEMBL203,42.5,7.489405350465031,4,nM,C#Cc1cccc(Nc2ncnc3cc(OCCOC)c(OCCOC)cc23)c1.Cl,429.90400000000017,3.8269000000000033,74.73000000000002,1,7,10,3,30,True,True,True,True,True,False,True,False,True,False,True,False
C3N-01823,25.1618930074769,12.65,1,13.072192414390651,12.6046447755037,17.871326806181898,10.583122355255949,18.865020633290122,17.871326806181898,0.0,CHEMBL941,CHEMBL203,50000.055,6.979303657420888,2,nM,Cc1ccc(NC(=O)c2ccc(CN3CCN(C)CC3)cc2)cc1Nc1nccc(-c2cccnc2)n1,493.6150000000002,4.590320000000004,86.28000000000002,2,7,7,5,37,True,True,True,True,True,False,False,True,True,False,False,True
C3N-01823,25.1618930074769,12.65,1,13.072192414390651,12.6046447755037,17.871326806181898,10.583122355255949,18.865020633290122,17.871326806181898,0.0,CHEMBL941,CHEMBL203,10000.0,5.0,23,nM,Cc1ccc(NC(=O)c2ccc(CN3CCN(C)CC3)cc2)cc1Nc1nccc(-c2cccnc2)n1,493.6150000000002,4.590320000000004,86.28000000000002,2,7,7,5,37,True,True,True,True,False,True,False,True,False,True,False,True
C3N-01842,24.9959492310859,11.97,1,13.072192414390651,12.6046447755037,17.767914942942703,10.583122355255949,18.865020633290122,17.99546391996231,0.0,CHEMBL1079742,CHEMBL203,42.5,7.489405350465031,4,nM,C#Cc1cccc(Nc2ncnc3cc(OCCOC)c(OCCOC)cc23)c1.Cl,429.90400000000017,3.8269000000000033,74.73000000000002,1,7,10,3,30,True,True,True,True,True,False,True,False,True,False,True,False
C3N-01842,24.9959492310859,11.97,1,13.072192414390651,12.6046447755037,17.767914942942703,10.583122355255949,18.865020633290122,17.99546391996231,0.0,CHEMBL941,CHEMBL203,50000.055,6.979303657420888,2,nM,Cc1ccc(NC(=O)c2ccc(CN3CCN(C)CC3)cc2)cc1Nc1nccc(-c2cccnc2)n1,493.6150000000002,4.590320000000004,86.28000000000002,2,7,7,5,37,True,True,True,True,True,False,False,True,True,False,False,True
C3N-01842,24.9959492310859,11.97,1,13.072192414390651,12.6046447755037,17.767914942942703,10.583122355255949,18.865020633290122,17.99546391996231,0.0,CHEMBL941,CHEMBL203,10000.0,5.0,23,nM,Cc1ccc(NC(=O)c2ccc(CN3CCN(C)CC3)cc2)cc1Nc1nccc(-c2cccnc2)n1,493.6150000000002,4.590320000000004,86.28000000000002,2,7,7,5,37,True,True,True,True,False,True,False,True,False,True,False,True
C3N-02000,26.195880435536,14.25,1,13.072192414390651,12.6046447755037,17.767914942942703,10.583122355255949,19.41341415755525,19.41341415755525,0.0,CHEMBL1079742,CHEMBL203,42.5,7.489405350465031,4,nM,C#Cc1cccc(Nc2ncnc3cc(OCCOC)c(OCCOC)cc23)c1.Cl,429.90400000000017,3.8269000000000033,74.73000000000002,1,7,10,3,30,True,True,True,True,True,False,True,False,True,False,True,False
C3N-02000,26.195880435536,14.25,1,13.072192414390651,12.6046447755037,17.767914942942703,10.583122355255949,19.41341415755525,19.41341415755525,0.0,CHEMBL941,CHEMBL203,50000.055,6.979303657420888,2,nM,Cc1ccc(NC(=O)c2ccc(CN3CCN(C)CC3)cc2)cc1Nc1nccc(-c2cccnc2)n1,493.6150000000002,4.590320000000004,86.28000000000002,2,7,7,5,37,True,True,True,True,True,False,False,True,True,False,False,True
C3N-02000,26.195880435536,14.25,1,13.072192414390651,12.6046447755037,17.767914942942703,10.583122355255949,19.41341415755525,19.41341415755525,0.0,CHEMBL941,CHEMBL203,10000.0,5.0,23,nM,Cc1ccc(NC(=O)c2ccc(CN3CCN(C)CC3)cc2)cc1Nc1nccc(-c2cccnc2)n1,493.6150000000002,4.590320000000004,86.28000000000002,2,7,7,5,37,True,True,True,True,False,True,False,True,False,True,False,True
C3N-02002,25.7553689783406,13.84,1,13.072192414390651,12.6046447755037,17.767914942942703,10.583122355255949,19.64149643945085,19.64149643945085,0.0,CHEMBL1079742,CHEMBL203,42.5,7.489405350465031,4,nM,C#Cc1cccc(Nc2ncnc3cc(OCCOC)c(OCCOC)cc23)c1.Cl,429.90400000000017,3.8269000000000033,74.73000000000002,1,7,10,3,30,True,True,True,True,True,False,True,False,True,False,True,False
C3N-02002,25.7553689783406,13.84,1,13.072192414390651,12.6046447755037,17.767914942942703,10.583122355255949,19.64149643945085,19.64149643945085,0.0,CHEMBL941,CHEMBL203,50000.055,6.979303657420888,2,nM,Cc1ccc(NC(=O)c2ccc(CN3CCN(C)CC3)cc2)cc1Nc1nccc(-c2cccnc2)n1,493.6150000000002,4.590320000000004,86.28000000000002,2,7,7,5,37,True,True,True,True,True,False,False,True,True,False,False,True
C3N-02002,25.7553689783406,13.84,1,13.072192414390651,12.6046447755037,17.767914942942703,10.583122355255949,19.64149643945085,19.64149643945085,0.0,CHEMBL941,CHEMBL203,10000.0,5.0,23,nM,Cc1ccc(NC(=O)c2ccc(CN3CCN(C)CC3)cc2)cc1Nc1nccc(-c2cccnc2)n1,493.6150000000002,4.590320000000004,86.28000000000002,2,7,7,5,37,True,True,True,True,False,True,False,True,False,True,False,True
C3N-02003,25.5074766299989,12.58,1,13.072192414390651,12.6046447755037,17.7037170993624,10.583122355255949,18.865020633290122,17.7037170993624,0.0,CHEMBL1079742,CHEMBL203,42.5,7.489405350465031,4,nM,C#Cc1cccc(Nc2ncnc3cc(OCCOC)c(OCCOC)cc23)c1.Cl,429.90400000000017,3.8269000000000033,74.73000000000002,1,7,10,3,30,True,True,True,True,True,False,True,False,True,False,True,False
C3N-02003,25.5074766299989,12.58,1,13.072192414390651,12.6046447755037,17.7037170993624,10.583122355255949,18.865020633290122,17.7037170993624,0.0,CHEMBL941,CHEMBL203,50000.055,6.979303657420888,2,nM,Cc1ccc(NC(=O)c2ccc(CN3CCN(C)CC3)cc2)cc1Nc1nccc(-c2cccnc2)n1,493.6150000000002,4.590320000000004,86.28000000000002,2,7,7,5,37,True,True,True,True,True,False,False,True,True,False,False,True
C3N-02003,25.5074766299989,12.58,1,13.072192414390651,12.6046447755037,17.7037170993624,10.583122355255949,18.865020633290122,17.7037170993624,0.0,CHEMBL941,CHEMBL203,10000.0,5.0,23,nM,Cc1ccc(NC(=O)c2ccc(CN3CCN(C)CC3)cc2)cc1Nc1nccc(-c2cccnc2)n1,493.6150000000002,4.590320000000004,86.28000000000002,2,7,7,5,37,True,True,True,True,False,True,False,True,False,True,False,True
C3N-02067,26.742501294079,14.44,1,13.072192414390651,12.6046447755037,18.9136474187717,10.583122355255949,19.1964033999606,19.05502540936615,0.0,CHEMBL1079742,CHEMBL203,42.5,7.489405350465031,4,nM,C#Cc1cccc(Nc2ncnc3cc(OCCOC)c(OCCOC)cc23)c1.Cl,429.90400000000017,3.8269000000000033,74.73000000000002,1,7,10,3,30,True,True,True,True,True,False,True,False,True,False,True,False
C3N-02067,26.742501294079,14.44,1,13.072192414390651,12.6046447755037,18.9136474187717,10.583122355255949,19.1964033999606,19.05502540936615,0.0,CHEMBL941,CHEMBL203,50000.055,6.979303657420888,2,nM,Cc1ccc(NC(=O)c2ccc(CN3CCN(C)CC3)cc2)cc1Nc1nccc(-c2cccnc2)n1,493.6150000000002,4.590320000000004,86.28000000000002,2,7,7,5,37,True,True,True,True,True,False,False,True,True,False,False,True
C3N-02067,26.742501294079,14.44,1,13.072192414390651,12.6046447755037,18.9136474187717,10.583122355255949,19.1964033999606,19.05502540936615,0.0,CHEMBL941,CHEMBL203,10000.0,5.0,23,nM,Cc1ccc(NC(=O)c2ccc(CN3CCN(C)CC3)cc2)cc1Nc1nccc(-c2cccnc2)n1,493.6150000000002,4.590320000000004,86.28000000000002,2,7,7,5,37,True,True,True,True,False,True,False,True,False,True,False,True
C3N-02087,25.950541759832,13.93,1,13.072192414390651,12.6046447755037,17.62909662083875,10.583122355255949,18.868637966994548,18.24886729391665,0.0,CHEMBL1079742,CHEMBL203,42.5,7.489405350465031,4,nM,C#Cc1cccc(Nc2ncnc3cc(OCCOC)c(OCCOC)cc23)c1.Cl,429.90400000000017,3.8269000000000033,74.73000000000002,1,7,10,3,30,True,True,True,True,True,False,True,False,True,False,True,False
C3N-02087,25.950541759832,13.93,1,13.072192414390651,12.6046447755037,17.62909662083875,10.583122355255949,18.868637966994548,18.24886729391665,0.0,CHEMBL941,CHEMBL203,50000.055,6.979303657420888,2,nM,Cc1ccc(NC(=O)c2ccc(CN3CCN(C)CC3)cc2)cc1Nc1nccc(-c2cccnc2)n1,493.6150000000002,4.590320000000004,86.28000000000002,2,7,7,5,37,True,True,True,True,True,False,False,True,True,False,False,True
C3N-02087,25.950541759832,13.93,1,13.072192414390651,12.6046447755037,17.62909662083875,10.583122355255949,18.868637966994548,18.24886729391665,0.0,CHEMBL941,CHEMBL203,10000.0,5.0,23,nM,Cc1ccc(NC(=O)c2ccc(CN3CCN(C)CC3)cc2)cc1Nc1nccc(-c2cccnc2)n1,493.6150000000002,4.590320000000004,86.28000000000002,2,7,7,5,37,True,True,True,True,False,True,False,True,False,True,False,True
C3N-02089,25.0394018917068,11.9,1,13.072192414390651,12.6046447755037,17.767914942942703,10.583122355255949,18.865020633290122,17.99546391996231,0.0,CHEMBL1079742,CHEMBL203,42.5,7.489405350465031,4,nM,C#Cc1cccc(Nc2ncnc3cc(OCCOC)c(OCCOC)cc23)c1.Cl,429.90400000000017,3.8269000000000033,74.73000000000002,1,7,10,3,30,True,True,True,True,True,False,True,False,True,False,True,False
C3N-02089,25.0394018917068,11.9,1,13.072192414390651,12.6046447755037,17.767914942942703,10.583122355255949,18.865020633290122,17.99546391996231,0.0,CHEMBL941,CHEMBL203,50000.055,6.979303657420888,2,nM,Cc1ccc(NC(=O)c2ccc(CN3CCN(C)CC3)cc2)cc1Nc1nccc(-c2cccnc2)n1,493.6150000000002,4.590320000000004,86.28000000000002,2,7,7,5,37,True,True,True,True,True,False,False,True,True,False,False,True
C3N-02089,25.0394018917068,11.9,1,13.072192414390651,12.6046447755037,17.767914942942703,10.583122355255949,18.865020633290122,17.99546391996231,0.0,CHEMBL941,CHEMBL203,10000.0,5.0,23,nM,Cc1ccc(NC(=O)c2ccc(CN3CCN(C)CC3)cc2)cc1Nc1nccc(-c2cccnc2)n1,493.6150000000002,4.590320000000004,86.28000000000002,2,7,7,5,37,True,True,True,True,False,True,False,True,False,True,False,True
C3N-02145,25.9823094500627,13.7,1,13.072192414390651,12.6046447755037,17.767914942942703,10.583122355255949,18.865020633290122,17.99546391996231,0.0,CHEMBL1079742,CHEMBL203,42.5,7.489405350465031,4,nM,C#Cc1cccc(Nc2ncnc3cc(OCCOC)c(OCCOC)cc23)c1.Cl,429.90400000000017,3.8269000000000033,74.73000000000002,1,7,10,3,30,True,True,True,True,True,False,True,False,True,False,True,False
C3N-02145,25.9823094500627,13.7,1,13.072192414390651,12.6046447755037,17.767914942942703,10.583122355255949,18.865020633290122,17.99546391996231,0.0,CHEMBL941,CHEMBL203,50000.055,6.979303657420888,2,nM,Cc1ccc(NC(=O)c2ccc(CN3CCN(C)CC3)cc2)cc1Nc1nccc(-c2cccnc2)n1,493.6150000000002,4.590320000000004,86.28000000000002,2,7,7,5,37,True,True,True,True,True,False,False,True,True,False,False,True
C3N-02145,25.9823094500627,13.7,1,13.072192414390651,12.6046447755037,17.767914942942703,10.583122355255949,18.865020633290122,17.99546391996231,0.0,CHEMBL941,CHEMBL203,10000.0,5.0,23,nM,Cc1ccc(NC(=O)c2ccc(CN3CCN(C)CC3)cc2)cc1Nc1nccc(-c2cccnc2)n1,493.6150000000002,4.590320000000004,86.28000000000002,2,7,7,5,37,True,True,True,True,False,True,False,True,False,True,False,True
C3N-02149,25.0390730769136,11.59,1,13.072192414390651,12.6046447755037,17.767914942942703,10.583122355255949,17.682957617408597,17.682957617408597,0.0,CHEMBL1079742,CHEMBL203,42.5,7.489405350465031,4,nM,C#Cc1cccc(Nc2ncnc3cc(OCCOC)c(OCCOC)cc23)c1.Cl,429.90400000000017,3.8269000000000033,74.73000000000002,1,7,10,3,30,True,True,True,True,True,False,True,False,True,False,True,False
C3N-02149,25.0390730769136,11.59,1,13.072192414390651,12.6046447755037,17.767914942942703,10.583122355255949,17.682957617408597,17.682957617408597,0.0,CHEMBL941,CHEMBL203,50000.055,6.979303657420888,2,nM,Cc1ccc(NC(=O)c2ccc(CN3CCN(C)CC3)cc2)cc1Nc1nccc(-c2cccnc2)n1,493.6150000000002,4.590320000000004,86.28000000000002,2,7,7,5,37,True,True,True,True,True,False,False,True,True,False,False,True
C3N-02149,25.0390730769136,11.59,1,13.072192414390651,12.6046447755037,17.767914942942703,10.583122355255949,17.682957617408597,17.682957617408597,0.0,CHEMBL941,CHEMBL203,10000.0,5.0,23,nM,Cc1ccc(NC(=O)c2ccc(CN3CCN(C)CC3)cc2)cc1Nc1nccc(-c2cccnc2)n1,493.6150000000002,4.590320000000004,86.28000000000002,2,7,7,5,37,True,True,True,True,False,True,False,True,False,True,False,True
C3N-02155,27.537751974952,16.33,1,13.072192414390651,12.6046447755037,17.767914942942703,10.583122355255949,20.347288878236,20.347288878236,0.0,CHEMBL1079742,CHEMBL203,42.5,7.489405350465031,4,nM,C#Cc1cccc(Nc2ncnc3cc(OCCOC)c(OCCOC)cc23)c1.Cl,429.90400000000017,3.8269000000000033,74.73000000000002,1,7,10,3,30,True,True,True,True,True,False,True,False,True,False,True,False
C3N-02155,27.537751974952,16.33,1,13.072192414390651,12.6046447755037,17.767914942942703,10.583122355255949,20.347288878236,20.347288878236,0.0,CHEMBL941,CHEMBL203,50000.055,6.979303657420888,2,nM,Cc1ccc(NC(=O)c2ccc(CN3CCN(C)CC3)cc2)cc1Nc1nccc(-c2cccnc2)n1,493.6150000000002,4.590320000000004,86.28000000000002,2,7,7,5,37,True,True,True,True,True,False,False,True,True,False,False,True
C3N-02155,27.537751974952,16.33,1,13.072192414390651,12.6046447755037,17.767914942942703,10.583122355255949,20.347288878236,20.347288878236,0.0,CHEMBL941,CHEMBL203,10000.0,5.0,23,nM,Cc1ccc(NC(=O)c2ccc(CN3CCN(C)CC3)cc2)cc1Nc1nccc(-c2cccnc2)n1,493.6150000000002,4.590320000000004,86.28000000000002,2,7,7,5,37,True,True,True,True,False,True,False,True,False,True,False,True
C3N-02158,25.1952649524321,12.97,1,13.072192414390651,12.6046447755037,17.7050107093324,10.60490272817275,18.214828817933444,15.508247418479533,0.0,CHEMBL1079742,CHEMBL203,42.5,7.489405350465031,4,nM,C#Cc1cccc(Nc2ncnc3cc(OCCOC)c(OCCOC)cc23)c1.Cl,429.90400000000017,3.8269000000000033,74.73000000000002,1,7,10,3,30,True,True,True,True,True,False,True,False,True,False,True,False
C3N-02158,25.1952649524321,12.97,1,13.072192414390651,12.6046447755037,17.7050107093324,10.60490272817275,18.214828817933444,15.508247418479533,0.0,CHEMBL941,CHEMBL203,50000.055,6.979303657420888,2,nM,Cc1ccc(NC(=O)c2ccc(CN3CCN(C)CC3)cc2)cc1Nc1nccc(-c2cccnc2)n1,493.6150000000002,4.590320000000004,86.28000000000002,2,7,7,5,37,True,True,True,True,True,False,False,True,True,False,False,True
C3N-02158,25.1952649524321,12.97,1,13.072192414390651,12.6046447755037,17.7050107093324,10.60490272817275,18.214828817933444,15.508247418479533,0.0,CHEMBL941,CHEMBL203,10000.0,5.0,23,nM,Cc1ccc(NC(=O)c2ccc(CN3CCN(C)CC3)cc2)cc1Nc1nccc(-c2cccnc2)n1,493.6150000000002,4.590320000000004,86.28000000000002,2,7,7,5,37,True,True,True,True,False,True,False,True,False,True,False,True
C3N-02379,26.8884727721476,14.99,1,13.072192414390651,12.6046447755037,17.5923102799153,10.583122355255949,21.5232646834421,19.5577874816787,0.0,CHEMBL1079742,CHEMBL203,42.5,7.489405350465031,4,nM,C#Cc1cccc(Nc2ncnc3cc(OCCOC)c(OCCOC)cc23)c1.Cl,429.90400000000017,3.8269000000000033,74.73000000000002,1,7,10,3,30,True,True,True,True,True,False,True,False,True,False,True,False
C3N-02379,26.8884727721476,14.99,1,13.072192414390651,12.6046447755037,17.5923102799153,10.583122355255949,21.5232646834421,19.5577874816787,0.0,CHEMBL941,CHEMBL203,50000.055,6.979303657420888,2,nM,Cc1ccc(NC(=O)c2ccc(CN3CCN(C)CC3)cc2)cc1Nc1nccc(-c2cccnc2)n1,493.6150000000002,4.590320000000004,86.28000000000002,2,7,7,5,37,True,True,True,True,True,False,False,True,True,False,False,True
C3N-02379,26.8884727721476,14.99,1,13.072192414390651,12.6046447755037,17.5923102799153,10.583122355255949,21.5232646834421,19.5577874816787,0.0,CHEMBL941,CHEMBL203,10000.0,5.0,23,nM,Cc1ccc(NC(=O)c2ccc(CN3CCN(C)CC3)cc2)cc1Nc1nccc(-c2cccnc2)n1,493.6150000000002,4.590320000000004,86.28000000000002,2,7,7,5,37,True,True,True,True,False,True,False,True,False,True,False,True
C3N-02380,25.7880672262256,13.6,1,13.072192414390651,12.6046447755037,17.767914942942703,10.583122355255949,18.865020633290122,17.99546391996231,0.0,CHEMBL1079742,CHEMBL203,42.5,7.489405350465031,4,nM,C#Cc1cccc(Nc2ncnc3cc(OCCOC)c(OCCOC)cc23)c1.Cl,429.90400000000017,3.8269000000000033,74.73000000000002,1,7,10,3,30,True,True,True,True,True,False,True,False,True,False,True,False
C3N-02380,25.7880672262256,13.6,1,13.072192414390651,12.6046447755037,17.767914942942703,10.583122355255949,18.865020633290122,17.99546391996231,0.0,CHEMBL941,CHEMBL203,50000.055,6.979303657420888,2,nM,Cc1ccc(NC(=O)c2ccc(CN3CCN(C)CC3)cc2)cc1Nc1nccc(-c2cccnc2)n1,493.6150000000002,4.590320000000004,86.28000000000002,2,7,7,5,37,True,True,True,True,True,False,False,True,True,False,False,True
C3N-02380,25.7880672262256,13.6,1,13.072192414390651,12.6046447755037,17.767914942942703,10.583122355255949,18.865020633290122,17.99546391996231,0.0,CHEMBL941,CHEMBL203,10000.0,5.0,23,nM,Cc1ccc(NC(=O)c2ccc(CN3CCN(C)CC3)cc2)cc1Nc1nccc(-c2cccnc2)n1,493.6150000000002,4.590320000000004,86.28000000000002,2,7,7,5,37,True,True,True,True,False,True,False,True,False,True,False,True
C3N-02421,26.7503303999458,15.34,1,13.072192414390651,12.6046447755037,18.0663454696274,10.583122355255949,19.93441077324065,16.194626199374667,0.0,CHEMBL1079742,CHEMBL203,42.5,7.489405350465031,4,nM,C#Cc1cccc(Nc2ncnc3cc(OCCOC)c(OCCOC)cc23)c1.Cl,429.90400000000017,3.8269000000000033,74.73000000000002,1,7,10,3,30,True,True,True,True,True,False,True,False,True,False,True,False
C3N-02421,26.7503303999458,15.34,1,13.072192414390651,12.6046447755037,18.0663454696274,10.583122355255949,19.93441077324065,16.194626199374667,0.0,CHEMBL941,CHEMBL203,50000.055,6.979303657420888,2,nM,Cc1ccc(NC(=O)c2ccc(CN3CCN(C)CC3)cc2)cc1Nc1nccc(-c2cccnc2)n1,493.6150000000002,4.590320000000004,86.28000000000002,2,7,7,5,37,True,True,True,True,True,False,False,True,True,False,False,True
C3N-02421,26.7503303999458,15.34,1,13.072192414390651,12.6046447755037,18.0663454696274,10.583122355255949,19.93441077324065,16.194626199374667,0.0,CHEMBL941,CHEMBL203,10000.0,5.0,23,nM,Cc1ccc(NC(=O)c2ccc(CN3CCN(C)CC3)cc2)cc1Nc1nccc(-c2cccnc2)n1,493.6150000000002,4.590320000000004,86.28000000000002,2,7,7,5,37,True,True,True,True,False,True,False,True,False,True,False,True
C3N-02422,25.833288538483,12.65,1,13.072192414390651,12.6046447755037,17.9769343169811,10.583122355255949,18.1896715319823,18.0833029244817,0.0,CHEMBL1079742,CHEMBL203,42.5,7.489405350465031,4,nM,C#Cc1cccc(Nc2ncnc3cc(OCCOC)c(OCCOC)cc23)c1.Cl,429.90400000000017,3.8269000000000033,74.73000000000002,1,7,10,3,30,True,True,True,True,True,False,True,False,True,False,True,False
C3N-02422,25.833288538483,12.65,1,13.072192414390651,12.6046447755037,17.9769343169811,10.583122355255949,18.1896715319823,18.0833029244817,0.0,CHEMBL941,CHEMBL203,50000.055,6.979303657420888,2,nM,Cc1ccc(NC(=O)c2ccc(CN3CCN(C)CC3)cc2)cc1Nc1nccc(-c2cccnc2)n1,493.6150000000002,4.590320000000004,86.28000000000002,2,7,7,5,37,True,True,True,True,True,False,False,True,True,False,False,True
C3N-02422,25.833288538483,12.65,1,13.072192414390651,12.6046447755037,17.9769343169811,10.583122355255949,18.1896715319823,18.0833029244817,0.0,CHEMBL941,CHEMBL203,10000.0,5.0,23,nM,Cc1ccc(NC(=O)c2ccc(CN3CCN(C)CC3)cc2)cc1Nc1nccc(-c2cccnc2)n1,493.6150000000002,4.590320000000004,86.28000000000002,2,7,7,5,37,True,True,True,True,False,True,False,True,False,True,False,True
C3N-02423,25.9719108078131,13.68,1,13.072192414390651,12.6046447755037,17.767914942942703,10.583122355255949,18.865020633290122,17.99546391996231,0.0,CHEMBL1079742,CHEMBL203,42.5,7.489405350465031,4,nM,C#Cc1cccc(Nc2ncnc3cc(OCCOC)c(OCCOC)cc23)c1.Cl,429.90400000000017,3.8269000000000033,74.73000000000002,1,7,10,3,30,True,True,True,True,True,False,True,False,True,False,True,False
C3N-02423,25.9719108078131,13.68,1,13.072192414390651,12.6046447755037,17.767914942942703,10.583122355255949,18.865020633290122,17.99546391996231,0.0,CHEMBL941,CHEMBL203,50000.055,6.979303657420888,2,nM,Cc1ccc(NC(=O)c2ccc(CN3CCN(C)CC3)cc2)cc1Nc1nccc(-c2cccnc2)n1,493.6150000000002,4.590320000000004,86.28000000000002,2,7,7,5,37,True,True,True,True,True,False,False,True,True,False,False,True
C3N-02423,25.9719108078131,13.68,1,13.072192414390651,12.6046447755037,17.767914942942703,10.583122355255949,18.865020633290122,17.99546391996231,0.0,CHEMBL941,CHEMBL203,10000.0,5.0,23,nM,Cc1ccc(NC(=O)c2ccc(CN3CCN(C)CC3)cc2)cc1Nc1nccc(-c2cccnc2)n1,493.6150000000002,4.590320000000004,86.28000000000002,2,7,7,5,37,True,True,True,True,False,True,False,True,False,True,False,True
C3N-02424,25.4180302519632,13.17,1,13.072192414390651,12.6046447755037,17.767914942942703,10.583122355255949,18.8614032995857,18.8614032995857,0.0,CHEMBL1079742,CHEMBL203,42.5,7.489405350465031,4,nM,C#Cc1cccc(Nc2ncnc3cc(OCCOC)c(OCCOC)cc23)c1.Cl,429.90400000000017,3.8269000000000033,74.73000000000002,1,7,10,3,30,True,True,True,True,True,False,True,False,True,False,True,False
C3N-02424,25.4180302519632,13.17,1,13.072192414390651,12.6046447755037,17.767914942942703,10.583122355255949,18.8614032995857,18.8614032995857,0.0,CHEMBL941,CHEMBL203,50000.055,6.979303657420888,2,nM,Cc1ccc(NC(=O)c2ccc(CN3CCN(C)CC3)cc2)cc1Nc1nccc(-c2cccnc2)n1,493.6150000000002,4.590320000000004,86.28000000000002,2,7,7,5,37,True,True,True,True,True,False,False,True,True,False,False,True
C3N-02424,25.4180302519632,13.17,1,13.072192414390651,12.6046447755037,17.767914942942703,10.583122355255949,18.8614032995857,18.8614032995857,0.0,CHEMBL941,CHEMBL203,10000.0,5.0,23,nM,Cc1ccc(NC(=O)c2ccc(CN3CCN(C)CC3)cc2)cc1Nc1nccc(-c2cccnc2)n1,493.6150000000002,4.590320000000004,86.28000000000002,2,7,7,5,37,True,True,True,True,False,True,False,True,False,True,False,True
C3N-02433,25.236228469771,13.45,1,13.072192414390651,12.6046447755037,17.7156641031058,10.583122355255949,18.865020633290122,17.7156641031058,0.0,CHEMBL1079742,CHEMBL203,42.5,7.489405350465031,4,nM,C#Cc1cccc(Nc2ncnc3cc(OCCOC)c(OCCOC)cc23)c1.Cl,429.90400000000017,3.8269000000000033,74.73000000000002,1,7,10,3,30,True,True,True,True,True,False,True,False,True,False,True,False
C3N-02433,25.236228469771,13.45,1,13.072192414390651,12.6046447755037,17.7156641031058,10.583122355255949,18.865020633290122,17.7156641031058,0.0,CHEMBL941,CHEMBL203,50000.055,6.979303657420888,2,nM,Cc1ccc(NC(=O)c2ccc(CN3CCN(C)CC3)cc2)cc1Nc1nccc(-c2cccnc2)n1,493.6150000000002,4.590320000000004,86.28000000000002,2,7,7,5,37,True,True,True,True,True,False,False,True,True,False,False,True
C3N-02433,25.236228469771,13.45,1,13.072192414390651,12.6046447755037,17.7156641031058,10.583122355255949,18.865020633290122,17.7156641031058,0.0,CHEMBL941,CHEMBL203,10000.0,5.0,23,nM,Cc1ccc(NC(=O)c2ccc(CN3CCN(C)CC3)cc2)cc1Nc1nccc(-c2cccnc2)n1,493.6150000000002,4.590320000000004,86.28000000000002,2,7,7,5,37,True,True,True,True,False,True,False,True,False,True,False,True
C3N-02529,26.5451569583962,15.02,1,13.072192414390651,12.6046447755037,18.740353176561648,10.583122355255949,19.63332991049575,19.1868415435287,0.0,CHEMBL1079742,CHEMBL203,42.5,7.489405350465031,4,nM,C#Cc1cccc(Nc2ncnc3cc(OCCOC)c(OCCOC)cc23)c1.Cl,429.90400000000017,3.8269000000000033,74.73000000000002,1,7,10,3,30,True,True,True,True,True,False,True,False,True,False,True,False
C3N-02529,26.5451569583962,15.02,1,13.072192414390651,12.6046447755037,18.740353176561648,10.583122355255949,19.63332991049575,19.1868415435287,0.0,CHEMBL941,CHEMBL203,50000.055,6.979303657420888,2,nM,Cc1ccc(NC(=O)c2ccc(CN3CCN(C)CC3)cc2)cc1Nc1nccc(-c2cccnc2)n1,493.6150000000002,4.590320000000004,86.28000000000002,2,7,7,5,37,True,True,True,True,True,False,False,True,True,False,False,True
C3N-02529,26.5451569583962,15.02,1,13.072192414390651,12.6046447755037,18.740353176561648,10.583122355255949,19.63332991049575,19.1868415435287,0.0,CHEMBL941,CHEMBL203,10000.0,5.0,23,nM,Cc1ccc(NC(=O)c2ccc(CN3CCN(C)CC3)cc2)cc1Nc1nccc(-c2cccnc2)n1,493.6150000000002,4.590320000000004,86.28000000000002,2,7,7,5,37,True,True,True,True,False,True,False,True,False,True,False,True
C3N-02572,26.9646294347872,14.01,1,13.072192414390651,12.6046447755037,17.767914942942703,10.583122355255949,18.865020633290122,17.99546391996231,0.0,CHEMBL1079742,CHEMBL203,42.5,7.489405350465031,4,nM,C#Cc1cccc(Nc2ncnc3cc(OCCOC)c(OCCOC)cc23)c1.Cl,429.90400000000017,3.8269000000000033,74.73000000000002,1,7,10,3,30,True,True,True,True,True,False,True,False,True,False,True,False
C3N-02572,26.9646294347872,14.01,1,13.072192414390651,12.6046447755037,17.767914942942703,10.583122355255949,18.865020633290122,17.99546391996231,0.0,CHEMBL941,CHEMBL203,50000.055,6.979303657420888,2,nM,Cc1ccc(NC(=O)c2ccc(CN3CCN(C)CC3)cc2)cc1Nc1nccc(-c2cccnc2)n1,493.6150000000002,4.590320000000004,86.28000000000002,2,7,7,5,37,True,True,True,True,True,False,False,True,True,False,False,True
C3N-02572,26.9646294347872,14.01,1,13.072192414390651,12.6046447755037,17.767914942942703,10.583122355255949,18.865020633290122,17.99546391996231,0.0,CHEMBL941,CHEMBL203,10000.0,5.0,23,nM,Cc1ccc(NC(=O)c2ccc(CN3CCN(C)CC3)cc2)cc1Nc1nccc(-c2cccnc2)n1,493.6150000000002,4.590320000000004,86.28000000000002,2,7,7,5,37,True,True,True,True,False,True,False,True,False,True,False,True
C3N-02582,27.2192270299591,15.53,1,13.072192414390651,13.11230106168735,18.89778942247105,10.583122355255949,19.8277390647715,17.279276516309967,0.0,CHEMBL1079742,CHEMBL203,42.5,7.489405350465031,4,nM,C#Cc1cccc(Nc2ncnc3cc(OCCOC)c(OCCOC)cc23)c1.Cl,429.90400000000017,3.8269000000000033,74.73000000000002,1,7,10,3,30,True,True,True,True,True,False,True,False,True,False,True,False
C3N-02582,27.2192270299591,15.53,1,13.072192414390651,13.11230106168735,18.89778942247105,10.583122355255949,19.8277390647715,17.279276516309967,0.0,CHEMBL941,CHEMBL203,50000.055,6.979303657420888,2,nM,Cc1ccc(NC(=O)c2ccc(CN3CCN(C)CC3)cc2)cc1Nc1nccc(-c2cccnc2)n1,493.6150000000002,4.590320000000004,86.28000000000002,2,7,7,5,37,True,True,True,True,True,False,False,True,True,False,False,True
C3N-02582,27.2192270299591,15.53,1,13.072192414390651,13.11230106168735,18.89778942247105,10.583122355255949,19.8277390647715,17.279276516309967,0.0,CHEMBL941,CHEMBL203,10000.0,5.0,23,nM,Cc1ccc(NC(=O)c2ccc(CN3CCN(C)CC3)cc2)cc1Nc1nccc(-c2cccnc2)n1,493.6150000000002,4.590320000000004,86.28000000000002,2,7,7,5,37,True,True,True,True,False,True,False,True,False,True,False,True
C3N-02586,26.0954045045356,15.11,1,13.072192414390651,12.6046447755037,17.767914942942703,10.583122355255949,18.865020633290122,17.99546391996231,0.0,CHEMBL1079742,CHEMBL203,42.5,7.489405350465031,4,nM,C#Cc1cccc(Nc2ncnc3cc(OCCOC)c(OCCOC)cc23)c1.Cl,429.90400000000017,3.8269000000000033,74.73000000000002,1,7,10,3,30,True,True,True,True,True,False,True,False,True,False,True,False
C3N-02586,26.0954045045356,15.11,1,13.072192414390651,12.6046447755037,17.767914942942703,10.583122355255949,18.865020633290122,17.99546391996231,0.0,CHEMBL941,CHEMBL203,50000.055,6.979303657420888,2,nM,Cc1ccc(NC(=O)c2ccc(CN3CCN(C)CC3)cc2)cc1Nc1nccc(-c2cccnc2)n1,493.6150000000002,4.590320000000004,86.28000000000002,2,7,7,5,37,True,True,True,True,True,False,False,True,True,False,False,True
C3N-02586,26.0954045045356,15.11,1,13.072192414390651,12.6046447755037,17.767914942942703,10.583122355255949,18.865020633290122,17.99546391996231,0.0,CHEMBL941,CHEMBL203,10000.0,5.0,23,nM,Cc1ccc(NC(=O)c2ccc(CN3CCN(C)CC3)cc2)cc1Nc1nccc(-c2cccnc2)n1,493.6150000000002,4.590320000000004,86.28000000000002,2,7,7,5,37,True,True,True,True,False,True,False,True,False,True,False,True
C3N-02587,25.6811558585803,12.74,1,13.072192414390651,12.6046447755037,17.767914942942703,10.583122355255949,18.865020633290122,17.99546391996231,0.0,CHEMBL1079742,CHEMBL203,42.5,7.489405350465031,4,nM,C#Cc1cccc(Nc2ncnc3cc(OCCOC)c(OCCOC)cc23)c1.Cl,429.90400000000017,3.8269000000000033,74.73000000000002,1,7,10,3,30,True,True,True,True,True,False,True,False,True,False,True,False
C3N-02587,25.6811558585803,12.74,1,13.072192414390651,12.6046447755037,17.767914942942703,10.583122355255949,18.865020633290122,17.99546391996231,0.0,CHEMBL941,CHEMBL203,50000.055,6.979303657420888,2,nM,Cc1ccc(NC(=O)c2ccc(CN3CCN(C)CC3)cc2)cc1Nc1nccc(-c2cccnc2)n1,493.6150000000002,4.590320000000004,86.28000000000002,2,7,7,5,37,True,True,True,True,True,False,False,True,True,False,False,True
C3N-02587,25.6811558585803,12.74,1,13.072192414390651,12.6046447755037,17.767914942942703,10.583122355255949,18.865020633290122,17.99546391996231,0.0,CHEMBL941,CHEMBL203,10000.0,5.0,23,nM,Cc1ccc(NC(=O)c2ccc(CN3CCN(C)CC3)cc2)cc1Nc1nccc(-c2cccnc2)n1,493.6150000000002,4.590320000000004,86.28000000000002,2,7,7,5,37,True,True,True,True,False,True,False,True,False,True,False,True
C3N-02588,25.5225009435601,12.66,1,13.072192414390651,12.6046447755037,17.767914942942703,10.583122355255949,18.865020633290122,17.99546391996231,0.0,CHEMBL1079742,CHEMBL203,42.5,7.489405350465031,4,nM,C#Cc1cccc(Nc2ncnc3cc(OCCOC)c(OCCOC)cc23)c1.Cl,429.90400000000017,3.8269000000000033,74.73000000000002,1,7,10,3,30,True,True,True,True,True,False,True,False,True,False,True,False
C3N-02588,25.5225009435601,12.66,1,13.072192414390651,12.6046447755037,17.767914942942703,10.583122355255949,18.865020633290122,17.99546391996231,0.0,CHEMBL941,CHEMBL203,50000.055,6.979303657420888,2,nM,Cc1ccc(NC(=O)c2ccc(CN3CCN(C)CC3)cc2)cc1Nc1nccc(-c2cccnc2)n1,493.6150000000002,4.590320000000004,86.28000000000002,2,7,7,5,37,True,True,True,True,True,False,False,True,True,False,False,True
C3N-02588,25.5225009435601,12.66,1,13.072192414390651,12.6046447755037,17.767914942942703,10.583122355255949,18.865020633290122,17.99546391996231,0.0,CHEMBL941,CHEMBL203,10000.0,5.0,23,nM,Cc1ccc(NC(=O)c2ccc(CN3CCN(C)CC3)cc2)cc1Nc1nccc(-c2cccnc2)n1,493.6150000000002,4.590320000000004,86.28000000000002,2,7,7,5,37,True,True,True,True,False,True,False,True,False,True,False,True
C3N-02729,25.9227866754068,14.3,1,13.072192414390651,12.6046447755037,17.767914942942703,10.583122355255949,19.5244167289084,19.5244167289084,0.0,CHEMBL1079742,CHEMBL203,42.5,7.489405350465031,4,nM,C#Cc1cccc(Nc2ncnc3cc(OCCOC)c(OCCOC)cc23)c1.Cl,429.90400000000017,3.8269000000000033,74.73000000000002,1,7,10,3,30,True,True,True,True,True,False,True,False,True,False,True,False
C3N-02729,25.9227866754068,14.3,1,13.072192414390651,12.6046447755037,17.767914942942703,10.583122355255949,19.5244167289084,19.5244167289084,0.0,CHEMBL941,CHEMBL203,50000.055,6.979303657420888,2,nM,Cc1ccc(NC(=O)c2ccc(CN3CCN(C)CC3)cc2)cc1Nc1nccc(-c2cccnc2)n1,493.6150000000002,4.590320000000004,86.28000000000002,2,7,7,5,37,True,True,True,True,True,False,False,True,True,False,False,True
C3N-02729,25.9227866754068,14.3,1,13.072192414390651,12.6046447755037,17.767914942942703,10.583122355255949,19.5244167289084,19.5244167289084,0.0,CHEMBL941,CHEMBL203,10000.0,5.0,23,nM,Cc1ccc(NC(=O)c2ccc(CN3CCN(C)CC3)cc2)cc1Nc1nccc(-c2cccnc2)n1,493.6150000000002,4.590320000000004,86.28000000000002,2,7,7,5,37,True,True,True,True,False,True,False,True,False,True,False,True
