is_nonsynonymous,has_exon19del,has_L858R,has_L861Q,has_G719X,has_exon20_alteration,has_other_mutation,mutation_count,is_compound_mutation,is_egfr_hotspot,mutation_A767_V769dup,mutation_D770_N771insGL,mutation_E709_T710delinsD,mutation_E746_A750del,mutation_E866K,mutation_G627*,mutation_G719A,mutation_G719A S768I,mutation_G719C S768I,mutation_G721V,mutation_H773dup,mutation_I91V R1052I,mutation_K754E L747_E749del,mutation_K754I G901V Q432H,mutation_K754_I759del L833V,mutation_L62R L858R,mutation_L747_A750delinsP,mutation_L747_T751del,mutation_L833F L861Q,mutation_L858R,mutation_L858R T790M,mutation_L861Q,mutation_L861Q D1083Efs*11 L387M,mutation_L907M,mutation_Q486*,mutation_R222L E545Q,mutation_R377S,mutation_S921R,mutation_T751_I759delinsN I759N,mutation_V300M,mutation_X210_splice,EGFR_type_Exon19,EGFR_type_L858R,EGFR_type_Other,cohort_TCGA,batch_domain_TCGA,gene_EGFR,egfr_hotspot_label_L858R,egfr_hotspot_label_other,mutation_class_deletion,mutation_class_other,mutation_class_splice,ligand_id_13534,ligand_id_13645,ligand_id_24828,ligand_id_260,ligand_id_279,ligand_name_4-amino-3-[2-(2,ligand_name_5-{[(5-{[(2S)-1-carboxy-3-oxopropan-2-yl]carbamoyl}-4-methylthiophen-2-yl)methyl]sulfamoyl}-2-hydroxybenzoic acid::(S)-5-{[5-(1-Carboxymethyl-2-oxo-ethylcarbamoyl)-4-methyl-thiophen-2-ylmethyl]sulfamoyl}-2-hydroxy-benzoic Acid::Heterocyclic deriv. 69a::Inhibitor 69a,ligand_name_6-[(4-Hydroxy-3-methyl-benzenesulfonylamino)methyl]-N-[1-(7-methoxy-benzooxazole-2-carbonyl)propyl]nicotinamide::5-{[(5-{[(2S)-3-carboxy-1-(7-methoxy-1,ligand_name_N-[2-(1H-indol-3-yl)ethyl][(naphthalen-2-ylmethyl)sulfanyl]carbothioamide::Brassinin derivative,ligand_name_VX680::N-[4-[[4-(4-methylpiperazino)-6-[(5-methyl-1H-pyrazol-3-yl)amino]pyrimidin-2-yl]thio]phenyl]cyclopropanecarboxamide::cyclopropane carboxylic acid {4-[4-(4-methyl-piperazin-1-yl)-6-(5-methyl-2H-pyrazol-3-ylamino)-pyrimidin-2ylsulphanyl]-phenyl}-amide::CHEMBL572878::N-[4-({4-[(3-methyl-1H-pyrazol-5-yl)amino]-6-(4-methylpiperazin-1-yl)pyrimidin-2-yl}sulfanyl)phenyl]cyclopropanecarboxamide::VX-680,ligand_alias_or_description_16,ligand_alias_or_description_3-benzoxazol-2-yl)-1-oxopropan-2-yl]carbamoyl}pyridin-2-yl)methyl]sulfamoyl}-2-hydroxybenzoic acid::Pyridine Scaffold 61::Inhibitor 61,ligand_alias_or_description_4-dichlorophenyl)ethoxy]-N-{[1-(pyridin-4-yl)piperidin-4-yl]methyl}benzamide::3-Oxybenzamide 31,ligand_alias_or_description_CN1CCN(CC1)c1cc(Nc2cc(C)n[nH]2)nc(Sc2ccc(NC(=O)C3CC3)cc2)n1,ligand_alias_or_description_Cc1cc(CNS(=O)(=O)c2ccc(O)c(c2)C(O)=O)sc1C(=O)N[C@@H](CC(O)=O)C=O |r|,canonical_smiles_COc1cccc2nc(oc12)C(=O)[C@H](CC(O)=O)NC(=O)c1ccc(CNS(=O)(=O)c2ccc(O)c(c2)C(O)=O)nc1 |r|,canonical_smiles_Nc1ccc(cc1OCCc1ccc(Cl)cc1Cl)C(=O)NCC1CCN(CC1)c1ccncc1,canonical_smiles_S=C(NCCc1c[nH]c2ccccc12)SCc1ccc2ccccc2c1,canonical_smiles_unknown
0,0,0,0,0,0,1,2,1,0,False,False,False,False,False,False,False,False,False,False,False,False,False,False,False,False,False,False,False,False,False,False,False,False,False,True,False,False,False,False,False,False,False,True,True,True,True,False,True,False,True,False,False,False,False,True,False,False,True,False,False,False,False,False,False,False,True,False,False,False,True
0,0,0,0,0,0,1,2,1,0,False,False,False,False,False,False,False,False,False,False,False,False,False,False,False,False,False,False,False,False,False,False,False,False,False,True,False,False,False,False,False,False,False,True,True,True,True,False,True,False,True,False,False,False,False,False,True,False,False,True,False,False,False,True,False,False,False,True,False,False,False
0,0,0,0,0,0,1,2,1,0,False,False,False,False,False,False,False,False,False,False,False,False,False,False,False,False,False,False,False,False,False,False,False,False,False,True,False,False,False,False,False,False,False,True,True,True,True,False,True,False,True,False,True,False,False,False,False,False,False,False,False,True,False,False,False,True,False,False,False,False,True
0,0,0,0,0,0,1,2,1,0,False,False,False,False,False,False,False,False,False,False,False,False,False,False,False,False,False,False,False,False,False,False,False,False,False,True,False,False,False,False,False,False,False,True,True,True,True,False,True,False,True,False,False,True,False,False,False,True,False,False,False,False,False,False,True,False,False,False,True,False,False
0,0,0,0,0,0,1,2,1,0,False,False,False,False,False,False,False,False,False,False,False,False,False,False,False,False,False,False,False,False,False,False,False,False,False,True,False,False,False,False,False,False,False,True,True,True,True,False,True,False,True,False,False,False,True,False,False,False,False,False,True,False,True,False,False,False,False,False,False,True,False
1,1,0,0,0,0,1,2,1,1,False,False,False,False,False,False,False,False,False,False,False,False,False,False,False,False,False,False,False,False,False,False,False,False,False,False,False,False,True,False,False,True,False,False,True,True,True,False,True,True,False,False,False,False,False,True,False,False,True,False,False,False,False,False,False,False,True,False,False,False,True
1,1,0,0,0,0,1,2,1,1,False,False,False,False,False,False,False,False,False,False,False,False,False,False,False,False,False,False,False,False,False,False,False,False,False,False,False,False,True,False,False,True,False,False,True,True,True,False,True,True,False,False,False,False,False,False,True,False,False,True,False,False,False,True,False,False,False,True,False,False,False
1,1,0,0,0,0,1,2,1,1,False,False,False,False,False,False,False,False,False,False,False,False,False,False,False,False,False,False,False,False,False,False,False,False,False,False,False,False,True,False,False,True,False,False,True,True,True,False,True,True,False,False,True,False,False,False,False,False,False,False,False,True,False,False,False,True,False,False,False,False,True
1,1,0,0,0,0,1,2,1,1,False,False,False,False,False,False,False,False,False,False,False,False,False,False,False,False,False,False,False,False,False,False,False,False,False,False,False,False,True,False,False,True,False,False,True,True,True,False,True,True,False,False,False,True,False,False,False,True,False,False,False,False,False,False,True,False,False,False,True,False,False
1,1,0,0,0,0,1,2,1,1,False,False,False,False,False,False,False,False,False,False,False,False,False,False,False,False,False,False,False,False,False,False,False,False,False,False,False,False,True,False,False,True,False,False,True,True,True,False,True,True,False,False,False,False,True,False,False,False,False,False,True,False,True,False,False,False,False,False,False,True,False
0,0,0,0,0,0,1,1,0,0,False,False,False,False,False,False,False,False,False,False,False,False,False,False,False,False,False,False,False,False,False,False,False,False,False,False,True,False,False,False,False,False,False,True,True,True,True,False,True,False,True,False,False,False,False,True,False,False,True,False,False,False,False,False,False,False,True,False,False,False,True
0,0,0,0,0,0,1,1,0,0,False,False,False,False,False,False,False,False,False,False,False,False,False,False,False,False,False,False,False,False,False,False,False,False,False,False,True,False,False,False,False,False,False,True,True,True,True,False,True,False,True,False,False,False,False,False,True,False,False,True,False,False,False,True,False,False,False,True,False,False,False
0,0,0,0,0,0,1,1,0,0,False,False,False,False,False,False,False,False,False,False,False,False,False,False,False,False,False,False,False,False,False,False,False,False,False,False,True,False,False,False,False,False,False,True,True,True,True,False,True,False,True,False,True,False,False,False,False,False,False,False,False,True,False,False,False,True,False,False,False,False,True
0,0,0,0,0,0,1,1,0,0,False,False,False,False,False,False,False,False,False,False,False,False,False,False,False,False,False,False,False,False,False,False,False,False,False,False,True,False,False,False,False,False,False,True,True,True,True,False,True,False,True,False,False,True,False,False,False,True,False,False,False,False,False,False,True,False,False,False,True,False,False
0,0,0,0,0,0,1,1,0,0,False,False,False,False,False,False,False,False,False,False,False,False,False,False,False,False,False,False,False,False,False,False,False,False,False,False,True,False,False,False,False,False,False,True,True,True,True,False,True,False,True,False,False,False,True,False,False,False,False,False,True,False,True,False,False,False,False,False,False,True,False
0,0,0,1,0,0,1,2,1,1,False,False,False,False,False,False,False,False,False,False,False,False,False,False,False,False,False,False,True,False,False,False,False,False,False,False,False,False,False,False,False,False,False,True,True,True,True,False,True,False,True,False,False,False,False,True,False,False,True,False,False,False,False,False,False,False,True,False,False,False,True
0,0,0,1,0,0,1,2,1,1,False,False,False,False,False,False,False,False,False,False,False,False,False,False,False,False,False,False,True,False,False,False,False,False,False,False,False,False,False,False,False,False,False,True,True,True,True,False,True,False,True,False,False,False,False,False,True,False,False,True,False,False,False,True,False,False,False,True,False,False,False
0,0,0,1,0,0,1,2,1,1,False,False,False,False,False,False,False,False,False,False,False,False,False,False,False,False,False,False,True,False,False,False,False,False,False,False,False,False,False,False,False,False,False,True,True,True,True,False,True,False,True,False,True,False,False,False,False,False,False,False,False,True,False,False,False,True,False,False,False,False,True
0,0,0,1,0,0,1,2,1,1,False,False,False,False,False,False,False,False,False,False,False,False,False,False,False,False,False,False,True,False,False,False,False,False,False,False,False,False,False,False,False,False,False,True,True,True,True,False,True,False,True,False,False,True,False,False,False,True,False,False,False,False,False,False,True,False,False,False,True,False,False
0,0,0,1,0,0,1,2,1,1,False,False,False,False,False,False,False,False,False,False,False,False,False,False,False,False,False,False,True,False,False,False,False,False,False,False,False,False,False,False,False,False,False,True,True,True,True,False,True,False,True,False,False,False,True,False,False,False,False,False,True,False,True,False,False,False,False,False,False,True,False
0,0,0,0,0,0,1,1,0,0,False,False,False,False,False,False,False,False,False,True,False,False,False,False,False,False,False,False,False,False,False,False,False,False,False,False,False,False,False,False,False,False,False,True,True,True,True,False,True,False,True,False,False,False,False,True,False,False,True,False,False,False,False,False,False,False,True,False,False,False,True
0,0,0,0,0,0,1,1,0,0,False,False,False,False,False,False,False,False,False,True,False,False,False,False,False,False,False,False,False,False,False,False,False,False,False,False,False,False,False,False,False,False,False,True,True,True,True,False,True,False,True,False,False,False,False,False,True,False,False,True,False,False,False,True,False,False,False,True,False,False,False
0,0,0,0,0,0,1,1,0,0,False,False,False,False,False,False,False,False,False,True,False,False,False,False,False,False,False,False,False,False,False,False,False,False,False,False,False,False,False,False,False,False,False,True,True,True,True,False,True,False,True,False,True,False,False,False,False,False,False,False,False,True,False,False,False,True,False,False,False,False,True
0,0,0,0,0,0,1,1,0,0,False,False,False,False,False,False,False,False,False,True,False,False,False,False,False,False,False,False,False,False,False,False,False,False,False,False,False,False,False,False,False,False,False,True,True,True,True,False,True,False,True,False,False,True,False,False,False,True,False,False,False,False,False,False,True,False,False,False,True,False,False
0,0,0,0,0,0,1,1,0,0,False,False,False,False,False,False,False,False,False,True,False,False,False,False,False,False,False,False,False,False,False,False,False,False,False,False,False,False,False,False,False,False,False,True,True,True,True,False,True,False,True,False,False,False,True,False,False,False,False,False,True,False,True,False,False,False,False,False,False,True,False
1,1,0,0,0,0,0,1,0,1,False,False,False,True,False,False,False,False,False,False,False,False,False,False,False,False,False,False,False,False,False,False,False,False,False,False,False,False,False,False,False,True,False,False,True,True,True,False,True,True,False,False,False,False,False,True,False,False,True,False,False,False,False,False,False,False,True,False,False,False,True
1,1,0,0,0,0,0,1,0,1,False,False,False,True,False,False,False,False,False,False,False,False,False,False,False,False,False,False,False,False,False,False,False,False,False,False,False,False,False,False,False,True,False,False,True,True,True,False,True,True,False,False,False,False,False,False,True,False,False,True,False,False,False,True,False,False,False,True,False,False,False
1,1,0,0,0,0,0,1,0,1,False,False,False,True,False,False,False,False,False,False,False,False,False,False,False,False,False,False,False,False,False,False,False,False,False,False,False,False,False,False,False,True,False,False,True,True,True,False,True,True,False,False,True,False,False,False,False,False,False,False,False,True,False,False,False,True,False,False,False,False,True
1,1,0,0,0,0,0,1,0,1,False,False,False,True,False,False,False,False,False,False,False,False,False,False,False,False,False,False,False,False,False,False,False,False,False,False,False,False,False,False,False,True,False,False,True,True,True,False,True,True,False,False,False,True,False,False,False,True,False,False,False,False,False,False,True,False,False,False,True,False,False
1,1,0,0,0,0,0,1,0,1,False,False,False,True,False,False,False,False,False,False,False,False,False,False,False,False,False,False,False,False,False,False,False,False,False,False,False,False,False,False,False,True,False,False,True,True,True,False,True,True,False,False,False,False,True,False,False,False,False,False,True,False,True,False,False,False,False,False,False,True,False
0,0,1,0,0,0,0,1,0,1,False,False,False,False,False,False,False,False,False,False,False,False,False,False,False,False,False,False,False,True,False,False,False,False,False,False,False,False,False,False,False,False,True,False,True,True,True,True,False,False,True,False,False,False,False,True,False,False,True,False,False,False,False,False,False,False,True,False,False,False,True
0,0,1,0,0,0,0,1,0,1,False,False,False,False,False,False,False,False,False,False,False,False,False,False,False,False,False,False,False,True,False,False,False,False,False,False,False,False,False,False,False,False,True,False,True,True,True,True,False,False,True,False,False,False,False,False,True,False,False,True,False,False,False,True,False,False,False,True,False,False,False
0,0,1,0,0,0,0,1,0,1,False,False,False,False,False,False,False,False,False,False,False,False,False,False,False,False,False,False,False,True,False,False,False,False,False,False,False,False,False,False,False,False,True,False,True,True,True,True,False,False,True,False,True,False,False,False,False,False,False,False,False,True,False,False,False,True,False,False,False,False,True
0,0,1,0,0,0,0,1,0,1,False,False,False,False,False,False,False,False,False,False,False,False,False,False,False,False,False,False,False,True,False,False,False,False,False,False,False,False,False,False,False,False,True,False,True,True,True,True,False,False,True,False,False,True,False,False,False,True,False,False,False,False,False,False,True,False,False,False,True,False,False
0,0,1,0,0,0,0,1,0,1,False,False,False,False,False,False,False,False,False,False,False,False,False,False,False,False,False,False,False,True,False,False,False,False,False,False,False,False,False,False,False,False,True,False,True,True,True,True,False,False,True,False,False,False,True,False,False,False,False,False,True,False,True,False,False,False,False,False,False,True,False
0,0,0,0,0,1,0,1,0,0,False,True,False,False,False,False,False,False,False,False,False,False,False,False,False,False,False,False,False,False,False,False,False,False,False,False,False,False,False,False,False,False,False,True,True,True,True,False,True,False,True,False,False,False,False,True,False,False,True,False,False,False,False,False,False,False,True,False,False,False,True
0,0,0,0,0,1,0,1,0,0,False,True,False,False,False,False,False,False,False,False,False,False,False,False,False,False,False,False,False,False,False,False,False,False,False,False,False,False,False,False,False,False,False,True,True,True,True,False,True,False,True,False,False,False,False,False,True,False,False,True,False,False,False,True,False,False,False,True,False,False,False
0,0,0,0,0,1,0,1,0,0,False,True,False,False,False,False,False,False,False,False,False,False,False,False,False,False,False,False,False,False,False,False,False,False,False,False,False,False,False,False,False,False,False,True,True,True,True,False,True,False,True,False,True,False,False,False,False,False,False,False,False,True,False,False,False,True,False,False,False,False,True
0,0,0,0,0,1,0,1,0,0,False,True,False,False,False,False,False,False,False,False,False,False,False,False,False,False,False,False,False,False,False,False,False,False,False,False,False,False,False,False,False,False,False,True,True,True,True,False,True,False,True,False,False,True,False,False,False,True,False,False,False,False,False,False,True,False,False,False,True,False,False
0,0,0,0,0,1,0,1,0,0,False,True,False,False,False,False,False,False,False,False,False,False,False,False,False,False,False,False,False,False,False,False,False,False,False,False,False,False,False,False,False,False,False,True,True,True,True,False,True,False,True,False,False,False,True,False,False,False,False,False,True,False,True,False,False,False,False,False,False,True,False
0,0,1,0,0,0,1,2,1,1,False,False,False,False,False,False,False,False,False,False,False,False,False,False,False,True,False,False,False,False,False,False,False,False,False,False,False,False,False,False,False,False,True,False,True,True,True,True,False,False,True,False,False,False,False,True,False,False,True,False,False,False,False,False,False,False,True,False,False,False,True
0,0,1,0,0,0,1,2,1,1,False,False,False,False,False,False,False,False,False,False,False,False,False,False,False,True,False,False,False,False,False,False,False,False,False,False,False,False,False,False,False,False,True,False,True,True,True,True,False,False,True,False,False,False,False,False,True,False,False,True,False,False,False,True,False,False,False,True,False,False,False
0,0,1,0,0,0,1,2,1,1,False,False,False,False,False,False,False,False,False,False,False,False,False,False,False,True,False,False,False,False,False,False,False,False,False,False,False,False,False,False,False,False,True,False,True,True,True,True,False,False,True,False,True,False,False,False,False,False,False,False,False,True,False,False,False,True,False,False,False,False,True
0,0,1,0,0,0,1,2,1,1,False,False,False,False,False,False,False,False,False,False,False,False,False,False,False,True,False,False,False,False,False,False,False,False,False,False,False,False,False,False,False,False,True,False,True,True,True,True,False,False,True,False,False,True,False,False,False,True,False,False,False,False,False,False,True,False,False,False,True,False,False
0,0,1,0,0,0,1,2,1,1,False,False,False,False,False,False,False,False,False,False,False,False,False,False,False,True,False,False,False,False,False,False,False,False,False,False,False,False,False,False,False,False,True,False,True,True,True,True,False,False,True,False,False,False,True,False,False,False,False,False,True,False,True,False,False,False,False,False,False,True,False
1,1,0,0,0,0,0,1,0,1,False,False,False,True,False,False,False,False,False,False,False,False,False,False,False,False,False,False,False,False,False,False,False,False,False,False,False,False,False,False,False,True,False,False,True,True,True,False,True,True,False,False,False,False,False,True,False,False,True,False,False,False,False,False,False,False,True,False,False,False,True
1,1,0,0,0,0,0,1,0,1,False,False,False,True,False,False,False,False,False,False,False,False,False,False,False,False,False,False,False,False,False,False,False,False,False,False,False,False,False,False,False,True,False,False,True,True,True,False,True,True,False,False,False,False,False,False,True,False,False,True,False,False,False,True,False,False,False,True,False,False,False
1,1,0,0,0,0,0,1,0,1,False,False,False,True,False,False,False,False,False,False,False,False,False,False,False,False,False,False,False,False,False,False,False,False,False,False,False,False,False,False,False,True,False,False,True,True,True,False,True,True,False,False,True,False,False,False,False,False,False,False,False,True,False,False,False,True,False,False,False,False,True
1,1,0,0,0,0,0,1,0,1,False,False,False,True,False,False,False,False,False,False,False,False,False,False,False,False,False,False,False,False,False,False,False,False,False,False,False,False,False,False,False,True,False,False,True,True,True,False,True,True,False,False,False,True,False,False,False,True,False,False,False,False,False,False,True,False,False,False,True,False,False
1,1,0,0,0,0,0,1,0,1,False,False,False,True,False,False,False,False,False,False,False,False,False,False,False,False,False,False,False,False,False,False,False,False,False,False,False,False,False,False,False,True,False,False,True,True,True,False,True,True,False,False,False,False,True,False,False,False,False,False,True,False,True,False,False,False,False,False,False,True,False
1,1,0,0,0,0,0,1,0,1,False,False,False,True,False,False,False,False,False,False,False,False,False,False,False,False,False,False,False,False,False,False,False,False,False,False,False,False,False,False,False,True,False,False,True,True,True,False,True,True,False,False,False,False,False,True,False,False,True,False,False,False,False,False,False,False,True,False,False,False,True
1,1,0,0,0,0,0,1,0,1,False,False,False,True,False,False,False,False,False,False,False,False,False,False,False,False,False,False,False,False,False,False,False,False,False,False,False,False,False,False,False,True,False,False,True,True,True,False,True,True,False,False,False,False,False,False,True,False,False,True,False,False,False,True,False,False,False,True,False,False,False
1,1,0,0,0,0,0,1,0,1,False,False,False,True,False,False,False,False,False,False,False,False,False,False,False,False,False,False,False,False,False,False,False,False,False,False,False,False,False,False,False,True,False,False,True,True,True,False,True,True,False,False,True,False,False,False,False,False,False,False,False,True,False,False,False,True,False,False,False,False,True
1,1,0,0,0,0,0,1,0,1,False,False,False,True,False,False,False,False,False,False,False,False,False,False,False,False,False,False,False,False,False,False,False,False,False,False,False,False,False,False,False,True,False,False,True,True,True,False,True,True,False,False,False,True,False,False,False,True,False,False,False,False,False,False,True,False,False,False,True,False,False
1,1,0,0,0,0,0,1,0,1,False,False,False,True,False,False,False,False,False,False,False,False,False,False,False,False,False,False,False,False,False,False,False,False,False,False,False,False,False,False,False,True,False,False,True,True,True,False,True,True,False,False,False,False,True,False,False,False,False,False,True,False,True,False,False,False,False,False,False,True,False
0,0,0,0,0,1,0,1,0,0,True,False,False,False,False,False,False,False,False,False,False,False,False,False,False,False,False,False,False,False,False,False,False,False,False,False,False,False,False,False,False,False,False,True,True,True,True,False,True,False,True,False,False,False,False,True,False,False,True,False,False,False,False,False,False,False,True,False,False,False,True
0,0,0,0,0,1,0,1,0,0,True,False,False,False,False,False,False,False,False,False,False,False,False,False,False,False,False,False,False,False,False,False,False,False,False,False,False,False,False,False,False,False,False,True,True,True,True,False,True,False,True,False,False,False,False,False,True,False,False,True,False,False,False,True,False,False,False,True,False,False,False
0,0,0,0,0,1,0,1,0,0,True,False,False,False,False,False,False,False,False,False,False,False,False,False,False,False,False,False,False,False,False,False,False,False,False,False,False,False,False,False,False,False,False,True,True,True,True,False,True,False,True,False,True,False,False,False,False,False,False,False,False,True,False,False,False,True,False,False,False,False,True
0,0,0,0,0,1,0,1,0,0,True,False,False,False,False,False,False,False,False,False,False,False,False,False,False,False,False,False,False,False,False,False,False,False,False,False,False,False,False,False,False,False,False,True,True,True,True,False,True,False,True,False,False,True,False,False,False,True,False,False,False,False,False,False,True,False,False,False,True,False,False
0,0,0,0,0,1,0,1,0,0,True,False,False,False,False,False,False,False,False,False,False,False,False,False,False,False,False,False,False,False,False,False,False,False,False,False,False,False,False,False,False,False,False,True,True,True,True,False,True,False,True,False,False,False,True,False,False,False,False,False,True,False,True,False,False,False,False,False,False,True,False
0,0,0,0,1,1,0,2,1,1,False,False,False,False,False,False,False,False,True,False,False,False,False,False,False,False,False,False,False,False,False,False,False,False,False,False,False,False,False,False,False,False,False,True,True,True,True,False,True,False,True,False,False,False,False,True,False,False,True,False,False,False,False,False,False,False,True,False,False,False,True
0,0,0,0,1,1,0,2,1,1,False,False,False,False,False,False,False,False,True,False,False,False,False,False,False,False,False,False,False,False,False,False,False,False,False,False,False,False,False,False,False,False,False,True,True,True,True,False,True,False,True,False,False,False,False,False,True,False,False,True,False,False,False,True,False,False,False,True,False,False,False
0,0,0,0,1,1,0,2,1,1,False,False,False,False,False,False,False,False,True,False,False,False,False,False,False,False,False,False,False,False,False,False,False,False,False,False,False,False,False,False,False,False,False,True,True,True,True,False,True,False,True,False,True,False,False,False,False,False,False,False,False,True,False,False,False,True,False,False,False,False,True
0,0,0,0,1,1,0,2,1,1,False,False,False,False,False,False,False,False,True,False,False,False,False,False,False,False,False,False,False,False,False,False,False,False,False,False,False,False,False,False,False,False,False,True,True,True,True,False,True,False,True,False,False,True,False,False,False,True,False,False,False,False,False,False,True,False,False,False,True,False,False
0,0,0,0,1,1,0,2,1,1,False,False,False,False,False,False,False,False,True,False,False,False,False,False,False,False,False,False,False,False,False,False,False,False,False,False,False,False,False,False,False,False,False,True,True,True,True,False,True,False,True,False,False,False,True,False,False,False,False,False,True,False,True,False,False,False,False,False,False,True,False
0,0,1,0,0,0,0,1,0,1,False,False,False,False,False,False,False,False,False,False,False,False,False,False,False,False,False,False,False,True,False,False,False,False,False,False,False,False,False,False,False,False,True,False,True,True,True,True,False,False,True,False,False,False,False,True,False,False,True,False,False,False,False,False,False,False,True,False,False,False,True
0,0,1,0,0,0,0,1,0,1,False,False,False,False,False,False,False,False,False,False,False,False,False,False,False,False,False,False,False,True,False,False,False,False,False,False,False,False,False,False,False,False,True,False,True,True,True,True,False,False,True,False,False,False,False,False,True,False,False,True,False,False,False,True,False,False,False,True,False,False,False
0,0,1,0,0,0,0,1,0,1,False,False,False,False,False,False,False,False,False,False,False,False,False,False,False,False,False,False,False,True,False,False,False,False,False,False,False,False,False,False,False,False,True,False,True,True,True,True,False,False,True,False,True,False,False,False,False,False,False,False,False,True,False,False,False,True,False,False,False,False,True
0,0,1,0,0,0,0,1,0,1,False,False,False,False,False,False,False,False,False,False,False,False,False,False,False,False,False,False,False,True,False,False,False,False,False,False,False,False,False,False,False,False,True,False,True,True,True,True,False,False,True,False,False,True,False,False,False,True,False,False,False,False,False,False,True,False,False,False,True,False,False
0,0,1,0,0,0,0,1,0,1,False,False,False,False,False,False,False,False,False,False,False,False,False,False,False,False,False,False,False,True,False,False,False,False,False,False,False,False,False,False,False,False,True,False,True,True,True,True,False,False,True,False,False,False,True,False,False,False,False,False,True,False,True,False,False,False,False,False,False,True,False
0,0,1,0,0,0,1,2,1,1,False,False,False,False,False,False,False,False,False,False,False,False,False,False,False,False,False,False,False,False,True,False,False,False,False,False,False,False,False,False,False,False,True,False,True,True,True,True,False,False,True,False,False,False,False,True,False,False,True,False,False,False,False,False,False,False,True,False,False,False,True
0,0,1,0,0,0,1,2,1,1,False,False,False,False,False,False,False,False,False,False,False,False,False,False,False,False,False,False,False,False,True,False,False,False,False,False,False,False,False,False,False,False,True,False,True,True,True,True,False,False,True,False,False,False,False,False,True,False,False,True,False,False,False,True,False,False,False,True,False,False,False
0,0,1,0,0,0,1,2,1,1,False,False,False,False,False,False,False,False,False,False,False,False,False,False,False,False,False,False,False,False,True,False,False,False,False,False,False,False,False,False,False,False,True,False,True,True,True,True,False,False,True,False,True,False,False,False,False,False,False,False,False,True,False,False,False,True,False,False,False,False,True
0,0,1,0,0,0,1,2,1,1,False,False,False,False,False,False,False,False,False,False,False,False,False,False,False,False,False,False,False,False,True,False,False,False,False,False,False,False,False,False,False,False,True,False,True,True,True,True,False,False,True,False,False,True,False,False,False,True,False,False,False,False,False,False,True,False,False,False,True,False,False
0,0,1,0,0,0,1,2,1,1,False,False,False,False,False,False,False,False,False,False,False,False,False,False,False,False,False,False,False,False,True,False,False,False,False,False,False,False,False,False,False,False,True,False,True,True,True,True,False,False,True,False,False,False,True,False,False,False,False,False,True,False,True,False,False,False,False,False,False,True,False
1,1,0,0,0,0,0,1,0,1,False,False,False,True,False,False,False,False,False,False,False,False,False,False,False,False,False,False,False,False,False,False,False,False,False,False,False,False,False,False,False,True,False,False,True,True,True,False,True,True,False,False,False,False,False,True,False,False,True,False,False,False,False,False,False,False,True,False,False,False,True
1,1,0,0,0,0,0,1,0,1,False,False,False,True,False,False,False,False,False,False,False,False,False,False,False,False,False,False,False,False,False,False,False,False,False,False,False,False,False,False,False,True,False,False,True,True,True,False,True,True,False,False,False,False,False,False,True,False,False,True,False,False,False,True,False,False,False,True,False,False,False
1,1,0,0,0,0,0,1,0,1,False,False,False,True,False,False,False,False,False,False,False,False,False,False,False,False,False,False,False,False,False,False,False,False,False,False,False,False,False,False,False,True,False,False,True,True,True,False,True,True,False,False,True,False,False,False,False,False,False,False,False,True,False,False,False,True,False,False,False,False,True
1,1,0,0,0,0,0,1,0,1,False,False,False,True,False,False,False,False,False,False,False,False,False,False,False,False,False,False,False,False,False,False,False,False,False,False,False,False,False,False,False,True,False,False,True,True,True,False,True,True,False,False,False,True,False,False,False,True,False,False,False,False,False,False,True,False,False,False,True,False,False
1,1,0,0,0,0,0,1,0,1,False,False,False,True,False,False,False,False,False,False,False,False,False,False,False,False,False,False,False,False,False,False,False,False,False,False,False,False,False,False,False,True,False,False,True,True,True,False,True,True,False,False,False,False,True,False,False,False,False,False,True,False,True,False,False,False,False,False,False,True,False
1,0,0,0,0,0,1,1,0,0,False,False,False,False,False,False,False,False,False,False,False,False,False,False,False,False,False,False,False,False,False,False,False,False,False,False,False,False,False,False,True,False,False,True,True,True,True,False,True,False,False,True,False,False,False,True,False,False,True,False,False,False,False,False,False,False,True,False,False,False,True
1,0,0,0,0,0,1,1,0,0,False,False,False,False,False,False,False,False,False,False,False,False,False,False,False,False,False,False,False,False,False,False,False,False,False,False,False,False,False,False,True,False,False,True,True,True,True,False,True,False,False,True,False,False,False,False,True,False,False,True,False,False,False,True,False,False,False,True,False,False,False
1,0,0,0,0,0,1,1,0,0,False,False,False,False,False,False,False,False,False,False,False,False,False,False,False,False,False,False,False,False,False,False,False,False,False,False,False,False,False,False,True,False,False,True,True,True,True,False,True,False,False,True,True,False,False,False,False,False,False,False,False,True,False,False,False,True,False,False,False,False,True
1,0,0,0,0,0,1,1,0,0,False,False,False,False,False,False,False,False,False,False,False,False,False,False,False,False,False,False,False,False,False,False,False,False,False,False,False,False,False,False,True,False,False,True,True,True,True,False,True,False,False,True,False,True,False,False,False,True,False,False,False,False,False,False,True,False,False,False,True,False,False
1,0,0,0,0,0,1,1,0,0,False,False,False,False,False,False,False,False,False,False,False,False,False,False,False,False,False,False,False,False,False,False,False,False,False,False,False,False,False,False,True,False,False,True,True,True,True,False,True,False,False,True,False,False,True,False,False,False,False,False,True,False,True,False,False,False,False,False,False,True,False
0,0,1,0,0,0,0,1,0,1,False,False,False,False,False,False,False,False,False,False,False,False,False,False,False,False,False,False,False,True,False,False,False,False,False,False,False,False,False,False,False,False,True,False,True,True,True,True,False,False,True,False,False,False,False,True,False,False,True,False,False,False,False,False,False,False,True,False,False,False,True
0,0,1,0,0,0,0,1,0,1,False,False,False,False,False,False,False,False,False,False,False,False,False,False,False,False,False,False,False,True,False,False,False,False,False,False,False,False,False,False,False,False,True,False,True,True,True,True,False,False,True,False,False,False,False,False,True,False,False,True,False,False,False,True,False,False,False,True,False,False,False
0,0,1,0,0,0,0,1,0,1,False,False,False,False,False,False,False,False,False,False,False,False,False,False,False,False,False,False,False,True,False,False,False,False,False,False,False,False,False,False,False,False,True,False,True,True,True,True,False,False,True,False,True,False,False,False,False,False,False,False,False,True,False,False,False,True,False,False,False,False,True
0,0,1,0,0,0,0,1,0,1,False,False,False,False,False,False,False,False,False,False,False,False,False,False,False,False,False,False,False,True,False,False,False,False,False,False,False,False,False,False,False,False,True,False,True,True,True,True,False,False,True,False,False,True,False,False,False,True,False,False,False,False,False,False,True,False,False,False,True,False,False
0,0,1,0,0,0,0,1,0,1,False,False,False,False,False,False,False,False,False,False,False,False,False,False,False,False,False,False,False,True,False,False,False,False,False,False,False,False,False,False,False,False,True,False,True,True,True,True,False,False,True,False,False,False,True,False,False,False,False,False,True,False,True,False,False,False,False,False,False,True,False
1,1,0,0,0,0,1,2,1,1,False,False,False,False,False,False,False,False,False,False,False,False,False,False,True,False,False,False,False,False,False,False,False,False,False,False,False,False,False,False,False,True,False,False,True,True,True,False,True,True,False,False,False,False,False,True,False,False,True,False,False,False,False,False,False,False,True,False,False,False,True
1,1,0,0,0,0,1,2,1,1,False,False,False,False,False,False,False,False,False,False,False,False,False,False,True,False,False,False,False,False,False,False,False,False,False,False,False,False,False,False,False,True,False,False,True,True,True,False,True,True,False,False,False,False,False,False,True,False,False,True,False,False,False,True,False,False,False,True,False,False,False
1,1,0,0,0,0,1,2,1,1,False,False,False,False,False,False,False,False,False,False,False,False,False,False,True,False,False,False,False,False,False,False,False,False,False,False,False,False,False,False,False,True,False,False,True,True,True,False,True,True,False,False,True,False,False,False,False,False,False,False,False,True,False,False,False,True,False,False,False,False,True
1,1,0,0,0,0,1,2,1,1,False,False,False,False,False,False,False,False,False,False,False,False,False,False,True,False,False,False,False,False,False,False,False,False,False,False,False,False,False,False,False,True,False,False,True,True,True,False,True,True,False,False,False,True,False,False,False,True,False,False,False,False,False,False,True,False,False,False,True,False,False
1,1,0,0,0,0,1,2,1,1,False,False,False,False,False,False,False,False,False,False,False,False,False,False,True,False,False,False,False,False,False,False,False,False,False,False,False,False,False,False,False,True,False,False,True,True,True,False,True,True,False,False,False,False,True,False,False,False,False,False,True,False,True,False,False,False,False,False,False,True,False
0,0,0,0,1,1,0,2,1,1,False,False,False,False,False,False,False,True,False,False,False,False,False,False,False,False,False,False,False,False,False,False,False,False,False,False,False,False,False,False,False,False,False,True,True,True,True,False,True,False,True,False,False,False,False,True,False,False,True,False,False,False,False,False,False,False,True,False,False,False,True
0,0,0,0,1,1,0,2,1,1,False,False,False,False,False,False,False,True,False,False,False,False,False,False,False,False,False,False,False,False,False,False,False,False,False,False,False,False,False,False,False,False,False,True,True,True,True,False,True,False,True,False,False,False,False,False,True,False,False,True,False,False,False,True,False,False,False,True,False,False,False
0,0,0,0,1,1,0,2,1,1,False,False,False,False,False,False,False,True,False,False,False,False,False,False,False,False,False,False,False,False,False,False,False,False,False,False,False,False,False,False,False,False,False,True,True,True,True,False,True,False,True,False,True,False,False,False,False,False,False,False,False,True,False,False,False,True,False,False,False,False,True
0,0,0,0,1,1,0,2,1,1,False,False,False,False,False,False,False,True,False,False,False,False,False,False,False,False,False,False,False,False,False,False,False,False,False,False,False,False,False,False,False,False,False,True,True,True,True,False,True,False,True,False,False,True,False,False,False,True,False,False,False,False,False,False,True,False,False,False,True,False,False
0,0,0,0,1,1,0,2,1,1,False,False,False,False,False,False,False,True,False,False,False,False,False,False,False,False,False,False,False,False,False,False,False,False,False,False,False,False,False,False,False,False,False,True,True,True,True,False,True,False,True,False,False,False,True,False,False,False,False,False,True,False,True,False,False,False,False,False,False,True,False
0,0,0,0,0,1,0,1,0,0,False,False,False,False,False,False,False,False,False,False,True,False,False,False,False,False,False,False,False,False,False,False,False,False,False,False,False,False,False,False,False,False,False,True,True,True,True,False,True,False,True,False,False,False,False,True,False,False,True,False,False,False,False,False,False,False,True,False,False,False,True
0,0,0,0,0,1,0,1,0,0,False,False,False,False,False,False,False,False,False,False,True,False,False,False,False,False,False,False,False,False,False,False,False,False,False,False,False,False,False,False,False,False,False,True,True,True,True,False,True,False,True,False,False,False,False,False,True,False,False,True,False,False,False,True,False,False,False,True,False,False,False
0,0,0,0,0,1,0,1,0,0,False,False,False,False,False,False,False,False,False,False,True,False,False,False,False,False,False,False,False,False,False,False,False,False,False,False,False,False,False,False,False,False,False,True,True,True,True,False,True,False,True,False,True,False,False,False,False,False,False,False,False,True,False,False,False,True,False,False,False,False,True
0,0,0,0,0,1,0,1,0,0,False,False,False,False,False,False,False,False,False,False,True,False,False,False,False,False,False,False,False,False,False,False,False,False,False,False,False,False,False,False,False,False,False,True,True,True,True,False,True,False,True,False,False,True,False,False,False,True,False,False,False,False,False,False,True,False,False,False,True,False,False
0,0,0,0,0,1,0,1,0,0,False,False,False,False,False,False,False,False,False,False,True,False,False,False,False,False,False,False,False,False,False,False,False,False,False,False,False,False,False,False,False,False,False,True,True,True,True,False,True,False,True,False,False,False,True,False,False,False,False,False,True,False,True,False,False,False,False,False,False,True,False
0,0,0,0,0,0,1,1,0,0,False,False,False,False,True,False,False,False,False,False,False,False,False,False,False,False,False,False,False,False,False,False,False,False,False,False,False,False,False,False,False,False,False,True,True,True,True,False,True,False,True,False,False,False,False,True,False,False,True,False,False,False,False,False,False,False,True,False,False,False,True
0,0,0,0,0,0,1,1,0,0,False,False,False,False,True,False,False,False,False,False,False,False,False,False,False,False,False,False,False,False,False,False,False,False,False,False,False,False,False,False,False,False,False,True,True,True,True,False,True,False,True,False,False,False,False,False,True,False,False,True,False,False,False,True,False,False,False,True,False,False,False
0,0,0,0,0,0,1,1,0,0,False,False,False,False,True,False,False,False,False,False,False,False,False,False,False,False,False,False,False,False,False,False,False,False,False,False,False,False,False,False,False,False,False,True,True,True,True,False,True,False,True,False,True,False,False,False,False,False,False,False,False,True,False,False,False,True,False,False,False,False,True
0,0,0,0,0,0,1,1,0,0,False,False,False,False,True,False,False,False,False,False,False,False,False,False,False,False,False,False,False,False,False,False,False,False,False,False,False,False,False,False,False,False,False,True,True,True,True,False,True,False,True,False,False,True,False,False,False,True,False,False,False,False,False,False,True,False,False,False,True,False,False
0,0,0,0,0,0,1,1,0,0,False,False,False,False,True,False,False,False,False,False,False,False,False,False,False,False,False,False,False,False,False,False,False,False,False,False,False,False,False,False,False,False,False,True,True,True,True,False,True,False,True,False,False,False,True,False,False,False,False,False,True,False,True,False,False,False,False,False,False,True,False
1,0,0,0,0,0,1,1,0,0,False,False,True,False,False,False,False,False,False,False,False,False,False,False,False,False,False,False,False,False,False,False,False,False,False,False,False,False,False,False,False,True,False,False,True,True,True,False,True,True,False,False,False,False,False,True,False,False,True,False,False,False,False,False,False,False,True,False,False,False,True
1,0,0,0,0,0,1,1,0,0,False,False,True,False,False,False,False,False,False,False,False,False,False,False,False,False,False,False,False,False,False,False,False,False,False,False,False,False,False,False,False,True,False,False,True,True,True,False,True,True,False,False,False,False,False,False,True,False,False,True,False,False,False,True,False,False,False,True,False,False,False
1,0,0,0,0,0,1,1,0,0,False,False,True,False,False,False,False,False,False,False,False,False,False,False,False,False,False,False,False,False,False,False,False,False,False,False,False,False,False,False,False,True,False,False,True,True,True,False,True,True,False,False,True,False,False,False,False,False,False,False,False,True,False,False,False,True,False,False,False,False,True
1,0,0,0,0,0,1,1,0,0,False,False,True,False,False,False,False,False,False,False,False,False,False,False,False,False,False,False,False,False,False,False,False,False,False,False,False,False,False,False,False,True,False,False,True,True,True,False,True,True,False,False,False,True,False,False,False,True,False,False,False,False,False,False,True,False,False,False,True,False,False
1,0,0,0,0,0,1,1,0,0,False,False,True,False,False,False,False,False,False,False,False,False,False,False,False,False,False,False,False,False,False,False,False,False,False,False,False,False,False,False,False,True,False,False,True,True,True,False,True,True,False,False,False,False,True,False,False,False,False,False,True,False,True,False,False,False,False,False,False,True,False
1,1,0,0,0,0,0,1,0,1,False,False,False,False,False,False,False,False,False,False,False,False,False,False,False,False,False,True,False,False,False,False,False,False,False,False,False,False,False,False,False,True,False,False,True,True,True,False,True,True,False,False,False,False,False,True,False,False,True,False,False,False,False,False,False,False,True,False,False,False,True
1,1,0,0,0,0,0,1,0,1,False,False,False,False,False,False,False,False,False,False,False,False,False,False,False,False,False,True,False,False,False,False,False,False,False,False,False,False,False,False,False,True,False,False,True,True,True,False,True,True,False,False,False,False,False,False,True,False,False,True,False,False,False,True,False,False,False,True,False,False,False
1,1,0,0,0,0,0,1,0,1,False,False,False,False,False,False,False,False,False,False,False,False,False,False,False,False,False,True,False,False,False,False,False,False,False,False,False,False,False,False,False,True,False,False,True,True,True,False,True,True,False,False,True,False,False,False,False,False,False,False,False,True,False,False,False,True,False,False,False,False,True
1,1,0,0,0,0,0,1,0,1,False,False,False,False,False,False,False,False,False,False,False,False,False,False,False,False,False,True,False,False,False,False,False,False,False,False,False,False,False,False,False,True,False,False,True,True,True,False,True,True,False,False,False,True,False,False,False,True,False,False,False,False,False,False,True,False,False,False,True,False,False
1,1,0,0,0,0,0,1,0,1,False,False,False,False,False,False,False,False,False,False,False,False,False,False,False,False,False,True,False,False,False,False,False,False,False,False,False,False,False,False,False,True,False,False,True,True,True,False,True,True,False,False,False,False,True,False,False,False,False,False,True,False,True,False,False,False,False,False,False,True,False
0,0,0,0,0,0,1,1,0,0,False,False,False,False,False,False,False,False,False,False,False,False,False,False,False,False,False,False,False,False,False,False,False,False,False,False,False,False,False,True,False,False,False,True,True,True,True,False,True,False,True,False,False,False,False,True,False,False,True,False,False,False,False,False,False,False,True,False,False,False,True
0,0,0,0,0,0,1,1,0,0,False,False,False,False,False,False,False,False,False,False,False,False,False,False,False,False,False,False,False,False,False,False,False,False,False,False,False,False,False,True,False,False,False,True,True,True,True,False,True,False,True,False,False,False,False,False,True,False,False,True,False,False,False,True,False,False,False,True,False,False,False
0,0,0,0,0,0,1,1,0,0,False,False,False,False,False,False,False,False,False,False,False,False,False,False,False,False,False,False,False,False,False,False,False,False,False,False,False,False,False,True,False,False,False,True,True,True,True,False,True,False,True,False,True,False,False,False,False,False,False,False,False,True,False,False,False,True,False,False,False,False,True
0,0,0,0,0,0,1,1,0,0,False,False,False,False,False,False,False,False,False,False,False,False,False,False,False,False,False,False,False,False,False,False,False,False,False,False,False,False,False,True,False,False,False,True,True,True,True,False,True,False,True,False,False,True,False,False,False,True,False,False,False,False,False,False,True,False,False,False,True,False,False
0,0,0,0,0,0,1,1,0,0,False,False,False,False,False,False,False,False,False,False,False,False,False,False,False,False,False,False,False,False,False,False,False,False,False,False,False,False,False,True,False,False,False,True,True,True,True,False,True,False,True,False,False,False,True,False,False,False,False,False,True,False,True,False,False,False,False,False,False,True,False
1,1,0,0,0,0,1,2,1,1,False,False,False,False,False,False,False,False,False,False,False,False,True,False,False,False,False,False,False,False,False,False,False,False,False,False,False,False,False,False,False,True,False,False,True,True,True,False,True,True,False,False,False,False,False,True,False,False,True,False,False,False,False,False,False,False,True,False,False,False,True
1,1,0,0,0,0,1,2,1,1,False,False,False,False,False,False,False,False,False,False,False,False,True,False,False,False,False,False,False,False,False,False,False,False,False,False,False,False,False,False,False,True,False,False,True,True,True,False,True,True,False,False,False,False,False,False,True,False,False,True,False,False,False,True,False,False,False,True,False,False,False
1,1,0,0,0,0,1,2,1,1,False,False,False,False,False,False,False,False,False,False,False,False,True,False,False,False,False,False,False,False,False,False,False,False,False,False,False,False,False,False,False,True,False,False,True,True,True,False,True,True,False,False,True,False,False,False,False,False,False,False,False,True,False,False,False,True,False,False,False,False,True
1,1,0,0,0,0,1,2,1,1,False,False,False,False,False,False,False,False,False,False,False,False,True,False,False,False,False,False,False,False,False,False,False,False,False,False,False,False,False,False,False,True,False,False,True,True,True,False,True,True,False,False,False,True,False,False,False,True,False,False,False,False,False,False,True,False,False,False,True,False,False
1,1,0,0,0,0,1,2,1,1,False,False,False,False,False,False,False,False,False,False,False,False,True,False,False,False,False,False,False,False,False,False,False,False,False,False,False,False,False,False,False,True,False,False,True,True,True,False,True,True,False,False,False,False,True,False,False,False,False,False,True,False,True,False,False,False,False,False,False,True,False
0,0,1,0,0,0,0,1,0,1,False,False,False,False,False,False,False,False,False,False,False,False,False,False,False,False,False,False,False,True,False,False,False,False,False,False,False,False,False,False,False,False,True,False,True,True,True,True,False,False,True,False,False,False,False,True,False,False,True,False,False,False,False,False,False,False,True,False,False,False,True
0,0,1,0,0,0,0,1,0,1,False,False,False,False,False,False,False,False,False,False,False,False,False,False,False,False,False,False,False,True,False,False,False,False,False,False,False,False,False,False,False,False,True,False,True,True,True,True,False,False,True,False,False,False,False,False,True,False,False,True,False,False,False,True,False,False,False,True,False,False,False
0,0,1,0,0,0,0,1,0,1,False,False,False,False,False,False,False,False,False,False,False,False,False,False,False,False,False,False,False,True,False,False,False,False,False,False,False,False,False,False,False,False,True,False,True,True,True,True,False,False,True,False,True,False,False,False,False,False,False,False,False,True,False,False,False,True,False,False,False,False,True
0,0,1,0,0,0,0,1,0,1,False,False,False,False,False,False,False,False,False,False,False,False,False,False,False,False,False,False,False,True,False,False,False,False,False,False,False,False,False,False,False,False,True,False,True,True,True,True,False,False,True,False,False,True,False,False,False,True,False,False,False,False,False,False,True,False,False,False,True,False,False
0,0,1,0,0,0,0,1,0,1,False,False,False,False,False,False,False,False,False,False,False,False,False,False,False,False,False,False,False,True,False,False,False,False,False,False,False,False,False,False,False,False,True,False,True,True,True,True,False,False,True,False,False,False,True,False,False,False,False,False,True,False,True,False,False,False,False,False,False,True,False
1,1,0,0,0,0,0,1,0,1,False,False,False,True,False,False,False,False,False,False,False,False,False,False,False,False,False,False,False,False,False,False,False,False,False,False,False,False,False,False,False,True,False,False,True,True,True,False,True,True,False,False,False,False,False,True,False,False,True,False,False,False,False,False,False,False,True,False,False,False,True
1,1,0,0,0,0,0,1,0,1,False,False,False,True,False,False,False,False,False,False,False,False,False,False,False,False,False,False,False,False,False,False,False,False,False,False,False,False,False,False,False,True,False,False,True,True,True,False,True,True,False,False,False,False,False,False,True,False,False,True,False,False,False,True,False,False,False,True,False,False,False
1,1,0,0,0,0,0,1,0,1,False,False,False,True,False,False,False,False,False,False,False,False,False,False,False,False,False,False,False,False,False,False,False,False,False,False,False,False,False,False,False,True,False,False,True,True,True,False,True,True,False,False,True,False,False,False,False,False,False,False,False,True,False,False,False,True,False,False,False,False,True
1,1,0,0,0,0,0,1,0,1,False,False,False,True,False,False,False,False,False,False,False,False,False,False,False,False,False,False,False,False,False,False,False,False,False,False,False,False,False,False,False,True,False,False,True,True,True,False,True,True,False,False,False,True,False,False,False,True,False,False,False,False,False,False,True,False,False,False,True,False,False
1,1,0,0,0,0,0,1,0,1,False,False,False,True,False,False,False,False,False,False,False,False,False,False,False,False,False,False,False,False,False,False,False,False,False,False,False,False,False,False,False,True,False,False,True,True,True,False,True,True,False,False,False,False,True,False,False,False,False,False,True,False,True,False,False,False,False,False,False,True,False
0,0,1,0,0,0,0,1,0,1,False,False,False,False,False,False,False,False,False,False,False,False,False,False,False,False,False,False,False,True,False,False,False,False,False,False,False,False,False,False,False,False,True,False,True,True,True,True,False,False,True,False,False,False,False,True,False,False,True,False,False,False,False,False,False,False,True,False,False,False,True
0,0,1,0,0,0,0,1,0,1,False,False,False,False,False,False,False,False,False,False,False,False,False,False,False,False,False,False,False,True,False,False,False,False,False,False,False,False,False,False,False,False,True,False,True,True,True,True,False,False,True,False,False,False,False,False,True,False,False,True,False,False,False,True,False,False,False,True,False,False,False
0,0,1,0,0,0,0,1,0,1,False,False,False,False,False,False,False,False,False,False,False,False,False,False,False,False,False,False,False,True,False,False,False,False,False,False,False,False,False,False,False,False,True,False,True,True,True,True,False,False,True,False,True,False,False,False,False,False,False,False,False,True,False,False,False,True,False,False,False,False,True
0,0,1,0,0,0,0,1,0,1,False,False,False,False,False,False,False,False,False,False,False,False,False,False,False,False,False,False,False,True,False,False,False,False,False,False,False,False,False,False,False,False,True,False,True,True,True,True,False,False,True,False,False,True,False,False,False,True,False,False,False,False,False,False,True,False,False,False,True,False,False
0,0,1,0,0,0,0,1,0,1,False,False,False,False,False,False,False,False,False,False,False,False,False,False,False,False,False,False,False,True,False,False,False,False,False,False,False,False,False,False,False,False,True,False,True,True,True,True,False,False,True,False,False,False,True,False,False,False,False,False,True,False,True,False,False,False,False,False,False,True,False
0,0,0,0,1,0,0,1,0,1,False,False,False,False,False,False,True,False,False,False,False,False,False,False,False,False,False,False,False,False,False,False,False,False,False,False,False,False,False,False,False,False,False,True,True,True,True,False,True,False,True,False,False,False,False,True,False,False,True,False,False,False,False,False,False,False,True,False,False,False,True
0,0,0,0,1,0,0,1,0,1,False,False,False,False,False,False,True,False,False,False,False,False,False,False,False,False,False,False,False,False,False,False,False,False,False,False,False,False,False,False,False,False,False,True,True,True,True,False,True,False,True,False,False,False,False,False,True,False,False,True,False,False,False,True,False,False,False,True,False,False,False
0,0,0,0,1,0,0,1,0,1,False,False,False,False,False,False,True,False,False,False,False,False,False,False,False,False,False,False,False,False,False,False,False,False,False,False,False,False,False,False,False,False,False,True,True,True,True,False,True,False,True,False,True,False,False,False,False,False,False,False,False,True,False,False,False,True,False,False,False,False,True
0,0,0,0,1,0,0,1,0,1,False,False,False,False,False,False,True,False,False,False,False,False,False,False,False,False,False,False,False,False,False,False,False,False,False,False,False,False,False,False,False,False,False,True,True,True,True,False,True,False,True,False,False,True,False,False,False,True,False,False,False,False,False,False,True,False,False,False,True,False,False
0,0,0,0,1,0,0,1,0,1,False,False,False,False,False,False,True,False,False,False,False,False,False,False,False,False,False,False,False,False,False,False,False,False,False,False,False,False,False,False,False,False,False,True,True,True,True,False,True,False,True,False,False,False,True,False,False,False,False,False,True,False,True,False,False,False,False,False,False,True,False
1,1,0,0,0,0,0,1,0,1,False,False,False,False,False,False,False,False,False,False,False,False,False,False,False,False,False,True,False,False,False,False,False,False,False,False,False,False,False,False,False,True,False,False,True,True,True,False,True,True,False,False,False,False,False,True,False,False,True,False,False,False,False,False,False,False,True,False,False,False,True
1,1,0,0,0,0,0,1,0,1,False,False,False,False,False,False,False,False,False,False,False,False,False,False,False,False,False,True,False,False,False,False,False,False,False,False,False,False,False,False,False,True,False,False,True,True,True,False,True,True,False,False,False,False,False,False,True,False,False,True,False,False,False,True,False,False,False,True,False,False,False
1,1,0,0,0,0,0,1,0,1,False,False,False,False,False,False,False,False,False,False,False,False,False,False,False,False,False,True,False,False,False,False,False,False,False,False,False,False,False,False,False,True,False,False,True,True,True,False,True,True,False,False,True,False,False,False,False,False,False,False,False,True,False,False,False,True,False,False,False,False,True
1,1,0,0,0,0,0,1,0,1,False,False,False,False,False,False,False,False,False,False,False,False,False,False,False,False,False,True,False,False,False,False,False,False,False,False,False,False,False,False,False,True,False,False,True,True,True,False,True,True,False,False,False,True,False,False,False,True,False,False,False,False,False,False,True,False,False,False,True,False,False
1,1,0,0,0,0,0,1,0,1,False,False,False,False,False,False,False,False,False,False,False,False,False,False,False,False,False,True,False,False,False,False,False,False,False,False,False,False,False,False,False,True,False,False,True,True,True,False,True,True,False,False,False,False,True,False,False,False,False,False,True,False,True,False,False,False,False,False,False,True,False
0,0,1,0,0,0,0,1,0,1,False,False,False,False,False,False,False,False,False,False,False,False,False,False,False,False,False,False,False,True,False,False,False,False,False,False,False,False,False,False,False,False,True,False,True,True,True,True,False,False,True,False,False,False,False,True,False,False,True,False,False,False,False,False,False,False,True,False,False,False,True
0,0,1,0,0,0,0,1,0,1,False,False,False,False,False,False,False,False,False,False,False,False,False,False,False,False,False,False,False,True,False,False,False,False,False,False,False,False,False,False,False,False,True,False,True,True,True,True,False,False,True,False,False,False,False,False,True,False,False,True,False,False,False,True,False,False,False,True,False,False,False
0,0,1,0,0,0,0,1,0,1,False,False,False,False,False,False,False,False,False,False,False,False,False,False,False,False,False,False,False,True,False,False,False,False,False,False,False,False,False,False,False,False,True,False,True,True,True,True,False,False,True,False,True,False,False,False,False,False,False,False,False,True,False,False,False,True,False,False,False,False,True
0,0,1,0,0,0,0,1,0,1,False,False,False,False,False,False,False,False,False,False,False,False,False,False,False,False,False,False,False,True,False,False,False,False,False,False,False,False,False,False,False,False,True,False,True,True,True,True,False,False,True,False,False,True,False,False,False,True,False,False,False,False,False,False,True,False,False,False,True,False,False
0,0,1,0,0,0,0,1,0,1,False,False,False,False,False,False,False,False,False,False,False,False,False,False,False,False,False,False,False,True,False,False,False,False,False,False,False,False,False,False,False,False,True,False,True,True,True,True,False,False,True,False,False,False,True,False,False,False,False,False,True,False,True,False,False,False,False,False,False,True,False
1,1,0,0,0,0,0,1,0,1,False,False,False,True,False,False,False,False,False,False,False,False,False,False,False,False,False,False,False,False,False,False,False,False,False,False,False,False,False,False,False,True,False,False,True,True,True,False,True,True,False,False,False,False,False,True,False,False,True,False,False,False,False,False,False,False,True,False,False,False,True
1,1,0,0,0,0,0,1,0,1,False,False,False,True,False,False,False,False,False,False,False,False,False,False,False,False,False,False,False,False,False,False,False,False,False,False,False,False,False,False,False,True,False,False,True,True,True,False,True,True,False,False,False,False,False,False,True,False,False,True,False,False,False,True,False,False,False,True,False,False,False
1,1,0,0,0,0,0,1,0,1,False,False,False,True,False,False,False,False,False,False,False,False,False,False,False,False,False,False,False,False,False,False,False,False,False,False,False,False,False,False,False,True,False,False,True,True,True,False,True,True,False,False,True,False,False,False,False,False,False,False,False,True,False,False,False,True,False,False,False,False,True
1,1,0,0,0,0,0,1,0,1,False,False,False,True,False,False,False,False,False,False,False,False,False,False,False,False,False,False,False,False,False,False,False,False,False,False,False,False,False,False,False,True,False,False,True,True,True,False,True,True,False,False,False,True,False,False,False,True,False,False,False,False,False,False,True,False,False,False,True,False,False
1,1,0,0,0,0,0,1,0,1,False,False,False,True,False,False,False,False,False,False,False,False,False,False,False,False,False,False,False,False,False,False,False,False,False,False,False,False,False,False,False,True,False,False,True,True,True,False,True,True,False,False,False,False,True,False,False,False,False,False,True,False,True,False,False,False,False,False,False,True,False
1,1,0,0,0,0,0,1,0,1,False,False,False,True,False,False,False,False,False,False,False,False,False,False,False,False,False,False,False,False,False,False,False,False,False,False,False,False,False,False,False,True,False,False,True,True,True,False,True,True,False,False,False,False,False,True,False,False,True,False,False,False,False,False,False,False,True,False,False,False,True
1,1,0,0,0,0,0,1,0,1,False,False,False,True,False,False,False,False,False,False,False,False,False,False,False,False,False,False,False,False,False,False,False,False,False,False,False,False,False,False,False,True,False,False,True,True,True,False,True,True,False,False,False,False,False,False,True,False,False,True,False,False,False,True,False,False,False,True,False,False,False
1,1,0,0,0,0,0,1,0,1,False,False,False,True,False,False,False,False,False,False,False,False,False,False,False,False,False,False,False,False,False,False,False,False,False,False,False,False,False,False,False,True,False,False,True,True,True,False,True,True,False,False,True,False,False,False,False,False,False,False,False,True,False,False,False,True,False,False,False,False,True
1,1,0,0,0,0,0,1,0,1,False,False,False,True,False,False,False,False,False,False,False,False,False,False,False,False,False,False,False,False,False,False,False,False,False,False,False,False,False,False,False,True,False,False,True,True,True,False,True,True,False,False,False,True,False,False,False,True,False,False,False,False,False,False,True,False,False,False,True,False,False
1,1,0,0,0,0,0,1,0,1,False,False,False,True,False,False,False,False,False,False,False,False,False,False,False,False,False,False,False,False,False,False,False,False,False,False,False,False,False,False,False,True,False,False,True,True,True,False,True,True,False,False,False,False,True,False,False,False,False,False,True,False,True,False,False,False,False,False,False,True,False
0,0,1,0,0,0,0,1,0,1,False,False,False,False,False,False,False,False,False,False,False,False,False,False,False,False,False,False,False,True,False,False,False,False,False,False,False,False,False,False,False,False,True,False,True,True,True,True,False,False,True,False,False,False,False,True,False,False,True,False,False,False,False,False,False,False,True,False,False,False,True
0,0,1,0,0,0,0,1,0,1,False,False,False,False,False,False,False,False,False,False,False,False,False,False,False,False,False,False,False,True,False,False,False,False,False,False,False,False,False,False,False,False,True,False,True,True,True,True,False,False,True,False,False,False,False,False,True,False,False,True,False,False,False,True,False,False,False,True,False,False,False
0,0,1,0,0,0,0,1,0,1,False,False,False,False,False,False,False,False,False,False,False,False,False,False,False,False,False,False,False,True,False,False,False,False,False,False,False,False,False,False,False,False,True,False,True,True,True,True,False,False,True,False,True,False,False,False,False,False,False,False,False,True,False,False,False,True,False,False,False,False,True
0,0,1,0,0,0,0,1,0,1,False,False,False,False,False,False,False,False,False,False,False,False,False,False,False,False,False,False,False,True,False,False,False,False,False,False,False,False,False,False,False,False,True,False,True,True,True,True,False,False,True,False,False,True,False,False,False,True,False,False,False,False,False,False,True,False,False,False,True,False,False
0,0,1,0,0,0,0,1,0,1,False,False,False,False,False,False,False,False,False,False,False,False,False,False,False,False,False,False,False,True,False,False,False,False,False,False,False,False,False,False,False,False,True,False,True,True,True,True,False,False,True,False,False,False,True,False,False,False,False,False,True,False,True,False,False,False,False,False,False,True,False
0,0,1,0,0,0,0,1,0,1,False,False,False,False,False,False,False,False,False,False,False,False,False,False,False,False,False,False,False,True,False,False,False,False,False,False,False,False,False,False,False,False,True,False,True,True,True,True,False,False,True,False,False,False,False,True,False,False,True,False,False,False,False,False,False,False,True,False,False,False,True
0,0,1,0,0,0,0,1,0,1,False,False,False,False,False,False,False,False,False,False,False,False,False,False,False,False,False,False,False,True,False,False,False,False,False,False,False,False,False,False,False,False,True,False,True,True,True,True,False,False,True,False,False,False,False,False,True,False,False,True,False,False,False,True,False,False,False,True,False,False,False
0,0,1,0,0,0,0,1,0,1,False,False,False,False,False,False,False,False,False,False,False,False,False,False,False,False,False,False,False,True,False,False,False,False,False,False,False,False,False,False,False,False,True,False,True,True,True,True,False,False,True,False,True,False,False,False,False,False,False,False,False,True,False,False,False,True,False,False,False,False,True
0,0,1,0,0,0,0,1,0,1,False,False,False,False,False,False,False,False,False,False,False,False,False,False,False,False,False,False,False,True,False,False,False,False,False,False,False,False,False,False,False,False,True,False,True,True,True,True,False,False,True,False,False,True,False,False,False,True,False,False,False,False,False,False,True,False,False,False,True,False,False
0,0,1,0,0,0,0,1,0,1,False,False,False,False,False,False,False,False,False,False,False,False,False,False,False,False,False,False,False,True,False,False,False,False,False,False,False,False,False,False,False,False,True,False,True,True,True,True,False,False,True,False,False,False,True,False,False,False,False,False,True,False,True,False,False,False,False,False,False,True,False
0,0,1,0,0,0,0,1,0,1,False,False,False,False,False,False,False,False,False,False,False,False,False,False,False,False,False,False,False,True,False,False,False,False,False,False,False,False,False,False,False,False,True,False,True,True,True,True,False,False,True,False,False,False,False,True,False,False,True,False,False,False,False,False,False,False,True,False,False,False,True
0,0,1,0,0,0,0,1,0,1,False,False,False,False,False,False,False,False,False,False,False,False,False,False,False,False,False,False,False,True,False,False,False,False,False,False,False,False,False,False,False,False,True,False,True,True,True,True,False,False,True,False,False,False,False,False,True,False,False,True,False,False,False,True,False,False,False,True,False,False,False
0,0,1,0,0,0,0,1,0,1,False,False,False,False,False,False,False,False,False,False,False,False,False,False,False,False,False,False,False,True,False,False,False,False,False,False,False,False,False,False,False,False,True,False,True,True,True,True,False,False,True,False,True,False,False,False,False,False,False,False,False,True,False,False,False,True,False,False,False,False,True
0,0,1,0,0,0,0,1,0,1,False,False,False,False,False,False,False,False,False,False,False,False,False,False,False,False,False,False,False,True,False,False,False,False,False,False,False,False,False,False,False,False,True,False,True,True,True,True,False,False,True,False,False,True,False,False,False,True,False,False,False,False,False,False,True,False,False,False,True,False,False
0,0,1,0,0,0,0,1,0,1,False,False,False,False,False,False,False,False,False,False,False,False,False,False,False,False,False,False,False,True,False,False,False,False,False,False,False,False,False,False,False,False,True,False,True,True,True,True,False,False,True,False,False,False,True,False,False,False,False,False,True,False,True,False,False,False,False,False,False,True,False
0,0,1,0,0,0,0,1,0,1,False,False,False,False,False,False,False,False,False,False,False,False,False,False,False,False,False,False,False,True,False,False,False,False,False,False,False,False,False,False,False,False,True,False,True,True,True,True,False,False,True,False,False,False,False,True,False,False,True,False,False,False,False,False,False,False,True,False,False,False,True
0,0,1,0,0,0,0,1,0,1,False,False,False,False,False,False,False,False,False,False,False,False,False,False,False,False,False,False,False,True,False,False,False,False,False,False,False,False,False,False,False,False,True,False,True,True,True,True,False,False,True,False,False,False,False,False,True,False,False,True,False,False,False,True,False,False,False,True,False,False,False
0,0,1,0,0,0,0,1,0,1,False,False,False,False,False,False,False,False,False,False,False,False,False,False,False,False,False,False,False,True,False,False,False,False,False,False,False,False,False,False,False,False,True,False,True,True,True,True,False,False,True,False,True,False,False,False,False,False,False,False,False,True,False,False,False,True,False,False,False,False,True
0,0,1,0,0,0,0,1,0,1,False,False,False,False,False,False,False,False,False,False,False,False,False,False,False,False,False,False,False,True,False,False,False,False,False,False,False,False,False,False,False,False,True,False,True,True,True,True,False,False,True,False,False,True,False,False,False,True,False,False,False,False,False,False,True,False,False,False,True,False,False
0,0,1,0,0,0,0,1,0,1,False,False,False,False,False,False,False,False,False,False,False,False,False,False,False,False,False,False,False,True,False,False,False,False,False,False,False,False,False,False,False,False,True,False,True,True,True,True,False,False,True,False,False,False,True,False,False,False,False,False,True,False,True,False,False,False,False,False,False,True,False
1,0,0,0,0,0,1,1,0,0,False,False,True,False,False,False,False,False,False,False,False,False,False,False,False,False,False,False,False,False,False,False,False,False,False,False,False,False,False,False,False,True,False,False,True,True,True,False,True,True,False,False,False,False,False,True,False,False,True,False,False,False,False,False,False,False,True,False,False,False,True
1,0,0,0,0,0,1,1,0,0,False,False,True,False,False,False,False,False,False,False,False,False,False,False,False,False,False,False,False,False,False,False,False,False,False,False,False,False,False,False,False,True,False,False,True,True,True,False,True,True,False,False,False,False,False,False,True,False,False,True,False,False,False,True,False,False,False,True,False,False,False
1,0,0,0,0,0,1,1,0,0,False,False,True,False,False,False,False,False,False,False,False,False,False,False,False,False,False,False,False,False,False,False,False,False,False,False,False,False,False,False,False,True,False,False,True,True,True,False,True,True,False,False,True,False,False,False,False,False,False,False,False,True,False,False,False,True,False,False,False,False,True
1,0,0,0,0,0,1,1,0,0,False,False,True,False,False,False,False,False,False,False,False,False,False,False,False,False,False,False,False,False,False,False,False,False,False,False,False,False,False,False,False,True,False,False,True,True,True,False,True,True,False,False,False,True,False,False,False,True,False,False,False,False,False,False,True,False,False,False,True,False,False
1,0,0,0,0,0,1,1,0,0,False,False,True,False,False,False,False,False,False,False,False,False,False,False,False,False,False,False,False,False,False,False,False,False,False,False,False,False,False,False,False,True,False,False,True,True,True,False,True,True,False,False,False,False,True,False,False,False,False,False,True,False,True,False,False,False,False,False,False,True,False
0,0,0,0,0,0,1,1,0,0,False,False,False,False,False,False,False,False,False,False,False,False,False,False,False,False,False,False,False,False,False,False,False,False,True,False,False,False,False,False,False,False,False,True,True,True,True,False,True,False,True,False,False,False,False,True,False,False,True,False,False,False,False,False,False,False,True,False,False,False,True
0,0,0,0,0,0,1,1,0,0,False,False,False,False,False,False,False,False,False,False,False,False,False,False,False,False,False,False,False,False,False,False,False,False,True,False,False,False,False,False,False,False,False,True,True,True,True,False,True,False,True,False,False,False,False,False,True,False,False,True,False,False,False,True,False,False,False,True,False,False,False
0,0,0,0,0,0,1,1,0,0,False,False,False,False,False,False,False,False,False,False,False,False,False,False,False,False,False,False,False,False,False,False,False,False,True,False,False,False,False,False,False,False,False,True,True,True,True,False,True,False,True,False,True,False,False,False,False,False,False,False,False,True,False,False,False,True,False,False,False,False,True
0,0,0,0,0,0,1,1,0,0,False,False,False,False,False,False,False,False,False,False,False,False,False,False,False,False,False,False,False,False,False,False,False,False,True,False,False,False,False,False,False,False,False,True,True,True,True,False,True,False,True,False,False,True,False,False,False,True,False,False,False,False,False,False,True,False,False,False,True,False,False
0,0,0,0,0,0,1,1,0,0,False,False,False,False,False,False,False,False,False,False,False,False,False,False,False,False,False,False,False,False,False,False,False,False,True,False,False,False,False,False,False,False,False,True,True,True,True,False,True,False,True,False,False,False,True,False,False,False,False,False,True,False,True,False,False,False,False,False,False,True,False
0,0,1,0,0,0,1,2,1,1,False,False,False,False,False,False,False,False,False,False,False,False,False,False,False,True,False,False,False,False,False,False,False,False,False,False,False,False,False,False,False,False,True,False,True,True,True,True,False,False,True,False,False,False,False,True,False,False,True,False,False,False,False,False,False,False,True,False,False,False,True
0,0,1,0,0,0,1,2,1,1,False,False,False,False,False,False,False,False,False,False,False,False,False,False,False,True,False,False,False,False,False,False,False,False,False,False,False,False,False,False,False,False,True,False,True,True,True,True,False,False,True,False,False,False,False,False,True,False,False,True,False,False,False,True,False,False,False,True,False,False,False
0,0,1,0,0,0,1,2,1,1,False,False,False,False,False,False,False,False,False,False,False,False,False,False,False,True,False,False,False,False,False,False,False,False,False,False,False,False,False,False,False,False,True,False,True,True,True,True,False,False,True,False,True,False,False,False,False,False,False,False,False,True,False,False,False,True,False,False,False,False,True
0,0,1,0,0,0,1,2,1,1,False,False,False,False,False,False,False,False,False,False,False,False,False,False,False,True,False,False,False,False,False,False,False,False,False,False,False,False,False,False,False,False,True,False,True,True,True,True,False,False,True,False,False,True,False,False,False,True,False,False,False,False,False,False,True,False,False,False,True,False,False
0,0,1,0,0,0,1,2,1,1,False,False,False,False,False,False,False,False,False,False,False,False,False,False,False,True,False,False,False,False,False,False,False,False,False,False,False,False,False,False,False,False,True,False,True,True,True,True,False,False,True,False,False,False,True,False,False,False,False,False,True,False,True,False,False,False,False,False,False,True,False
1,1,0,0,0,0,0,1,0,1,False,False,False,True,False,False,False,False,False,False,False,False,False,False,False,False,False,False,False,False,False,False,False,False,False,False,False,False,False,False,False,True,False,False,True,True,True,False,True,True,False,False,False,False,False,True,False,False,True,False,False,False,False,False,False,False,True,False,False,False,True
1,1,0,0,0,0,0,1,0,1,False,False,False,True,False,False,False,False,False,False,False,False,False,False,False,False,False,False,False,False,False,False,False,False,False,False,False,False,False,False,False,True,False,False,True,True,True,False,True,True,False,False,False,False,False,False,True,False,False,True,False,False,False,True,False,False,False,True,False,False,False
1,1,0,0,0,0,0,1,0,1,False,False,False,True,False,False,False,False,False,False,False,False,False,False,False,False,False,False,False,False,False,False,False,False,False,False,False,False,False,False,False,True,False,False,True,True,True,False,True,True,False,False,True,False,False,False,False,False,False,False,False,True,False,False,False,True,False,False,False,False,True
1,1,0,0,0,0,0,1,0,1,False,False,False,True,False,False,False,False,False,False,False,False,False,False,False,False,False,False,False,False,False,False,False,False,False,False,False,False,False,False,False,True,False,False,True,True,True,False,True,True,False,False,False,True,False,False,False,True,False,False,False,False,False,False,True,False,False,False,True,False,False
1,1,0,0,0,0,0,1,0,1,False,False,False,True,False,False,False,False,False,False,False,False,False,False,False,False,False,False,False,False,False,False,False,False,False,False,False,False,False,False,False,True,False,False,True,True,True,False,True,True,False,False,False,False,True,False,False,False,False,False,True,False,True,False,False,False,False,False,False,True,False
1,1,0,0,0,0,0,1,0,1,False,False,False,False,False,False,False,False,False,False,False,False,False,False,False,False,True,False,False,False,False,False,False,False,False,False,False,False,False,False,False,True,False,False,True,True,True,False,True,True,False,False,False,False,False,True,False,False,True,False,False,False,False,False,False,False,True,False,False,False,True
1,1,0,0,0,0,0,1,0,1,False,False,False,False,False,False,False,False,False,False,False,False,False,False,False,False,True,False,False,False,False,False,False,False,False,False,False,False,False,False,False,True,False,False,True,True,True,False,True,True,False,False,False,False,False,False,True,False,False,True,False,False,False,True,False,False,False,True,False,False,False
1,1,0,0,0,0,0,1,0,1,False,False,False,False,False,False,False,False,False,False,False,False,False,False,False,False,True,False,False,False,False,False,False,False,False,False,False,False,False,False,False,True,False,False,True,True,True,False,True,True,False,False,True,False,False,False,False,False,False,False,False,True,False,False,False,True,False,False,False,False,True
1,1,0,0,0,0,0,1,0,1,False,False,False,False,False,False,False,False,False,False,False,False,False,False,False,False,True,False,False,False,False,False,False,False,False,False,False,False,False,False,False,True,False,False,True,True,True,False,True,True,False,False,False,True,False,False,False,True,False,False,False,False,False,False,True,False,False,False,True,False,False
1,1,0,0,0,0,0,1,0,1,False,False,False,False,False,False,False,False,False,False,False,False,False,False,False,False,True,False,False,False,False,False,False,False,False,False,False,False,False,False,False,True,False,False,True,True,True,False,True,True,False,False,False,False,True,False,False,False,False,False,True,False,True,False,False,False,False,False,False,True,False
1,1,0,0,0,0,0,1,0,1,False,False,False,True,False,False,False,False,False,False,False,False,False,False,False,False,False,False,False,False,False,False,False,False,False,False,False,False,False,False,False,True,False,False,True,True,True,False,True,True,False,False,False,False,False,True,False,False,True,False,False,False,False,False,False,False,True,False,False,False,True
1,1,0,0,0,0,0,1,0,1,False,False,False,True,False,False,False,False,False,False,False,False,False,False,False,False,False,False,False,False,False,False,False,False,False,False,False,False,False,False,False,True,False,False,True,True,True,False,True,True,False,False,False,False,False,False,True,False,False,True,False,False,False,True,False,False,False,True,False,False,False
1,1,0,0,0,0,0,1,0,1,False,False,False,True,False,False,False,False,False,False,False,False,False,False,False,False,False,False,False,False,False,False,False,False,False,False,False,False,False,False,False,True,False,False,True,True,True,False,True,True,False,False,True,False,False,False,False,False,False,False,False,True,False,False,False,True,False,False,False,False,True
1,1,0,0,0,0,0,1,0,1,False,False,False,True,False,False,False,False,False,False,False,False,False,False,False,False,False,False,False,False,False,False,False,False,False,False,False,False,False,False,False,True,False,False,True,True,True,False,True,True,False,False,False,True,False,False,False,True,False,False,False,False,False,False,True,False,False,False,True,False,False
1,1,0,0,0,0,0,1,0,1,False,False,False,True,False,False,False,False,False,False,False,False,False,False,False,False,False,False,False,False,False,False,False,False,False,False,False,False,False,False,False,True,False,False,True,True,True,False,True,True,False,False,False,False,True,False,False,False,False,False,True,False,True,False,False,False,False,False,False,True,False
0,0,0,1,0,0,1,3,1,1,False,False,False,False,False,False,False,False,False,False,False,False,False,False,False,False,False,False,False,False,False,False,True,False,False,False,False,False,False,False,False,False,False,True,True,True,True,False,True,False,True,False,False,False,False,True,False,False,True,False,False,False,False,False,False,False,True,False,False,False,True
0,0,0,1,0,0,1,3,1,1,False,False,False,False,False,False,False,False,False,False,False,False,False,False,False,False,False,False,False,False,False,False,True,False,False,False,False,False,False,False,False,False,False,True,True,True,True,False,True,False,True,False,False,False,False,False,True,False,False,True,False,False,False,True,False,False,False,True,False,False,False
0,0,0,1,0,0,1,3,1,1,False,False,False,False,False,False,False,False,False,False,False,False,False,False,False,False,False,False,False,False,False,False,True,False,False,False,False,False,False,False,False,False,False,True,True,True,True,False,True,False,True,False,True,False,False,False,False,False,False,False,False,True,False,False,False,True,False,False,False,False,True
0,0,0,1,0,0,1,3,1,1,False,False,False,False,False,False,False,False,False,False,False,False,False,False,False,False,False,False,False,False,False,False,True,False,False,False,False,False,False,False,False,False,False,True,True,True,True,False,True,False,True,False,False,True,False,False,False,True,False,False,False,False,False,False,True,False,False,False,True,False,False
0,0,0,1,0,0,1,3,1,1,False,False,False,False,False,False,False,False,False,False,False,False,False,False,False,False,False,False,False,False,False,False,True,False,False,False,False,False,False,False,False,False,False,True,True,True,True,False,True,False,True,False,False,False,True,False,False,False,False,False,True,False,True,False,False,False,False,False,False,True,False
0,0,0,0,0,0,1,3,1,0,False,False,False,False,False,False,False,False,False,False,False,False,False,True,False,False,False,False,False,False,False,False,False,False,False,False,False,False,False,False,False,False,False,True,True,True,True,False,True,False,True,False,False,False,False,True,False,False,True,False,False,False,False,False,False,False,True,False,False,False,True
0,0,0,0,0,0,1,3,1,0,False,False,False,False,False,False,False,False,False,False,False,False,False,True,False,False,False,False,False,False,False,False,False,False,False,False,False,False,False,False,False,False,False,True,True,True,True,False,True,False,True,False,False,False,False,False,True,False,False,True,False,False,False,True,False,False,False,True,False,False,False
0,0,0,0,0,0,1,3,1,0,False,False,False,False,False,False,False,False,False,False,False,False,False,True,False,False,False,False,False,False,False,False,False,False,False,False,False,False,False,False,False,False,False,True,True,True,True,False,True,False,True,False,True,False,False,False,False,False,False,False,False,True,False,False,False,True,False,False,False,False,True
0,0,0,0,0,0,1,3,1,0,False,False,False,False,False,False,False,False,False,False,False,False,False,True,False,False,False,False,False,False,False,False,False,False,False,False,False,False,False,False,False,False,False,True,True,True,True,False,True,False,True,False,False,True,False,False,False,True,False,False,False,False,False,False,True,False,False,False,True,False,False
0,0,0,0,0,0,1,3,1,0,False,False,False,False,False,False,False,False,False,False,False,False,False,True,False,False,False,False,False,False,False,False,False,False,False,False,False,False,False,False,False,False,False,True,True,True,True,False,True,False,True,False,False,False,True,False,False,False,False,False,True,False,True,False,False,False,False,False,False,True,False
0,0,0,0,0,0,1,1,0,0,False,False,False,False,False,False,False,False,False,False,False,False,False,False,False,False,False,False,False,False,False,False,False,True,False,False,False,False,False,False,False,False,False,True,True,True,True,False,True,False,True,False,False,False,False,True,False,False,True,False,False,False,False,False,False,False,True,False,False,False,True
0,0,0,0,0,0,1,1,0,0,False,False,False,False,False,False,False,False,False,False,False,False,False,False,False,False,False,False,False,False,False,False,False,True,False,False,False,False,False,False,False,False,False,True,True,True,True,False,True,False,True,False,False,False,False,False,True,False,False,True,False,False,False,True,False,False,False,True,False,False,False
0,0,0,0,0,0,1,1,0,0,False,False,False,False,False,False,False,False,False,False,False,False,False,False,False,False,False,False,False,False,False,False,False,True,False,False,False,False,False,False,False,False,False,True,True,True,True,False,True,False,True,False,True,False,False,False,False,False,False,False,False,True,False,False,False,True,False,False,False,False,True
0,0,0,0,0,0,1,1,0,0,False,False,False,False,False,False,False,False,False,False,False,False,False,False,False,False,False,False,False,False,False,False,False,True,False,False,False,False,False,False,False,False,False,True,True,True,True,False,True,False,True,False,False,True,False,False,False,True,False,False,False,False,False,False,True,False,False,False,True,False,False
0,0,0,0,0,0,1,1,0,0,False,False,False,False,False,False,False,False,False,False,False,False,False,False,False,False,False,False,False,False,False,False,False,True,False,False,False,False,False,False,False,False,False,True,True,True,True,False,True,False,True,False,False,False,True,False,False,False,False,False,True,False,True,False,False,False,False,False,False,True,False
0,0,1,0,0,0,0,1,0,1,False,False,False,False,False,False,False,False,False,False,False,False,False,False,False,False,False,False,False,True,False,False,False,False,False,False,False,False,False,False,False,False,True,False,True,True,True,True,False,False,True,False,False,False,False,True,False,False,True,False,False,False,False,False,False,False,True,False,False,False,True
0,0,1,0,0,0,0,1,0,1,False,False,False,False,False,False,False,False,False,False,False,False,False,False,False,False,False,False,False,True,False,False,False,False,False,False,False,False,False,False,False,False,True,False,True,True,True,True,False,False,True,False,False,False,False,False,True,False,False,True,False,False,False,True,False,False,False,True,False,False,False
0,0,1,0,0,0,0,1,0,1,False,False,False,False,False,False,False,False,False,False,False,False,False,False,False,False,False,False,False,True,False,False,False,False,False,False,False,False,False,False,False,False,True,False,True,True,True,True,False,False,True,False,True,False,False,False,False,False,False,False,False,True,False,False,False,True,False,False,False,False,True
0,0,1,0,0,0,0,1,0,1,False,False,False,False,False,False,False,False,False,False,False,False,False,False,False,False,False,False,False,True,False,False,False,False,False,False,False,False,False,False,False,False,True,False,True,True,True,True,False,False,True,False,False,True,False,False,False,True,False,False,False,False,False,False,True,False,False,False,True,False,False
0,0,1,0,0,0,0,1,0,1,False,False,False,False,False,False,False,False,False,False,False,False,False,False,False,False,False,False,False,True,False,False,False,False,False,False,False,False,False,False,False,False,True,False,True,True,True,True,False,False,True,False,False,False,True,False,False,False,False,False,True,False,True,False,False,False,False,False,False,True,False
1,1,0,0,0,0,0,1,0,1,False,False,False,True,False,False,False,False,False,False,False,False,False,False,False,False,False,False,False,False,False,False,False,False,False,False,False,False,False,False,False,True,False,False,True,True,True,False,True,True,False,False,False,False,False,True,False,False,True,False,False,False,False,False,False,False,True,False,False,False,True
1,1,0,0,0,0,0,1,0,1,False,False,False,True,False,False,False,False,False,False,False,False,False,False,False,False,False,False,False,False,False,False,False,False,False,False,False,False,False,False,False,True,False,False,True,True,True,False,True,True,False,False,False,False,False,False,True,False,False,True,False,False,False,True,False,False,False,True,False,False,False
1,1,0,0,0,0,0,1,0,1,False,False,False,True,False,False,False,False,False,False,False,False,False,False,False,False,False,False,False,False,False,False,False,False,False,False,False,False,False,False,False,True,False,False,True,True,True,False,True,True,False,False,True,False,False,False,False,False,False,False,False,True,False,False,False,True,False,False,False,False,True
1,1,0,0,0,0,0,1,0,1,False,False,False,True,False,False,False,False,False,False,False,False,False,False,False,False,False,False,False,False,False,False,False,False,False,False,False,False,False,False,False,True,False,False,True,True,True,False,True,True,False,False,False,True,False,False,False,True,False,False,False,False,False,False,True,False,False,False,True,False,False
1,1,0,0,0,0,0,1,0,1,False,False,False,True,False,False,False,False,False,False,False,False,False,False,False,False,False,False,False,False,False,False,False,False,False,False,False,False,False,False,False,True,False,False,True,True,True,False,True,True,False,False,False,False,True,False,False,False,False,False,True,False,True,False,False,False,False,False,False,True,False
0,0,1,0,0,0,0,1,0,1,False,False,False,False,False,False,False,False,False,False,False,False,False,False,False,False,False,False,False,True,False,False,False,False,False,False,False,False,False,False,False,False,True,False,True,True,True,True,False,False,True,False,False,False,False,True,False,False,True,False,False,False,False,False,False,False,True,False,False,False,True
0,0,1,0,0,0,0,1,0,1,False,False,False,False,False,False,False,False,False,False,False,False,False,False,False,False,False,False,False,True,False,False,False,False,False,False,False,False,False,False,False,False,True,False,True,True,True,True,False,False,True,False,False,False,False,False,True,False,False,True,False,False,False,True,False,False,False,True,False,False,False
0,0,1,0,0,0,0,1,0,1,False,False,False,False,False,False,False,False,False,False,False,False,False,False,False,False,False,False,False,True,False,False,False,False,False,False,False,False,False,False,False,False,True,False,True,True,True,True,False,False,True,False,True,False,False,False,False,False,False,False,False,True,False,False,False,True,False,False,False,False,True
0,0,1,0,0,0,0,1,0,1,False,False,False,False,False,False,False,False,False,False,False,False,False,False,False,False,False,False,False,True,False,False,False,False,False,False,False,False,False,False,False,False,True,False,True,True,True,True,False,False,True,False,False,True,False,False,False,True,False,False,False,False,False,False,True,False,False,False,True,False,False
0,0,1,0,0,0,0,1,0,1,False,False,False,False,False,False,False,False,False,False,False,False,False,False,False,False,False,False,False,True,False,False,False,False,False,False,False,False,False,False,False,False,True,False,True,True,True,True,False,False,True,False,False,False,True,False,False,False,False,False,True,False,True,False,False,False,False,False,False,True,False
1,1,0,0,0,0,0,1,0,1,False,False,False,True,False,False,False,False,False,False,False,False,False,False,False,False,False,False,False,False,False,False,False,False,False,False,False,False,False,False,False,True,False,False,True,True,True,False,True,True,False,False,False,False,False,True,False,False,True,False,False,False,False,False,False,False,True,False,False,False,True
1,1,0,0,0,0,0,1,0,1,False,False,False,True,False,False,False,False,False,False,False,False,False,False,False,False,False,False,False,False,False,False,False,False,False,False,False,False,False,False,False,True,False,False,True,True,True,False,True,True,False,False,False,False,False,False,True,False,False,True,False,False,False,True,False,False,False,True,False,False,False
1,1,0,0,0,0,0,1,0,1,False,False,False,True,False,False,False,False,False,False,False,False,False,False,False,False,False,False,False,False,False,False,False,False,False,False,False,False,False,False,False,True,False,False,True,True,True,False,True,True,False,False,True,False,False,False,False,False,False,False,False,True,False,False,False,True,False,False,False,False,True
1,1,0,0,0,0,0,1,0,1,False,False,False,True,False,False,False,False,False,False,False,False,False,False,False,False,False,False,False,False,False,False,False,False,False,False,False,False,False,False,False,True,False,False,True,True,True,False,True,True,False,False,False,True,False,False,False,True,False,False,False,False,False,False,True,False,False,False,True,False,False
1,1,0,0,0,0,0,1,0,1,False,False,False,True,False,False,False,False,False,False,False,False,False,False,False,False,False,False,False,False,False,False,False,False,False,False,False,False,False,False,False,True,False,False,True,True,True,False,True,True,False,False,False,False,True,False,False,False,False,False,True,False,True,False,False,False,False,False,False,True,False
0,0,1,0,0,0,0,1,0,1,False,False,False,False,False,False,False,False,False,False,False,False,False,False,False,False,False,False,False,True,False,False,False,False,False,False,False,False,False,False,False,False,True,False,True,True,True,True,False,False,True,False,False,False,False,True,False,False,True,False,False,False,False,False,False,False,True,False,False,False,True
0,0,1,0,0,0,0,1,0,1,False,False,False,False,False,False,False,False,False,False,False,False,False,False,False,False,False,False,False,True,False,False,False,False,False,False,False,False,False,False,False,False,True,False,True,True,True,True,False,False,True,False,False,False,False,False,True,False,False,True,False,False,False,True,False,False,False,True,False,False,False
0,0,1,0,0,0,0,1,0,1,False,False,False,False,False,False,False,False,False,False,False,False,False,False,False,False,False,False,False,True,False,False,False,False,False,False,False,False,False,False,False,False,True,False,True,True,True,True,False,False,True,False,True,False,False,False,False,False,False,False,False,True,False,False,False,True,False,False,False,False,True
0,0,1,0,0,0,0,1,0,1,False,False,False,False,False,False,False,False,False,False,False,False,False,False,False,False,False,False,False,True,False,False,False,False,False,False,False,False,False,False,False,False,True,False,True,True,True,True,False,False,True,False,False,True,False,False,False,True,False,False,False,False,False,False,True,False,False,False,True,False,False
0,0,1,0,0,0,0,1,0,1,False,False,False,False,False,False,False,False,False,False,False,False,False,False,False,False,False,False,False,True,False,False,False,False,False,False,False,False,False,False,False,False,True,False,True,True,True,True,False,False,True,False,False,False,True,False,False,False,False,False,True,False,True,False,False,False,False,False,False,True,False
1,0,0,0,0,0,1,1,0,0,False,False,True,False,False,False,False,False,False,False,False,False,False,False,False,False,False,False,False,False,False,False,False,False,False,False,False,False,False,False,False,True,False,False,True,True,True,False,True,True,False,False,False,False,False,True,False,False,True,False,False,False,False,False,False,False,True,False,False,False,True
1,0,0,0,0,0,1,1,0,0,False,False,True,False,False,False,False,False,False,False,False,False,False,False,False,False,False,False,False,False,False,False,False,False,False,False,False,False,False,False,False,True,False,False,True,True,True,False,True,True,False,False,False,False,False,False,True,False,False,True,False,False,False,True,False,False,False,True,False,False,False
1,0,0,0,0,0,1,1,0,0,False,False,True,False,False,False,False,False,False,False,False,False,False,False,False,False,False,False,False,False,False,False,False,False,False,False,False,False,False,False,False,True,False,False,True,True,True,False,True,True,False,False,True,False,False,False,False,False,False,False,False,True,False,False,False,True,False,False,False,False,True
1,0,0,0,0,0,1,1,0,0,False,False,True,False,False,False,False,False,False,False,False,False,False,False,False,False,False,False,False,False,False,False,False,False,False,False,False,False,False,False,False,True,False,False,True,True,True,False,True,True,False,False,False,True,False,False,False,True,False,False,False,False,False,False,True,False,False,False,True,False,False
1,0,0,0,0,0,1,1,0,0,False,False,True,False,False,False,False,False,False,False,False,False,False,False,False,False,False,False,False,False,False,False,False,False,False,False,False,False,False,False,False,True,False,False,True,True,True,False,True,True,False,False,False,False,True,False,False,False,False,False,True,False,True,False,False,False,False,False,False,True,False
0,0,1,0,0,0,0,1,0,1,False,False,False,False,False,False,False,False,False,False,False,False,False,False,False,False,False,False,False,True,False,False,False,False,False,False,False,False,False,False,False,False,True,False,True,True,True,True,False,False,True,False,False,False,False,True,False,False,True,False,False,False,False,False,False,False,True,False,False,False,True
0,0,1,0,0,0,0,1,0,1,False,False,False,False,False,False,False,False,False,False,False,False,False,False,False,False,False,False,False,True,False,False,False,False,False,False,False,False,False,False,False,False,True,False,True,True,True,True,False,False,True,False,False,False,False,False,True,False,False,True,False,False,False,True,False,False,False,True,False,False,False
0,0,1,0,0,0,0,1,0,1,False,False,False,False,False,False,False,False,False,False,False,False,False,False,False,False,False,False,False,True,False,False,False,False,False,False,False,False,False,False,False,False,True,False,True,True,True,True,False,False,True,False,True,False,False,False,False,False,False,False,False,True,False,False,False,True,False,False,False,False,True
0,0,1,0,0,0,0,1,0,1,False,False,False,False,False,False,False,False,False,False,False,False,False,False,False,False,False,False,False,True,False,False,False,False,False,False,False,False,False,False,False,False,True,False,True,True,True,True,False,False,True,False,False,True,False,False,False,True,False,False,False,False,False,False,True,False,False,False,True,False,False
0,0,1,0,0,0,0,1,0,1,False,False,False,False,False,False,False,False,False,False,False,False,False,False,False,False,False,False,False,True,False,False,False,False,False,False,False,False,False,False,False,False,True,False,True,True,True,True,False,False,True,False,False,False,True,False,False,False,False,False,True,False,True,False,False,False,False,False,False,True,False
0,0,0,1,0,0,0,1,0,1,False,False,False,False,False,False,False,False,False,False,False,False,False,False,False,False,False,False,False,False,False,True,False,False,False,False,False,False,False,False,False,False,False,True,True,True,True,False,True,False,True,False,False,False,False,True,False,False,True,False,False,False,False,False,False,False,True,False,False,False,True
0,0,0,1,0,0,0,1,0,1,False,False,False,False,False,False,False,False,False,False,False,False,False,False,False,False,False,False,False,False,False,True,False,False,False,False,False,False,False,False,False,False,False,True,True,True,True,False,True,False,True,False,False,False,False,False,True,False,False,True,False,False,False,True,False,False,False,True,False,False,False
0,0,0,1,0,0,0,1,0,1,False,False,False,False,False,False,False,False,False,False,False,False,False,False,False,False,False,False,False,False,False,True,False,False,False,False,False,False,False,False,False,False,False,True,True,True,True,False,True,False,True,False,True,False,False,False,False,False,False,False,False,True,False,False,False,True,False,False,False,False,True
0,0,0,1,0,0,0,1,0,1,False,False,False,False,False,False,False,False,False,False,False,False,False,False,False,False,False,False,False,False,False,True,False,False,False,False,False,False,False,False,False,False,False,True,True,True,True,False,True,False,True,False,False,True,False,False,False,True,False,False,False,False,False,False,True,False,False,False,True,False,False
0,0,0,1,0,0,0,1,0,1,False,False,False,False,False,False,False,False,False,False,False,False,False,False,False,False,False,False,False,False,False,True,False,False,False,False,False,False,False,False,False,False,False,True,True,True,True,False,True,False,True,False,False,False,True,False,False,False,False,False,True,False,True,False,False,False,False,False,False,True,False
0,0,0,0,0,0,1,1,0,0,False,False,False,False,False,False,False,False,False,False,False,False,False,False,False,False,False,False,False,False,False,False,False,False,False,False,False,True,False,False,False,False,False,True,True,True,True,False,True,False,True,False,False,False,False,True,False,False,True,False,False,False,False,False,False,False,True,False,False,False,True
0,0,0,0,0,0,1,1,0,0,False,False,False,False,False,False,False,False,False,False,False,False,False,False,False,False,False,False,False,False,False,False,False,False,False,False,False,True,False,False,False,False,False,True,True,True,True,False,True,False,True,False,False,False,False,False,True,False,False,True,False,False,False,True,False,False,False,True,False,False,False
0,0,0,0,0,0,1,1,0,0,False,False,False,False,False,False,False,False,False,False,False,False,False,False,False,False,False,False,False,False,False,False,False,False,False,False,False,True,False,False,False,False,False,True,True,True,True,False,True,False,True,False,True,False,False,False,False,False,False,False,False,True,False,False,False,True,False,False,False,False,True
0,0,0,0,0,0,1,1,0,0,False,False,False,False,False,False,False,False,False,False,False,False,False,False,False,False,False,False,False,False,False,False,False,False,False,False,False,True,False,False,False,False,False,True,True,True,True,False,True,False,True,False,False,True,False,False,False,True,False,False,False,False,False,False,True,False,False,False,True,False,False
0,0,0,0,0,0,1,1,0,0,False,False,False,False,False,False,False,False,False,False,False,False,False,False,False,False,False,False,False,False,False,False,False,False,False,False,False,True,False,False,False,False,False,True,True,True,True,False,True,False,True,False,False,False,True,False,False,False,False,False,True,False,True,False,False,False,False,False,False,True,False
0,0,0,0,0,0,1,2,1,0,False,False,False,False,False,False,False,False,False,False,False,True,False,False,False,False,False,False,False,False,False,False,False,False,False,False,False,False,False,False,False,False,False,True,True,True,True,False,True,False,True,False,False,False,False,True,False,False,True,False,False,False,False,False,False,False,True,False,False,False,True
0,0,0,0,0,0,1,2,1,0,False,False,False,False,False,False,False,False,False,False,False,True,False,False,False,False,False,False,False,False,False,False,False,False,False,False,False,False,False,False,False,False,False,True,True,True,True,False,True,False,True,False,False,False,False,False,True,False,False,True,False,False,False,True,False,False,False,True,False,False,False
0,0,0,0,0,0,1,2,1,0,False,False,False,False,False,False,False,False,False,False,False,True,False,False,False,False,False,False,False,False,False,False,False,False,False,False,False,False,False,False,False,False,False,True,True,True,True,False,True,False,True,False,True,False,False,False,False,False,False,False,False,True,False,False,False,True,False,False,False,False,True
0,0,0,0,0,0,1,2,1,0,False,False,False,False,False,False,False,False,False,False,False,True,False,False,False,False,False,False,False,False,False,False,False,False,False,False,False,False,False,False,False,False,False,True,True,True,True,False,True,False,True,False,False,True,False,False,False,True,False,False,False,False,False,False,True,False,False,False,True,False,False
0,0,0,0,0,0,1,2,1,0,False,False,False,False,False,False,False,False,False,False,False,True,False,False,False,False,False,False,False,False,False,False,False,False,False,False,False,False,False,False,False,False,False,True,True,True,True,False,True,False,True,False,False,False,True,False,False,False,False,False,True,False,True,False,False,False,False,False,False,True,False
1,1,0,0,0,0,0,1,0,1,False,False,False,True,False,False,False,False,False,False,False,False,False,False,False,False,False,False,False,False,False,False,False,False,False,False,False,False,False,False,False,True,False,False,True,True,True,False,True,True,False,False,False,False,False,True,False,False,True,False,False,False,False,False,False,False,True,False,False,False,True
1,1,0,0,0,0,0,1,0,1,False,False,False,True,False,False,False,False,False,False,False,False,False,False,False,False,False,False,False,False,False,False,False,False,False,False,False,False,False,False,False,True,False,False,True,True,True,False,True,True,False,False,False,False,False,False,True,False,False,True,False,False,False,True,False,False,False,True,False,False,False
1,1,0,0,0,0,0,1,0,1,False,False,False,True,False,False,False,False,False,False,False,False,False,False,False,False,False,False,False,False,False,False,False,False,False,False,False,False,False,False,False,True,False,False,True,True,True,False,True,True,False,False,True,False,False,False,False,False,False,False,False,True,False,False,False,True,False,False,False,False,True
1,1,0,0,0,0,0,1,0,1,False,False,False,True,False,False,False,False,False,False,False,False,False,False,False,False,False,False,False,False,False,False,False,False,False,False,False,False,False,False,False,True,False,False,True,True,True,False,True,True,False,False,False,True,False,False,False,True,False,False,False,False,False,False,True,False,False,False,True,False,False
1,1,0,0,0,0,0,1,0,1,False,False,False,True,False,False,False,False,False,False,False,False,False,False,False,False,False,False,False,False,False,False,False,False,False,False,False,False,False,False,False,True,False,False,True,True,True,False,True,True,False,False,False,False,True,False,False,False,False,False,True,False,True,False,False,False,False,False,False,True,False
0,0,0,0,0,0,1,1,0,0,False,False,False,False,False,True,False,False,False,False,False,False,False,False,False,False,False,False,False,False,False,False,False,False,False,False,False,False,False,False,False,False,False,True,True,True,True,False,True,False,True,False,False,False,False,True,False,False,True,False,False,False,False,False,False,False,True,False,False,False,True
0,0,0,0,0,0,1,1,0,0,False,False,False,False,False,True,False,False,False,False,False,False,False,False,False,False,False,False,False,False,False,False,False,False,False,False,False,False,False,False,False,False,False,True,True,True,True,False,True,False,True,False,False,False,False,False,True,False,False,True,False,False,False,True,False,False,False,True,False,False,False
0,0,0,0,0,0,1,1,0,0,False,False,False,False,False,True,False,False,False,False,False,False,False,False,False,False,False,False,False,False,False,False,False,False,False,False,False,False,False,False,False,False,False,True,True,True,True,False,True,False,True,False,True,False,False,False,False,False,False,False,False,True,False,False,False,True,False,False,False,False,True
0,0,0,0,0,0,1,1,0,0,False,False,False,False,False,True,False,False,False,False,False,False,False,False,False,False,False,False,False,False,False,False,False,False,False,False,False,False,False,False,False,False,False,True,True,True,True,False,True,False,True,False,False,True,False,False,False,True,False,False,False,False,False,False,True,False,False,False,True,False,False
0,0,0,0,0,0,1,1,0,0,False,False,False,False,False,True,False,False,False,False,False,False,False,False,False,False,False,False,False,False,False,False,False,False,False,False,False,False,False,False,False,False,False,True,True,True,True,False,True,False,True,False,False,False,True,False,False,False,False,False,True,False,True,False,False,False,False,False,False,True,False
0,0,1,0,0,0,0,1,0,1,False,False,False,False,False,False,False,False,False,False,False,False,False,False,False,False,False,False,False,True,False,False,False,False,False,False,False,False,False,False,False,False,True,False,True,True,True,True,False,False,True,False,False,False,False,True,False,False,True,False,False,False,False,False,False,False,True,False,False,False,True
0,0,1,0,0,0,0,1,0,1,False,False,False,False,False,False,False,False,False,False,False,False,False,False,False,False,False,False,False,True,False,False,False,False,False,False,False,False,False,False,False,False,True,False,True,True,True,True,False,False,True,False,False,False,False,False,True,False,False,True,False,False,False,True,False,False,False,True,False,False,False
0,0,1,0,0,0,0,1,0,1,False,False,False,False,False,False,False,False,False,False,False,False,False,False,False,False,False,False,False,True,False,False,False,False,False,False,False,False,False,False,False,False,True,False,True,True,True,True,False,False,True,False,True,False,False,False,False,False,False,False,False,True,False,False,False,True,False,False,False,False,True
0,0,1,0,0,0,0,1,0,1,False,False,False,False,False,False,False,False,False,False,False,False,False,False,False,False,False,False,False,True,False,False,False,False,False,False,False,False,False,False,False,False,True,False,True,True,True,True,False,False,True,False,False,True,False,False,False,True,False,False,False,False,False,False,True,False,False,False,True,False,False
0,0,1,0,0,0,0,1,0,1,False,False,False,False,False,False,False,False,False,False,False,False,False,False,False,False,False,False,False,True,False,False,False,False,False,False,False,False,False,False,False,False,True,False,True,True,True,True,False,False,True,False,False,False,True,False,False,False,False,False,True,False,True,False,False,False,False,False,False,True,False
1,1,0,0,0,0,0,1,0,1,False,False,False,True,False,False,False,False,False,False,False,False,False,False,False,False,False,False,False,False,False,False,False,False,False,False,False,False,False,False,False,True,False,False,True,True,True,False,True,True,False,False,False,False,False,True,False,False,True,False,False,False,False,False,False,False,True,False,False,False,True
1,1,0,0,0,0,0,1,0,1,False,False,False,True,False,False,False,False,False,False,False,False,False,False,False,False,False,False,False,False,False,False,False,False,False,False,False,False,False,False,False,True,False,False,True,True,True,False,True,True,False,False,False,False,False,False,True,False,False,True,False,False,False,True,False,False,False,True,False,False,False
1,1,0,0,0,0,0,1,0,1,False,False,False,True,False,False,False,False,False,False,False,False,False,False,False,False,False,False,False,False,False,False,False,False,False,False,False,False,False,False,False,True,False,False,True,True,True,False,True,True,False,False,True,False,False,False,False,False,False,False,False,True,False,False,False,True,False,False,False,False,True
1,1,0,0,0,0,0,1,0,1,False,False,False,True,False,False,False,False,False,False,False,False,False,False,False,False,False,False,False,False,False,False,False,False,False,False,False,False,False,False,False,True,False,False,True,True,True,False,True,True,False,False,False,True,False,False,False,True,False,False,False,False,False,False,True,False,False,False,True,False,False
1,1,0,0,0,0,0,1,0,1,False,False,False,True,False,False,False,False,False,False,False,False,False,False,False,False,False,False,False,False,False,False,False,False,False,False,False,False,False,False,False,True,False,False,True,True,True,False,True,True,False,False,False,False,True,False,False,False,False,False,True,False,True,False,False,False,False,False,False,True,False
1,1,0,0,0,0,0,1,0,1,False,False,False,True,False,False,False,False,False,False,False,False,False,False,False,False,False,False,False,False,False,False,False,False,False,False,False,False,False,False,False,True,False,False,True,True,True,False,True,True,False,False,False,False,False,True,False,False,True,False,False,False,False,False,False,False,True,False,False,False,True
1,1,0,0,0,0,0,1,0,1,False,False,False,True,False,False,False,False,False,False,False,False,False,False,False,False,False,False,False,False,False,False,False,False,False,False,False,False,False,False,False,True,False,False,True,True,True,False,True,True,False,False,False,False,False,False,True,False,False,True,False,False,False,True,False,False,False,True,False,False,False
1,1,0,0,0,0,0,1,0,1,False,False,False,True,False,False,False,False,False,False,False,False,False,False,False,False,False,False,False,False,False,False,False,False,False,False,False,False,False,False,False,True,False,False,True,True,True,False,True,True,False,False,True,False,False,False,False,False,False,False,False,True,False,False,False,True,False,False,False,False,True
1,1,0,0,0,0,0,1,0,1,False,False,False,True,False,False,False,False,False,False,False,False,False,False,False,False,False,False,False,False,False,False,False,False,False,False,False,False,False,False,False,True,False,False,True,True,True,False,True,True,False,False,False,True,False,False,False,True,False,False,False,False,False,False,True,False,False,False,True,False,False
1,1,0,0,0,0,0,1,0,1,False,False,False,True,False,False,False,False,False,False,False,False,False,False,False,False,False,False,False,False,False,False,False,False,False,False,False,False,False,False,False,True,False,False,True,True,True,False,True,True,False,False,False,False,True,False,False,False,False,False,True,False,True,False,False,False,False,False,False,True,False
0,0,1,0,0,0,0,1,0,1,False,False,False,False,False,False,False,False,False,False,False,False,False,False,False,False,False,False,False,True,False,False,False,False,False,False,False,False,False,False,False,False,True,False,True,True,True,True,False,False,True,False,False,False,False,True,False,False,True,False,False,False,False,False,False,False,True,False,False,False,True
0,0,1,0,0,0,0,1,0,1,False,False,False,False,False,False,False,False,False,False,False,False,False,False,False,False,False,False,False,True,False,False,False,False,False,False,False,False,False,False,False,False,True,False,True,True,True,True,False,False,True,False,False,False,False,False,True,False,False,True,False,False,False,True,False,False,False,True,False,False,False
0,0,1,0,0,0,0,1,0,1,False,False,False,False,False,False,False,False,False,False,False,False,False,False,False,False,False,False,False,True,False,False,False,False,False,False,False,False,False,False,False,False,True,False,True,True,True,True,False,False,True,False,True,False,False,False,False,False,False,False,False,True,False,False,False,True,False,False,False,False,True
0,0,1,0,0,0,0,1,0,1,False,False,False,False,False,False,False,False,False,False,False,False,False,False,False,False,False,False,False,True,False,False,False,False,False,False,False,False,False,False,False,False,True,False,True,True,True,True,False,False,True,False,False,True,False,False,False,True,False,False,False,False,False,False,True,False,False,False,True,False,False
0,0,1,0,0,0,0,1,0,1,False,False,False,False,False,False,False,False,False,False,False,False,False,False,False,False,False,False,False,True,False,False,False,False,False,False,False,False,False,False,False,False,True,False,True,True,True,True,False,False,True,False,False,False,True,False,False,False,False,False,True,False,True,False,False,False,False,False,False,True,False
1,1,0,0,0,0,0,1,0,1,False,False,False,True,False,False,False,False,False,False,False,False,False,False,False,False,False,False,False,False,False,False,False,False,False,False,False,False,False,False,False,True,False,False,True,True,True,False,True,True,False,False,False,False,False,True,False,False,True,False,False,False,False,False,False,False,True,False,False,False,True
1,1,0,0,0,0,0,1,0,1,False,False,False,True,False,False,False,False,False,False,False,False,False,False,False,False,False,False,False,False,False,False,False,False,False,False,False,False,False,False,False,True,False,False,True,True,True,False,True,True,False,False,False,False,False,False,True,False,False,True,False,False,False,True,False,False,False,True,False,False,False
1,1,0,0,0,0,0,1,0,1,False,False,False,True,False,False,False,False,False,False,False,False,False,False,False,False,False,False,False,False,False,False,False,False,False,False,False,False,False,False,False,True,False,False,True,True,True,False,True,True,False,False,True,False,False,False,False,False,False,False,False,True,False,False,False,True,False,False,False,False,True
1,1,0,0,0,0,0,1,0,1,False,False,False,True,False,False,False,False,False,False,False,False,False,False,False,False,False,False,False,False,False,False,False,False,False,False,False,False,False,False,False,True,False,False,True,True,True,False,True,True,False,False,False,True,False,False,False,True,False,False,False,False,False,False,True,False,False,False,True,False,False
1,1,0,0,0,0,0,1,0,1,False,False,False,True,False,False,False,False,False,False,False,False,False,False,False,False,False,False,False,False,False,False,False,False,False,False,False,False,False,False,False,True,False,False,True,True,True,False,True,True,False,False,False,False,True,False,False,False,False,False,True,False,True,False,False,False,False,False,False,True,False
0,0,1,0,0,0,0,1,0,1,False,False,False,False,False,False,False,False,False,False,False,False,False,False,False,False,False,False,False,True,False,False,False,False,False,False,False,False,False,False,False,False,True,False,True,True,True,True,False,False,True,False,False,False,False,True,False,False,True,False,False,False,False,False,False,False,True,False,False,False,True
0,0,1,0,0,0,0,1,0,1,False,False,False,False,False,False,False,False,False,False,False,False,False,False,False,False,False,False,False,True,False,False,False,False,False,False,False,False,False,False,False,False,True,False,True,True,True,True,False,False,True,False,False,False,False,False,True,False,False,True,False,False,False,True,False,False,False,True,False,False,False
0,0,1,0,0,0,0,1,0,1,False,False,False,False,False,False,False,False,False,False,False,False,False,False,False,False,False,False,False,True,False,False,False,False,False,False,False,False,False,False,False,False,True,False,True,True,True,True,False,False,True,False,True,False,False,False,False,False,False,False,False,True,False,False,False,True,False,False,False,False,True
0,0,1,0,0,0,0,1,0,1,False,False,False,False,False,False,False,False,False,False,False,False,False,False,False,False,False,False,False,True,False,False,False,False,False,False,False,False,False,False,False,False,True,False,True,True,True,True,False,False,True,False,False,True,False,False,False,True,False,False,False,False,False,False,True,False,False,False,True,False,False
0,0,1,0,0,0,0,1,0,1,False,False,False,False,False,False,False,False,False,False,False,False,False,False,False,False,False,False,False,True,False,False,False,False,False,False,False,False,False,False,False,False,True,False,True,True,True,True,False,False,True,False,False,False,True,False,False,False,False,False,True,False,True,False,False,False,False,False,False,True,False
1,1,0,0,0,0,0,1,0,1,False,False,False,True,False,False,False,False,False,False,False,False,False,False,False,False,False,False,False,False,False,False,False,False,False,False,False,False,False,False,False,True,False,False,True,True,True,False,True,True,False,False,False,False,False,True,False,False,True,False,False,False,False,False,False,False,True,False,False,False,True
1,1,0,0,0,0,0,1,0,1,False,False,False,True,False,False,False,False,False,False,False,False,False,False,False,False,False,False,False,False,False,False,False,False,False,False,False,False,False,False,False,True,False,False,True,True,True,False,True,True,False,False,False,False,False,False,True,False,False,True,False,False,False,True,False,False,False,True,False,False,False
1,1,0,0,0,0,0,1,0,1,False,False,False,True,False,False,False,False,False,False,False,False,False,False,False,False,False,False,False,False,False,False,False,False,False,False,False,False,False,False,False,True,False,False,True,True,True,False,True,True,False,False,True,False,False,False,False,False,False,False,False,True,False,False,False,True,False,False,False,False,True
1,1,0,0,0,0,0,1,0,1,False,False,False,True,False,False,False,False,False,False,False,False,False,False,False,False,False,False,False,False,False,False,False,False,False,False,False,False,False,False,False,True,False,False,True,True,True,False,True,True,False,False,False,True,False,False,False,True,False,False,False,False,False,False,True,False,False,False,True,False,False
1,1,0,0,0,0,0,1,0,1,False,False,False,True,False,False,False,False,False,False,False,False,False,False,False,False,False,False,False,False,False,False,False,False,False,False,False,False,False,False,False,True,False,False,True,True,True,False,True,True,False,False,False,False,True,False,False,False,False,False,True,False,True,False,False,False,False,False,False,True,False
0,0,1,0,0,0,1,2,1,1,False,False,False,False,False,False,False,False,False,False,False,False,False,False,False,False,False,False,False,False,True,False,False,False,False,False,False,False,False,False,False,False,True,False,True,True,True,True,False,False,True,False,False,False,False,True,False,False,True,False,False,False,False,False,False,False,True,False,False,False,True
0,0,1,0,0,0,1,2,1,1,False,False,False,False,False,False,False,False,False,False,False,False,False,False,False,False,False,False,False,False,True,False,False,False,False,False,False,False,False,False,False,False,True,False,True,True,True,True,False,False,True,False,False,False,False,False,True,False,False,True,False,False,False,True,False,False,False,True,False,False,False
0,0,1,0,0,0,1,2,1,1,False,False,False,False,False,False,False,False,False,False,False,False,False,False,False,False,False,False,False,False,True,False,False,False,False,False,False,False,False,False,False,False,True,False,True,True,True,True,False,False,True,False,True,False,False,False,False,False,False,False,False,True,False,False,False,True,False,False,False,False,True
0,0,1,0,0,0,1,2,1,1,False,False,False,False,False,False,False,False,False,False,False,False,False,False,False,False,False,False,False,False,True,False,False,False,False,False,False,False,False,False,False,False,True,False,True,True,True,True,False,False,True,False,False,True,False,False,False,True,False,False,False,False,False,False,True,False,False,False,True,False,False
0,0,1,0,0,0,1,2,1,1,False,False,False,False,False,False,False,False,False,False,False,False,False,False,False,False,False,False,False,False,True,False,False,False,False,False,False,False,False,False,False,False,True,False,True,True,True,True,False,False,True,False,False,False,True,False,False,False,False,False,True,False,True,False,False,False,False,False,False,True,False
0,0,1,0,0,0,0,1,0,1,False,False,False,False,False,False,False,False,False,False,False,False,False,False,False,False,False,False,False,True,False,False,False,False,False,False,False,False,False,False,False,False,True,False,True,True,True,True,False,False,True,False,False,False,False,True,False,False,True,False,False,False,False,False,False,False,True,False,False,False,True
0,0,1,0,0,0,0,1,0,1,False,False,False,False,False,False,False,False,False,False,False,False,False,False,False,False,False,False,False,True,False,False,False,False,False,False,False,False,False,False,False,False,True,False,True,True,True,True,False,False,True,False,False,False,False,False,True,False,False,True,False,False,False,True,False,False,False,True,False,False,False
0,0,1,0,0,0,0,1,0,1,False,False,False,False,False,False,False,False,False,False,False,False,False,False,False,False,False,False,False,True,False,False,False,False,False,False,False,False,False,False,False,False,True,False,True,True,True,True,False,False,True,False,True,False,False,False,False,False,False,False,False,True,False,False,False,True,False,False,False,False,True
0,0,1,0,0,0,0,1,0,1,False,False,False,False,False,False,False,False,False,False,False,False,False,False,False,False,False,False,False,True,False,False,False,False,False,False,False,False,False,False,False,False,True,False,True,True,True,True,False,False,True,False,False,True,False,False,False,True,False,False,False,False,False,False,True,False,False,False,True,False,False
0,0,1,0,0,0,0,1,0,1,False,False,False,False,False,False,False,False,False,False,False,False,False,False,False,False,False,False,False,True,False,False,False,False,False,False,False,False,False,False,False,False,True,False,True,True,True,True,False,False,True,False,False,False,True,False,False,False,False,False,True,False,True,False,False,False,False,False,False,True,False
1,1,0,0,0,0,0,1,0,1,False,False,False,False,False,False,False,False,False,False,False,False,False,False,False,False,True,False,False,False,False,False,False,False,False,False,False,False,False,False,False,True,False,False,True,True,True,False,True,True,False,False,False,False,False,True,False,False,True,False,False,False,False,False,False,False,True,False,False,False,True
1,1,0,0,0,0,0,1,0,1,False,False,False,False,False,False,False,False,False,False,False,False,False,False,False,False,True,False,False,False,False,False,False,False,False,False,False,False,False,False,False,True,False,False,True,True,True,False,True,True,False,False,False,False,False,False,True,False,False,True,False,False,False,True,False,False,False,True,False,False,False
1,1,0,0,0,0,0,1,0,1,False,False,False,False,False,False,False,False,False,False,False,False,False,False,False,False,True,False,False,False,False,False,False,False,False,False,False,False,False,False,False,True,False,False,True,True,True,False,True,True,False,False,True,False,False,False,False,False,False,False,False,True,False,False,False,True,False,False,False,False,True
1,1,0,0,0,0,0,1,0,1,False,False,False,False,False,False,False,False,False,False,False,False,False,False,False,False,True,False,False,False,False,False,False,False,False,False,False,False,False,False,False,True,False,False,True,True,True,False,True,True,False,False,False,True,False,False,False,True,False,False,False,False,False,False,True,False,False,False,True,False,False
1,1,0,0,0,0,0,1,0,1,False,False,False,False,False,False,False,False,False,False,False,False,False,False,False,False,True,False,False,False,False,False,False,False,False,False,False,False,False,False,False,True,False,False,True,True,True,False,True,True,False,False,False,False,True,False,False,False,False,False,True,False,True,False,False,False,False,False,False,True,False
0,0,1,0,0,0,0,1,0,1,False,False,False,False,False,False,False,False,False,False,False,False,False,False,False,False,False,False,False,True,False,False,False,False,False,False,False,False,False,False,False,False,True,False,True,True,True,True,False,False,True,False,False,False,False,True,False,False,True,False,False,False,False,False,False,False,True,False,False,False,True
0,0,1,0,0,0,0,1,0,1,False,False,False,False,False,False,False,False,False,False,False,False,False,False,False,False,False,False,False,True,False,False,False,False,False,False,False,False,False,False,False,False,True,False,True,True,True,True,False,False,True,False,False,False,False,False,True,False,False,True,False,False,False,True,False,False,False,True,False,False,False
0,0,1,0,0,0,0,1,0,1,False,False,False,False,False,False,False,False,False,False,False,False,False,False,False,False,False,False,False,True,False,False,False,False,False,False,False,False,False,False,False,False,True,False,True,True,True,True,False,False,True,False,True,False,False,False,False,False,False,False,False,True,False,False,False,True,False,False,False,False,True
0,0,1,0,0,0,0,1,0,1,False,False,False,False,False,False,False,False,False,False,False,False,False,False,False,False,False,False,False,True,False,False,False,False,False,False,False,False,False,False,False,False,True,False,True,True,True,True,False,False,True,False,False,True,False,False,False,True,False,False,False,False,False,False,True,False,False,False,True,False,False
0,0,1,0,0,0,0,1,0,1,False,False,False,False,False,False,False,False,False,False,False,False,False,False,False,False,False,False,False,True,False,False,False,False,False,False,False,False,False,False,False,False,True,False,True,True,True,True,False,False,True,False,False,False,True,False,False,False,False,False,True,False,True,False,False,False,False,False,False,True,False
