,patient_id,EGFR_PROTEIN,EGFR_RNA,EGFR_activity_mean,cohort_x,batch_domain_x,phospho_Y1016,phospho_Y1069,phospho_Y1092,phospho_Y1110,phospho_Y1172,EGFR_expression_score,mutation_x,egfr_hotspot_label_x,is_egfr_hotspot_x,ligand,protein,binding_type,median_binding_nM,median_p_binding,n_measurements,standard_units,pref_name,canonical_smiles,MolWt,MolLogP,TPSA,NumHDonors,NumHAcceptors,NumRotatableBonds,RingCount,HeavyAtomCount,mutation_binding_context,protein_ligand_pair,mutation_y,EGFR_type,cohort_y,batch_domain_y,gene,egfr_hotspot_label_y,is_egfr_hotspot_y,mutation_class,is_nonsynonymous,has_exon19del,has_L858R,has_L861Q,has_G719X,has_exon20_alteration,has_other_mutation,mutation_count,is_compound_mutation,binding_type_IC50,binding_type_KD,drug_erlotinib hydrochloride,drug_imatinib
0,C3L-00001,28.1928745547492,17.07,1,CPTAC,CPTAC,13.072192414390653,12.6046447755037,17.767914942942703,10.583122355255949,20.07587923209629,20.07587923209629,unknown,other,0.0,CHEMBL1079742,CHEMBL203,IC50,42.5,7.489405350465031,4,nM,erlotinib hydrochloride,C#Cc1cccc(Nc2ncnc3cc(OCCOC)c(OCCOC)cc23)c1.Cl,429.90400000000017,3.8269000000000033,74.73000000000002,1,7,10,3,30,other_IC50,CHEMBL203_CHEMBL1079742,,,,,,,,,,,,,,,,,,1,0,1,0
1,C3L-00001,28.1928745547492,17.07,1,CPTAC,CPTAC,13.072192414390653,12.6046447755037,17.767914942942703,10.583122355255949,20.07587923209629,20.07587923209629,unknown,other,0.0,CHEMBL941,CHEMBL203,IC50,50000.055,6.979303657420888,2,nM,imatinib,Cc1ccc(NC(=O)c2ccc(CN3CCN(C)CC3)cc2)cc1Nc1nccc(-c2cccnc2)n1,493.6150000000002,4.590320000000004,86.28000000000002,2,7,7,5,37,other_IC50,CHEMBL203_CHEMBL941,,,,,,,,,,,,,,,,,,1,0,0,1
2,C3L-00001,28.1928745547492,17.07,1,CPTAC,CPTAC,13.072192414390653,12.6046447755037,17.767914942942703,10.583122355255949,20.07587923209629,20.07587923209629,unknown,other,0.0,CHEMBL941,CHEMBL203,KD,10000.0,5.0,23,nM,imatinib,Cc1ccc(NC(=O)c2ccc(CN3CCN(C)CC3)cc2)cc1Nc1nccc(-c2cccnc2)n1,493.6150000000002,4.590320000000004,86.28000000000002,2,7,7,5,37,other_KD,CHEMBL203_CHEMBL941,,,,,,,,,,,,,,,,,,0,1,0,1
3,C3L-00009,25.2195852713392,11.86,1,CPTAC,CPTAC,13.072192414390653,12.6046447755037,16.9314862480461,10.583122355255949,18.76705563200995,17.849270940028028,unknown,other,0.0,CHEMBL1079742,CHEMBL203,IC50,42.5,7.489405350465031,4,nM,erlotinib hydrochloride,C#Cc1cccc(Nc2ncnc3cc(OCCOC)c(OCCOC)cc23)c1.Cl,429.90400000000017,3.8269000000000033,74.73000000000002,1,7,10,3,30,other_IC50,CHEMBL203_CHEMBL1079742,,,,,,,,,,,,,,,,,,1,0,1,0
4,C3L-00009,25.2195852713392,11.86,1,CPTAC,CPTAC,13.072192414390653,12.6046447755037,16.9314862480461,10.583122355255949,18.76705563200995,17.849270940028028,unknown,other,0.0,CHEMBL941,CHEMBL203,IC50,50000.055,6.979303657420888,2,nM,imatinib,Cc1ccc(NC(=O)c2ccc(CN3CCN(C)CC3)cc2)cc1Nc1nccc(-c2cccnc2)n1,493.6150000000002,4.590320000000004,86.28000000000002,2,7,7,5,37,other_IC50,CHEMBL203_CHEMBL941,,,,,,,,,,,,,,,,,,1,0,0,1
5,C3L-00009,25.2195852713392,11.86,1,CPTAC,CPTAC,13.072192414390653,12.6046447755037,16.9314862480461,10.583122355255949,18.76705563200995,17.849270940028028,unknown,other,0.0,CHEMBL941,CHEMBL203,KD,10000.0,5.0,23,nM,imatinib,Cc1ccc(NC(=O)c2ccc(CN3CCN(C)CC3)cc2)cc1Nc1nccc(-c2cccnc2)n1,493.6150000000002,4.590320000000004,86.28000000000002,2,7,7,5,37,other_KD,CHEMBL203_CHEMBL941,,,,,,,,,,,,,,,,,,0,1,0,1
6,C3L-00080,25.2388034634108,12.58,1,CPTAC,CPTAC,13.072192414390653,12.6046447755037,17.767914942942703,10.583122355255949,18.0262477741692,18.0262477741692,unknown,other,0.0,CHEMBL1079742,CHEMBL203,IC50,42.5,7.489405350465031,4,nM,erlotinib hydrochloride,C#Cc1cccc(Nc2ncnc3cc(OCCOC)c(OCCOC)cc23)c1.Cl,429.90400000000017,3.8269000000000033,74.73000000000002,1,7,10,3,30,other_IC50,CHEMBL203_CHEMBL1079742,,,,,,,,,,,,,,,,,,1,0,1,0
7,C3L-00080,25.2388034634108,12.58,1,CPTAC,CPTAC,13.072192414390653,12.6046447755037,17.767914942942703,10.583122355255949,18.0262477741692,18.0262477741692,unknown,other,0.0,CHEMBL941,CHEMBL203,IC50,50000.055,6.979303657420888,2,nM,imatinib,Cc1ccc(NC(=O)c2ccc(CN3CCN(C)CC3)cc2)cc1Nc1nccc(-c2cccnc2)n1,493.6150000000002,4.590320000000004,86.28000000000002,2,7,7,5,37,other_IC50,CHEMBL203_CHEMBL941,,,,,,,,,,,,,,,,,,1,0,0,1
8,C3L-00080,25.2388034634108,12.58,1,CPTAC,CPTAC,13.072192414390653,12.6046447755037,17.767914942942703,10.583122355255949,18.0262477741692,18.0262477741692,unknown,other,0.0,CHEMBL941,CHEMBL203,KD,10000.0,5.0,23,nM,imatinib,Cc1ccc(NC(=O)c2ccc(CN3CCN(C)CC3)cc2)cc1Nc1nccc(-c2cccnc2)n1,493.6150000000002,4.590320000000004,86.28000000000002,2,7,7,5,37,other_KD,CHEMBL203_CHEMBL941,,,,,,,,,,,,,,,,,,0,1,0,1
9,C3L-00083,25.0415832172602,10.94,1,CPTAC,CPTAC,13.072192414390653,12.6046447755037,17.767914942942703,10.583122355255949,18.86502063329012,17.99546391996231,unknown,other,0.0,CHEMBL1079742,CHEMBL203,IC50,42.5,7.489405350465031,4,nM,erlotinib hydrochloride,C#Cc1cccc(Nc2ncnc3cc(OCCOC)c(OCCOC)cc23)c1.Cl,429.90400000000017,3.8269000000000033,74.73000000000002,1,7,10,3,30,other_IC50,CHEMBL203_CHEMBL1079742,,,,,,,,,,,,,,,,,,1,0,1,0
10,C3L-00083,25.0415832172602,10.94,1,CPTAC,CPTAC,13.072192414390653,12.6046447755037,17.767914942942703,10.583122355255949,18.86502063329012,17.99546391996231,unknown,other,0.0,CHEMBL941,CHEMBL203,IC50,50000.055,6.979303657420888,2,nM,imatinib,Cc1ccc(NC(=O)c2ccc(CN3CCN(C)CC3)cc2)cc1Nc1nccc(-c2cccnc2)n1,493.6150000000002,4.590320000000004,86.28000000000002,2,7,7,5,37,other_IC50,CHEMBL203_CHEMBL941,,,,,,,,,,,,,,,,,,1,0,0,1
11,C3L-00083,25.0415832172602,10.94,1,CPTAC,CPTAC,13.072192414390653,12.6046447755037,17.767914942942703,10.583122355255949,18.86502063329012,17.99546391996231,unknown,other,0.0,CHEMBL941,CHEMBL203,KD,10000.0,5.0,23,nM,imatinib,Cc1ccc(NC(=O)c2ccc(CN3CCN(C)CC3)cc2)cc1Nc1nccc(-c2cccnc2)n1,493.6150000000002,4.590320000000004,86.28000000000002,2,7,7,5,37,other_KD,CHEMBL203_CHEMBL941,,,,,,,,,,,,,,,,,,0,1,0,1
12,C3L-00093,24.4695108198644,12.78,1,CPTAC,CPTAC,13.072192414390653,12.6046447755037,17.767914942942703,10.583122355255949,18.86502063329012,17.99546391996231,unknown,other,0.0,CHEMBL1079742,CHEMBL203,IC50,42.5,7.489405350465031,4,nM,erlotinib hydrochloride,C#Cc1cccc(Nc2ncnc3cc(OCCOC)c(OCCOC)cc23)c1.Cl,429.90400000000017,3.8269000000000033,74.73000000000002,1,7,10,3,30,other_IC50,CHEMBL203_CHEMBL1079742,,,,,,,,,,,,,,,,,,1,0,1,0
13,C3L-00093,24.4695108198644,12.78,1,CPTAC,CPTAC,13.072192414390653,12.6046447755037,17.767914942942703,10.583122355255949,18.86502063329012,17.99546391996231,unknown,other,0.0,CHEMBL941,CHEMBL203,IC50,50000.055,6.979303657420888,2,nM,imatinib,Cc1ccc(NC(=O)c2ccc(CN3CCN(C)CC3)cc2)cc1Nc1nccc(-c2cccnc2)n1,493.6150000000002,4.590320000000004,86.28000000000002,2,7,7,5,37,other_IC50,CHEMBL203_CHEMBL941,,,,,,,,,,,,,,,,,,1,0,0,1
14,C3L-00093,24.4695108198644,12.78,1,CPTAC,CPTAC,13.072192414390653,12.6046447755037,17.767914942942703,10.583122355255949,18.86502063329012,17.99546391996231,unknown,other,0.0,CHEMBL941,CHEMBL203,KD,10000.0,5.0,23,nM,imatinib,Cc1ccc(NC(=O)c2ccc(CN3CCN(C)CC3)cc2)cc1Nc1nccc(-c2cccnc2)n1,493.6150000000002,4.590320000000004,86.28000000000002,2,7,7,5,37,other_KD,CHEMBL203_CHEMBL941,,,,,,,,,,,,,,,,,,0,1,0,1
15,C3L-00094,24.7383165786791,12.28,1,CPTAC,CPTAC,13.072192414390653,12.6046447755037,17.767914942942703,10.583122355255949,18.86502063329012,17.99546391996231,unknown,other,0.0,CHEMBL1079742,CHEMBL203,IC50,42.5,7.489405350465031,4,nM,erlotinib hydrochloride,C#Cc1cccc(Nc2ncnc3cc(OCCOC)c(OCCOC)cc23)c1.Cl,429.90400000000017,3.8269000000000033,74.73000000000002,1,7,10,3,30,other_IC50,CHEMBL203_CHEMBL1079742,,,,,,,,,,,,,,,,,,1,0,1,0
16,C3L-00094,24.7383165786791,12.28,1,CPTAC,CPTAC,13.072192414390653,12.6046447755037,17.767914942942703,10.583122355255949,18.86502063329012,17.99546391996231,unknown,other,0.0,CHEMBL941,CHEMBL203,IC50,50000.055,6.979303657420888,2,nM,imatinib,Cc1ccc(NC(=O)c2ccc(CN3CCN(C)CC3)cc2)cc1Nc1nccc(-c2cccnc2)n1,493.6150000000002,4.590320000000004,86.28000000000002,2,7,7,5,37,other_IC50,CHEMBL203_CHEMBL941,,,,,,,,,,,,,,,,,,1,0,0,1
17,C3L-00094,24.7383165786791,12.28,1,CPTAC,CPTAC,13.072192414390653,12.6046447755037,17.767914942942703,10.583122355255949,18.86502063329012,17.99546391996231,unknown,other,0.0,CHEMBL941,CHEMBL203,KD,10000.0,5.0,23,nM,imatinib,Cc1ccc(NC(=O)c2ccc(CN3CCN(C)CC3)cc2)cc1Nc1nccc(-c2cccnc2)n1,493.6150000000002,4.590320000000004,86.28000000000002,2,7,7,5,37,other_KD,CHEMBL203_CHEMBL941,,,,,,,,,,,,,,,,,,0,1,0,1
18,C3L-00095,24.9813336570897,12.34,1,CPTAC,CPTAC,13.072192414390653,12.6046447755037,17.767914942942703,10.583122355255949,18.86502063329012,17.99546391996231,unknown,other,0.0,CHEMBL1079742,CHEMBL203,IC50,42.5,7.489405350465031,4,nM,erlotinib hydrochloride,C#Cc1cccc(Nc2ncnc3cc(OCCOC)c(OCCOC)cc23)c1.Cl,429.90400000000017,3.8269000000000033,74.73000000000002,1,7,10,3,30,other_IC50,CHEMBL203_CHEMBL1079742,,,,,,,,,,,,,,,,,,1,0,1,0
19,C3L-00095,24.9813336570897,12.34,1,CPTAC,CPTAC,13.072192414390653,12.6046447755037,17.767914942942703,10.583122355255949,18.86502063329012,17.99546391996231,unknown,other,0.0,CHEMBL941,CHEMBL203,IC50,50000.055,6.979303657420888,2,nM,imatinib,Cc1ccc(NC(=O)c2ccc(CN3CCN(C)CC3)cc2)cc1Nc1nccc(-c2cccnc2)n1,493.6150000000002,4.590320000000004,86.28000000000002,2,7,7,5,37,other_IC50,CHEMBL203_CHEMBL941,,,,,,,,,,,,,,,,,,1,0,0,1
20,C3L-00095,24.9813336570897,12.34,1,CPTAC,CPTAC,13.072192414390653,12.6046447755037,17.767914942942703,10.583122355255949,18.86502063329012,17.99546391996231,unknown,other,0.0,CHEMBL941,CHEMBL203,KD,10000.0,5.0,23,nM,imatinib,Cc1ccc(NC(=O)c2ccc(CN3CCN(C)CC3)cc2)cc1Nc1nccc(-c2cccnc2)n1,493.6150000000002,4.590320000000004,86.28000000000002,2,7,7,5,37,other_KD,CHEMBL203_CHEMBL941,,,,,,,,,,,,,,,,,,0,1,0,1
21,C3L-00140,25.030301878115,12.47,1,CPTAC,CPTAC,13.072192414390653,12.6046447755037,17.530325112873,10.583122355255949,18.44859567402295,17.989460393447978,unknown,other,0.0,CHEMBL1079742,CHEMBL203,IC50,42.5,7.489405350465031,4,nM,erlotinib hydrochloride,C#Cc1cccc(Nc2ncnc3cc(OCCOC)c(OCCOC)cc23)c1.Cl,429.90400000000017,3.8269000000000033,74.73000000000002,1,7,10,3,30,other_IC50,CHEMBL203_CHEMBL1079742,,,,,,,,,,,,,,,,,,1,0,1,0
22,C3L-00140,25.030301878115,12.47,1,CPTAC,CPTAC,13.072192414390653,12.6046447755037,17.530325112873,10.583122355255949,18.44859567402295,17.989460393447978,unknown,other,0.0,CHEMBL941,CHEMBL203,IC50,50000.055,6.979303657420888,2,nM,imatinib,Cc1ccc(NC(=O)c2ccc(CN3CCN(C)CC3)cc2)cc1Nc1nccc(-c2cccnc2)n1,493.6150000000002,4.590320000000004,86.28000000000002,2,7,7,5,37,other_IC50,CHEMBL203_CHEMBL941,,,,,,,,,,,,,,,,,,1,0,0,1
23,C3L-00140,25.030301878115,12.47,1,CPTAC,CPTAC,13.072192414390653,12.6046447755037,17.530325112873,10.583122355255949,18.44859567402295,17.989460393447978,unknown,other,0.0,CHEMBL941,CHEMBL203,KD,10000.0,5.0,23,nM,imatinib,Cc1ccc(NC(=O)c2ccc(CN3CCN(C)CC3)cc2)cc1Nc1nccc(-c2cccnc2)n1,493.6150000000002,4.590320000000004,86.28000000000002,2,7,7,5,37,other_KD,CHEMBL203_CHEMBL941,,,,,,,,,,,,,,,,,,0,1,0,1
24,C3L-00144,25.5229505272406,13.26,1,CPTAC,CPTAC,13.072192414390653,12.6046447755037,17.767914942942703,10.583122355255949,18.86502063329012,17.99546391996231,unknown,other,0.0,CHEMBL1079742,CHEMBL203,IC50,42.5,7.489405350465031,4,nM,erlotinib hydrochloride,C#Cc1cccc(Nc2ncnc3cc(OCCOC)c(OCCOC)cc23)c1.Cl,429.90400000000017,3.8269000000000033,74.73000000000002,1,7,10,3,30,other_IC50,CHEMBL203_CHEMBL1079742,,,,,,,,,,,,,,,,,,1,0,1,0
25,C3L-00144,25.5229505272406,13.26,1,CPTAC,CPTAC,13.072192414390653,12.6046447755037,17.767914942942703,10.583122355255949,18.86502063329012,17.99546391996231,unknown,other,0.0,CHEMBL941,CHEMBL203,IC50,50000.055,6.979303657420888,2,nM,imatinib,Cc1ccc(NC(=O)c2ccc(CN3CCN(C)CC3)cc2)cc1Nc1nccc(-c2cccnc2)n1,493.6150000000002,4.590320000000004,86.28000000000002,2,7,7,5,37,other_IC50,CHEMBL203_CHEMBL941,,,,,,,,,,,,,,,,,,1,0,0,1
26,C3L-00144,25.5229505272406,13.26,1,CPTAC,CPTAC,13.072192414390653,12.6046447755037,17.767914942942703,10.583122355255949,18.86502063329012,17.99546391996231,unknown,other,0.0,CHEMBL941,CHEMBL203,KD,10000.0,5.0,23,nM,imatinib,Cc1ccc(NC(=O)c2ccc(CN3CCN(C)CC3)cc2)cc1Nc1nccc(-c2cccnc2)n1,493.6150000000002,4.590320000000004,86.28000000000002,2,7,7,5,37,other_KD,CHEMBL203_CHEMBL941,,,,,,,,,,,,,,,,,,0,1,0,1
27,C3L-00263,25.2077115074721,12.3,1,CPTAC,CPTAC,13.072192414390653,12.6046447755037,17.767914942942703,10.583122355255949,18.78487997569265,18.78487997569265,unknown,other,0.0,CHEMBL1079742,CHEMBL203,IC50,42.5,7.489405350465031,4,nM,erlotinib hydrochloride,C#Cc1cccc(Nc2ncnc3cc(OCCOC)c(OCCOC)cc23)c1.Cl,429.90400000000017,3.8269000000000033,74.73000000000002,1,7,10,3,30,other_IC50,CHEMBL203_CHEMBL1079742,,,,,,,,,,,,,,,,,,1,0,1,0
28,C3L-00263,25.2077115074721,12.3,1,CPTAC,CPTAC,13.072192414390653,12.6046447755037,17.767914942942703,10.583122355255949,18.78487997569265,18.78487997569265,unknown,other,0.0,CHEMBL941,CHEMBL203,IC50,50000.055,6.979303657420888,2,nM,imatinib,Cc1ccc(NC(=O)c2ccc(CN3CCN(C)CC3)cc2)cc1Nc1nccc(-c2cccnc2)n1,493.6150000000002,4.590320000000004,86.28000000000002,2,7,7,5,37,other_IC50,CHEMBL203_CHEMBL941,,,,,,,,,,,,,,,,,,1,0,0,1
29,C3L-00263,25.2077115074721,12.3,1,CPTAC,CPTAC,13.072192414390653,12.6046447755037,17.767914942942703,10.583122355255949,18.78487997569265,18.78487997569265,unknown,other,0.0,CHEMBL941,CHEMBL203,KD,10000.0,5.0,23,nM,imatinib,Cc1ccc(NC(=O)c2ccc(CN3CCN(C)CC3)cc2)cc1Nc1nccc(-c2cccnc2)n1,493.6150000000002,4.590320000000004,86.28000000000002,2,7,7,5,37,other_KD,CHEMBL203_CHEMBL941,,,,,,,,,,,,,,,,,,0,1,0,1
30,C3L-00279,25.7485218030559,13.15,1,CPTAC,CPTAC,13.072192414390653,12.6046447755037,17.767914942942703,10.583122355255949,18.6326719038641,18.6326719038641,unknown,other,0.0,CHEMBL1079742,CHEMBL203,IC50,42.5,7.489405350465031,4,nM,erlotinib hydrochloride,C#Cc1cccc(Nc2ncnc3cc(OCCOC)c(OCCOC)cc23)c1.Cl,429.90400000000017,3.8269000000000033,74.73000000000002,1,7,10,3,30,other_IC50,CHEMBL203_CHEMBL1079742,,,,,,,,,,,,,,,,,,1,0,1,0
31,C3L-00279,25.7485218030559,13.15,1,CPTAC,CPTAC,13.072192414390653,12.6046447755037,17.767914942942703,10.583122355255949,18.6326719038641,18.6326719038641,unknown,other,0.0,CHEMBL941,CHEMBL203,IC50,50000.055,6.979303657420888,2,nM,imatinib,Cc1ccc(NC(=O)c2ccc(CN3CCN(C)CC3)cc2)cc1Nc1nccc(-c2cccnc2)n1,493.6150000000002,4.590320000000004,86.28000000000002,2,7,7,5,37,other_IC50,CHEMBL203_CHEMBL941,,,,,,,,,,,,,,,,,,1,0,0,1
32,C3L-00279,25.7485218030559,13.15,1,CPTAC,CPTAC,13.072192414390653,12.6046447755037,17.767914942942703,10.583122355255949,18.6326719038641,18.6326719038641,unknown,other,0.0,CHEMBL941,CHEMBL203,KD,10000.0,5.0,23,nM,imatinib,Cc1ccc(NC(=O)c2ccc(CN3CCN(C)CC3)cc2)cc1Nc1nccc(-c2cccnc2)n1,493.6150000000002,4.590320000000004,86.28000000000002,2,7,7,5,37,other_KD,CHEMBL203_CHEMBL941,,,,,,,,,,,,,,,,,,0,1,0,1
33,C3L-00368,25.8287616618409,13.59,1,CPTAC,CPTAC,13.072192414390653,12.6046447755037,18.3238196875235,10.583122355255949,19.25633326701756,18.790076477270524,unknown,other,0.0,CHEMBL1079742,CHEMBL203,IC50,42.5,7.489405350465031,4,nM,erlotinib hydrochloride,C#Cc1cccc(Nc2ncnc3cc(OCCOC)c(OCCOC)cc23)c1.Cl,429.90400000000017,3.8269000000000033,74.73000000000002,1,7,10,3,30,other_IC50,CHEMBL203_CHEMBL1079742,,,,,,,,,,,,,,,,,,1,0,1,0
34,C3L-00368,25.8287616618409,13.59,1,CPTAC,CPTAC,13.072192414390653,12.6046447755037,18.3238196875235,10.583122355255949,19.25633326701756,18.790076477270524,unknown,other,0.0,CHEMBL941,CHEMBL203,IC50,50000.055,6.979303657420888,2,nM,imatinib,Cc1ccc(NC(=O)c2ccc(CN3CCN(C)CC3)cc2)cc1Nc1nccc(-c2cccnc2)n1,493.6150000000002,4.590320000000004,86.28000000000002,2,7,7,5,37,other_IC50,CHEMBL203_CHEMBL941,,,,,,,,,,,,,,,,,,1,0,0,1
35,C3L-00368,25.8287616618409,13.59,1,CPTAC,CPTAC,13.072192414390653,12.6046447755037,18.3238196875235,10.583122355255949,19.25633326701756,18.790076477270524,unknown,other,0.0,CHEMBL941,CHEMBL203,KD,10000.0,5.0,23,nM,imatinib,Cc1ccc(NC(=O)c2ccc(CN3CCN(C)CC3)cc2)cc1Nc1nccc(-c2cccnc2)n1,493.6150000000002,4.590320000000004,86.28000000000002,2,7,7,5,37,other_KD,CHEMBL203_CHEMBL941,,,,,,,,,,,,,,,,,,0,1,0,1
36,C3L-00412,24.9982671311309,11.65,1,CPTAC,CPTAC,13.072192414390653,12.6046447755037,17.7189778877548,10.583122355255949,18.86502063329012,17.7189778877548,unknown,other,0.0,CHEMBL1079742,CHEMBL203,IC50,42.5,7.489405350465031,4,nM,erlotinib hydrochloride,C#Cc1cccc(Nc2ncnc3cc(OCCOC)c(OCCOC)cc23)c1.Cl,429.90400000000017,3.8269000000000033,74.73000000000002,1,7,10,3,30,other_IC50,CHEMBL203_CHEMBL1079742,,,,,,,,,,,,,,,,,,1,0,1,0
37,C3L-00412,24.9982671311309,11.65,1,CPTAC,CPTAC,13.072192414390653,12.6046447755037,17.7189778877548,10.583122355255949,18.86502063329012,17.7189778877548,unknown,other,0.0,CHEMBL941,CHEMBL203,IC50,50000.055,6.979303657420888,2,nM,imatinib,Cc1ccc(NC(=O)c2ccc(CN3CCN(C)CC3)cc2)cc1Nc1nccc(-c2cccnc2)n1,493.6150000000002,4.590320000000004,86.28000000000002,2,7,7,5,37,other_IC50,CHEMBL203_CHEMBL941,,,,,,,,,,,,,,,,,,1,0,0,1
38,C3L-00412,24.9982671311309,11.65,1,CPTAC,CPTAC,13.072192414390653,12.6046447755037,17.7189778877548,10.583122355255949,18.86502063329012,17.7189778877548,unknown,other,0.0,CHEMBL941,CHEMBL203,KD,10000.0,5.0,23,nM,imatinib,Cc1ccc(NC(=O)c2ccc(CN3CCN(C)CC3)cc2)cc1Nc1nccc(-c2cccnc2)n1,493.6150000000002,4.590320000000004,86.28000000000002,2,7,7,5,37,other_KD,CHEMBL203_CHEMBL941,,,,,,,,,,,,,,,,,,0,1,0,1
39,C3L-00422,25.5854863398615,13.28,1,CPTAC,CPTAC,13.072192414390653,12.6046447755037,17.767914942942703,10.583122355255949,18.86502063329012,17.99546391996231,unknown,other,0.0,CHEMBL1079742,CHEMBL203,IC50,42.5,7.489405350465031,4,nM,erlotinib hydrochloride,C#Cc1cccc(Nc2ncnc3cc(OCCOC)c(OCCOC)cc23)c1.Cl,429.90400000000017,3.8269000000000033,74.73000000000002,1,7,10,3,30,other_IC50,CHEMBL203_CHEMBL1079742,,,,,,,,,,,,,,,,,,1,0,1,0
40,C3L-00422,25.5854863398615,13.28,1,CPTAC,CPTAC,13.072192414390653,12.6046447755037,17.767914942942703,10.583122355255949,18.86502063329012,17.99546391996231,unknown,other,0.0,CHEMBL941,CHEMBL203,IC50,50000.055,6.979303657420888,2,nM,imatinib,Cc1ccc(NC(=O)c2ccc(CN3CCN(C)CC3)cc2)cc1Nc1nccc(-c2cccnc2)n1,493.6150000000002,4.590320000000004,86.28000000000002,2,7,7,5,37,other_IC50,CHEMBL203_CHEMBL941,,,,,,,,,,,,,,,,,,1,0,0,1
41,C3L-00422,25.5854863398615,13.28,1,CPTAC,CPTAC,13.072192414390653,12.6046447755037,17.767914942942703,10.583122355255949,18.86502063329012,17.99546391996231,unknown,other,0.0,CHEMBL941,CHEMBL203,KD,10000.0,5.0,23,nM,imatinib,Cc1ccc(NC(=O)c2ccc(CN3CCN(C)CC3)cc2)cc1Nc1nccc(-c2cccnc2)n1,493.6150000000002,4.590320000000004,86.28000000000002,2,7,7,5,37,other_KD,CHEMBL203_CHEMBL941,,,,,,,,,,,,,,,,,,0,1,0,1
42,C3L-00510,25.1276540810189,13.11,1,CPTAC,CPTAC,13.072192414390653,12.6046447755037,17.767914942942703,10.583122355255949,18.86502063329012,17.99546391996231,unknown,other,0.0,CHEMBL1079742,CHEMBL203,IC50,42.5,7.489405350465031,4,nM,erlotinib hydrochloride,C#Cc1cccc(Nc2ncnc3cc(OCCOC)c(OCCOC)cc23)c1.Cl,429.90400000000017,3.8269000000000033,74.73000000000002,1,7,10,3,30,other_IC50,CHEMBL203_CHEMBL1079742,,,,,,,,,,,,,,,,,,1,0,1,0
43,C3L-00510,25.1276540810189,13.11,1,CPTAC,CPTAC,13.072192414390653,12.6046447755037,17.767914942942703,10.583122355255949,18.86502063329012,17.99546391996231,unknown,other,0.0,CHEMBL941,CHEMBL203,IC50,50000.055,6.979303657420888,2,nM,imatinib,Cc1ccc(NC(=O)c2ccc(CN3CCN(C)CC3)cc2)cc1Nc1nccc(-c2cccnc2)n1,493.6150000000002,4.590320000000004,86.28000000000002,2,7,7,5,37,other_IC50,CHEMBL203_CHEMBL941,,,,,,,,,,,,,,,,,,1,0,0,1
44,C3L-00510,25.1276540810189,13.11,1,CPTAC,CPTAC,13.072192414390653,12.6046447755037,17.767914942942703,10.583122355255949,18.86502063329012,17.99546391996231,unknown,other,0.0,CHEMBL941,CHEMBL203,KD,10000.0,5.0,23,nM,imatinib,Cc1ccc(NC(=O)c2ccc(CN3CCN(C)CC3)cc2)cc1Nc1nccc(-c2cccnc2)n1,493.6150000000002,4.590320000000004,86.28000000000002,2,7,7,5,37,other_KD,CHEMBL203_CHEMBL941,,,,,,,,,,,,,,,,,,0,1,0,1
45,C3L-00604,25.5789469370576,13.28,1,CPTAC,CPTAC,13.072192414390653,11.70987316125485,17.31265957314855,10.583122355255949,18.46905993551355,15.830530889972316,unknown,other,0.0,CHEMBL1079742,CHEMBL203,IC50,42.5,7.489405350465031,4,nM,erlotinib hydrochloride,C#Cc1cccc(Nc2ncnc3cc(OCCOC)c(OCCOC)cc23)c1.Cl,429.90400000000017,3.8269000000000033,74.73000000000002,1,7,10,3,30,other_IC50,CHEMBL203_CHEMBL1079742,,,,,,,,,,,,,,,,,,1,0,1,0
46,C3L-00604,25.5789469370576,13.28,1,CPTAC,CPTAC,13.072192414390653,11.70987316125485,17.31265957314855,10.583122355255949,18.46905993551355,15.830530889972316,unknown,other,0.0,CHEMBL941,CHEMBL203,IC50,50000.055,6.979303657420888,2,nM,imatinib,Cc1ccc(NC(=O)c2ccc(CN3CCN(C)CC3)cc2)cc1Nc1nccc(-c2cccnc2)n1,493.6150000000002,4.590320000000004,86.28000000000002,2,7,7,5,37,other_IC50,CHEMBL203_CHEMBL941,,,,,,,,,,,,,,,,,,1,0,0,1
47,C3L-00604,25.5789469370576,13.28,1,CPTAC,CPTAC,13.072192414390653,11.70987316125485,17.31265957314855,10.583122355255949,18.46905993551355,15.830530889972316,unknown,other,0.0,CHEMBL941,CHEMBL203,KD,10000.0,5.0,23,nM,imatinib,Cc1ccc(NC(=O)c2ccc(CN3CCN(C)CC3)cc2)cc1Nc1nccc(-c2cccnc2)n1,493.6150000000002,4.590320000000004,86.28000000000002,2,7,7,5,37,other_KD,CHEMBL203_CHEMBL941,,,,,,,,,,,,,,,,,,0,1,0,1
48,C3L-00893,25.535569904301,13.81,1,CPTAC,CPTAC,13.072192414390653,12.6046447755037,17.767914942942703,10.583122355255949,18.86502063329012,17.99546391996231,unknown,other,0.0,CHEMBL1079742,CHEMBL203,IC50,42.5,7.489405350465031,4,nM,erlotinib hydrochloride,C#Cc1cccc(Nc2ncnc3cc(OCCOC)c(OCCOC)cc23)c1.Cl,429.90400000000017,3.8269000000000033,74.73000000000002,1,7,10,3,30,other_IC50,CHEMBL203_CHEMBL1079742,,,,,,,,,,,,,,,,,,1,0,1,0
49,C3L-00893,25.535569904301,13.81,1,CPTAC,CPTAC,13.072192414390653,12.6046447755037,17.767914942942703,10.583122355255949,18.86502063329012,17.99546391996231,unknown,other,0.0,CHEMBL941,CHEMBL203,IC50,50000.055,6.979303657420888,2,nM,imatinib,Cc1ccc(NC(=O)c2ccc(CN3CCN(C)CC3)cc2)cc1Nc1nccc(-c2cccnc2)n1,493.6150000000002,4.590320000000004,86.28000000000002,2,7,7,5,37,other_IC50,CHEMBL203_CHEMBL941,,,,,,,,,,,,,,,,,,1,0,0,1
50,C3L-00893,25.535569904301,13.81,1,CPTAC,CPTAC,13.072192414390653,12.6046447755037,17.767914942942703,10.583122355255949,18.86502063329012,17.99546391996231,unknown,other,0.0,CHEMBL941,CHEMBL203,KD,10000.0,5.0,23,nM,imatinib,Cc1ccc(NC(=O)c2ccc(CN3CCN(C)CC3)cc2)cc1Nc1nccc(-c2cccnc2)n1,493.6150000000002,4.590320000000004,86.28000000000002,2,7,7,5,37,other_KD,CHEMBL203_CHEMBL941,,,,,,,,,,,,,,,,,,0,1,0,1
51,C3L-00913,25.0545503955683,11.34,1,CPTAC,CPTAC,13.072192414390653,12.6046447755037,17.767914942942703,10.583122355255949,18.86502063329012,17.99546391996231,unknown,other,0.0,CHEMBL1079742,CHEMBL203,IC50,42.5,7.489405350465031,4,nM,erlotinib hydrochloride,C#Cc1cccc(Nc2ncnc3cc(OCCOC)c(OCCOC)cc23)c1.Cl,429.90400000000017,3.8269000000000033,74.73000000000002,1,7,10,3,30,other_IC50,CHEMBL203_CHEMBL1079742,,,,,,,,,,,,,,,,,,1,0,1,0
52,C3L-00913,25.0545503955683,11.34,1,CPTAC,CPTAC,13.072192414390653,12.6046447755037,17.767914942942703,10.583122355255949,18.86502063329012,17.99546391996231,unknown,other,0.0,CHEMBL941,CHEMBL203,IC50,50000.055,6.979303657420888,2,nM,imatinib,Cc1ccc(NC(=O)c2ccc(CN3CCN(C)CC3)cc2)cc1Nc1nccc(-c2cccnc2)n1,493.6150000000002,4.590320000000004,86.28000000000002,2,7,7,5,37,other_IC50,CHEMBL203_CHEMBL941,,,,,,,,,,,,,,,,,,1,0,0,1
53,C3L-00913,25.0545503955683,11.34,1,CPTAC,CPTAC,13.072192414390653,12.6046447755037,17.767914942942703,10.583122355255949,18.86502063329012,17.99546391996231,unknown,other,0.0,CHEMBL941,CHEMBL203,KD,10000.0,5.0,23,nM,imatinib,Cc1ccc(NC(=O)c2ccc(CN3CCN(C)CC3)cc2)cc1Nc1nccc(-c2cccnc2)n1,493.6150000000002,4.590320000000004,86.28000000000002,2,7,7,5,37,other_KD,CHEMBL203_CHEMBL941,,,,,,,,,,,,,,,,,,0,1,0,1
54,C3L-00973,24.89454976491,11.81,1,CPTAC,CPTAC,13.0873727155154,12.6046447755037,17.767914942942703,10.583122355255949,18.86502063329012,13.0873727155154,unknown,other,0.0,CHEMBL1079742,CHEMBL203,IC50,42.5,7.489405350465031,4,nM,erlotinib hydrochloride,C#Cc1cccc(Nc2ncnc3cc(OCCOC)c(OCCOC)cc23)c1.Cl,429.90400000000017,3.8269000000000033,74.73000000000002,1,7,10,3,30,other_IC50,CHEMBL203_CHEMBL1079742,,,,,,,,,,,,,,,,,,1,0,1,0
55,C3L-00973,24.89454976491,11.81,1,CPTAC,CPTAC,13.0873727155154,12.6046447755037,17.767914942942703,10.583122355255949,18.86502063329012,13.0873727155154,unknown,other,0.0,CHEMBL941,CHEMBL203,IC50,50000.055,6.979303657420888,2,nM,imatinib,Cc1ccc(NC(=O)c2ccc(CN3CCN(C)CC3)cc2)cc1Nc1nccc(-c2cccnc2)n1,493.6150000000002,4.590320000000004,86.28000000000002,2,7,7,5,37,other_IC50,CHEMBL203_CHEMBL941,,,,,,,,,,,,,,,,,,1,0,0,1
56,C3L-00973,24.89454976491,11.81,1,CPTAC,CPTAC,13.0873727155154,12.6046447755037,17.767914942942703,10.583122355255949,18.86502063329012,13.0873727155154,unknown,other,0.0,CHEMBL941,CHEMBL203,KD,10000.0,5.0,23,nM,imatinib,Cc1ccc(NC(=O)c2ccc(CN3CCN(C)CC3)cc2)cc1Nc1nccc(-c2cccnc2)n1,493.6150000000002,4.590320000000004,86.28000000000002,2,7,7,5,37,other_KD,CHEMBL203_CHEMBL941,,,,,,,,,,,,,,,,,,0,1,0,1
57,C3L-01330,25.4858764937843,13.65,1,CPTAC,CPTAC,13.072192414390653,12.6046447755037,17.61215485684675,10.583122355255949,18.86502063329012,17.61215485684675,unknown,other,0.0,CHEMBL1079742,CHEMBL203,IC50,42.5,7.489405350465031,4,nM,erlotinib hydrochloride,C#Cc1cccc(Nc2ncnc3cc(OCCOC)c(OCCOC)cc23)c1.Cl,429.90400000000017,3.8269000000000033,74.73000000000002,1,7,10,3,30,other_IC50,CHEMBL203_CHEMBL1079742,,,,,,,,,,,,,,,,,,1,0,1,0
58,C3L-01330,25.4858764937843,13.65,1,CPTAC,CPTAC,13.072192414390653,12.6046447755037,17.61215485684675,10.583122355255949,18.86502063329012,17.61215485684675,unknown,other,0.0,CHEMBL941,CHEMBL203,IC50,50000.055,6.979303657420888,2,nM,imatinib,Cc1ccc(NC(=O)c2ccc(CN3CCN(C)CC3)cc2)cc1Nc1nccc(-c2cccnc2)n1,493.6150000000002,4.590320000000004,86.28000000000002,2,7,7,5,37,other_IC50,CHEMBL203_CHEMBL941,,,,,,,,,,,,,,,,,,1,0,0,1
59,C3L-01330,25.4858764937843,13.65,1,CPTAC,CPTAC,13.072192414390653,12.6046447755037,17.61215485684675,10.583122355255949,18.86502063329012,17.61215485684675,unknown,other,0.0,CHEMBL941,CHEMBL203,KD,10000.0,5.0,23,nM,imatinib,Cc1ccc(NC(=O)c2ccc(CN3CCN(C)CC3)cc2)cc1Nc1nccc(-c2cccnc2)n1,493.6150000000002,4.590320000000004,86.28000000000002,2,7,7,5,37,other_KD,CHEMBL203_CHEMBL941,,,,,,,,,,,,,,,,,,0,1,0,1
60,C3L-01632,24.9891486517818,11.41,1,CPTAC,CPTAC,13.072192414390653,12.6046447755037,17.767914942942703,10.583122355255949,18.988258975081,18.988258975081,unknown,other,0.0,CHEMBL1079742,CHEMBL203,IC50,42.5,7.489405350465031,4,nM,erlotinib hydrochloride,C#Cc1cccc(Nc2ncnc3cc(OCCOC)c(OCCOC)cc23)c1.Cl,429.90400000000017,3.8269000000000033,74.73000000000002,1,7,10,3,30,other_IC50,CHEMBL203_CHEMBL1079742,,,,,,,,,,,,,,,,,,1,0,1,0
61,C3L-01632,24.9891486517818,11.41,1,CPTAC,CPTAC,13.072192414390653,12.6046447755037,17.767914942942703,10.583122355255949,18.988258975081,18.988258975081,unknown,other,0.0,CHEMBL941,CHEMBL203,IC50,50000.055,6.979303657420888,2,nM,imatinib,Cc1ccc(NC(=O)c2ccc(CN3CCN(C)CC3)cc2)cc1Nc1nccc(-c2cccnc2)n1,493.6150000000002,4.590320000000004,86.28000000000002,2,7,7,5,37,other_IC50,CHEMBL203_CHEMBL941,,,,,,,,,,,,,,,,,,1,0,0,1
62,C3L-01632,24.9891486517818,11.41,1,CPTAC,CPTAC,13.072192414390653,12.6046447755037,17.767914942942703,10.583122355255949,18.988258975081,18.988258975081,unknown,other,0.0,CHEMBL941,CHEMBL203,KD,10000.0,5.0,23,nM,imatinib,Cc1ccc(NC(=O)c2ccc(CN3CCN(C)CC3)cc2)cc1Nc1nccc(-c2cccnc2)n1,493.6150000000002,4.590320000000004,86.28000000000002,2,7,7,5,37,other_KD,CHEMBL203_CHEMBL941,,,,,,,,,,,,,,,,,,0,1,0,1
63,C3L-01682,25.3644515302173,13.05,1,CPTAC,CPTAC,13.072192414390653,12.6046447755037,17.767914942942703,10.583122355255949,18.86502063329012,17.99546391996231,unknown,other,0.0,CHEMBL1079742,CHEMBL203,IC50,42.5,7.489405350465031,4,nM,erlotinib hydrochloride,C#Cc1cccc(Nc2ncnc3cc(OCCOC)c(OCCOC)cc23)c1.Cl,429.90400000000017,3.8269000000000033,74.73000000000002,1,7,10,3,30,other_IC50,CHEMBL203_CHEMBL1079742,,,,,,,,,,,,,,,,,,1,0,1,0
64,C3L-01682,25.3644515302173,13.05,1,CPTAC,CPTAC,13.072192414390653,12.6046447755037,17.767914942942703,10.583122355255949,18.86502063329012,17.99546391996231,unknown,other,0.0,CHEMBL941,CHEMBL203,IC50,50000.055,6.979303657420888,2,nM,imatinib,Cc1ccc(NC(=O)c2ccc(CN3CCN(C)CC3)cc2)cc1Nc1nccc(-c2cccnc2)n1,493.6150000000002,4.590320000000004,86.28000000000002,2,7,7,5,37,other_IC50,CHEMBL203_CHEMBL941,,,,,,,,,,,,,,,,,,1,0,0,1
65,C3L-01682,25.3644515302173,13.05,1,CPTAC,CPTAC,13.072192414390653,12.6046447755037,17.767914942942703,10.583122355255949,18.86502063329012,17.99546391996231,unknown,other,0.0,CHEMBL941,CHEMBL203,KD,10000.0,5.0,23,nM,imatinib,Cc1ccc(NC(=O)c2ccc(CN3CCN(C)CC3)cc2)cc1Nc1nccc(-c2cccnc2)n1,493.6150000000002,4.590320000000004,86.28000000000002,2,7,7,5,37,other_KD,CHEMBL203_CHEMBL941,,,,,,,,,,,,,,,,,,0,1,0,1
66,C3L-01683,24.5714842659513,11.65,1,CPTAC,CPTAC,13.072192414390653,12.6046447755037,17.767914942942703,10.583122355255949,18.86502063329012,17.99546391996231,unknown,other,0.0,CHEMBL1079742,CHEMBL203,IC50,42.5,7.489405350465031,4,nM,erlotinib hydrochloride,C#Cc1cccc(Nc2ncnc3cc(OCCOC)c(OCCOC)cc23)c1.Cl,429.90400000000017,3.8269000000000033,74.73000000000002,1,7,10,3,30,other_IC50,CHEMBL203_CHEMBL1079742,,,,,,,,,,,,,,,,,,1,0,1,0
67,C3L-01683,24.5714842659513,11.65,1,CPTAC,CPTAC,13.072192414390653,12.6046447755037,17.767914942942703,10.583122355255949,18.86502063329012,17.99546391996231,unknown,other,0.0,CHEMBL941,CHEMBL203,IC50,50000.055,6.979303657420888,2,nM,imatinib,Cc1ccc(NC(=O)c2ccc(CN3CCN(C)CC3)cc2)cc1Nc1nccc(-c2cccnc2)n1,493.6150000000002,4.590320000000004,86.28000000000002,2,7,7,5,37,other_IC50,CHEMBL203_CHEMBL941,,,,,,,,,,,,,,,,,,1,0,0,1
68,C3L-01683,24.5714842659513,11.65,1,CPTAC,CPTAC,13.072192414390653,12.6046447755037,17.767914942942703,10.583122355255949,18.86502063329012,17.99546391996231,unknown,other,0.0,CHEMBL941,CHEMBL203,KD,10000.0,5.0,23,nM,imatinib,Cc1ccc(NC(=O)c2ccc(CN3CCN(C)CC3)cc2)cc1Nc1nccc(-c2cccnc2)n1,493.6150000000002,4.590320000000004,86.28000000000002,2,7,7,5,37,other_KD,CHEMBL203_CHEMBL941,,,,,,,,,,,,,,,,,,0,1,0,1
69,C3L-01862,24.8657895228368,11.44,1,CPTAC,CPTAC,13.072192414390653,12.6046447755037,17.767914942942703,10.583122355255949,18.86502063329012,17.99546391996231,unknown,other,0.0,CHEMBL1079742,CHEMBL203,IC50,42.5,7.489405350465031,4,nM,erlotinib hydrochloride,C#Cc1cccc(Nc2ncnc3cc(OCCOC)c(OCCOC)cc23)c1.Cl,429.90400000000017,3.8269000000000033,74.73000000000002,1,7,10,3,30,other_IC50,CHEMBL203_CHEMBL1079742,,,,,,,,,,,,,,,,,,1,0,1,0
70,C3L-01862,24.8657895228368,11.44,1,CPTAC,CPTAC,13.072192414390653,12.6046447755037,17.767914942942703,10.583122355255949,18.86502063329012,17.99546391996231,unknown,other,0.0,CHEMBL941,CHEMBL203,IC50,50000.055,6.979303657420888,2,nM,imatinib,Cc1ccc(NC(=O)c2ccc(CN3CCN(C)CC3)cc2)cc1Nc1nccc(-c2cccnc2)n1,493.6150000000002,4.590320000000004,86.28000000000002,2,7,7,5,37,other_IC50,CHEMBL203_CHEMBL941,,,,,,,,,,,,,,,,,,1,0,0,1
71,C3L-01862,24.8657895228368,11.44,1,CPTAC,CPTAC,13.072192414390653,12.6046447755037,17.767914942942703,10.583122355255949,18.86502063329012,17.99546391996231,unknown,other,0.0,CHEMBL941,CHEMBL203,KD,10000.0,5.0,23,nM,imatinib,Cc1ccc(NC(=O)c2ccc(CN3CCN(C)CC3)cc2)cc1Nc1nccc(-c2cccnc2)n1,493.6150000000002,4.590320000000004,86.28000000000002,2,7,7,5,37,other_KD,CHEMBL203_CHEMBL941,,,,,,,,,,,,,,,,,,0,1,0,1
72,C3L-01889,25.492147508708,12.88,1,CPTAC,CPTAC,13.072192414390653,12.6046447755037,17.767914942942703,10.583122355255949,18.86502063329012,17.99546391996231,unknown,other,0.0,CHEMBL1079742,CHEMBL203,IC50,42.5,7.489405350465031,4,nM,erlotinib hydrochloride,C#Cc1cccc(Nc2ncnc3cc(OCCOC)c(OCCOC)cc23)c1.Cl,429.90400000000017,3.8269000000000033,74.73000000000002,1,7,10,3,30,other_IC50,CHEMBL203_CHEMBL1079742,,,,,,,,,,,,,,,,,,1,0,1,0
73,C3L-01889,25.492147508708,12.88,1,CPTAC,CPTAC,13.072192414390653,12.6046447755037,17.767914942942703,10.583122355255949,18.86502063329012,17.99546391996231,unknown,other,0.0,CHEMBL941,CHEMBL203,IC50,50000.055,6.979303657420888,2,nM,imatinib,Cc1ccc(NC(=O)c2ccc(CN3CCN(C)CC3)cc2)cc1Nc1nccc(-c2cccnc2)n1,493.6150000000002,4.590320000000004,86.28000000000002,2,7,7,5,37,other_IC50,CHEMBL203_CHEMBL941,,,,,,,,,,,,,,,,,,1,0,0,1
74,C3L-01889,25.492147508708,12.88,1,CPTAC,CPTAC,13.072192414390653,12.6046447755037,17.767914942942703,10.583122355255949,18.86502063329012,17.99546391996231,unknown,other,0.0,CHEMBL941,CHEMBL203,KD,10000.0,5.0,23,nM,imatinib,Cc1ccc(NC(=O)c2ccc(CN3CCN(C)CC3)cc2)cc1Nc1nccc(-c2cccnc2)n1,493.6150000000002,4.590320000000004,86.28000000000002,2,7,7,5,37,other_KD,CHEMBL203_CHEMBL941,,,,,,,,,,,,,,,,,,0,1,0,1
75,C3L-01890,25.1959125801797,12.16,1,CPTAC,CPTAC,13.072192414390653,12.6046447755037,17.767914942942703,10.583122355255949,18.86502063329012,17.99546391996231,unknown,other,0.0,CHEMBL1079742,CHEMBL203,IC50,42.5,7.489405350465031,4,nM,erlotinib hydrochloride,C#Cc1cccc(Nc2ncnc3cc(OCCOC)c(OCCOC)cc23)c1.Cl,429.90400000000017,3.8269000000000033,74.73000000000002,1,7,10,3,30,other_IC50,CHEMBL203_CHEMBL1079742,,,,,,,,,,,,,,,,,,1,0,1,0
76,C3L-01890,25.1959125801797,12.16,1,CPTAC,CPTAC,13.072192414390653,12.6046447755037,17.767914942942703,10.583122355255949,18.86502063329012,17.99546391996231,unknown,other,0.0,CHEMBL941,CHEMBL203,IC50,50000.055,6.979303657420888,2,nM,imatinib,Cc1ccc(NC(=O)c2ccc(CN3CCN(C)CC3)cc2)cc1Nc1nccc(-c2cccnc2)n1,493.6150000000002,4.590320000000004,86.28000000000002,2,7,7,5,37,other_IC50,CHEMBL203_CHEMBL941,,,,,,,,,,,,,,,,,,1,0,0,1
77,C3L-01890,25.1959125801797,12.16,1,CPTAC,CPTAC,13.072192414390653,12.6046447755037,17.767914942942703,10.583122355255949,18.86502063329012,17.99546391996231,unknown,other,0.0,CHEMBL941,CHEMBL203,KD,10000.0,5.0,23,nM,imatinib,Cc1ccc(NC(=O)c2ccc(CN3CCN(C)CC3)cc2)cc1Nc1nccc(-c2cccnc2)n1,493.6150000000002,4.590320000000004,86.28000000000002,2,7,7,5,37,other_KD,CHEMBL203_CHEMBL941,,,,,,,,,,,,,,,,,,0,1,0,1
78,C3L-01924,26.0774438258352,13.49,1,CPTAC,CPTAC,13.072192414390653,12.6046447755037,17.767914942942703,10.583122355255949,18.86502063329012,17.99546391996231,unknown,other,0.0,CHEMBL1079742,CHEMBL203,IC50,42.5,7.489405350465031,4,nM,erlotinib hydrochloride,C#Cc1cccc(Nc2ncnc3cc(OCCOC)c(OCCOC)cc23)c1.Cl,429.90400000000017,3.8269000000000033,74.73000000000002,1,7,10,3,30,other_IC50,CHEMBL203_CHEMBL1079742,,,,,,,,,,,,,,,,,,1,0,1,0
79,C3L-01924,26.0774438258352,13.49,1,CPTAC,CPTAC,13.072192414390653,12.6046447755037,17.767914942942703,10.583122355255949,18.86502063329012,17.99546391996231,unknown,other,0.0,CHEMBL941,CHEMBL203,IC50,50000.055,6.979303657420888,2,nM,imatinib,Cc1ccc(NC(=O)c2ccc(CN3CCN(C)CC3)cc2)cc1Nc1nccc(-c2cccnc2)n1,493.6150000000002,4.590320000000004,86.28000000000002,2,7,7,5,37,other_IC50,CHEMBL203_CHEMBL941,,,,,,,,,,,,,,,,,,1,0,0,1
80,C3L-01924,26.0774438258352,13.49,1,CPTAC,CPTAC,13.072192414390653,12.6046447755037,17.767914942942703,10.583122355255949,18.86502063329012,17.99546391996231,unknown,other,0.0,CHEMBL941,CHEMBL203,KD,10000.0,5.0,23,nM,imatinib,Cc1ccc(NC(=O)c2ccc(CN3CCN(C)CC3)cc2)cc1Nc1nccc(-c2cccnc2)n1,493.6150000000002,4.590320000000004,86.28000000000002,2,7,7,5,37,other_KD,CHEMBL203_CHEMBL941,,,,,,,,,,,,,,,,,,0,1,0,1
81,C3L-02219,26.9307217620976,13.56,1,CPTAC,CPTAC,13.072192414390653,12.6046447755037,17.767914942942703,10.583122355255949,18.86502063329012,17.99546391996231,unknown,other,0.0,CHEMBL1079742,CHEMBL203,IC50,42.5,7.489405350465031,4,nM,erlotinib hydrochloride,C#Cc1cccc(Nc2ncnc3cc(OCCOC)c(OCCOC)cc23)c1.Cl,429.90400000000017,3.8269000000000033,74.73000000000002,1,7,10,3,30,other_IC50,CHEMBL203_CHEMBL1079742,,,,,,,,,,,,,,,,,,1,0,1,0
82,C3L-02219,26.9307217620976,13.56,1,CPTAC,CPTAC,13.072192414390653,12.6046447755037,17.767914942942703,10.583122355255949,18.86502063329012,17.99546391996231,unknown,other,0.0,CHEMBL941,CHEMBL203,IC50,50000.055,6.979303657420888,2,nM,imatinib,Cc1ccc(NC(=O)c2ccc(CN3CCN(C)CC3)cc2)cc1Nc1nccc(-c2cccnc2)n1,493.6150000000002,4.590320000000004,86.28000000000002,2,7,7,5,37,other_IC50,CHEMBL203_CHEMBL941,,,,,,,,,,,,,,,,,,1,0,0,1
83,C3L-02219,26.9307217620976,13.56,1,CPTAC,CPTAC,13.072192414390653,12.6046447755037,17.767914942942703,10.583122355255949,18.86502063329012,17.99546391996231,unknown,other,0.0,CHEMBL941,CHEMBL203,KD,10000.0,5.0,23,nM,imatinib,Cc1ccc(NC(=O)c2ccc(CN3CCN(C)CC3)cc2)cc1Nc1nccc(-c2cccnc2)n1,493.6150000000002,4.590320000000004,86.28000000000002,2,7,7,5,37,other_KD,CHEMBL203_CHEMBL941,,,,,,,,,,,,,,,,,,0,1,0,1
84,C3L-02345,24.8007349321607,12.12,1,CPTAC,CPTAC,13.072192414390653,12.6046447755037,17.767914942942703,10.583122355255949,18.86502063329012,17.99546391996231,unknown,other,0.0,CHEMBL1079742,CHEMBL203,IC50,42.5,7.489405350465031,4,nM,erlotinib hydrochloride,C#Cc1cccc(Nc2ncnc3cc(OCCOC)c(OCCOC)cc23)c1.Cl,429.90400000000017,3.8269000000000033,74.73000000000002,1,7,10,3,30,other_IC50,CHEMBL203_CHEMBL1079742,,,,,,,,,,,,,,,,,,1,0,1,0
85,C3L-02345,24.8007349321607,12.12,1,CPTAC,CPTAC,13.072192414390653,12.6046447755037,17.767914942942703,10.583122355255949,18.86502063329012,17.99546391996231,unknown,other,0.0,CHEMBL941,CHEMBL203,IC50,50000.055,6.979303657420888,2,nM,imatinib,Cc1ccc(NC(=O)c2ccc(CN3CCN(C)CC3)cc2)cc1Nc1nccc(-c2cccnc2)n1,493.6150000000002,4.590320000000004,86.28000000000002,2,7,7,5,37,other_IC50,CHEMBL203_CHEMBL941,,,,,,,,,,,,,,,,,,1,0,0,1
86,C3L-02345,24.8007349321607,12.12,1,CPTAC,CPTAC,13.072192414390653,12.6046447755037,17.767914942942703,10.583122355255949,18.86502063329012,17.99546391996231,unknown,other,0.0,CHEMBL941,CHEMBL203,KD,10000.0,5.0,23,nM,imatinib,Cc1ccc(NC(=O)c2ccc(CN3CCN(C)CC3)cc2)cc1Nc1nccc(-c2cccnc2)n1,493.6150000000002,4.590320000000004,86.28000000000002,2,7,7,5,37,other_KD,CHEMBL203_CHEMBL941,,,,,,,,,,,,,,,,,,0,1,0,1
87,C3L-02348,25.2410354113575,12.62,1,CPTAC,CPTAC,13.065650406197651,12.6046447755037,17.767914942942703,10.583122355255949,18.86502063329012,13.065650406197651,unknown,other,0.0,CHEMBL1079742,CHEMBL203,IC50,42.5,7.489405350465031,4,nM,erlotinib hydrochloride,C#Cc1cccc(Nc2ncnc3cc(OCCOC)c(OCCOC)cc23)c1.Cl,429.90400000000017,3.8269000000000033,74.73000000000002,1,7,10,3,30,other_IC50,CHEMBL203_CHEMBL1079742,,,,,,,,,,,,,,,,,,1,0,1,0
88,C3L-02348,25.2410354113575,12.62,1,CPTAC,CPTAC,13.065650406197651,12.6046447755037,17.767914942942703,10.583122355255949,18.86502063329012,13.065650406197651,unknown,other,0.0,CHEMBL941,CHEMBL203,IC50,50000.055,6.979303657420888,2,nM,imatinib,Cc1ccc(NC(=O)c2ccc(CN3CCN(C)CC3)cc2)cc1Nc1nccc(-c2cccnc2)n1,493.6150000000002,4.590320000000004,86.28000000000002,2,7,7,5,37,other_IC50,CHEMBL203_CHEMBL941,,,,,,,,,,,,,,,,,,1,0,0,1
89,C3L-02348,25.2410354113575,12.62,1,CPTAC,CPTAC,13.065650406197651,12.6046447755037,17.767914942942703,10.583122355255949,18.86502063329012,13.065650406197651,unknown,other,0.0,CHEMBL941,CHEMBL203,KD,10000.0,5.0,23,nM,imatinib,Cc1ccc(NC(=O)c2ccc(CN3CCN(C)CC3)cc2)cc1Nc1nccc(-c2cccnc2)n1,493.6150000000002,4.590320000000004,86.28000000000002,2,7,7,5,37,other_KD,CHEMBL203_CHEMBL941,,,,,,,,,,,,,,,,,,0,1,0,1
90,C3L-02350,25.0004800680721,11.75,1,CPTAC,CPTAC,13.072192414390653,12.6046447755037,17.37976128112005,10.583122355255949,18.86502063329012,17.37976128112005,unknown,other,0.0,CHEMBL1079742,CHEMBL203,IC50,42.5,7.489405350465031,4,nM,erlotinib hydrochloride,C#Cc1cccc(Nc2ncnc3cc(OCCOC)c(OCCOC)cc23)c1.Cl,429.90400000000017,3.8269000000000033,74.73000000000002,1,7,10,3,30,other_IC50,CHEMBL203_CHEMBL1079742,,,,,,,,,,,,,,,,,,1,0,1,0
91,C3L-02350,25.0004800680721,11.75,1,CPTAC,CPTAC,13.072192414390653,12.6046447755037,17.37976128112005,10.583122355255949,18.86502063329012,17.37976128112005,unknown,other,0.0,CHEMBL941,CHEMBL203,IC50,50000.055,6.979303657420888,2,nM,imatinib,Cc1ccc(NC(=O)c2ccc(CN3CCN(C)CC3)cc2)cc1Nc1nccc(-c2cccnc2)n1,493.6150000000002,4.590320000000004,86.28000000000002,2,7,7,5,37,other_IC50,CHEMBL203_CHEMBL941,,,,,,,,,,,,,,,,,,1,0,0,1
92,C3L-02350,25.0004800680721,11.75,1,CPTAC,CPTAC,13.072192414390653,12.6046447755037,17.37976128112005,10.583122355255949,18.86502063329012,17.37976128112005,unknown,other,0.0,CHEMBL941,CHEMBL203,KD,10000.0,5.0,23,nM,imatinib,Cc1ccc(NC(=O)c2ccc(CN3CCN(C)CC3)cc2)cc1Nc1nccc(-c2cccnc2)n1,493.6150000000002,4.590320000000004,86.28000000000002,2,7,7,5,37,other_KD,CHEMBL203_CHEMBL941,,,,,,,,,,,,,,,,,,0,1,0,1
93,C3L-02365,25.8407891861086,13.51,1,CPTAC,CPTAC,13.072192414390653,12.6046447755037,17.90627991903495,10.583122355255949,18.86502063329012,17.90627991903495,unknown,other,0.0,CHEMBL1079742,CHEMBL203,IC50,42.5,7.489405350465031,4,nM,erlotinib hydrochloride,C#Cc1cccc(Nc2ncnc3cc(OCCOC)c(OCCOC)cc23)c1.Cl,429.90400000000017,3.8269000000000033,74.73000000000002,1,7,10,3,30,other_IC50,CHEMBL203_CHEMBL1079742,,,,,,,,,,,,,,,,,,1,0,1,0
94,C3L-02365,25.8407891861086,13.51,1,CPTAC,CPTAC,13.072192414390653,12.6046447755037,17.90627991903495,10.583122355255949,18.86502063329012,17.90627991903495,unknown,other,0.0,CHEMBL941,CHEMBL203,IC50,50000.055,6.979303657420888,2,nM,imatinib,Cc1ccc(NC(=O)c2ccc(CN3CCN(C)CC3)cc2)cc1Nc1nccc(-c2cccnc2)n1,493.6150000000002,4.590320000000004,86.28000000000002,2,7,7,5,37,other_IC50,CHEMBL203_CHEMBL941,,,,,,,,,,,,,,,,,,1,0,0,1
95,C3L-02365,25.8407891861086,13.51,1,CPTAC,CPTAC,13.072192414390653,12.6046447755037,17.90627991903495,10.583122355255949,18.86502063329012,17.90627991903495,unknown,other,0.0,CHEMBL941,CHEMBL203,KD,10000.0,5.0,23,nM,imatinib,Cc1ccc(NC(=O)c2ccc(CN3CCN(C)CC3)cc2)cc1Nc1nccc(-c2cccnc2)n1,493.6150000000002,4.590320000000004,86.28000000000002,2,7,7,5,37,other_KD,CHEMBL203_CHEMBL941,,,,,,,,,,,,,,,,,,0,1,0,1
96,C3L-02508,24.9253582626231,11.06,1,CPTAC,CPTAC,13.02924094564425,12.6046447755037,17.767914942942703,10.583122355255949,18.86502063329012,13.02924094564425,unknown,other,0.0,CHEMBL1079742,CHEMBL203,IC50,42.5,7.489405350465031,4,nM,erlotinib hydrochloride,C#Cc1cccc(Nc2ncnc3cc(OCCOC)c(OCCOC)cc23)c1.Cl,429.90400000000017,3.8269000000000033,74.73000000000002,1,7,10,3,30,other_IC50,CHEMBL203_CHEMBL1079742,,,,,,,,,,,,,,,,,,1,0,1,0
97,C3L-02508,24.9253582626231,11.06,1,CPTAC,CPTAC,13.02924094564425,12.6046447755037,17.767914942942703,10.583122355255949,18.86502063329012,13.02924094564425,unknown,other,0.0,CHEMBL941,CHEMBL203,IC50,50000.055,6.979303657420888,2,nM,imatinib,Cc1ccc(NC(=O)c2ccc(CN3CCN(C)CC3)cc2)cc1Nc1nccc(-c2cccnc2)n1,493.6150000000002,4.590320000000004,86.28000000000002,2,7,7,5,37,other_IC50,CHEMBL203_CHEMBL941,,,,,,,,,,,,,,,,,,1,0,0,1
98,C3L-02508,24.9253582626231,11.06,1,CPTAC,CPTAC,13.02924094564425,12.6046447755037,17.767914942942703,10.583122355255949,18.86502063329012,13.02924094564425,unknown,other,0.0,CHEMBL941,CHEMBL203,KD,10000.0,5.0,23,nM,imatinib,Cc1ccc(NC(=O)c2ccc(CN3CCN(C)CC3)cc2)cc1Nc1nccc(-c2cccnc2)n1,493.6150000000002,4.590320000000004,86.28000000000002,2,7,7,5,37,other_KD,CHEMBL203_CHEMBL941,,,,,,,,,,,,,,,,,,0,1,0,1
99,C3L-02549,25.5473840840909,12.17,1,CPTAC,CPTAC,13.072192414390653,12.6046447755037,17.6470758759427,10.583122355255949,18.86502063329012,17.6470758759427,unknown,other,0.0,CHEMBL1079742,CHEMBL203,IC50,42.5,7.489405350465031,4,nM,erlotinib hydrochloride,C#Cc1cccc(Nc2ncnc3cc(OCCOC)c(OCCOC)cc23)c1.Cl,429.90400000000017,3.8269000000000033,74.73000000000002,1,7,10,3,30,other_IC50,CHEMBL203_CHEMBL1079742,,,,,,,,,,,,,,,,,,1,0,1,0
100,C3L-02549,25.5473840840909,12.17,1,CPTAC,CPTAC,13.072192414390653,12.6046447755037,17.6470758759427,10.583122355255949,18.86502063329012,17.6470758759427,unknown,other,0.0,CHEMBL941,CHEMBL203,IC50,50000.055,6.979303657420888,2,nM,imatinib,Cc1ccc(NC(=O)c2ccc(CN3CCN(C)CC3)cc2)cc1Nc1nccc(-c2cccnc2)n1,493.6150000000002,4.590320000000004,86.28000000000002,2,7,7,5,37,other_IC50,CHEMBL203_CHEMBL941,,,,,,,,,,,,,,,,,,1,0,0,1
101,C3L-02549,25.5473840840909,12.17,1,CPTAC,CPTAC,13.072192414390653,12.6046447755037,17.6470758759427,10.583122355255949,18.86502063329012,17.6470758759427,unknown,other,0.0,CHEMBL941,CHEMBL203,KD,10000.0,5.0,23,nM,imatinib,Cc1ccc(NC(=O)c2ccc(CN3CCN(C)CC3)cc2)cc1Nc1nccc(-c2cccnc2)n1,493.6150000000002,4.590320000000004,86.28000000000002,2,7,7,5,37,other_KD,CHEMBL203_CHEMBL941,,,,,,,,,,,,,,,,,,0,1,0,1
102,C3N-00167,25.8302570918315,14.29,1,CPTAC,CPTAC,13.072192414390653,12.6046447755037,17.767914942942703,10.583122355255949,18.9414062257186,18.9414062257186,unknown,other,0.0,CHEMBL1079742,CHEMBL203,IC50,42.5,7.489405350465031,4,nM,erlotinib hydrochloride,C#Cc1cccc(Nc2ncnc3cc(OCCOC)c(OCCOC)cc23)c1.Cl,429.90400000000017,3.8269000000000033,74.73000000000002,1,7,10,3,30,other_IC50,CHEMBL203_CHEMBL1079742,,,,,,,,,,,,,,,,,,1,0,1,0
103,C3N-00167,25.8302570918315,14.29,1,CPTAC,CPTAC,13.072192414390653,12.6046447755037,17.767914942942703,10.583122355255949,18.9414062257186,18.9414062257186,unknown,other,0.0,CHEMBL941,CHEMBL203,IC50,50000.055,6.979303657420888,2,nM,imatinib,Cc1ccc(NC(=O)c2ccc(CN3CCN(C)CC3)cc2)cc1Nc1nccc(-c2cccnc2)n1,493.6150000000002,4.590320000000004,86.28000000000002,2,7,7,5,37,other_IC50,CHEMBL203_CHEMBL941,,,,,,,,,,,,,,,,,,1,0,0,1
104,C3N-00167,25.8302570918315,14.29,1,CPTAC,CPTAC,13.072192414390653,12.6046447755037,17.767914942942703,10.583122355255949,18.9414062257186,18.9414062257186,unknown,other,0.0,CHEMBL941,CHEMBL203,KD,10000.0,5.0,23,nM,imatinib,Cc1ccc(NC(=O)c2ccc(CN3CCN(C)CC3)cc2)cc1Nc1nccc(-c2cccnc2)n1,493.6150000000002,4.590320000000004,86.28000000000002,2,7,7,5,37,other_KD,CHEMBL203_CHEMBL941,,,,,,,,,,,,,,,,,,0,1,0,1
105,C3N-00169,26.209111897473,13.59,1,CPTAC,CPTAC,13.072192414390653,12.6046447755037,17.767914942942703,10.583122355255949,18.86502063329012,17.99546391996231,unknown,other,0.0,CHEMBL1079742,CHEMBL203,IC50,42.5,7.489405350465031,4,nM,erlotinib hydrochloride,C#Cc1cccc(Nc2ncnc3cc(OCCOC)c(OCCOC)cc23)c1.Cl,429.90400000000017,3.8269000000000033,74.73000000000002,1,7,10,3,30,other_IC50,CHEMBL203_CHEMBL1079742,,,,,,,,,,,,,,,,,,1,0,1,0
106,C3N-00169,26.209111897473,13.59,1,CPTAC,CPTAC,13.072192414390653,12.6046447755037,17.767914942942703,10.583122355255949,18.86502063329012,17.99546391996231,unknown,other,0.0,CHEMBL941,CHEMBL203,IC50,50000.055,6.979303657420888,2,nM,imatinib,Cc1ccc(NC(=O)c2ccc(CN3CCN(C)CC3)cc2)cc1Nc1nccc(-c2cccnc2)n1,493.6150000000002,4.590320000000004,86.28000000000002,2,7,7,5,37,other_IC50,CHEMBL203_CHEMBL941,,,,,,,,,,,,,,,,,,1,0,0,1
107,C3N-00169,26.209111897473,13.59,1,CPTAC,CPTAC,13.072192414390653,12.6046447755037,17.767914942942703,10.583122355255949,18.86502063329012,17.99546391996231,unknown,other,0.0,CHEMBL941,CHEMBL203,KD,10000.0,5.0,23,nM,imatinib,Cc1ccc(NC(=O)c2ccc(CN3CCN(C)CC3)cc2)cc1Nc1nccc(-c2cccnc2)n1,493.6150000000002,4.590320000000004,86.28000000000002,2,7,7,5,37,other_KD,CHEMBL203_CHEMBL941,,,,,,,,,,,,,,,,,,0,1,0,1
108,C3N-00175,25.8620795992577,13.63,1,CPTAC,CPTAC,13.072192414390653,12.6046447755037,17.55734646737845,10.583122355255949,18.86502063329012,17.55734646737845,unknown,other,0.0,CHEMBL1079742,CHEMBL203,IC50,42.5,7.489405350465031,4,nM,erlotinib hydrochloride,C#Cc1cccc(Nc2ncnc3cc(OCCOC)c(OCCOC)cc23)c1.Cl,429.90400000000017,3.8269000000000033,74.73000000000002,1,7,10,3,30,other_IC50,CHEMBL203_CHEMBL1079742,,,,,,,,,,,,,,,,,,1,0,1,0
109,C3N-00175,25.8620795992577,13.63,1,CPTAC,CPTAC,13.072192414390653,12.6046447755037,17.55734646737845,10.583122355255949,18.86502063329012,17.55734646737845,unknown,other,0.0,CHEMBL941,CHEMBL203,IC50,50000.055,6.979303657420888,2,nM,imatinib,Cc1ccc(NC(=O)c2ccc(CN3CCN(C)CC3)cc2)cc1Nc1nccc(-c2cccnc2)n1,493.6150000000002,4.590320000000004,86.28000000000002,2,7,7,5,37,other_IC50,CHEMBL203_CHEMBL941,,,,,,,,,,,,,,,,,,1,0,0,1
110,C3N-00175,25.8620795992577,13.63,1,CPTAC,CPTAC,13.072192414390653,12.6046447755037,17.55734646737845,10.583122355255949,18.86502063329012,17.55734646737845,unknown,other,0.0,CHEMBL941,CHEMBL203,KD,10000.0,5.0,23,nM,imatinib,Cc1ccc(NC(=O)c2ccc(CN3CCN(C)CC3)cc2)cc1Nc1nccc(-c2cccnc2)n1,493.6150000000002,4.590320000000004,86.28000000000002,2,7,7,5,37,other_KD,CHEMBL203_CHEMBL941,,,,,,,,,,,,,,,,,,0,1,0,1
111,C3N-00180,25.6285355522037,12.45,1,CPTAC,CPTAC,13.072192414390653,12.6046447755037,17.767914942942703,10.583122355255949,18.86502063329012,17.99546391996231,unknown,other,0.0,CHEMBL1079742,CHEMBL203,IC50,42.5,7.489405350465031,4,nM,erlotinib hydrochloride,C#Cc1cccc(Nc2ncnc3cc(OCCOC)c(OCCOC)cc23)c1.Cl,429.90400000000017,3.8269000000000033,74.73000000000002,1,7,10,3,30,other_IC50,CHEMBL203_CHEMBL1079742,,,,,,,,,,,,,,,,,,1,0,1,0
112,C3N-00180,25.6285355522037,12.45,1,CPTAC,CPTAC,13.072192414390653,12.6046447755037,17.767914942942703,10.583122355255949,18.86502063329012,17.99546391996231,unknown,other,0.0,CHEMBL941,CHEMBL203,IC50,50000.055,6.979303657420888,2,nM,imatinib,Cc1ccc(NC(=O)c2ccc(CN3CCN(C)CC3)cc2)cc1Nc1nccc(-c2cccnc2)n1,493.6150000000002,4.590320000000004,86.28000000000002,2,7,7,5,37,other_IC50,CHEMBL203_CHEMBL941,,,,,,,,,,,,,,,,,,1,0,0,1
113,C3N-00180,25.6285355522037,12.45,1,CPTAC,CPTAC,13.072192414390653,12.6046447755037,17.767914942942703,10.583122355255949,18.86502063329012,17.99546391996231,unknown,other,0.0,CHEMBL941,CHEMBL203,KD,10000.0,5.0,23,nM,imatinib,Cc1ccc(NC(=O)c2ccc(CN3CCN(C)CC3)cc2)cc1Nc1nccc(-c2cccnc2)n1,493.6150000000002,4.590320000000004,86.28000000000002,2,7,7,5,37,other_KD,CHEMBL203_CHEMBL941,,,,,,,,,,,,,,,,,,0,1,0,1
114,C3N-00199,26.5569262633047,14.87,1,CPTAC,CPTAC,13.072192414390653,12.7013173580964,17.7926138668204,10.583122355255949,19.7902750794112,16.761402101442666,unknown,other,0.0,CHEMBL1079742,CHEMBL203,IC50,42.5,7.489405350465031,4,nM,erlotinib hydrochloride,C#Cc1cccc(Nc2ncnc3cc(OCCOC)c(OCCOC)cc23)c1.Cl,429.90400000000017,3.8269000000000033,74.73000000000002,1,7,10,3,30,other_IC50,CHEMBL203_CHEMBL1079742,,,,,,,,,,,,,,,,,,1,0,1,0
115,C3N-00199,26.5569262633047,14.87,1,CPTAC,CPTAC,13.072192414390653,12.7013173580964,17.7926138668204,10.583122355255949,19.7902750794112,16.761402101442666,unknown,other,0.0,CHEMBL941,CHEMBL203,IC50,50000.055,6.979303657420888,2,nM,imatinib,Cc1ccc(NC(=O)c2ccc(CN3CCN(C)CC3)cc2)cc1Nc1nccc(-c2cccnc2)n1,493.6150000000002,4.590320000000004,86.28000000000002,2,7,7,5,37,other_IC50,CHEMBL203_CHEMBL941,,,,,,,,,,,,,,,,,,1,0,0,1
116,C3N-00199,26.5569262633047,14.87,1,CPTAC,CPTAC,13.072192414390653,12.7013173580964,17.7926138668204,10.583122355255949,19.7902750794112,16.761402101442666,unknown,other,0.0,CHEMBL941,CHEMBL203,KD,10000.0,5.0,23,nM,imatinib,Cc1ccc(NC(=O)c2ccc(CN3CCN(C)CC3)cc2)cc1Nc1nccc(-c2cccnc2)n1,493.6150000000002,4.590320000000004,86.28000000000002,2,7,7,5,37,other_KD,CHEMBL203_CHEMBL941,,,,,,,,,,,,,,,,,,0,1,0,1
117,C3N-00203,25.7426584106461,12.68,1,CPTAC,CPTAC,13.072192414390653,12.6046447755037,18.2669136413368,10.583122355255949,18.86502063329012,18.2669136413368,unknown,other,0.0,CHEMBL1079742,CHEMBL203,IC50,42.5,7.489405350465031,4,nM,erlotinib hydrochloride,C#Cc1cccc(Nc2ncnc3cc(OCCOC)c(OCCOC)cc23)c1.Cl,429.90400000000017,3.8269000000000033,74.73000000000002,1,7,10,3,30,other_IC50,CHEMBL203_CHEMBL1079742,,,,,,,,,,,,,,,,,,1,0,1,0
118,C3N-00203,25.7426584106461,12.68,1,CPTAC,CPTAC,13.072192414390653,12.6046447755037,18.2669136413368,10.583122355255949,18.86502063329012,18.2669136413368,unknown,other,0.0,CHEMBL941,CHEMBL203,IC50,50000.055,6.979303657420888,2,nM,imatinib,Cc1ccc(NC(=O)c2ccc(CN3CCN(C)CC3)cc2)cc1Nc1nccc(-c2cccnc2)n1,493.6150000000002,4.590320000000004,86.28000000000002,2,7,7,5,37,other_IC50,CHEMBL203_CHEMBL941,,,,,,,,,,,,,,,,,,1,0,0,1
119,C3N-00203,25.7426584106461,12.68,1,CPTAC,CPTAC,13.072192414390653,12.6046447755037,18.2669136413368,10.583122355255949,18.86502063329012,18.2669136413368,unknown,other,0.0,CHEMBL941,CHEMBL203,KD,10000.0,5.0,23,nM,imatinib,Cc1ccc(NC(=O)c2ccc(CN3CCN(C)CC3)cc2)cc1Nc1nccc(-c2cccnc2)n1,493.6150000000002,4.590320000000004,86.28000000000002,2,7,7,5,37,other_KD,CHEMBL203_CHEMBL941,,,,,,,,,,,,,,,,,,0,1,0,1
120,C3N-00217,24.9492776634389,10.69,1,CPTAC,CPTAC,13.072192414390653,12.6046447755037,17.767914942942703,10.583122355255949,19.453806346749047,19.453806346749047,unknown,other,0.0,CHEMBL1079742,CHEMBL203,IC50,42.5,7.489405350465031,4,nM,erlotinib hydrochloride,C#Cc1cccc(Nc2ncnc3cc(OCCOC)c(OCCOC)cc23)c1.Cl,429.90400000000017,3.8269000000000033,74.73000000000002,1,7,10,3,30,other_IC50,CHEMBL203_CHEMBL1079742,,,,,,,,,,,,,,,,,,1,0,1,0
121,C3N-00217,24.9492776634389,10.69,1,CPTAC,CPTAC,13.072192414390653,12.6046447755037,17.767914942942703,10.583122355255949,19.453806346749047,19.453806346749047,unknown,other,0.0,CHEMBL941,CHEMBL203,IC50,50000.055,6.979303657420888,2,nM,imatinib,Cc1ccc(NC(=O)c2ccc(CN3CCN(C)CC3)cc2)cc1Nc1nccc(-c2cccnc2)n1,493.6150000000002,4.590320000000004,86.28000000000002,2,7,7,5,37,other_IC50,CHEMBL203_CHEMBL941,,,,,,,,,,,,,,,,,,1,0,0,1
122,C3N-00217,24.9492776634389,10.69,1,CPTAC,CPTAC,13.072192414390653,12.6046447755037,17.767914942942703,10.583122355255949,19.453806346749047,19.453806346749047,unknown,other,0.0,CHEMBL941,CHEMBL203,KD,10000.0,5.0,23,nM,imatinib,Cc1ccc(NC(=O)c2ccc(CN3CCN(C)CC3)cc2)cc1Nc1nccc(-c2cccnc2)n1,493.6150000000002,4.590320000000004,86.28000000000002,2,7,7,5,37,other_KD,CHEMBL203_CHEMBL941,,,,,,,,,,,,,,,,,,0,1,0,1
123,C3N-00223,25.7043818597271,13.17,1,CPTAC,CPTAC,13.072192414390653,12.6046447755037,17.767914942942703,10.583122355255949,18.86502063329012,17.99546391996231,unknown,other,0.0,CHEMBL1079742,CHEMBL203,IC50,42.5,7.489405350465031,4,nM,erlotinib hydrochloride,C#Cc1cccc(Nc2ncnc3cc(OCCOC)c(OCCOC)cc23)c1.Cl,429.90400000000017,3.8269000000000033,74.73000000000002,1,7,10,3,30,other_IC50,CHEMBL203_CHEMBL1079742,,,,,,,,,,,,,,,,,,1,0,1,0
124,C3N-00223,25.7043818597271,13.17,1,CPTAC,CPTAC,13.072192414390653,12.6046447755037,17.767914942942703,10.583122355255949,18.86502063329012,17.99546391996231,unknown,other,0.0,CHEMBL941,CHEMBL203,IC50,50000.055,6.979303657420888,2,nM,imatinib,Cc1ccc(NC(=O)c2ccc(CN3CCN(C)CC3)cc2)cc1Nc1nccc(-c2cccnc2)n1,493.6150000000002,4.590320000000004,86.28000000000002,2,7,7,5,37,other_IC50,CHEMBL203_CHEMBL941,,,,,,,,,,,,,,,,,,1,0,0,1
125,C3N-00223,25.7043818597271,13.17,1,CPTAC,CPTAC,13.072192414390653,12.6046447755037,17.767914942942703,10.583122355255949,18.86502063329012,17.99546391996231,unknown,other,0.0,CHEMBL941,CHEMBL203,KD,10000.0,5.0,23,nM,imatinib,Cc1ccc(NC(=O)c2ccc(CN3CCN(C)CC3)cc2)cc1Nc1nccc(-c2cccnc2)n1,493.6150000000002,4.590320000000004,86.28000000000002,2,7,7,5,37,other_KD,CHEMBL203_CHEMBL941,,,,,,,,,,,,,,,,,,0,1,0,1
126,C3N-00293,25.5681915327736,12.86,1,CPTAC,CPTAC,13.072192414390653,12.6046447755037,17.767914942942703,10.583122355255949,18.86502063329012,17.99546391996231,unknown,other,0.0,CHEMBL1079742,CHEMBL203,IC50,42.5,7.489405350465031,4,nM,erlotinib hydrochloride,C#Cc1cccc(Nc2ncnc3cc(OCCOC)c(OCCOC)cc23)c1.Cl,429.90400000000017,3.8269000000000033,74.73000000000002,1,7,10,3,30,other_IC50,CHEMBL203_CHEMBL1079742,,,,,,,,,,,,,,,,,,1,0,1,0
127,C3N-00293,25.5681915327736,12.86,1,CPTAC,CPTAC,13.072192414390653,12.6046447755037,17.767914942942703,10.583122355255949,18.86502063329012,17.99546391996231,unknown,other,0.0,CHEMBL941,CHEMBL203,IC50,50000.055,6.979303657420888,2,nM,imatinib,Cc1ccc(NC(=O)c2ccc(CN3CCN(C)CC3)cc2)cc1Nc1nccc(-c2cccnc2)n1,493.6150000000002,4.590320000000004,86.28000000000002,2,7,7,5,37,other_IC50,CHEMBL203_CHEMBL941,,,,,,,,,,,,,,,,,,1,0,0,1
128,C3N-00293,25.5681915327736,12.86,1,CPTAC,CPTAC,13.072192414390653,12.6046447755037,17.767914942942703,10.583122355255949,18.86502063329012,17.99546391996231,unknown,other,0.0,CHEMBL941,CHEMBL203,KD,10000.0,5.0,23,nM,imatinib,Cc1ccc(NC(=O)c2ccc(CN3CCN(C)CC3)cc2)cc1Nc1nccc(-c2cccnc2)n1,493.6150000000002,4.590320000000004,86.28000000000002,2,7,7,5,37,other_KD,CHEMBL203_CHEMBL941,,,,,,,,,,,,,,,,,,0,1,0,1
129,C3N-00294,26.3535539994835,14.21,1,CPTAC,CPTAC,13.072192414390653,12.6046447755037,18.6429779761161,9.4812042681664,20.1290208219156,16.084401022066032,unknown,other,0.0,CHEMBL1079742,CHEMBL203,IC50,42.5,7.489405350465031,4,nM,erlotinib hydrochloride,C#Cc1cccc(Nc2ncnc3cc(OCCOC)c(OCCOC)cc23)c1.Cl,429.90400000000017,3.8269000000000033,74.73000000000002,1,7,10,3,30,other_IC50,CHEMBL203_CHEMBL1079742,,,,,,,,,,,,,,,,,,1,0,1,0
130,C3N-00294,26.3535539994835,14.21,1,CPTAC,CPTAC,13.072192414390653,12.6046447755037,18.6429779761161,9.4812042681664,20.1290208219156,16.084401022066032,unknown,other,0.0,CHEMBL941,CHEMBL203,IC50,50000.055,6.979303657420888,2,nM,imatinib,Cc1ccc(NC(=O)c2ccc(CN3CCN(C)CC3)cc2)cc1Nc1nccc(-c2cccnc2)n1,493.6150000000002,4.590320000000004,86.28000000000002,2,7,7,5,37,other_IC50,CHEMBL203_CHEMBL941,,,,,,,,,,,,,,,,,,1,0,0,1
131,C3N-00294,26.3535539994835,14.21,1,CPTAC,CPTAC,13.072192414390653,12.6046447755037,18.6429779761161,9.4812042681664,20.1290208219156,16.084401022066032,unknown,other,0.0,CHEMBL941,CHEMBL203,KD,10000.0,5.0,23,nM,imatinib,Cc1ccc(NC(=O)c2ccc(CN3CCN(C)CC3)cc2)cc1Nc1nccc(-c2cccnc2)n1,493.6150000000002,4.590320000000004,86.28000000000002,2,7,7,5,37,other_KD,CHEMBL203_CHEMBL941,,,,,,,,,,,,,,,,,,0,1,0,1
132,C3N-00433,24.7488290292835,11.77,1,CPTAC,CPTAC,13.072192414390653,12.6046447755037,17.767914942942703,10.583122355255949,18.86502063329012,17.99546391996231,unknown,other,0.0,CHEMBL1079742,CHEMBL203,IC50,42.5,7.489405350465031,4,nM,erlotinib hydrochloride,C#Cc1cccc(Nc2ncnc3cc(OCCOC)c(OCCOC)cc23)c1.Cl,429.90400000000017,3.8269000000000033,74.73000000000002,1,7,10,3,30,other_IC50,CHEMBL203_CHEMBL1079742,,,,,,,,,,,,,,,,,,1,0,1,0
133,C3N-00433,24.7488290292835,11.77,1,CPTAC,CPTAC,13.072192414390653,12.6046447755037,17.767914942942703,10.583122355255949,18.86502063329012,17.99546391996231,unknown,other,0.0,CHEMBL941,CHEMBL203,IC50,50000.055,6.979303657420888,2,nM,imatinib,Cc1ccc(NC(=O)c2ccc(CN3CCN(C)CC3)cc2)cc1Nc1nccc(-c2cccnc2)n1,493.6150000000002,4.590320000000004,86.28000000000002,2,7,7,5,37,other_IC50,CHEMBL203_CHEMBL941,,,,,,,,,,,,,,,,,,1,0,0,1
134,C3N-00433,24.7488290292835,11.77,1,CPTAC,CPTAC,13.072192414390653,12.6046447755037,17.767914942942703,10.583122355255949,18.86502063329012,17.99546391996231,unknown,other,0.0,CHEMBL941,CHEMBL203,KD,10000.0,5.0,23,nM,imatinib,Cc1ccc(NC(=O)c2ccc(CN3CCN(C)CC3)cc2)cc1Nc1nccc(-c2cccnc2)n1,493.6150000000002,4.590320000000004,86.28000000000002,2,7,7,5,37,other_KD,CHEMBL203_CHEMBL941,,,,,,,,,,,,,,,,,,0,1,0,1
135,C3N-00546,26.5493584527283,15.11,1,CPTAC,CPTAC,13.072192414390653,12.6046447755037,18.21680060337085,10.583122355255949,19.2092088906635,18.713004747017173,unknown,other,0.0,CHEMBL1079742,CHEMBL203,IC50,42.5,7.489405350465031,4,nM,erlotinib hydrochloride,C#Cc1cccc(Nc2ncnc3cc(OCCOC)c(OCCOC)cc23)c1.Cl,429.90400000000017,3.8269000000000033,74.73000000000002,1,7,10,3,30,other_IC50,CHEMBL203_CHEMBL1079742,,,,,,,,,,,,,,,,,,1,0,1,0
136,C3N-00546,26.5493584527283,15.11,1,CPTAC,CPTAC,13.072192414390653,12.6046447755037,18.21680060337085,10.583122355255949,19.2092088906635,18.713004747017173,unknown,other,0.0,CHEMBL941,CHEMBL203,IC50,50000.055,6.979303657420888,2,nM,imatinib,Cc1ccc(NC(=O)c2ccc(CN3CCN(C)CC3)cc2)cc1Nc1nccc(-c2cccnc2)n1,493.6150000000002,4.590320000000004,86.28000000000002,2,7,7,5,37,other_IC50,CHEMBL203_CHEMBL941,,,,,,,,,,,,,,,,,,1,0,0,1
137,C3N-00546,26.5493584527283,15.11,1,CPTAC,CPTAC,13.072192414390653,12.6046447755037,18.21680060337085,10.583122355255949,19.2092088906635,18.713004747017173,unknown,other,0.0,CHEMBL941,CHEMBL203,KD,10000.0,5.0,23,nM,imatinib,Cc1ccc(NC(=O)c2ccc(CN3CCN(C)CC3)cc2)cc1Nc1nccc(-c2cccnc2)n1,493.6150000000002,4.590320000000004,86.28000000000002,2,7,7,5,37,other_KD,CHEMBL203_CHEMBL941,,,,,,,,,,,,,,,,,,0,1,0,1
138,C3N-00547,25.5763653447642,12.63,1,CPTAC,CPTAC,13.072192414390653,12.6046447755037,17.767914942942703,10.583122355255949,17.809195319469453,17.809195319469453,unknown,other,0.0,CHEMBL1079742,CHEMBL203,IC50,42.5,7.489405350465031,4,nM,erlotinib hydrochloride,C#Cc1cccc(Nc2ncnc3cc(OCCOC)c(OCCOC)cc23)c1.Cl,429.90400000000017,3.8269000000000033,74.73000000000002,1,7,10,3,30,other_IC50,CHEMBL203_CHEMBL1079742,,,,,,,,,,,,,,,,,,1,0,1,0
139,C3N-00547,25.5763653447642,12.63,1,CPTAC,CPTAC,13.072192414390653,12.6046447755037,17.767914942942703,10.583122355255949,17.809195319469453,17.809195319469453,unknown,other,0.0,CHEMBL941,CHEMBL203,IC50,50000.055,6.979303657420888,2,nM,imatinib,Cc1ccc(NC(=O)c2ccc(CN3CCN(C)CC3)cc2)cc1Nc1nccc(-c2cccnc2)n1,493.6150000000002,4.590320000000004,86.28000000000002,2,7,7,5,37,other_IC50,CHEMBL203_CHEMBL941,,,,,,,,,,,,,,,,,,1,0,0,1
140,C3N-00547,25.5763653447642,12.63,1,CPTAC,CPTAC,13.072192414390653,12.6046447755037,17.767914942942703,10.583122355255949,17.809195319469453,17.809195319469453,unknown,other,0.0,CHEMBL941,CHEMBL203,KD,10000.0,5.0,23,nM,imatinib,Cc1ccc(NC(=O)c2ccc(CN3CCN(C)CC3)cc2)cc1Nc1nccc(-c2cccnc2)n1,493.6150000000002,4.590320000000004,86.28000000000002,2,7,7,5,37,other_KD,CHEMBL203_CHEMBL941,,,,,,,,,,,,,,,,,,0,1,0,1
141,C3N-00549,24.877413478776,8.77,1,CPTAC,CPTAC,13.072192414390653,12.6046447755037,17.0322744834888,10.583122355255949,18.86502063329012,17.0322744834888,unknown,other,0.0,CHEMBL1079742,CHEMBL203,IC50,42.5,7.489405350465031,4,nM,erlotinib hydrochloride,C#Cc1cccc(Nc2ncnc3cc(OCCOC)c(OCCOC)cc23)c1.Cl,429.90400000000017,3.8269000000000033,74.73000000000002,1,7,10,3,30,other_IC50,CHEMBL203_CHEMBL1079742,,,,,,,,,,,,,,,,,,1,0,1,0
142,C3N-00549,24.877413478776,8.77,1,CPTAC,CPTAC,13.072192414390653,12.6046447755037,17.0322744834888,10.583122355255949,18.86502063329012,17.0322744834888,unknown,other,0.0,CHEMBL941,CHEMBL203,IC50,50000.055,6.979303657420888,2,nM,imatinib,Cc1ccc(NC(=O)c2ccc(CN3CCN(C)CC3)cc2)cc1Nc1nccc(-c2cccnc2)n1,493.6150000000002,4.590320000000004,86.28000000000002,2,7,7,5,37,other_IC50,CHEMBL203_CHEMBL941,,,,,,,,,,,,,,,,,,1,0,0,1
143,C3N-00549,24.877413478776,8.77,1,CPTAC,CPTAC,13.072192414390653,12.6046447755037,17.0322744834888,10.583122355255949,18.86502063329012,17.0322744834888,unknown,other,0.0,CHEMBL941,CHEMBL203,KD,10000.0,5.0,23,nM,imatinib,Cc1ccc(NC(=O)c2ccc(CN3CCN(C)CC3)cc2)cc1Nc1nccc(-c2cccnc2)n1,493.6150000000002,4.590320000000004,86.28000000000002,2,7,7,5,37,other_KD,CHEMBL203_CHEMBL941,,,,,,,,,,,,,,,,,,0,1,0,1
144,C3N-00550,25.5427290588497,13.03,1,CPTAC,CPTAC,13.072192414390653,12.6046447755037,17.767914942942703,10.583122355255949,18.3067029059481,18.3067029059481,unknown,other,0.0,CHEMBL1079742,CHEMBL203,IC50,42.5,7.489405350465031,4,nM,erlotinib hydrochloride,C#Cc1cccc(Nc2ncnc3cc(OCCOC)c(OCCOC)cc23)c1.Cl,429.90400000000017,3.8269000000000033,74.73000000000002,1,7,10,3,30,other_IC50,CHEMBL203_CHEMBL1079742,,,,,,,,,,,,,,,,,,1,0,1,0
145,C3N-00550,25.5427290588497,13.03,1,CPTAC,CPTAC,13.072192414390653,12.6046447755037,17.767914942942703,10.583122355255949,18.3067029059481,18.3067029059481,unknown,other,0.0,CHEMBL941,CHEMBL203,IC50,50000.055,6.979303657420888,2,nM,imatinib,Cc1ccc(NC(=O)c2ccc(CN3CCN(C)CC3)cc2)cc1Nc1nccc(-c2cccnc2)n1,493.6150000000002,4.590320000000004,86.28000000000002,2,7,7,5,37,other_IC50,CHEMBL203_CHEMBL941,,,,,,,,,,,,,,,,,,1,0,0,1
146,C3N-00550,25.5427290588497,13.03,1,CPTAC,CPTAC,13.072192414390653,12.6046447755037,17.767914942942703,10.583122355255949,18.3067029059481,18.3067029059481,unknown,other,0.0,CHEMBL941,CHEMBL203,KD,10000.0,5.0,23,nM,imatinib,Cc1ccc(NC(=O)c2ccc(CN3CCN(C)CC3)cc2)cc1Nc1nccc(-c2cccnc2)n1,493.6150000000002,4.590320000000004,86.28000000000002,2,7,7,5,37,other_KD,CHEMBL203_CHEMBL941,,,,,,,,,,,,,,,,,,0,1,0,1
147,C3N-00551,25.8130418993541,13.61,1,CPTAC,CPTAC,13.072192414390653,12.6046447755037,17.767914942942703,10.583122355255949,18.86502063329012,17.99546391996231,unknown,other,0.0,CHEMBL1079742,CHEMBL203,IC50,42.5,7.489405350465031,4,nM,erlotinib hydrochloride,C#Cc1cccc(Nc2ncnc3cc(OCCOC)c(OCCOC)cc23)c1.Cl,429.90400000000017,3.8269000000000033,74.73000000000002,1,7,10,3,30,other_IC50,CHEMBL203_CHEMBL1079742,,,,,,,,,,,,,,,,,,1,0,1,0
148,C3N-00551,25.8130418993541,13.61,1,CPTAC,CPTAC,13.072192414390653,12.6046447755037,17.767914942942703,10.583122355255949,18.86502063329012,17.99546391996231,unknown,other,0.0,CHEMBL941,CHEMBL203,IC50,50000.055,6.979303657420888,2,nM,imatinib,Cc1ccc(NC(=O)c2ccc(CN3CCN(C)CC3)cc2)cc1Nc1nccc(-c2cccnc2)n1,493.6150000000002,4.590320000000004,86.28000000000002,2,7,7,5,37,other_IC50,CHEMBL203_CHEMBL941,,,,,,,,,,,,,,,,,,1,0,0,1
149,C3N-00551,25.8130418993541,13.61,1,CPTAC,CPTAC,13.072192414390653,12.6046447755037,17.767914942942703,10.583122355255949,18.86502063329012,17.99546391996231,unknown,other,0.0,CHEMBL941,CHEMBL203,KD,10000.0,5.0,23,nM,imatinib,Cc1ccc(NC(=O)c2ccc(CN3CCN(C)CC3)cc2)cc1Nc1nccc(-c2cccnc2)n1,493.6150000000002,4.590320000000004,86.28000000000002,2,7,7,5,37,other_KD,CHEMBL203_CHEMBL941,,,,,,,,,,,,,,,,,,0,1,0,1
150,C3N-00552,26.1295411312732,12.96,1,CPTAC,CPTAC,13.072192414390653,12.6046447755037,17.767914942942703,10.583122355255949,18.86502063329012,17.99546391996231,unknown,other,0.0,CHEMBL1079742,CHEMBL203,IC50,42.5,7.489405350465031,4,nM,erlotinib hydrochloride,C#Cc1cccc(Nc2ncnc3cc(OCCOC)c(OCCOC)cc23)c1.Cl,429.90400000000017,3.8269000000000033,74.73000000000002,1,7,10,3,30,other_IC50,CHEMBL203_CHEMBL1079742,,,,,,,,,,,,,,,,,,1,0,1,0
151,C3N-00552,26.1295411312732,12.96,1,CPTAC,CPTAC,13.072192414390653,12.6046447755037,17.767914942942703,10.583122355255949,18.86502063329012,17.99546391996231,unknown,other,0.0,CHEMBL941,CHEMBL203,IC50,50000.055,6.979303657420888,2,nM,imatinib,Cc1ccc(NC(=O)c2ccc(CN3CCN(C)CC3)cc2)cc1Nc1nccc(-c2cccnc2)n1,493.6150000000002,4.590320000000004,86.28000000000002,2,7,7,5,37,other_IC50,CHEMBL203_CHEMBL941,,,,,,,,,,,,,,,,,,1,0,0,1
152,C3N-00552,26.1295411312732,12.96,1,CPTAC,CPTAC,13.072192414390653,12.6046447755037,17.767914942942703,10.583122355255949,18.86502063329012,17.99546391996231,unknown,other,0.0,CHEMBL941,CHEMBL203,KD,10000.0,5.0,23,nM,imatinib,Cc1ccc(NC(=O)c2ccc(CN3CCN(C)CC3)cc2)cc1Nc1nccc(-c2cccnc2)n1,493.6150000000002,4.590320000000004,86.28000000000002,2,7,7,5,37,other_KD,CHEMBL203_CHEMBL941,,,,,,,,,,,,,,,,,,0,1,0,1
153,C3N-00556,25.9072613809423,13.61,1,CPTAC,CPTAC,13.072192414390653,12.6046447755037,17.767914942942703,10.054346078997517,18.7801193713264,15.53412679775554,unknown,other,0.0,CHEMBL1079742,CHEMBL203,IC50,42.5,7.489405350465031,4,nM,erlotinib hydrochloride,C#Cc1cccc(Nc2ncnc3cc(OCCOC)c(OCCOC)cc23)c1.Cl,429.90400000000017,3.8269000000000033,74.73000000000002,1,7,10,3,30,other_IC50,CHEMBL203_CHEMBL1079742,,,,,,,,,,,,,,,,,,1,0,1,0
154,C3N-00556,25.9072613809423,13.61,1,CPTAC,CPTAC,13.072192414390653,12.6046447755037,17.767914942942703,10.054346078997517,18.7801193713264,15.53412679775554,unknown,other,0.0,CHEMBL941,CHEMBL203,IC50,50000.055,6.979303657420888,2,nM,imatinib,Cc1ccc(NC(=O)c2ccc(CN3CCN(C)CC3)cc2)cc1Nc1nccc(-c2cccnc2)n1,493.6150000000002,4.590320000000004,86.28000000000002,2,7,7,5,37,other_IC50,CHEMBL203_CHEMBL941,,,,,,,,,,,,,,,,,,1,0,0,1
155,C3N-00556,25.9072613809423,13.61,1,CPTAC,CPTAC,13.072192414390653,12.6046447755037,17.767914942942703,10.054346078997517,18.7801193713264,15.53412679775554,unknown,other,0.0,CHEMBL941,CHEMBL203,KD,10000.0,5.0,23,nM,imatinib,Cc1ccc(NC(=O)c2ccc(CN3CCN(C)CC3)cc2)cc1Nc1nccc(-c2cccnc2)n1,493.6150000000002,4.590320000000004,86.28000000000002,2,7,7,5,37,other_KD,CHEMBL203_CHEMBL941,,,,,,,,,,,,,,,,,,0,1,0,1
156,C3N-00559,26.1518216848455,14.87,1,CPTAC,CPTAC,13.072192414390653,12.6046447755037,17.767914942942703,10.583122355255949,18.86502063329012,17.99546391996231,unknown,other,0.0,CHEMBL1079742,CHEMBL203,IC50,42.5,7.489405350465031,4,nM,erlotinib hydrochloride,C#Cc1cccc(Nc2ncnc3cc(OCCOC)c(OCCOC)cc23)c1.Cl,429.90400000000017,3.8269000000000033,74.73000000000002,1,7,10,3,30,other_IC50,CHEMBL203_CHEMBL1079742,,,,,,,,,,,,,,,,,,1,0,1,0
157,C3N-00559,26.1518216848455,14.87,1,CPTAC,CPTAC,13.072192414390653,12.6046447755037,17.767914942942703,10.583122355255949,18.86502063329012,17.99546391996231,unknown,other,0.0,CHEMBL941,CHEMBL203,IC50,50000.055,6.979303657420888,2,nM,imatinib,Cc1ccc(NC(=O)c2ccc(CN3CCN(C)CC3)cc2)cc1Nc1nccc(-c2cccnc2)n1,493.6150000000002,4.590320000000004,86.28000000000002,2,7,7,5,37,other_IC50,CHEMBL203_CHEMBL941,,,,,,,,,,,,,,,,,,1,0,0,1
158,C3N-00559,26.1518216848455,14.87,1,CPTAC,CPTAC,13.072192414390653,12.6046447755037,17.767914942942703,10.583122355255949,18.86502063329012,17.99546391996231,unknown,other,0.0,CHEMBL941,CHEMBL203,KD,10000.0,5.0,23,nM,imatinib,Cc1ccc(NC(=O)c2ccc(CN3CCN(C)CC3)cc2)cc1Nc1nccc(-c2cccnc2)n1,493.6150000000002,4.590320000000004,86.28000000000002,2,7,7,5,37,other_KD,CHEMBL203_CHEMBL941,,,,,,,,,,,,,,,,,,0,1,0,1
159,C3N-00560,24.5289887737447,9.99,1,CPTAC,CPTAC,13.07873442258365,12.6046447755037,17.767914942942703,10.583122355255949,18.86502063329012,13.07873442258365,unknown,other,0.0,CHEMBL1079742,CHEMBL203,IC50,42.5,7.489405350465031,4,nM,erlotinib hydrochloride,C#Cc1cccc(Nc2ncnc3cc(OCCOC)c(OCCOC)cc23)c1.Cl,429.90400000000017,3.8269000000000033,74.73000000000002,1,7,10,3,30,other_IC50,CHEMBL203_CHEMBL1079742,,,,,,,,,,,,,,,,,,1,0,1,0
160,C3N-00560,24.5289887737447,9.99,1,CPTAC,CPTAC,13.07873442258365,12.6046447755037,17.767914942942703,10.583122355255949,18.86502063329012,13.07873442258365,unknown,other,0.0,CHEMBL941,CHEMBL203,IC50,50000.055,6.979303657420888,2,nM,imatinib,Cc1ccc(NC(=O)c2ccc(CN3CCN(C)CC3)cc2)cc1Nc1nccc(-c2cccnc2)n1,493.6150000000002,4.590320000000004,86.28000000000002,2,7,7,5,37,other_IC50,CHEMBL203_CHEMBL941,,,,,,,,,,,,,,,,,,1,0,0,1
161,C3N-00560,24.5289887737447,9.99,1,CPTAC,CPTAC,13.07873442258365,12.6046447755037,17.767914942942703,10.583122355255949,18.86502063329012,13.07873442258365,unknown,other,0.0,CHEMBL941,CHEMBL203,KD,10000.0,5.0,23,nM,imatinib,Cc1ccc(NC(=O)c2ccc(CN3CCN(C)CC3)cc2)cc1Nc1nccc(-c2cccnc2)n1,493.6150000000002,4.590320000000004,86.28000000000002,2,7,7,5,37,other_KD,CHEMBL203_CHEMBL941,,,,,,,,,,,,,,,,,,0,1,0,1
162,C3N-00572,25.6238341943003,13.01,1,CPTAC,CPTAC,13.072192414390653,12.6046447755037,17.767914942942703,10.583122355255949,18.86502063329012,17.99546391996231,unknown,other,0.0,CHEMBL1079742,CHEMBL203,IC50,42.5,7.489405350465031,4,nM,erlotinib hydrochloride,C#Cc1cccc(Nc2ncnc3cc(OCCOC)c(OCCOC)cc23)c1.Cl,429.90400000000017,3.8269000000000033,74.73000000000002,1,7,10,3,30,other_IC50,CHEMBL203_CHEMBL1079742,,,,,,,,,,,,,,,,,,1,0,1,0
163,C3N-00572,25.6238341943003,13.01,1,CPTAC,CPTAC,13.072192414390653,12.6046447755037,17.767914942942703,10.583122355255949,18.86502063329012,17.99546391996231,unknown,other,0.0,CHEMBL941,CHEMBL203,IC50,50000.055,6.979303657420888,2,nM,imatinib,Cc1ccc(NC(=O)c2ccc(CN3CCN(C)CC3)cc2)cc1Nc1nccc(-c2cccnc2)n1,493.6150000000002,4.590320000000004,86.28000000000002,2,7,7,5,37,other_IC50,CHEMBL203_CHEMBL941,,,,,,,,,,,,,,,,,,1,0,0,1
164,C3N-00572,25.6238341943003,13.01,1,CPTAC,CPTAC,13.072192414390653,12.6046447755037,17.767914942942703,10.583122355255949,18.86502063329012,17.99546391996231,unknown,other,0.0,CHEMBL941,CHEMBL203,KD,10000.0,5.0,23,nM,imatinib,Cc1ccc(NC(=O)c2ccc(CN3CCN(C)CC3)cc2)cc1Nc1nccc(-c2cccnc2)n1,493.6150000000002,4.590320000000004,86.28000000000002,2,7,7,5,37,other_KD,CHEMBL203_CHEMBL941,,,,,,,,,,,,,,,,,,0,1,0,1
165,C3N-00574,27.194333921035,15.59,1,CPTAC,CPTAC,13.072192414390653,12.6046447755037,18.84717269123845,10.583122355255949,18.86502063329012,18.84717269123845,unknown,other,0.0,CHEMBL1079742,CHEMBL203,IC50,42.5,7.489405350465031,4,nM,erlotinib hydrochloride,C#Cc1cccc(Nc2ncnc3cc(OCCOC)c(OCCOC)cc23)c1.Cl,429.90400000000017,3.8269000000000033,74.73000000000002,1,7,10,3,30,other_IC50,CHEMBL203_CHEMBL1079742,,,,,,,,,,,,,,,,,,1,0,1,0
166,C3N-00574,27.194333921035,15.59,1,CPTAC,CPTAC,13.072192414390653,12.6046447755037,18.84717269123845,10.583122355255949,18.86502063329012,18.84717269123845,unknown,other,0.0,CHEMBL941,CHEMBL203,IC50,50000.055,6.979303657420888,2,nM,imatinib,Cc1ccc(NC(=O)c2ccc(CN3CCN(C)CC3)cc2)cc1Nc1nccc(-c2cccnc2)n1,493.6150000000002,4.590320000000004,86.28000000000002,2,7,7,5,37,other_IC50,CHEMBL203_CHEMBL941,,,,,,,,,,,,,,,,,,1,0,0,1
167,C3N-00574,27.194333921035,15.59,1,CPTAC,CPTAC,13.072192414390653,12.6046447755037,18.84717269123845,10.583122355255949,18.86502063329012,18.84717269123845,unknown,other,0.0,CHEMBL941,CHEMBL203,KD,10000.0,5.0,23,nM,imatinib,Cc1ccc(NC(=O)c2ccc(CN3CCN(C)CC3)cc2)cc1Nc1nccc(-c2cccnc2)n1,493.6150000000002,4.590320000000004,86.28000000000002,2,7,7,5,37,other_KD,CHEMBL203_CHEMBL941,,,,,,,,,,,,,,,,,,0,1,0,1
168,C3N-00578,26.9337410983496,15.08,1,CPTAC,CPTAC,13.072192414390653,12.6046447755037,17.767914942942703,10.583122355255949,19.19437418164805,19.19437418164805,unknown,other,0.0,CHEMBL1079742,CHEMBL203,IC50,42.5,7.489405350465031,4,nM,erlotinib hydrochloride,C#Cc1cccc(Nc2ncnc3cc(OCCOC)c(OCCOC)cc23)c1.Cl,429.90400000000017,3.8269000000000033,74.73000000000002,1,7,10,3,30,other_IC50,CHEMBL203_CHEMBL1079742,,,,,,,,,,,,,,,,,,1,0,1,0
169,C3N-00578,26.9337410983496,15.08,1,CPTAC,CPTAC,13.072192414390653,12.6046447755037,17.767914942942703,10.583122355255949,19.19437418164805,19.19437418164805,unknown,other,0.0,CHEMBL941,CHEMBL203,IC50,50000.055,6.979303657420888,2,nM,imatinib,Cc1ccc(NC(=O)c2ccc(CN3CCN(C)CC3)cc2)cc1Nc1nccc(-c2cccnc2)n1,493.6150000000002,4.590320000000004,86.28000000000002,2,7,7,5,37,other_IC50,CHEMBL203_CHEMBL941,,,,,,,,,,,,,,,,,,1,0,0,1
170,C3N-00578,26.9337410983496,15.08,1,CPTAC,CPTAC,13.072192414390653,12.6046447755037,17.767914942942703,10.583122355255949,19.19437418164805,19.19437418164805,unknown,other,0.0,CHEMBL941,CHEMBL203,KD,10000.0,5.0,23,nM,imatinib,Cc1ccc(NC(=O)c2ccc(CN3CCN(C)CC3)cc2)cc1Nc1nccc(-c2cccnc2)n1,493.6150000000002,4.590320000000004,86.28000000000002,2,7,7,5,37,other_KD,CHEMBL203_CHEMBL941,,,,,,,,,,,,,,,,,,0,1,0,1
171,C3N-00579,25.6656738723878,13.29,1,CPTAC,CPTAC,13.072192414390653,12.507972192911,17.105680121572448,10.583122355255949,19.1669128982862,16.26018840425655,unknown,other,0.0,CHEMBL1079742,CHEMBL203,IC50,42.5,7.489405350465031,4,nM,erlotinib hydrochloride,C#Cc1cccc(Nc2ncnc3cc(OCCOC)c(OCCOC)cc23)c1.Cl,429.90400000000017,3.8269000000000033,74.73000000000002,1,7,10,3,30,other_IC50,CHEMBL203_CHEMBL1079742,,,,,,,,,,,,,,,,,,1,0,1,0
172,C3N-00579,25.6656738723878,13.29,1,CPTAC,CPTAC,13.072192414390653,12.507972192911,17.105680121572448,10.583122355255949,19.1669128982862,16.26018840425655,unknown,other,0.0,CHEMBL941,CHEMBL203,IC50,50000.055,6.979303657420888,2,nM,imatinib,Cc1ccc(NC(=O)c2ccc(CN3CCN(C)CC3)cc2)cc1Nc1nccc(-c2cccnc2)n1,493.6150000000002,4.590320000000004,86.28000000000002,2,7,7,5,37,other_IC50,CHEMBL203_CHEMBL941,,,,,,,,,,,,,,,,,,1,0,0,1
173,C3N-00579,25.6656738723878,13.29,1,CPTAC,CPTAC,13.072192414390653,12.507972192911,17.105680121572448,10.583122355255949,19.1669128982862,16.26018840425655,unknown,other,0.0,CHEMBL941,CHEMBL203,KD,10000.0,5.0,23,nM,imatinib,Cc1ccc(NC(=O)c2ccc(CN3CCN(C)CC3)cc2)cc1Nc1nccc(-c2cccnc2)n1,493.6150000000002,4.590320000000004,86.28000000000002,2,7,7,5,37,other_KD,CHEMBL203_CHEMBL941,,,,,,,,,,,,,,,,,,0,1,0,1
174,C3N-00580,26.1592661355895,13.57,1,CPTAC,CPTAC,13.072192414390653,12.6046447755037,17.767914942942703,10.583122355255949,18.86502063329012,17.99546391996231,unknown,other,0.0,CHEMBL1079742,CHEMBL203,IC50,42.5,7.489405350465031,4,nM,erlotinib hydrochloride,C#Cc1cccc(Nc2ncnc3cc(OCCOC)c(OCCOC)cc23)c1.Cl,429.90400000000017,3.8269000000000033,74.73000000000002,1,7,10,3,30,other_IC50,CHEMBL203_CHEMBL1079742,,,,,,,,,,,,,,,,,,1,0,1,0
175,C3N-00580,26.1592661355895,13.57,1,CPTAC,CPTAC,13.072192414390653,12.6046447755037,17.767914942942703,10.583122355255949,18.86502063329012,17.99546391996231,unknown,other,0.0,CHEMBL941,CHEMBL203,IC50,50000.055,6.979303657420888,2,nM,imatinib,Cc1ccc(NC(=O)c2ccc(CN3CCN(C)CC3)cc2)cc1Nc1nccc(-c2cccnc2)n1,493.6150000000002,4.590320000000004,86.28000000000002,2,7,7,5,37,other_IC50,CHEMBL203_CHEMBL941,,,,,,,,,,,,,,,,,,1,0,0,1
176,C3N-00580,26.1592661355895,13.57,1,CPTAC,CPTAC,13.072192414390653,12.6046447755037,17.767914942942703,10.583122355255949,18.86502063329012,17.99546391996231,unknown,other,0.0,CHEMBL941,CHEMBL203,KD,10000.0,5.0,23,nM,imatinib,Cc1ccc(NC(=O)c2ccc(CN3CCN(C)CC3)cc2)cc1Nc1nccc(-c2cccnc2)n1,493.6150000000002,4.590320000000004,86.28000000000002,2,7,7,5,37,other_KD,CHEMBL203_CHEMBL941,,,,,,,,,,,,,,,,,,0,1,0,1
177,C3N-00704,26.121155134845,13.88,1,CPTAC,CPTAC,13.072192414390653,12.6046447755037,18.21250276632405,11.0309569060314,19.7619580991693,16.335139257174916,unknown,other,0.0,CHEMBL1079742,CHEMBL203,IC50,42.5,7.489405350465031,4,nM,erlotinib hydrochloride,C#Cc1cccc(Nc2ncnc3cc(OCCOC)c(OCCOC)cc23)c1.Cl,429.90400000000017,3.8269000000000033,74.73000000000002,1,7,10,3,30,other_IC50,CHEMBL203_CHEMBL1079742,,,,,,,,,,,,,,,,,,1,0,1,0
178,C3N-00704,26.121155134845,13.88,1,CPTAC,CPTAC,13.072192414390653,12.6046447755037,18.21250276632405,11.0309569060314,19.7619580991693,16.335139257174916,unknown,other,0.0,CHEMBL941,CHEMBL203,IC50,50000.055,6.979303657420888,2,nM,imatinib,Cc1ccc(NC(=O)c2ccc(CN3CCN(C)CC3)cc2)cc1Nc1nccc(-c2cccnc2)n1,493.6150000000002,4.590320000000004,86.28000000000002,2,7,7,5,37,other_IC50,CHEMBL203_CHEMBL941,,,,,,,,,,,,,,,,,,1,0,0,1
179,C3N-00704,26.121155134845,13.88,1,CPTAC,CPTAC,13.072192414390653,12.6046447755037,18.21250276632405,11.0309569060314,19.7619580991693,16.335139257174916,unknown,other,0.0,CHEMBL941,CHEMBL203,KD,10000.0,5.0,23,nM,imatinib,Cc1ccc(NC(=O)c2ccc(CN3CCN(C)CC3)cc2)cc1Nc1nccc(-c2cccnc2)n1,493.6150000000002,4.590320000000004,86.28000000000002,2,7,7,5,37,other_KD,CHEMBL203_CHEMBL941,,,,,,,,,,,,,,,,,,0,1,0,1
180,C3N-00737,24.9448217406697,12.0,1,CPTAC,CPTAC,13.072192414390653,12.6046447755037,17.767914942942703,10.583122355255949,18.35861572489695,18.35861572489695,unknown,other,0.0,CHEMBL1079742,CHEMBL203,IC50,42.5,7.489405350465031,4,nM,erlotinib hydrochloride,C#Cc1cccc(Nc2ncnc3cc(OCCOC)c(OCCOC)cc23)c1.Cl,429.90400000000017,3.8269000000000033,74.73000000000002,1,7,10,3,30,other_IC50,CHEMBL203_CHEMBL1079742,,,,,,,,,,,,,,,,,,1,0,1,0
181,C3N-00737,24.9448217406697,12.0,1,CPTAC,CPTAC,13.072192414390653,12.6046447755037,17.767914942942703,10.583122355255949,18.35861572489695,18.35861572489695,unknown,other,0.0,CHEMBL941,CHEMBL203,IC50,50000.055,6.979303657420888,2,nM,imatinib,Cc1ccc(NC(=O)c2ccc(CN3CCN(C)CC3)cc2)cc1Nc1nccc(-c2cccnc2)n1,493.6150000000002,4.590320000000004,86.28000000000002,2,7,7,5,37,other_IC50,CHEMBL203_CHEMBL941,,,,,,,,,,,,,,,,,,1,0,0,1
182,C3N-00737,24.9448217406697,12.0,1,CPTAC,CPTAC,13.072192414390653,12.6046447755037,17.767914942942703,10.583122355255949,18.35861572489695,18.35861572489695,unknown,other,0.0,CHEMBL941,CHEMBL203,KD,10000.0,5.0,23,nM,imatinib,Cc1ccc(NC(=O)c2ccc(CN3CCN(C)CC3)cc2)cc1Nc1nccc(-c2cccnc2)n1,493.6150000000002,4.590320000000004,86.28000000000002,2,7,7,5,37,other_KD,CHEMBL203_CHEMBL941,,,,,,,,,,,,,,,,,,0,1,0,1
183,C3N-00738,25.0238206175351,11.93,1,CPTAC,CPTAC,13.072192414390653,12.6046447755037,17.798194820644248,10.583122355255949,18.86502063329012,17.798194820644248,unknown,other,0.0,CHEMBL1079742,CHEMBL203,IC50,42.5,7.489405350465031,4,nM,erlotinib hydrochloride,C#Cc1cccc(Nc2ncnc3cc(OCCOC)c(OCCOC)cc23)c1.Cl,429.90400000000017,3.8269000000000033,74.73000000000002,1,7,10,3,30,other_IC50,CHEMBL203_CHEMBL1079742,,,,,,,,,,,,,,,,,,1,0,1,0
184,C3N-00738,25.0238206175351,11.93,1,CPTAC,CPTAC,13.072192414390653,12.6046447755037,17.798194820644248,10.583122355255949,18.86502063329012,17.798194820644248,unknown,other,0.0,CHEMBL941,CHEMBL203,IC50,50000.055,6.979303657420888,2,nM,imatinib,Cc1ccc(NC(=O)c2ccc(CN3CCN(C)CC3)cc2)cc1Nc1nccc(-c2cccnc2)n1,493.6150000000002,4.590320000000004,86.28000000000002,2,7,7,5,37,other_IC50,CHEMBL203_CHEMBL941,,,,,,,,,,,,,,,,,,1,0,0,1
185,C3N-00738,25.0238206175351,11.93,1,CPTAC,CPTAC,13.072192414390653,12.6046447755037,17.798194820644248,10.583122355255949,18.86502063329012,17.798194820644248,unknown,other,0.0,CHEMBL941,CHEMBL203,KD,10000.0,5.0,23,nM,imatinib,Cc1ccc(NC(=O)c2ccc(CN3CCN(C)CC3)cc2)cc1Nc1nccc(-c2cccnc2)n1,493.6150000000002,4.590320000000004,86.28000000000002,2,7,7,5,37,other_KD,CHEMBL203_CHEMBL941,,,,,,,,,,,,,,,,,,0,1,0,1
186,C3N-00959,25.0737200585985,11.96,1,CPTAC,CPTAC,13.072192414390653,12.6046447755037,17.61583864730285,10.583122355255949,18.86502063329012,17.61583864730285,unknown,other,0.0,CHEMBL1079742,CHEMBL203,IC50,42.5,7.489405350465031,4,nM,erlotinib hydrochloride,C#Cc1cccc(Nc2ncnc3cc(OCCOC)c(OCCOC)cc23)c1.Cl,429.90400000000017,3.8269000000000033,74.73000000000002,1,7,10,3,30,other_IC50,CHEMBL203_CHEMBL1079742,,,,,,,,,,,,,,,,,,1,0,1,0
187,C3N-00959,25.0737200585985,11.96,1,CPTAC,CPTAC,13.072192414390653,12.6046447755037,17.61583864730285,10.583122355255949,18.86502063329012,17.61583864730285,unknown,other,0.0,CHEMBL941,CHEMBL203,IC50,50000.055,6.979303657420888,2,nM,imatinib,Cc1ccc(NC(=O)c2ccc(CN3CCN(C)CC3)cc2)cc1Nc1nccc(-c2cccnc2)n1,493.6150000000002,4.590320000000004,86.28000000000002,2,7,7,5,37,other_IC50,CHEMBL203_CHEMBL941,,,,,,,,,,,,,,,,,,1,0,0,1
188,C3N-00959,25.0737200585985,11.96,1,CPTAC,CPTAC,13.072192414390653,12.6046447755037,17.61583864730285,10.583122355255949,18.86502063329012,17.61583864730285,unknown,other,0.0,CHEMBL941,CHEMBL203,KD,10000.0,5.0,23,nM,imatinib,Cc1ccc(NC(=O)c2ccc(CN3CCN(C)CC3)cc2)cc1Nc1nccc(-c2cccnc2)n1,493.6150000000002,4.590320000000004,86.28000000000002,2,7,7,5,37,other_KD,CHEMBL203_CHEMBL941,,,,,,,,,,,,,,,,,,0,1,0,1
189,C3N-01016,25.292537531081,11.43,1,CPTAC,CPTAC,13.072192414390653,12.6046447755037,17.767914942942703,10.583122355255949,18.86502063329012,17.99546391996231,unknown,other,0.0,CHEMBL1079742,CHEMBL203,IC50,42.5,7.489405350465031,4,nM,erlotinib hydrochloride,C#Cc1cccc(Nc2ncnc3cc(OCCOC)c(OCCOC)cc23)c1.Cl,429.90400000000017,3.8269000000000033,74.73000000000002,1,7,10,3,30,other_IC50,CHEMBL203_CHEMBL1079742,,,,,,,,,,,,,,,,,,1,0,1,0
190,C3N-01016,25.292537531081,11.43,1,CPTAC,CPTAC,13.072192414390653,12.6046447755037,17.767914942942703,10.583122355255949,18.86502063329012,17.99546391996231,unknown,other,0.0,CHEMBL941,CHEMBL203,IC50,50000.055,6.979303657420888,2,nM,imatinib,Cc1ccc(NC(=O)c2ccc(CN3CCN(C)CC3)cc2)cc1Nc1nccc(-c2cccnc2)n1,493.6150000000002,4.590320000000004,86.28000000000002,2,7,7,5,37,other_IC50,CHEMBL203_CHEMBL941,,,,,,,,,,,,,,,,,,1,0,0,1
191,C3N-01016,25.292537531081,11.43,1,CPTAC,CPTAC,13.072192414390653,12.6046447755037,17.767914942942703,10.583122355255949,18.86502063329012,17.99546391996231,unknown,other,0.0,CHEMBL941,CHEMBL203,KD,10000.0,5.0,23,nM,imatinib,Cc1ccc(NC(=O)c2ccc(CN3CCN(C)CC3)cc2)cc1Nc1nccc(-c2cccnc2)n1,493.6150000000002,4.590320000000004,86.28000000000002,2,7,7,5,37,other_KD,CHEMBL203_CHEMBL941,,,,,,,,,,,,,,,,,,0,1,0,1
192,C3N-01021,25.6077934875998,13.23,1,CPTAC,CPTAC,13.072192414390653,12.6046447755037,18.00146744647665,10.583122355255949,18.86502063329012,18.00146744647665,unknown,other,0.0,CHEMBL1079742,CHEMBL203,IC50,42.5,7.489405350465031,4,nM,erlotinib hydrochloride,C#Cc1cccc(Nc2ncnc3cc(OCCOC)c(OCCOC)cc23)c1.Cl,429.90400000000017,3.8269000000000033,74.73000000000002,1,7,10,3,30,other_IC50,CHEMBL203_CHEMBL1079742,,,,,,,,,,,,,,,,,,1,0,1,0
193,C3N-01021,25.6077934875998,13.23,1,CPTAC,CPTAC,13.072192414390653,12.6046447755037,18.00146744647665,10.583122355255949,18.86502063329012,18.00146744647665,unknown,other,0.0,CHEMBL941,CHEMBL203,IC50,50000.055,6.979303657420888,2,nM,imatinib,Cc1ccc(NC(=O)c2ccc(CN3CCN(C)CC3)cc2)cc1Nc1nccc(-c2cccnc2)n1,493.6150000000002,4.590320000000004,86.28000000000002,2,7,7,5,37,other_IC50,CHEMBL203_CHEMBL941,,,,,,,,,,,,,,,,,,1,0,0,1
194,C3N-01021,25.6077934875998,13.23,1,CPTAC,CPTAC,13.072192414390653,12.6046447755037,18.00146744647665,10.583122355255949,18.86502063329012,18.00146744647665,unknown,other,0.0,CHEMBL941,CHEMBL203,KD,10000.0,5.0,23,nM,imatinib,Cc1ccc(NC(=O)c2ccc(CN3CCN(C)CC3)cc2)cc1Nc1nccc(-c2cccnc2)n1,493.6150000000002,4.590320000000004,86.28000000000002,2,7,7,5,37,other_KD,CHEMBL203_CHEMBL941,,,,,,,,,,,,,,,,,,0,1,0,1
195,C3N-01023,24.8365551759637,11.88,1,CPTAC,CPTAC,13.072192414390653,12.6046447755037,17.767914942942703,10.583122355255949,17.70989100525025,17.70989100525025,unknown,other,0.0,CHEMBL1079742,CHEMBL203,IC50,42.5,7.489405350465031,4,nM,erlotinib hydrochloride,C#Cc1cccc(Nc2ncnc3cc(OCCOC)c(OCCOC)cc23)c1.Cl,429.90400000000017,3.8269000000000033,74.73000000000002,1,7,10,3,30,other_IC50,CHEMBL203_CHEMBL1079742,,,,,,,,,,,,,,,,,,1,0,1,0
196,C3N-01023,24.8365551759637,11.88,1,CPTAC,CPTAC,13.072192414390653,12.6046447755037,17.767914942942703,10.583122355255949,17.70989100525025,17.70989100525025,unknown,other,0.0,CHEMBL941,CHEMBL203,IC50,50000.055,6.979303657420888,2,nM,imatinib,Cc1ccc(NC(=O)c2ccc(CN3CCN(C)CC3)cc2)cc1Nc1nccc(-c2cccnc2)n1,493.6150000000002,4.590320000000004,86.28000000000002,2,7,7,5,37,other_IC50,CHEMBL203_CHEMBL941,,,,,,,,,,,,,,,,,,1,0,0,1
197,C3N-01023,24.8365551759637,11.88,1,CPTAC,CPTAC,13.072192414390653,12.6046447755037,17.767914942942703,10.583122355255949,17.70989100525025,17.70989100525025,unknown,other,0.0,CHEMBL941,CHEMBL203,KD,10000.0,5.0,23,nM,imatinib,Cc1ccc(NC(=O)c2ccc(CN3CCN(C)CC3)cc2)cc1Nc1nccc(-c2cccnc2)n1,493.6150000000002,4.590320000000004,86.28000000000002,2,7,7,5,37,other_KD,CHEMBL203_CHEMBL941,,,,,,,,,,,,,,,,,,0,1,0,1
198,C3N-01024,25.0245566740671,12.42,1,CPTAC,CPTAC,13.072192414390653,12.6046447755037,17.767914942942703,10.583122355255949,18.33931340512735,18.33931340512735,unknown,other,0.0,CHEMBL1079742,CHEMBL203,IC50,42.5,7.489405350465031,4,nM,erlotinib hydrochloride,C#Cc1cccc(Nc2ncnc3cc(OCCOC)c(OCCOC)cc23)c1.Cl,429.90400000000017,3.8269000000000033,74.73000000000002,1,7,10,3,30,other_IC50,CHEMBL203_CHEMBL1079742,,,,,,,,,,,,,,,,,,1,0,1,0
199,C3N-01024,25.0245566740671,12.42,1,CPTAC,CPTAC,13.072192414390653,12.6046447755037,17.767914942942703,10.583122355255949,18.33931340512735,18.33931340512735,unknown,other,0.0,CHEMBL941,CHEMBL203,IC50,50000.055,6.979303657420888,2,nM,imatinib,Cc1ccc(NC(=O)c2ccc(CN3CCN(C)CC3)cc2)cc1Nc1nccc(-c2cccnc2)n1,493.6150000000002,4.590320000000004,86.28000000000002,2,7,7,5,37,other_IC50,CHEMBL203_CHEMBL941,,,,,,,,,,,,,,,,,,1,0,0,1
200,C3N-01024,25.0245566740671,12.42,1,CPTAC,CPTAC,13.072192414390653,12.6046447755037,17.767914942942703,10.583122355255949,18.33931340512735,18.33931340512735,unknown,other,0.0,CHEMBL941,CHEMBL203,KD,10000.0,5.0,23,nM,imatinib,Cc1ccc(NC(=O)c2ccc(CN3CCN(C)CC3)cc2)cc1Nc1nccc(-c2cccnc2)n1,493.6150000000002,4.590320000000004,86.28000000000002,2,7,7,5,37,other_KD,CHEMBL203_CHEMBL941,,,,,,,,,,,,,,,,,,0,1,0,1
201,C3N-01030,25.8151951647821,13.19,1,CPTAC,CPTAC,13.072192414390653,12.6046447755037,17.767914942942703,10.583122355255949,18.86502063329012,17.99546391996231,unknown,other,0.0,CHEMBL1079742,CHEMBL203,IC50,42.5,7.489405350465031,4,nM,erlotinib hydrochloride,C#Cc1cccc(Nc2ncnc3cc(OCCOC)c(OCCOC)cc23)c1.Cl,429.90400000000017,3.8269000000000033,74.73000000000002,1,7,10,3,30,other_IC50,CHEMBL203_CHEMBL1079742,,,,,,,,,,,,,,,,,,1,0,1,0
202,C3N-01030,25.8151951647821,13.19,1,CPTAC,CPTAC,13.072192414390653,12.6046447755037,17.767914942942703,10.583122355255949,18.86502063329012,17.99546391996231,unknown,other,0.0,CHEMBL941,CHEMBL203,IC50,50000.055,6.979303657420888,2,nM,imatinib,Cc1ccc(NC(=O)c2ccc(CN3CCN(C)CC3)cc2)cc1Nc1nccc(-c2cccnc2)n1,493.6150000000002,4.590320000000004,86.28000000000002,2,7,7,5,37,other_IC50,CHEMBL203_CHEMBL941,,,,,,,,,,,,,,,,,,1,0,0,1
203,C3N-01030,25.8151951647821,13.19,1,CPTAC,CPTAC,13.072192414390653,12.6046447755037,17.767914942942703,10.583122355255949,18.86502063329012,17.99546391996231,unknown,other,0.0,CHEMBL941,CHEMBL203,KD,10000.0,5.0,23,nM,imatinib,Cc1ccc(NC(=O)c2ccc(CN3CCN(C)CC3)cc2)cc1Nc1nccc(-c2cccnc2)n1,493.6150000000002,4.590320000000004,86.28000000000002,2,7,7,5,37,other_KD,CHEMBL203_CHEMBL941,,,,,,,,,,,,,,,,,,0,1,0,1
204,C3N-01071,24.8046170557369,9.46,1,CPTAC,CPTAC,13.072192414390653,12.6046447755037,17.767914942942703,10.583122355255949,17.817716983425953,17.817716983425953,unknown,other,0.0,CHEMBL1079742,CHEMBL203,IC50,42.5,7.489405350465031,4,nM,erlotinib hydrochloride,C#Cc1cccc(Nc2ncnc3cc(OCCOC)c(OCCOC)cc23)c1.Cl,429.90400000000017,3.8269000000000033,74.73000000000002,1,7,10,3,30,other_IC50,CHEMBL203_CHEMBL1079742,,,,,,,,,,,,,,,,,,1,0,1,0
205,C3N-01071,24.8046170557369,9.46,1,CPTAC,CPTAC,13.072192414390653,12.6046447755037,17.767914942942703,10.583122355255949,17.817716983425953,17.817716983425953,unknown,other,0.0,CHEMBL941,CHEMBL203,IC50,50000.055,6.979303657420888,2,nM,imatinib,Cc1ccc(NC(=O)c2ccc(CN3CCN(C)CC3)cc2)cc1Nc1nccc(-c2cccnc2)n1,493.6150000000002,4.590320000000004,86.28000000000002,2,7,7,5,37,other_IC50,CHEMBL203_CHEMBL941,,,,,,,,,,,,,,,,,,1,0,0,1
206,C3N-01071,24.8046170557369,9.46,1,CPTAC,CPTAC,13.072192414390653,12.6046447755037,17.767914942942703,10.583122355255949,17.817716983425953,17.817716983425953,unknown,other,0.0,CHEMBL941,CHEMBL203,KD,10000.0,5.0,23,nM,imatinib,Cc1ccc(NC(=O)c2ccc(CN3CCN(C)CC3)cc2)cc1Nc1nccc(-c2cccnc2)n1,493.6150000000002,4.590320000000004,86.28000000000002,2,7,7,5,37,other_KD,CHEMBL203_CHEMBL941,,,,,,,,,,,,,,,,,,0,1,0,1
207,C3N-01072,25.8027200760202,13.5,1,CPTAC,CPTAC,13.072192414390653,12.6046447755037,17.767914942942703,10.583122355255949,18.86502063329012,17.99546391996231,unknown,other,0.0,CHEMBL1079742,CHEMBL203,IC50,42.5,7.489405350465031,4,nM,erlotinib hydrochloride,C#Cc1cccc(Nc2ncnc3cc(OCCOC)c(OCCOC)cc23)c1.Cl,429.90400000000017,3.8269000000000033,74.73000000000002,1,7,10,3,30,other_IC50,CHEMBL203_CHEMBL1079742,,,,,,,,,,,,,,,,,,1,0,1,0
208,C3N-01072,25.8027200760202,13.5,1,CPTAC,CPTAC,13.072192414390653,12.6046447755037,17.767914942942703,10.583122355255949,18.86502063329012,17.99546391996231,unknown,other,0.0,CHEMBL941,CHEMBL203,IC50,50000.055,6.979303657420888,2,nM,imatinib,Cc1ccc(NC(=O)c2ccc(CN3CCN(C)CC3)cc2)cc1Nc1nccc(-c2cccnc2)n1,493.6150000000002,4.590320000000004,86.28000000000002,2,7,7,5,37,other_IC50,CHEMBL203_CHEMBL941,,,,,,,,,,,,,,,,,,1,0,0,1
209,C3N-01072,25.8027200760202,13.5,1,CPTAC,CPTAC,13.072192414390653,12.6046447755037,17.767914942942703,10.583122355255949,18.86502063329012,17.99546391996231,unknown,other,0.0,CHEMBL941,CHEMBL203,KD,10000.0,5.0,23,nM,imatinib,Cc1ccc(NC(=O)c2ccc(CN3CCN(C)CC3)cc2)cc1Nc1nccc(-c2cccnc2)n1,493.6150000000002,4.590320000000004,86.28000000000002,2,7,7,5,37,other_KD,CHEMBL203_CHEMBL941,,,,,,,,,,,,,,,,,,0,1,0,1
210,C3N-01074,25.7077462374607,12.21,1,CPTAC,CPTAC,13.072192414390653,12.6046447755037,17.767914942942703,10.583122355255949,18.4378756012437,18.4378756012437,unknown,other,0.0,CHEMBL1079742,CHEMBL203,IC50,42.5,7.489405350465031,4,nM,erlotinib hydrochloride,C#Cc1cccc(Nc2ncnc3cc(OCCOC)c(OCCOC)cc23)c1.Cl,429.90400000000017,3.8269000000000033,74.73000000000002,1,7,10,3,30,other_IC50,CHEMBL203_CHEMBL1079742,,,,,,,,,,,,,,,,,,1,0,1,0
211,C3N-01074,25.7077462374607,12.21,1,CPTAC,CPTAC,13.072192414390653,12.6046447755037,17.767914942942703,10.583122355255949,18.4378756012437,18.4378756012437,unknown,other,0.0,CHEMBL941,CHEMBL203,IC50,50000.055,6.979303657420888,2,nM,imatinib,Cc1ccc(NC(=O)c2ccc(CN3CCN(C)CC3)cc2)cc1Nc1nccc(-c2cccnc2)n1,493.6150000000002,4.590320000000004,86.28000000000002,2,7,7,5,37,other_IC50,CHEMBL203_CHEMBL941,,,,,,,,,,,,,,,,,,1,0,0,1
212,C3N-01074,25.7077462374607,12.21,1,CPTAC,CPTAC,13.072192414390653,12.6046447755037,17.767914942942703,10.583122355255949,18.4378756012437,18.4378756012437,unknown,other,0.0,CHEMBL941,CHEMBL203,KD,10000.0,5.0,23,nM,imatinib,Cc1ccc(NC(=O)c2ccc(CN3CCN(C)CC3)cc2)cc1Nc1nccc(-c2cccnc2)n1,493.6150000000002,4.590320000000004,86.28000000000002,2,7,7,5,37,other_KD,CHEMBL203_CHEMBL941,,,,,,,,,,,,,,,,,,0,1,0,1
213,C3N-01405,25.1491148348766,13.29,1,CPTAC,CPTAC,13.072192414390653,12.6046447755037,17.767914942942703,10.583122355255949,18.95147733793525,18.95147733793525,unknown,other,0.0,CHEMBL1079742,CHEMBL203,IC50,42.5,7.489405350465031,4,nM,erlotinib hydrochloride,C#Cc1cccc(Nc2ncnc3cc(OCCOC)c(OCCOC)cc23)c1.Cl,429.90400000000017,3.8269000000000033,74.73000000000002,1,7,10,3,30,other_IC50,CHEMBL203_CHEMBL1079742,,,,,,,,,,,,,,,,,,1,0,1,0
214,C3N-01405,25.1491148348766,13.29,1,CPTAC,CPTAC,13.072192414390653,12.6046447755037,17.767914942942703,10.583122355255949,18.95147733793525,18.95147733793525,unknown,other,0.0,CHEMBL941,CHEMBL203,IC50,50000.055,6.979303657420888,2,nM,imatinib,Cc1ccc(NC(=O)c2ccc(CN3CCN(C)CC3)cc2)cc1Nc1nccc(-c2cccnc2)n1,493.6150000000002,4.590320000000004,86.28000000000002,2,7,7,5,37,other_IC50,CHEMBL203_CHEMBL941,,,,,,,,,,,,,,,,,,1,0,0,1
215,C3N-01405,25.1491148348766,13.29,1,CPTAC,CPTAC,13.072192414390653,12.6046447755037,17.767914942942703,10.583122355255949,18.95147733793525,18.95147733793525,unknown,other,0.0,CHEMBL941,CHEMBL203,KD,10000.0,5.0,23,nM,imatinib,Cc1ccc(NC(=O)c2ccc(CN3CCN(C)CC3)cc2)cc1Nc1nccc(-c2cccnc2)n1,493.6150000000002,4.590320000000004,86.28000000000002,2,7,7,5,37,other_KD,CHEMBL203_CHEMBL941,,,,,,,,,,,,,,,,,,0,1,0,1
216,C3N-01410,25.4636016577533,12.38,1,CPTAC,CPTAC,13.072192414390653,12.6046447755037,17.767914942942703,10.583122355255949,18.26706456372495,18.26706456372495,unknown,other,0.0,CHEMBL1079742,CHEMBL203,IC50,42.5,7.489405350465031,4,nM,erlotinib hydrochloride,C#Cc1cccc(Nc2ncnc3cc(OCCOC)c(OCCOC)cc23)c1.Cl,429.90400000000017,3.8269000000000033,74.73000000000002,1,7,10,3,30,other_IC50,CHEMBL203_CHEMBL1079742,,,,,,,,,,,,,,,,,,1,0,1,0
217,C3N-01410,25.4636016577533,12.38,1,CPTAC,CPTAC,13.072192414390653,12.6046447755037,17.767914942942703,10.583122355255949,18.26706456372495,18.26706456372495,unknown,other,0.0,CHEMBL941,CHEMBL203,IC50,50000.055,6.979303657420888,2,nM,imatinib,Cc1ccc(NC(=O)c2ccc(CN3CCN(C)CC3)cc2)cc1Nc1nccc(-c2cccnc2)n1,493.6150000000002,4.590320000000004,86.28000000000002,2,7,7,5,37,other_IC50,CHEMBL203_CHEMBL941,,,,,,,,,,,,,,,,,,1,0,0,1
218,C3N-01410,25.4636016577533,12.38,1,CPTAC,CPTAC,13.072192414390653,12.6046447755037,17.767914942942703,10.583122355255949,18.26706456372495,18.26706456372495,unknown,other,0.0,CHEMBL941,CHEMBL203,KD,10000.0,5.0,23,nM,imatinib,Cc1ccc(NC(=O)c2ccc(CN3CCN(C)CC3)cc2)cc1Nc1nccc(-c2cccnc2)n1,493.6150000000002,4.590320000000004,86.28000000000002,2,7,7,5,37,other_KD,CHEMBL203_CHEMBL941,,,,,,,,,,,,,,,,,,0,1,0,1
219,C3N-01413,25.5106660402709,13.44,1,CPTAC,CPTAC,13.072192414390653,12.6046447755037,17.767914942942703,10.583122355255949,18.86502063329012,17.99546391996231,unknown,other,0.0,CHEMBL1079742,CHEMBL203,IC50,42.5,7.489405350465031,4,nM,erlotinib hydrochloride,C#Cc1cccc(Nc2ncnc3cc(OCCOC)c(OCCOC)cc23)c1.Cl,429.90400000000017,3.8269000000000033,74.73000000000002,1,7,10,3,30,other_IC50,CHEMBL203_CHEMBL1079742,,,,,,,,,,,,,,,,,,1,0,1,0
220,C3N-01413,25.5106660402709,13.44,1,CPTAC,CPTAC,13.072192414390653,12.6046447755037,17.767914942942703,10.583122355255949,18.86502063329012,17.99546391996231,unknown,other,0.0,CHEMBL941,CHEMBL203,IC50,50000.055,6.979303657420888,2,nM,imatinib,Cc1ccc(NC(=O)c2ccc(CN3CCN(C)CC3)cc2)cc1Nc1nccc(-c2cccnc2)n1,493.6150000000002,4.590320000000004,86.28000000000002,2,7,7,5,37,other_IC50,CHEMBL203_CHEMBL941,,,,,,,,,,,,,,,,,,1,0,0,1
221,C3N-01413,25.5106660402709,13.44,1,CPTAC,CPTAC,13.072192414390653,12.6046447755037,17.767914942942703,10.583122355255949,18.86502063329012,17.99546391996231,unknown,other,0.0,CHEMBL941,CHEMBL203,KD,10000.0,5.0,23,nM,imatinib,Cc1ccc(NC(=O)c2ccc(CN3CCN(C)CC3)cc2)cc1Nc1nccc(-c2cccnc2)n1,493.6150000000002,4.590320000000004,86.28000000000002,2,7,7,5,37,other_KD,CHEMBL203_CHEMBL941,,,,,,,,,,,,,,,,,,0,1,0,1
222,C3N-01414,25.1925911500859,11.96,1,CPTAC,CPTAC,13.072192414390653,12.6046447755037,16.715376315681198,10.583122355255949,18.6298796038158,17.6726279597485,unknown,other,0.0,CHEMBL1079742,CHEMBL203,IC50,42.5,7.489405350465031,4,nM,erlotinib hydrochloride,C#Cc1cccc(Nc2ncnc3cc(OCCOC)c(OCCOC)cc23)c1.Cl,429.90400000000017,3.8269000000000033,74.73000000000002,1,7,10,3,30,other_IC50,CHEMBL203_CHEMBL1079742,,,,,,,,,,,,,,,,,,1,0,1,0
223,C3N-01414,25.1925911500859,11.96,1,CPTAC,CPTAC,13.072192414390653,12.6046447755037,16.715376315681198,10.583122355255949,18.6298796038158,17.6726279597485,unknown,other,0.0,CHEMBL941,CHEMBL203,IC50,50000.055,6.979303657420888,2,nM,imatinib,Cc1ccc(NC(=O)c2ccc(CN3CCN(C)CC3)cc2)cc1Nc1nccc(-c2cccnc2)n1,493.6150000000002,4.590320000000004,86.28000000000002,2,7,7,5,37,other_IC50,CHEMBL203_CHEMBL941,,,,,,,,,,,,,,,,,,1,0,0,1
224,C3N-01414,25.1925911500859,11.96,1,CPTAC,CPTAC,13.072192414390653,12.6046447755037,16.715376315681198,10.583122355255949,18.6298796038158,17.6726279597485,unknown,other,0.0,CHEMBL941,CHEMBL203,KD,10000.0,5.0,23,nM,imatinib,Cc1ccc(NC(=O)c2ccc(CN3CCN(C)CC3)cc2)cc1Nc1nccc(-c2cccnc2)n1,493.6150000000002,4.590320000000004,86.28000000000002,2,7,7,5,37,other_KD,CHEMBL203_CHEMBL941,,,,,,,,,,,,,,,,,,0,1,0,1
225,C3N-01415,27.1873355673688,14.53,1,CPTAC,CPTAC,13.072192414390653,12.6046447755037,18.465072433143952,10.583122355255949,18.86502063329012,18.465072433143952,unknown,other,0.0,CHEMBL1079742,CHEMBL203,IC50,42.5,7.489405350465031,4,nM,erlotinib hydrochloride,C#Cc1cccc(Nc2ncnc3cc(OCCOC)c(OCCOC)cc23)c1.Cl,429.90400000000017,3.8269000000000033,74.73000000000002,1,7,10,3,30,other_IC50,CHEMBL203_CHEMBL1079742,,,,,,,,,,,,,,,,,,1,0,1,0
226,C3N-01415,27.1873355673688,14.53,1,CPTAC,CPTAC,13.072192414390653,12.6046447755037,18.465072433143952,10.583122355255949,18.86502063329012,18.465072433143952,unknown,other,0.0,CHEMBL941,CHEMBL203,IC50,50000.055,6.979303657420888,2,nM,imatinib,Cc1ccc(NC(=O)c2ccc(CN3CCN(C)CC3)cc2)cc1Nc1nccc(-c2cccnc2)n1,493.6150000000002,4.590320000000004,86.28000000000002,2,7,7,5,37,other_IC50,CHEMBL203_CHEMBL941,,,,,,,,,,,,,,,,,,1,0,0,1
227,C3N-01415,27.1873355673688,14.53,1,CPTAC,CPTAC,13.072192414390653,12.6046447755037,18.465072433143952,10.583122355255949,18.86502063329012,18.465072433143952,unknown,other,0.0,CHEMBL941,CHEMBL203,KD,10000.0,5.0,23,nM,imatinib,Cc1ccc(NC(=O)c2ccc(CN3CCN(C)CC3)cc2)cc1Nc1nccc(-c2cccnc2)n1,493.6150000000002,4.590320000000004,86.28000000000002,2,7,7,5,37,other_KD,CHEMBL203_CHEMBL941,,,,,,,,,,,,,,,,,,0,1,0,1
228,C3N-01416,26.1477894762281,13.74,1,CPTAC,CPTAC,13.072192414390653,12.6046447755037,17.767914942942703,10.583122355255949,18.67756894987355,18.67756894987355,unknown,other,0.0,CHEMBL1079742,CHEMBL203,IC50,42.5,7.489405350465031,4,nM,erlotinib hydrochloride,C#Cc1cccc(Nc2ncnc3cc(OCCOC)c(OCCOC)cc23)c1.Cl,429.90400000000017,3.8269000000000033,74.73000000000002,1,7,10,3,30,other_IC50,CHEMBL203_CHEMBL1079742,,,,,,,,,,,,,,,,,,1,0,1,0
229,C3N-01416,26.1477894762281,13.74,1,CPTAC,CPTAC,13.072192414390653,12.6046447755037,17.767914942942703,10.583122355255949,18.67756894987355,18.67756894987355,unknown,other,0.0,CHEMBL941,CHEMBL203,IC50,50000.055,6.979303657420888,2,nM,imatinib,Cc1ccc(NC(=O)c2ccc(CN3CCN(C)CC3)cc2)cc1Nc1nccc(-c2cccnc2)n1,493.6150000000002,4.590320000000004,86.28000000000002,2,7,7,5,37,other_IC50,CHEMBL203_CHEMBL941,,,,,,,,,,,,,,,,,,1,0,0,1
230,C3N-01416,26.1477894762281,13.74,1,CPTAC,CPTAC,13.072192414390653,12.6046447755037,17.767914942942703,10.583122355255949,18.67756894987355,18.67756894987355,unknown,other,0.0,CHEMBL941,CHEMBL203,KD,10000.0,5.0,23,nM,imatinib,Cc1ccc(NC(=O)c2ccc(CN3CCN(C)CC3)cc2)cc1Nc1nccc(-c2cccnc2)n1,493.6150000000002,4.590320000000004,86.28000000000002,2,7,7,5,37,other_KD,CHEMBL203_CHEMBL941,,,,,,,,,,,,,,,,,,0,1,0,1
231,C3N-01488,25.8924374777076,13.3,1,CPTAC,CPTAC,13.072192414390653,12.6046447755037,17.767914942942703,10.583122355255949,18.86502063329012,17.99546391996231,unknown,other,0.0,CHEMBL1079742,CHEMBL203,IC50,42.5,7.489405350465031,4,nM,erlotinib hydrochloride,C#Cc1cccc(Nc2ncnc3cc(OCCOC)c(OCCOC)cc23)c1.Cl,429.90400000000017,3.8269000000000033,74.73000000000002,1,7,10,3,30,other_IC50,CHEMBL203_CHEMBL1079742,,,,,,,,,,,,,,,,,,1,0,1,0
232,C3N-01488,25.8924374777076,13.3,1,CPTAC,CPTAC,13.072192414390653,12.6046447755037,17.767914942942703,10.583122355255949,18.86502063329012,17.99546391996231,unknown,other,0.0,CHEMBL941,CHEMBL203,IC50,50000.055,6.979303657420888,2,nM,imatinib,Cc1ccc(NC(=O)c2ccc(CN3CCN(C)CC3)cc2)cc1Nc1nccc(-c2cccnc2)n1,493.6150000000002,4.590320000000004,86.28000000000002,2,7,7,5,37,other_IC50,CHEMBL203_CHEMBL941,,,,,,,,,,,,,,,,,,1,0,0,1
233,C3N-01488,25.8924374777076,13.3,1,CPTAC,CPTAC,13.072192414390653,12.6046447755037,17.767914942942703,10.583122355255949,18.86502063329012,17.99546391996231,unknown,other,0.0,CHEMBL941,CHEMBL203,KD,10000.0,5.0,23,nM,imatinib,Cc1ccc(NC(=O)c2ccc(CN3CCN(C)CC3)cc2)cc1Nc1nccc(-c2cccnc2)n1,493.6150000000002,4.590320000000004,86.28000000000002,2,7,7,5,37,other_KD,CHEMBL203_CHEMBL941,,,,,,,,,,,,,,,,,,0,1,0,1
234,C3N-01489,25.3649592833841,12.87,1,CPTAC,CPTAC,13.072192414390653,12.6046447755037,17.767914942942703,10.583122355255949,18.72364871818195,18.72364871818195,unknown,other,0.0,CHEMBL1079742,CHEMBL203,IC50,42.5,7.489405350465031,4,nM,erlotinib hydrochloride,C#Cc1cccc(Nc2ncnc3cc(OCCOC)c(OCCOC)cc23)c1.Cl,429.90400000000017,3.8269000000000033,74.73000000000002,1,7,10,3,30,other_IC50,CHEMBL203_CHEMBL1079742,,,,,,,,,,,,,,,,,,1,0,1,0
235,C3N-01489,25.3649592833841,12.87,1,CPTAC,CPTAC,13.072192414390653,12.6046447755037,17.767914942942703,10.583122355255949,18.72364871818195,18.72364871818195,unknown,other,0.0,CHEMBL941,CHEMBL203,IC50,50000.055,6.979303657420888,2,nM,imatinib,Cc1ccc(NC(=O)c2ccc(CN3CCN(C)CC3)cc2)cc1Nc1nccc(-c2cccnc2)n1,493.6150000000002,4.590320000000004,86.28000000000002,2,7,7,5,37,other_IC50,CHEMBL203_CHEMBL941,,,,,,,,,,,,,,,,,,1,0,0,1
236,C3N-01489,25.3649592833841,12.87,1,CPTAC,CPTAC,13.072192414390653,12.6046447755037,17.767914942942703,10.583122355255949,18.72364871818195,18.72364871818195,unknown,other,0.0,CHEMBL941,CHEMBL203,KD,10000.0,5.0,23,nM,imatinib,Cc1ccc(NC(=O)c2ccc(CN3CCN(C)CC3)cc2)cc1Nc1nccc(-c2cccnc2)n1,493.6150000000002,4.590320000000004,86.28000000000002,2,7,7,5,37,other_KD,CHEMBL203_CHEMBL941,,,,,,,,,,,,,,,,,,0,1,0,1
237,C3N-01799,24.9735254804085,13.19,1,CPTAC,CPTAC,13.072192414390653,12.6046447755037,17.767914942942703,10.583122355255949,18.86502063329012,17.99546391996231,unknown,other,0.0,CHEMBL1079742,CHEMBL203,IC50,42.5,7.489405350465031,4,nM,erlotinib hydrochloride,C#Cc1cccc(Nc2ncnc3cc(OCCOC)c(OCCOC)cc23)c1.Cl,429.90400000000017,3.8269000000000033,74.73000000000002,1,7,10,3,30,other_IC50,CHEMBL203_CHEMBL1079742,,,,,,,,,,,,,,,,,,1,0,1,0
238,C3N-01799,24.9735254804085,13.19,1,CPTAC,CPTAC,13.072192414390653,12.6046447755037,17.767914942942703,10.583122355255949,18.86502063329012,17.99546391996231,unknown,other,0.0,CHEMBL941,CHEMBL203,IC50,50000.055,6.979303657420888,2,nM,imatinib,Cc1ccc(NC(=O)c2ccc(CN3CCN(C)CC3)cc2)cc1Nc1nccc(-c2cccnc2)n1,493.6150000000002,4.590320000000004,86.28000000000002,2,7,7,5,37,other_IC50,CHEMBL203_CHEMBL941,,,,,,,,,,,,,,,,,,1,0,0,1
239,C3N-01799,24.9735254804085,13.19,1,CPTAC,CPTAC,13.072192414390653,12.6046447755037,17.767914942942703,10.583122355255949,18.86502063329012,17.99546391996231,unknown,other,0.0,CHEMBL941,CHEMBL203,KD,10000.0,5.0,23,nM,imatinib,Cc1ccc(NC(=O)c2ccc(CN3CCN(C)CC3)cc2)cc1Nc1nccc(-c2cccnc2)n1,493.6150000000002,4.590320000000004,86.28000000000002,2,7,7,5,37,other_KD,CHEMBL203_CHEMBL941,,,,,,,,,,,,,,,,,,0,1,0,1
240,C3N-01823,25.1618930074769,12.65,1,CPTAC,CPTAC,13.072192414390653,12.6046447755037,17.871326806181898,10.583122355255949,18.86502063329012,17.871326806181898,unknown,other,0.0,CHEMBL1079742,CHEMBL203,IC50,42.5,7.489405350465031,4,nM,erlotinib hydrochloride,C#Cc1cccc(Nc2ncnc3cc(OCCOC)c(OCCOC)cc23)c1.Cl,429.90400000000017,3.8269000000000033,74.73000000000002,1,7,10,3,30,other_IC50,CHEMBL203_CHEMBL1079742,,,,,,,,,,,,,,,,,,1,0,1,0
241,C3N-01823,25.1618930074769,12.65,1,CPTAC,CPTAC,13.072192414390653,12.6046447755037,17.871326806181898,10.583122355255949,18.86502063329012,17.871326806181898,unknown,other,0.0,CHEMBL941,CHEMBL203,IC50,50000.055,6.979303657420888,2,nM,imatinib,Cc1ccc(NC(=O)c2ccc(CN3CCN(C)CC3)cc2)cc1Nc1nccc(-c2cccnc2)n1,493.6150000000002,4.590320000000004,86.28000000000002,2,7,7,5,37,other_IC50,CHEMBL203_CHEMBL941,,,,,,,,,,,,,,,,,,1,0,0,1
242,C3N-01823,25.1618930074769,12.65,1,CPTAC,CPTAC,13.072192414390653,12.6046447755037,17.871326806181898,10.583122355255949,18.86502063329012,17.871326806181898,unknown,other,0.0,CHEMBL941,CHEMBL203,KD,10000.0,5.0,23,nM,imatinib,Cc1ccc(NC(=O)c2ccc(CN3CCN(C)CC3)cc2)cc1Nc1nccc(-c2cccnc2)n1,493.6150000000002,4.590320000000004,86.28000000000002,2,7,7,5,37,other_KD,CHEMBL203_CHEMBL941,,,,,,,,,,,,,,,,,,0,1,0,1
243,C3N-01842,24.9959492310859,11.97,1,CPTAC,CPTAC,13.072192414390653,12.6046447755037,17.767914942942703,10.583122355255949,18.86502063329012,17.99546391996231,unknown,other,0.0,CHEMBL1079742,CHEMBL203,IC50,42.5,7.489405350465031,4,nM,erlotinib hydrochloride,C#Cc1cccc(Nc2ncnc3cc(OCCOC)c(OCCOC)cc23)c1.Cl,429.90400000000017,3.8269000000000033,74.73000000000002,1,7,10,3,30,other_IC50,CHEMBL203_CHEMBL1079742,,,,,,,,,,,,,,,,,,1,0,1,0
244,C3N-01842,24.9959492310859,11.97,1,CPTAC,CPTAC,13.072192414390653,12.6046447755037,17.767914942942703,10.583122355255949,18.86502063329012,17.99546391996231,unknown,other,0.0,CHEMBL941,CHEMBL203,IC50,50000.055,6.979303657420888,2,nM,imatinib,Cc1ccc(NC(=O)c2ccc(CN3CCN(C)CC3)cc2)cc1Nc1nccc(-c2cccnc2)n1,493.6150000000002,4.590320000000004,86.28000000000002,2,7,7,5,37,other_IC50,CHEMBL203_CHEMBL941,,,,,,,,,,,,,,,,,,1,0,0,1
245,C3N-01842,24.9959492310859,11.97,1,CPTAC,CPTAC,13.072192414390653,12.6046447755037,17.767914942942703,10.583122355255949,18.86502063329012,17.99546391996231,unknown,other,0.0,CHEMBL941,CHEMBL203,KD,10000.0,5.0,23,nM,imatinib,Cc1ccc(NC(=O)c2ccc(CN3CCN(C)CC3)cc2)cc1Nc1nccc(-c2cccnc2)n1,493.6150000000002,4.590320000000004,86.28000000000002,2,7,7,5,37,other_KD,CHEMBL203_CHEMBL941,,,,,,,,,,,,,,,,,,0,1,0,1
246,C3N-02000,26.195880435536,14.25,1,CPTAC,CPTAC,13.072192414390653,12.6046447755037,17.767914942942703,10.583122355255949,19.41341415755525,19.41341415755525,unknown,other,0.0,CHEMBL1079742,CHEMBL203,IC50,42.5,7.489405350465031,4,nM,erlotinib hydrochloride,C#Cc1cccc(Nc2ncnc3cc(OCCOC)c(OCCOC)cc23)c1.Cl,429.90400000000017,3.8269000000000033,74.73000000000002,1,7,10,3,30,other_IC50,CHEMBL203_CHEMBL1079742,,,,,,,,,,,,,,,,,,1,0,1,0
247,C3N-02000,26.195880435536,14.25,1,CPTAC,CPTAC,13.072192414390653,12.6046447755037,17.767914942942703,10.583122355255949,19.41341415755525,19.41341415755525,unknown,other,0.0,CHEMBL941,CHEMBL203,IC50,50000.055,6.979303657420888,2,nM,imatinib,Cc1ccc(NC(=O)c2ccc(CN3CCN(C)CC3)cc2)cc1Nc1nccc(-c2cccnc2)n1,493.6150000000002,4.590320000000004,86.28000000000002,2,7,7,5,37,other_IC50,CHEMBL203_CHEMBL941,,,,,,,,,,,,,,,,,,1,0,0,1
248,C3N-02000,26.195880435536,14.25,1,CPTAC,CPTAC,13.072192414390653,12.6046447755037,17.767914942942703,10.583122355255949,19.41341415755525,19.41341415755525,unknown,other,0.0,CHEMBL941,CHEMBL203,KD,10000.0,5.0,23,nM,imatinib,Cc1ccc(NC(=O)c2ccc(CN3CCN(C)CC3)cc2)cc1Nc1nccc(-c2cccnc2)n1,493.6150000000002,4.590320000000004,86.28000000000002,2,7,7,5,37,other_KD,CHEMBL203_CHEMBL941,,,,,,,,,,,,,,,,,,0,1,0,1
249,C3N-02002,25.7553689783406,13.84,1,CPTAC,CPTAC,13.072192414390653,12.6046447755037,17.767914942942703,10.583122355255949,19.64149643945085,19.64149643945085,unknown,other,0.0,CHEMBL1079742,CHEMBL203,IC50,42.5,7.489405350465031,4,nM,erlotinib hydrochloride,C#Cc1cccc(Nc2ncnc3cc(OCCOC)c(OCCOC)cc23)c1.Cl,429.90400000000017,3.8269000000000033,74.73000000000002,1,7,10,3,30,other_IC50,CHEMBL203_CHEMBL1079742,,,,,,,,,,,,,,,,,,1,0,1,0
250,C3N-02002,25.7553689783406,13.84,1,CPTAC,CPTAC,13.072192414390653,12.6046447755037,17.767914942942703,10.583122355255949,19.64149643945085,19.64149643945085,unknown,other,0.0,CHEMBL941,CHEMBL203,IC50,50000.055,6.979303657420888,2,nM,imatinib,Cc1ccc(NC(=O)c2ccc(CN3CCN(C)CC3)cc2)cc1Nc1nccc(-c2cccnc2)n1,493.6150000000002,4.590320000000004,86.28000000000002,2,7,7,5,37,other_IC50,CHEMBL203_CHEMBL941,,,,,,,,,,,,,,,,,,1,0,0,1
251,C3N-02002,25.7553689783406,13.84,1,CPTAC,CPTAC,13.072192414390653,12.6046447755037,17.767914942942703,10.583122355255949,19.64149643945085,19.64149643945085,unknown,other,0.0,CHEMBL941,CHEMBL203,KD,10000.0,5.0,23,nM,imatinib,Cc1ccc(NC(=O)c2ccc(CN3CCN(C)CC3)cc2)cc1Nc1nccc(-c2cccnc2)n1,493.6150000000002,4.590320000000004,86.28000000000002,2,7,7,5,37,other_KD,CHEMBL203_CHEMBL941,,,,,,,,,,,,,,,,,,0,1,0,1
252,C3N-02003,25.5074766299989,12.58,1,CPTAC,CPTAC,13.072192414390653,12.6046447755037,17.7037170993624,10.583122355255949,18.86502063329012,17.7037170993624,unknown,other,0.0,CHEMBL1079742,CHEMBL203,IC50,42.5,7.489405350465031,4,nM,erlotinib hydrochloride,C#Cc1cccc(Nc2ncnc3cc(OCCOC)c(OCCOC)cc23)c1.Cl,429.90400000000017,3.8269000000000033,74.73000000000002,1,7,10,3,30,other_IC50,CHEMBL203_CHEMBL1079742,,,,,,,,,,,,,,,,,,1,0,1,0
253,C3N-02003,25.5074766299989,12.58,1,CPTAC,CPTAC,13.072192414390653,12.6046447755037,17.7037170993624,10.583122355255949,18.86502063329012,17.7037170993624,unknown,other,0.0,CHEMBL941,CHEMBL203,IC50,50000.055,6.979303657420888,2,nM,imatinib,Cc1ccc(NC(=O)c2ccc(CN3CCN(C)CC3)cc2)cc1Nc1nccc(-c2cccnc2)n1,493.6150000000002,4.590320000000004,86.28000000000002,2,7,7,5,37,other_IC50,CHEMBL203_CHEMBL941,,,,,,,,,,,,,,,,,,1,0,0,1
254,C3N-02003,25.5074766299989,12.58,1,CPTAC,CPTAC,13.072192414390653,12.6046447755037,17.7037170993624,10.583122355255949,18.86502063329012,17.7037170993624,unknown,other,0.0,CHEMBL941,CHEMBL203,KD,10000.0,5.0,23,nM,imatinib,Cc1ccc(NC(=O)c2ccc(CN3CCN(C)CC3)cc2)cc1Nc1nccc(-c2cccnc2)n1,493.6150000000002,4.590320000000004,86.28000000000002,2,7,7,5,37,other_KD,CHEMBL203_CHEMBL941,,,,,,,,,,,,,,,,,,0,1,0,1
255,C3N-02067,26.742501294079,14.44,1,CPTAC,CPTAC,13.072192414390653,12.6046447755037,18.9136474187717,10.583122355255949,19.1964033999606,19.05502540936615,unknown,other,0.0,CHEMBL1079742,CHEMBL203,IC50,42.5,7.489405350465031,4,nM,erlotinib hydrochloride,C#Cc1cccc(Nc2ncnc3cc(OCCOC)c(OCCOC)cc23)c1.Cl,429.90400000000017,3.8269000000000033,74.73000000000002,1,7,10,3,30,other_IC50,CHEMBL203_CHEMBL1079742,,,,,,,,,,,,,,,,,,1,0,1,0
256,C3N-02067,26.742501294079,14.44,1,CPTAC,CPTAC,13.072192414390653,12.6046447755037,18.9136474187717,10.583122355255949,19.1964033999606,19.05502540936615,unknown,other,0.0,CHEMBL941,CHEMBL203,IC50,50000.055,6.979303657420888,2,nM,imatinib,Cc1ccc(NC(=O)c2ccc(CN3CCN(C)CC3)cc2)cc1Nc1nccc(-c2cccnc2)n1,493.6150000000002,4.590320000000004,86.28000000000002,2,7,7,5,37,other_IC50,CHEMBL203_CHEMBL941,,,,,,,,,,,,,,,,,,1,0,0,1
257,C3N-02067,26.742501294079,14.44,1,CPTAC,CPTAC,13.072192414390653,12.6046447755037,18.9136474187717,10.583122355255949,19.1964033999606,19.05502540936615,unknown,other,0.0,CHEMBL941,CHEMBL203,KD,10000.0,5.0,23,nM,imatinib,Cc1ccc(NC(=O)c2ccc(CN3CCN(C)CC3)cc2)cc1Nc1nccc(-c2cccnc2)n1,493.6150000000002,4.590320000000004,86.28000000000002,2,7,7,5,37,other_KD,CHEMBL203_CHEMBL941,,,,,,,,,,,,,,,,,,0,1,0,1
258,C3N-02087,25.950541759832,13.93,1,CPTAC,CPTAC,13.072192414390653,12.6046447755037,17.62909662083875,10.583122355255949,18.868637966994548,18.24886729391665,unknown,other,0.0,CHEMBL1079742,CHEMBL203,IC50,42.5,7.489405350465031,4,nM,erlotinib hydrochloride,C#Cc1cccc(Nc2ncnc3cc(OCCOC)c(OCCOC)cc23)c1.Cl,429.90400000000017,3.8269000000000033,74.73000000000002,1,7,10,3,30,other_IC50,CHEMBL203_CHEMBL1079742,,,,,,,,,,,,,,,,,,1,0,1,0
259,C3N-02087,25.950541759832,13.93,1,CPTAC,CPTAC,13.072192414390653,12.6046447755037,17.62909662083875,10.583122355255949,18.868637966994548,18.24886729391665,unknown,other,0.0,CHEMBL941,CHEMBL203,IC50,50000.055,6.979303657420888,2,nM,imatinib,Cc1ccc(NC(=O)c2ccc(CN3CCN(C)CC3)cc2)cc1Nc1nccc(-c2cccnc2)n1,493.6150000000002,4.590320000000004,86.28000000000002,2,7,7,5,37,other_IC50,CHEMBL203_CHEMBL941,,,,,,,,,,,,,,,,,,1,0,0,1
260,C3N-02087,25.950541759832,13.93,1,CPTAC,CPTAC,13.072192414390653,12.6046447755037,17.62909662083875,10.583122355255949,18.868637966994548,18.24886729391665,unknown,other,0.0,CHEMBL941,CHEMBL203,KD,10000.0,5.0,23,nM,imatinib,Cc1ccc(NC(=O)c2ccc(CN3CCN(C)CC3)cc2)cc1Nc1nccc(-c2cccnc2)n1,493.6150000000002,4.590320000000004,86.28000000000002,2,7,7,5,37,other_KD,CHEMBL203_CHEMBL941,,,,,,,,,,,,,,,,,,0,1,0,1
261,C3N-02089,25.0394018917068,11.9,1,CPTAC,CPTAC,13.072192414390653,12.6046447755037,17.767914942942703,10.583122355255949,18.86502063329012,17.99546391996231,unknown,other,0.0,CHEMBL1079742,CHEMBL203,IC50,42.5,7.489405350465031,4,nM,erlotinib hydrochloride,C#Cc1cccc(Nc2ncnc3cc(OCCOC)c(OCCOC)cc23)c1.Cl,429.90400000000017,3.8269000000000033,74.73000000000002,1,7,10,3,30,other_IC50,CHEMBL203_CHEMBL1079742,,,,,,,,,,,,,,,,,,1,0,1,0
262,C3N-02089,25.0394018917068,11.9,1,CPTAC,CPTAC,13.072192414390653,12.6046447755037,17.767914942942703,10.583122355255949,18.86502063329012,17.99546391996231,unknown,other,0.0,CHEMBL941,CHEMBL203,IC50,50000.055,6.979303657420888,2,nM,imatinib,Cc1ccc(NC(=O)c2ccc(CN3CCN(C)CC3)cc2)cc1Nc1nccc(-c2cccnc2)n1,493.6150000000002,4.590320000000004,86.28000000000002,2,7,7,5,37,other_IC50,CHEMBL203_CHEMBL941,,,,,,,,,,,,,,,,,,1,0,0,1
263,C3N-02089,25.0394018917068,11.9,1,CPTAC,CPTAC,13.072192414390653,12.6046447755037,17.767914942942703,10.583122355255949,18.86502063329012,17.99546391996231,unknown,other,0.0,CHEMBL941,CHEMBL203,KD,10000.0,5.0,23,nM,imatinib,Cc1ccc(NC(=O)c2ccc(CN3CCN(C)CC3)cc2)cc1Nc1nccc(-c2cccnc2)n1,493.6150000000002,4.590320000000004,86.28000000000002,2,7,7,5,37,other_KD,CHEMBL203_CHEMBL941,,,,,,,,,,,,,,,,,,0,1,0,1
264,C3N-02145,25.9823094500627,13.7,1,CPTAC,CPTAC,13.072192414390653,12.6046447755037,17.767914942942703,10.583122355255949,18.86502063329012,17.99546391996231,unknown,other,0.0,CHEMBL1079742,CHEMBL203,IC50,42.5,7.489405350465031,4,nM,erlotinib hydrochloride,C#Cc1cccc(Nc2ncnc3cc(OCCOC)c(OCCOC)cc23)c1.Cl,429.90400000000017,3.8269000000000033,74.73000000000002,1,7,10,3,30,other_IC50,CHEMBL203_CHEMBL1079742,,,,,,,,,,,,,,,,,,1,0,1,0
265,C3N-02145,25.9823094500627,13.7,1,CPTAC,CPTAC,13.072192414390653,12.6046447755037,17.767914942942703,10.583122355255949,18.86502063329012,17.99546391996231,unknown,other,0.0,CHEMBL941,CHEMBL203,IC50,50000.055,6.979303657420888,2,nM,imatinib,Cc1ccc(NC(=O)c2ccc(CN3CCN(C)CC3)cc2)cc1Nc1nccc(-c2cccnc2)n1,493.6150000000002,4.590320000000004,86.28000000000002,2,7,7,5,37,other_IC50,CHEMBL203_CHEMBL941,,,,,,,,,,,,,,,,,,1,0,0,1
266,C3N-02145,25.9823094500627,13.7,1,CPTAC,CPTAC,13.072192414390653,12.6046447755037,17.767914942942703,10.583122355255949,18.86502063329012,17.99546391996231,unknown,other,0.0,CHEMBL941,CHEMBL203,KD,10000.0,5.0,23,nM,imatinib,Cc1ccc(NC(=O)c2ccc(CN3CCN(C)CC3)cc2)cc1Nc1nccc(-c2cccnc2)n1,493.6150000000002,4.590320000000004,86.28000000000002,2,7,7,5,37,other_KD,CHEMBL203_CHEMBL941,,,,,,,,,,,,,,,,,,0,1,0,1
267,C3N-02149,25.0390730769136,11.59,1,CPTAC,CPTAC,13.072192414390653,12.6046447755037,17.767914942942703,10.583122355255949,17.682957617408597,17.682957617408597,unknown,other,0.0,CHEMBL1079742,CHEMBL203,IC50,42.5,7.489405350465031,4,nM,erlotinib hydrochloride,C#Cc1cccc(Nc2ncnc3cc(OCCOC)c(OCCOC)cc23)c1.Cl,429.90400000000017,3.8269000000000033,74.73000000000002,1,7,10,3,30,other_IC50,CHEMBL203_CHEMBL1079742,,,,,,,,,,,,,,,,,,1,0,1,0
268,C3N-02149,25.0390730769136,11.59,1,CPTAC,CPTAC,13.072192414390653,12.6046447755037,17.767914942942703,10.583122355255949,17.682957617408597,17.682957617408597,unknown,other,0.0,CHEMBL941,CHEMBL203,IC50,50000.055,6.979303657420888,2,nM,imatinib,Cc1ccc(NC(=O)c2ccc(CN3CCN(C)CC3)cc2)cc1Nc1nccc(-c2cccnc2)n1,493.6150000000002,4.590320000000004,86.28000000000002,2,7,7,5,37,other_IC50,CHEMBL203_CHEMBL941,,,,,,,,,,,,,,,,,,1,0,0,1
269,C3N-02149,25.0390730769136,11.59,1,CPTAC,CPTAC,13.072192414390653,12.6046447755037,17.767914942942703,10.583122355255949,17.682957617408597,17.682957617408597,unknown,other,0.0,CHEMBL941,CHEMBL203,KD,10000.0,5.0,23,nM,imatinib,Cc1ccc(NC(=O)c2ccc(CN3CCN(C)CC3)cc2)cc1Nc1nccc(-c2cccnc2)n1,493.6150000000002,4.590320000000004,86.28000000000002,2,7,7,5,37,other_KD,CHEMBL203_CHEMBL941,,,,,,,,,,,,,,,,,,0,1,0,1
270,C3N-02155,27.537751974952,16.33,1,CPTAC,CPTAC,13.072192414390653,12.6046447755037,17.767914942942703,10.583122355255949,20.347288878236,20.347288878236,unknown,other,0.0,CHEMBL1079742,CHEMBL203,IC50,42.5,7.489405350465031,4,nM,erlotinib hydrochloride,C#Cc1cccc(Nc2ncnc3cc(OCCOC)c(OCCOC)cc23)c1.Cl,429.90400000000017,3.8269000000000033,74.73000000000002,1,7,10,3,30,other_IC50,CHEMBL203_CHEMBL1079742,,,,,,,,,,,,,,,,,,1,0,1,0
271,C3N-02155,27.537751974952,16.33,1,CPTAC,CPTAC,13.072192414390653,12.6046447755037,17.767914942942703,10.583122355255949,20.347288878236,20.347288878236,unknown,other,0.0,CHEMBL941,CHEMBL203,IC50,50000.055,6.979303657420888,2,nM,imatinib,Cc1ccc(NC(=O)c2ccc(CN3CCN(C)CC3)cc2)cc1Nc1nccc(-c2cccnc2)n1,493.6150000000002,4.590320000000004,86.28000000000002,2,7,7,5,37,other_IC50,CHEMBL203_CHEMBL941,,,,,,,,,,,,,,,,,,1,0,0,1
272,C3N-02155,27.537751974952,16.33,1,CPTAC,CPTAC,13.072192414390653,12.6046447755037,17.767914942942703,10.583122355255949,20.347288878236,20.347288878236,unknown,other,0.0,CHEMBL941,CHEMBL203,KD,10000.0,5.0,23,nM,imatinib,Cc1ccc(NC(=O)c2ccc(CN3CCN(C)CC3)cc2)cc1Nc1nccc(-c2cccnc2)n1,493.6150000000002,4.590320000000004,86.28000000000002,2,7,7,5,37,other_KD,CHEMBL203_CHEMBL941,,,,,,,,,,,,,,,,,,0,1,0,1
273,C3N-02158,25.1952649524321,12.97,1,CPTAC,CPTAC,13.072192414390653,12.6046447755037,17.7050107093324,10.60490272817275,18.214828817933444,15.508247418479533,unknown,other,0.0,CHEMBL1079742,CHEMBL203,IC50,42.5,7.489405350465031,4,nM,erlotinib hydrochloride,C#Cc1cccc(Nc2ncnc3cc(OCCOC)c(OCCOC)cc23)c1.Cl,429.90400000000017,3.8269000000000033,74.73000000000002,1,7,10,3,30,other_IC50,CHEMBL203_CHEMBL1079742,,,,,,,,,,,,,,,,,,1,0,1,0
274,C3N-02158,25.1952649524321,12.97,1,CPTAC,CPTAC,13.072192414390653,12.6046447755037,17.7050107093324,10.60490272817275,18.214828817933444,15.508247418479533,unknown,other,0.0,CHEMBL941,CHEMBL203,IC50,50000.055,6.979303657420888,2,nM,imatinib,Cc1ccc(NC(=O)c2ccc(CN3CCN(C)CC3)cc2)cc1Nc1nccc(-c2cccnc2)n1,493.6150000000002,4.590320000000004,86.28000000000002,2,7,7,5,37,other_IC50,CHEMBL203_CHEMBL941,,,,,,,,,,,,,,,,,,1,0,0,1
275,C3N-02158,25.1952649524321,12.97,1,CPTAC,CPTAC,13.072192414390653,12.6046447755037,17.7050107093324,10.60490272817275,18.214828817933444,15.508247418479533,unknown,other,0.0,CHEMBL941,CHEMBL203,KD,10000.0,5.0,23,nM,imatinib,Cc1ccc(NC(=O)c2ccc(CN3CCN(C)CC3)cc2)cc1Nc1nccc(-c2cccnc2)n1,493.6150000000002,4.590320000000004,86.28000000000002,2,7,7,5,37,other_KD,CHEMBL203_CHEMBL941,,,,,,,,,,,,,,,,,,0,1,0,1
276,C3N-02379,26.8884727721476,14.99,1,CPTAC,CPTAC,13.072192414390653,12.6046447755037,17.5923102799153,10.583122355255949,21.5232646834421,19.5577874816787,unknown,other,0.0,CHEMBL1079742,CHEMBL203,IC50,42.5,7.489405350465031,4,nM,erlotinib hydrochloride,C#Cc1cccc(Nc2ncnc3cc(OCCOC)c(OCCOC)cc23)c1.Cl,429.90400000000017,3.8269000000000033,74.73000000000002,1,7,10,3,30,other_IC50,CHEMBL203_CHEMBL1079742,,,,,,,,,,,,,,,,,,1,0,1,0
277,C3N-02379,26.8884727721476,14.99,1,CPTAC,CPTAC,13.072192414390653,12.6046447755037,17.5923102799153,10.583122355255949,21.5232646834421,19.5577874816787,unknown,other,0.0,CHEMBL941,CHEMBL203,IC50,50000.055,6.979303657420888,2,nM,imatinib,Cc1ccc(NC(=O)c2ccc(CN3CCN(C)CC3)cc2)cc1Nc1nccc(-c2cccnc2)n1,493.6150000000002,4.590320000000004,86.28000000000002,2,7,7,5,37,other_IC50,CHEMBL203_CHEMBL941,,,,,,,,,,,,,,,,,,1,0,0,1
278,C3N-02379,26.8884727721476,14.99,1,CPTAC,CPTAC,13.072192414390653,12.6046447755037,17.5923102799153,10.583122355255949,21.5232646834421,19.5577874816787,unknown,other,0.0,CHEMBL941,CHEMBL203,KD,10000.0,5.0,23,nM,imatinib,Cc1ccc(NC(=O)c2ccc(CN3CCN(C)CC3)cc2)cc1Nc1nccc(-c2cccnc2)n1,493.6150000000002,4.590320000000004,86.28000000000002,2,7,7,5,37,other_KD,CHEMBL203_CHEMBL941,,,,,,,,,,,,,,,,,,0,1,0,1
279,C3N-02380,25.7880672262256,13.6,1,CPTAC,CPTAC,13.072192414390653,12.6046447755037,17.767914942942703,10.583122355255949,18.86502063329012,17.99546391996231,unknown,other,0.0,CHEMBL1079742,CHEMBL203,IC50,42.5,7.489405350465031,4,nM,erlotinib hydrochloride,C#Cc1cccc(Nc2ncnc3cc(OCCOC)c(OCCOC)cc23)c1.Cl,429.90400000000017,3.8269000000000033,74.73000000000002,1,7,10,3,30,other_IC50,CHEMBL203_CHEMBL1079742,,,,,,,,,,,,,,,,,,1,0,1,0
280,C3N-02380,25.7880672262256,13.6,1,CPTAC,CPTAC,13.072192414390653,12.6046447755037,17.767914942942703,10.583122355255949,18.86502063329012,17.99546391996231,unknown,other,0.0,CHEMBL941,CHEMBL203,IC50,50000.055,6.979303657420888,2,nM,imatinib,Cc1ccc(NC(=O)c2ccc(CN3CCN(C)CC3)cc2)cc1Nc1nccc(-c2cccnc2)n1,493.6150000000002,4.590320000000004,86.28000000000002,2,7,7,5,37,other_IC50,CHEMBL203_CHEMBL941,,,,,,,,,,,,,,,,,,1,0,0,1
281,C3N-02380,25.7880672262256,13.6,1,CPTAC,CPTAC,13.072192414390653,12.6046447755037,17.767914942942703,10.583122355255949,18.86502063329012,17.99546391996231,unknown,other,0.0,CHEMBL941,CHEMBL203,KD,10000.0,5.0,23,nM,imatinib,Cc1ccc(NC(=O)c2ccc(CN3CCN(C)CC3)cc2)cc1Nc1nccc(-c2cccnc2)n1,493.6150000000002,4.590320000000004,86.28000000000002,2,7,7,5,37,other_KD,CHEMBL203_CHEMBL941,,,,,,,,,,,,,,,,,,0,1,0,1
282,C3N-02421,26.7503303999458,15.34,1,CPTAC,CPTAC,13.072192414390653,12.6046447755037,18.0663454696274,10.583122355255949,19.93441077324065,16.194626199374667,unknown,other,0.0,CHEMBL1079742,CHEMBL203,IC50,42.5,7.489405350465031,4,nM,erlotinib hydrochloride,C#Cc1cccc(Nc2ncnc3cc(OCCOC)c(OCCOC)cc23)c1.Cl,429.90400000000017,3.8269000000000033,74.73000000000002,1,7,10,3,30,other_IC50,CHEMBL203_CHEMBL1079742,,,,,,,,,,,,,,,,,,1,0,1,0
283,C3N-02421,26.7503303999458,15.34,1,CPTAC,CPTAC,13.072192414390653,12.6046447755037,18.0663454696274,10.583122355255949,19.93441077324065,16.194626199374667,unknown,other,0.0,CHEMBL941,CHEMBL203,IC50,50000.055,6.979303657420888,2,nM,imatinib,Cc1ccc(NC(=O)c2ccc(CN3CCN(C)CC3)cc2)cc1Nc1nccc(-c2cccnc2)n1,493.6150000000002,4.590320000000004,86.28000000000002,2,7,7,5,37,other_IC50,CHEMBL203_CHEMBL941,,,,,,,,,,,,,,,,,,1,0,0,1
284,C3N-02421,26.7503303999458,15.34,1,CPTAC,CPTAC,13.072192414390653,12.6046447755037,18.0663454696274,10.583122355255949,19.93441077324065,16.194626199374667,unknown,other,0.0,CHEMBL941,CHEMBL203,KD,10000.0,5.0,23,nM,imatinib,Cc1ccc(NC(=O)c2ccc(CN3CCN(C)CC3)cc2)cc1Nc1nccc(-c2cccnc2)n1,493.6150000000002,4.590320000000004,86.28000000000002,2,7,7,5,37,other_KD,CHEMBL203_CHEMBL941,,,,,,,,,,,,,,,,,,0,1,0,1
285,C3N-02422,25.833288538483,12.65,1,CPTAC,CPTAC,13.072192414390653,12.6046447755037,17.9769343169811,10.583122355255949,18.1896715319823,18.0833029244817,unknown,other,0.0,CHEMBL1079742,CHEMBL203,IC50,42.5,7.489405350465031,4,nM,erlotinib hydrochloride,C#Cc1cccc(Nc2ncnc3cc(OCCOC)c(OCCOC)cc23)c1.Cl,429.90400000000017,3.8269000000000033,74.73000000000002,1,7,10,3,30,other_IC50,CHEMBL203_CHEMBL1079742,,,,,,,,,,,,,,,,,,1,0,1,0
286,C3N-02422,25.833288538483,12.65,1,CPTAC,CPTAC,13.072192414390653,12.6046447755037,17.9769343169811,10.583122355255949,18.1896715319823,18.0833029244817,unknown,other,0.0,CHEMBL941,CHEMBL203,IC50,50000.055,6.979303657420888,2,nM,imatinib,Cc1ccc(NC(=O)c2ccc(CN3CCN(C)CC3)cc2)cc1Nc1nccc(-c2cccnc2)n1,493.6150000000002,4.590320000000004,86.28000000000002,2,7,7,5,37,other_IC50,CHEMBL203_CHEMBL941,,,,,,,,,,,,,,,,,,1,0,0,1
287,C3N-02422,25.833288538483,12.65,1,CPTAC,CPTAC,13.072192414390653,12.6046447755037,17.9769343169811,10.583122355255949,18.1896715319823,18.0833029244817,unknown,other,0.0,CHEMBL941,CHEMBL203,KD,10000.0,5.0,23,nM,imatinib,Cc1ccc(NC(=O)c2ccc(CN3CCN(C)CC3)cc2)cc1Nc1nccc(-c2cccnc2)n1,493.6150000000002,4.590320000000004,86.28000000000002,2,7,7,5,37,other_KD,CHEMBL203_CHEMBL941,,,,,,,,,,,,,,,,,,0,1,0,1
288,C3N-02423,25.9719108078131,13.68,1,CPTAC,CPTAC,13.072192414390653,12.6046447755037,17.767914942942703,10.583122355255949,18.86502063329012,17.99546391996231,unknown,other,0.0,CHEMBL1079742,CHEMBL203,IC50,42.5,7.489405350465031,4,nM,erlotinib hydrochloride,C#Cc1cccc(Nc2ncnc3cc(OCCOC)c(OCCOC)cc23)c1.Cl,429.90400000000017,3.8269000000000033,74.73000000000002,1,7,10,3,30,other_IC50,CHEMBL203_CHEMBL1079742,,,,,,,,,,,,,,,,,,1,0,1,0
289,C3N-02423,25.9719108078131,13.68,1,CPTAC,CPTAC,13.072192414390653,12.6046447755037,17.767914942942703,10.583122355255949,18.86502063329012,17.99546391996231,unknown,other,0.0,CHEMBL941,CHEMBL203,IC50,50000.055,6.979303657420888,2,nM,imatinib,Cc1ccc(NC(=O)c2ccc(CN3CCN(C)CC3)cc2)cc1Nc1nccc(-c2cccnc2)n1,493.6150000000002,4.590320000000004,86.28000000000002,2,7,7,5,37,other_IC50,CHEMBL203_CHEMBL941,,,,,,,,,,,,,,,,,,1,0,0,1
290,C3N-02423,25.9719108078131,13.68,1,CPTAC,CPTAC,13.072192414390653,12.6046447755037,17.767914942942703,10.583122355255949,18.86502063329012,17.99546391996231,unknown,other,0.0,CHEMBL941,CHEMBL203,KD,10000.0,5.0,23,nM,imatinib,Cc1ccc(NC(=O)c2ccc(CN3CCN(C)CC3)cc2)cc1Nc1nccc(-c2cccnc2)n1,493.6150000000002,4.590320000000004,86.28000000000002,2,7,7,5,37,other_KD,CHEMBL203_CHEMBL941,,,,,,,,,,,,,,,,,,0,1,0,1
291,C3N-02424,25.4180302519632,13.17,1,CPTAC,CPTAC,13.072192414390653,12.6046447755037,17.767914942942703,10.583122355255949,18.8614032995857,18.8614032995857,unknown,other,0.0,CHEMBL1079742,CHEMBL203,IC50,42.5,7.489405350465031,4,nM,erlotinib hydrochloride,C#Cc1cccc(Nc2ncnc3cc(OCCOC)c(OCCOC)cc23)c1.Cl,429.90400000000017,3.8269000000000033,74.73000000000002,1,7,10,3,30,other_IC50,CHEMBL203_CHEMBL1079742,,,,,,,,,,,,,,,,,,1,0,1,0
292,C3N-02424,25.4180302519632,13.17,1,CPTAC,CPTAC,13.072192414390653,12.6046447755037,17.767914942942703,10.583122355255949,18.8614032995857,18.8614032995857,unknown,other,0.0,CHEMBL941,CHEMBL203,IC50,50000.055,6.979303657420888,2,nM,imatinib,Cc1ccc(NC(=O)c2ccc(CN3CCN(C)CC3)cc2)cc1Nc1nccc(-c2cccnc2)n1,493.6150000000002,4.590320000000004,86.28000000000002,2,7,7,5,37,other_IC50,CHEMBL203_CHEMBL941,,,,,,,,,,,,,,,,,,1,0,0,1
293,C3N-02424,25.4180302519632,13.17,1,CPTAC,CPTAC,13.072192414390653,12.6046447755037,17.767914942942703,10.583122355255949,18.8614032995857,18.8614032995857,unknown,other,0.0,CHEMBL941,CHEMBL203,KD,10000.0,5.0,23,nM,imatinib,Cc1ccc(NC(=O)c2ccc(CN3CCN(C)CC3)cc2)cc1Nc1nccc(-c2cccnc2)n1,493.6150000000002,4.590320000000004,86.28000000000002,2,7,7,5,37,other_KD,CHEMBL203_CHEMBL941,,,,,,,,,,,,,,,,,,0,1,0,1
294,C3N-02433,25.236228469771,13.45,1,CPTAC,CPTAC,13.072192414390653,12.6046447755037,17.7156641031058,10.583122355255949,18.86502063329012,17.7156641031058,unknown,other,0.0,CHEMBL1079742,CHEMBL203,IC50,42.5,7.489405350465031,4,nM,erlotinib hydrochloride,C#Cc1cccc(Nc2ncnc3cc(OCCOC)c(OCCOC)cc23)c1.Cl,429.90400000000017,3.8269000000000033,74.73000000000002,1,7,10,3,30,other_IC50,CHEMBL203_CHEMBL1079742,,,,,,,,,,,,,,,,,,1,0,1,0
295,C3N-02433,25.236228469771,13.45,1,CPTAC,CPTAC,13.072192414390653,12.6046447755037,17.7156641031058,10.583122355255949,18.86502063329012,17.7156641031058,unknown,other,0.0,CHEMBL941,CHEMBL203,IC50,50000.055,6.979303657420888,2,nM,imatinib,Cc1ccc(NC(=O)c2ccc(CN3CCN(C)CC3)cc2)cc1Nc1nccc(-c2cccnc2)n1,493.6150000000002,4.590320000000004,86.28000000000002,2,7,7,5,37,other_IC50,CHEMBL203_CHEMBL941,,,,,,,,,,,,,,,,,,1,0,0,1
296,C3N-02433,25.236228469771,13.45,1,CPTAC,CPTAC,13.072192414390653,12.6046447755037,17.7156641031058,10.583122355255949,18.86502063329012,17.7156641031058,unknown,other,0.0,CHEMBL941,CHEMBL203,KD,10000.0,5.0,23,nM,imatinib,Cc1ccc(NC(=O)c2ccc(CN3CCN(C)CC3)cc2)cc1Nc1nccc(-c2cccnc2)n1,493.6150000000002,4.590320000000004,86.28000000000002,2,7,7,5,37,other_KD,CHEMBL203_CHEMBL941,,,,,,,,,,,,,,,,,,0,1,0,1
297,C3N-02529,26.5451569583962,15.02,1,CPTAC,CPTAC,13.072192414390653,12.6046447755037,18.740353176561648,10.583122355255949,19.63332991049575,19.1868415435287,unknown,other,0.0,CHEMBL1079742,CHEMBL203,IC50,42.5,7.489405350465031,4,nM,erlotinib hydrochloride,C#Cc1cccc(Nc2ncnc3cc(OCCOC)c(OCCOC)cc23)c1.Cl,429.90400000000017,3.8269000000000033,74.73000000000002,1,7,10,3,30,other_IC50,CHEMBL203_CHEMBL1079742,,,,,,,,,,,,,,,,,,1,0,1,0
298,C3N-02529,26.5451569583962,15.02,1,CPTAC,CPTAC,13.072192414390653,12.6046447755037,18.740353176561648,10.583122355255949,19.63332991049575,19.1868415435287,unknown,other,0.0,CHEMBL941,CHEMBL203,IC50,50000.055,6.979303657420888,2,nM,imatinib,Cc1ccc(NC(=O)c2ccc(CN3CCN(C)CC3)cc2)cc1Nc1nccc(-c2cccnc2)n1,493.6150000000002,4.590320000000004,86.28000000000002,2,7,7,5,37,other_IC50,CHEMBL203_CHEMBL941,,,,,,,,,,,,,,,,,,1,0,0,1
299,C3N-02529,26.5451569583962,15.02,1,CPTAC,CPTAC,13.072192414390653,12.6046447755037,18.740353176561648,10.583122355255949,19.63332991049575,19.1868415435287,unknown,other,0.0,CHEMBL941,CHEMBL203,KD,10000.0,5.0,23,nM,imatinib,Cc1ccc(NC(=O)c2ccc(CN3CCN(C)CC3)cc2)cc1Nc1nccc(-c2cccnc2)n1,493.6150000000002,4.590320000000004,86.28000000000002,2,7,7,5,37,other_KD,CHEMBL203_CHEMBL941,,,,,,,,,,,,,,,,,,0,1,0,1
300,C3N-02572,26.9646294347872,14.01,1,CPTAC,CPTAC,13.072192414390653,12.6046447755037,17.767914942942703,10.583122355255949,18.86502063329012,17.99546391996231,unknown,other,0.0,CHEMBL1079742,CHEMBL203,IC50,42.5,7.489405350465031,4,nM,erlotinib hydrochloride,C#Cc1cccc(Nc2ncnc3cc(OCCOC)c(OCCOC)cc23)c1.Cl,429.90400000000017,3.8269000000000033,74.73000000000002,1,7,10,3,30,other_IC50,CHEMBL203_CHEMBL1079742,,,,,,,,,,,,,,,,,,1,0,1,0
301,C3N-02572,26.9646294347872,14.01,1,CPTAC,CPTAC,13.072192414390653,12.6046447755037,17.767914942942703,10.583122355255949,18.86502063329012,17.99546391996231,unknown,other,0.0,CHEMBL941,CHEMBL203,IC50,50000.055,6.979303657420888,2,nM,imatinib,Cc1ccc(NC(=O)c2ccc(CN3CCN(C)CC3)cc2)cc1Nc1nccc(-c2cccnc2)n1,493.6150000000002,4.590320000000004,86.28000000000002,2,7,7,5,37,other_IC50,CHEMBL203_CHEMBL941,,,,,,,,,,,,,,,,,,1,0,0,1
302,C3N-02572,26.9646294347872,14.01,1,CPTAC,CPTAC,13.072192414390653,12.6046447755037,17.767914942942703,10.583122355255949,18.86502063329012,17.99546391996231,unknown,other,0.0,CHEMBL941,CHEMBL203,KD,10000.0,5.0,23,nM,imatinib,Cc1ccc(NC(=O)c2ccc(CN3CCN(C)CC3)cc2)cc1Nc1nccc(-c2cccnc2)n1,493.6150000000002,4.590320000000004,86.28000000000002,2,7,7,5,37,other_KD,CHEMBL203_CHEMBL941,,,,,,,,,,,,,,,,,,0,1,0,1
303,C3N-02582,27.2192270299591,15.53,1,CPTAC,CPTAC,13.072192414390653,13.11230106168735,18.89778942247105,10.583122355255949,19.8277390647715,17.279276516309967,unknown,other,0.0,CHEMBL1079742,CHEMBL203,IC50,42.5,7.489405350465031,4,nM,erlotinib hydrochloride,C#Cc1cccc(Nc2ncnc3cc(OCCOC)c(OCCOC)cc23)c1.Cl,429.90400000000017,3.8269000000000033,74.73000000000002,1,7,10,3,30,other_IC50,CHEMBL203_CHEMBL1079742,,,,,,,,,,,,,,,,,,1,0,1,0
304,C3N-02582,27.2192270299591,15.53,1,CPTAC,CPTAC,13.072192414390653,13.11230106168735,18.89778942247105,10.583122355255949,19.8277390647715,17.279276516309967,unknown,other,0.0,CHEMBL941,CHEMBL203,IC50,50000.055,6.979303657420888,2,nM,imatinib,Cc1ccc(NC(=O)c2ccc(CN3CCN(C)CC3)cc2)cc1Nc1nccc(-c2cccnc2)n1,493.6150000000002,4.590320000000004,86.28000000000002,2,7,7,5,37,other_IC50,CHEMBL203_CHEMBL941,,,,,,,,,,,,,,,,,,1,0,0,1
305,C3N-02582,27.2192270299591,15.53,1,CPTAC,CPTAC,13.072192414390653,13.11230106168735,18.89778942247105,10.583122355255949,19.8277390647715,17.279276516309967,unknown,other,0.0,CHEMBL941,CHEMBL203,KD,10000.0,5.0,23,nM,imatinib,Cc1ccc(NC(=O)c2ccc(CN3CCN(C)CC3)cc2)cc1Nc1nccc(-c2cccnc2)n1,493.6150000000002,4.590320000000004,86.28000000000002,2,7,7,5,37,other_KD,CHEMBL203_CHEMBL941,,,,,,,,,,,,,,,,,,0,1,0,1
306,C3N-02586,26.0954045045356,15.11,1,CPTAC,CPTAC,13.072192414390653,12.6046447755037,17.767914942942703,10.583122355255949,18.86502063329012,17.99546391996231,unknown,other,0.0,CHEMBL1079742,CHEMBL203,IC50,42.5,7.489405350465031,4,nM,erlotinib hydrochloride,C#Cc1cccc(Nc2ncnc3cc(OCCOC)c(OCCOC)cc23)c1.Cl,429.90400000000017,3.8269000000000033,74.73000000000002,1,7,10,3,30,other_IC50,CHEMBL203_CHEMBL1079742,,,,,,,,,,,,,,,,,,1,0,1,0
307,C3N-02586,26.0954045045356,15.11,1,CPTAC,CPTAC,13.072192414390653,12.6046447755037,17.767914942942703,10.583122355255949,18.86502063329012,17.99546391996231,unknown,other,0.0,CHEMBL941,CHEMBL203,IC50,50000.055,6.979303657420888,2,nM,imatinib,Cc1ccc(NC(=O)c2ccc(CN3CCN(C)CC3)cc2)cc1Nc1nccc(-c2cccnc2)n1,493.6150000000002,4.590320000000004,86.28000000000002,2,7,7,5,37,other_IC50,CHEMBL203_CHEMBL941,,,,,,,,,,,,,,,,,,1,0,0,1
308,C3N-02586,26.0954045045356,15.11,1,CPTAC,CPTAC,13.072192414390653,12.6046447755037,17.767914942942703,10.583122355255949,18.86502063329012,17.99546391996231,unknown,other,0.0,CHEMBL941,CHEMBL203,KD,10000.0,5.0,23,nM,imatinib,Cc1ccc(NC(=O)c2ccc(CN3CCN(C)CC3)cc2)cc1Nc1nccc(-c2cccnc2)n1,493.6150000000002,4.590320000000004,86.28000000000002,2,7,7,5,37,other_KD,CHEMBL203_CHEMBL941,,,,,,,,,,,,,,,,,,0,1,0,1
309,C3N-02587,25.6811558585803,12.74,1,CPTAC,CPTAC,13.072192414390653,12.6046447755037,17.767914942942703,10.583122355255949,18.86502063329012,17.99546391996231,unknown,other,0.0,CHEMBL1079742,CHEMBL203,IC50,42.5,7.489405350465031,4,nM,erlotinib hydrochloride,C#Cc1cccc(Nc2ncnc3cc(OCCOC)c(OCCOC)cc23)c1.Cl,429.90400000000017,3.8269000000000033,74.73000000000002,1,7,10,3,30,other_IC50,CHEMBL203_CHEMBL1079742,,,,,,,,,,,,,,,,,,1,0,1,0
310,C3N-02587,25.6811558585803,12.74,1,CPTAC,CPTAC,13.072192414390653,12.6046447755037,17.767914942942703,10.583122355255949,18.86502063329012,17.99546391996231,unknown,other,0.0,CHEMBL941,CHEMBL203,IC50,50000.055,6.979303657420888,2,nM,imatinib,Cc1ccc(NC(=O)c2ccc(CN3CCN(C)CC3)cc2)cc1Nc1nccc(-c2cccnc2)n1,493.6150000000002,4.590320000000004,86.28000000000002,2,7,7,5,37,other_IC50,CHEMBL203_CHEMBL941,,,,,,,,,,,,,,,,,,1,0,0,1
311,C3N-02587,25.6811558585803,12.74,1,CPTAC,CPTAC,13.072192414390653,12.6046447755037,17.767914942942703,10.583122355255949,18.86502063329012,17.99546391996231,unknown,other,0.0,CHEMBL941,CHEMBL203,KD,10000.0,5.0,23,nM,imatinib,Cc1ccc(NC(=O)c2ccc(CN3CCN(C)CC3)cc2)cc1Nc1nccc(-c2cccnc2)n1,493.6150000000002,4.590320000000004,86.28000000000002,2,7,7,5,37,other_KD,CHEMBL203_CHEMBL941,,,,,,,,,,,,,,,,,,0,1,0,1
312,C3N-02588,25.5225009435601,12.66,1,CPTAC,CPTAC,13.072192414390653,12.6046447755037,17.767914942942703,10.583122355255949,18.86502063329012,17.99546391996231,unknown,other,0.0,CHEMBL1079742,CHEMBL203,IC50,42.5,7.489405350465031,4,nM,erlotinib hydrochloride,C#Cc1cccc(Nc2ncnc3cc(OCCOC)c(OCCOC)cc23)c1.Cl,429.90400000000017,3.8269000000000033,74.73000000000002,1,7,10,3,30,other_IC50,CHEMBL203_CHEMBL1079742,,,,,,,,,,,,,,,,,,1,0,1,0
313,C3N-02588,25.5225009435601,12.66,1,CPTAC,CPTAC,13.072192414390653,12.6046447755037,17.767914942942703,10.583122355255949,18.86502063329012,17.99546391996231,unknown,other,0.0,CHEMBL941,CHEMBL203,IC50,50000.055,6.979303657420888,2,nM,imatinib,Cc1ccc(NC(=O)c2ccc(CN3CCN(C)CC3)cc2)cc1Nc1nccc(-c2cccnc2)n1,493.6150000000002,4.590320000000004,86.28000000000002,2,7,7,5,37,other_IC50,CHEMBL203_CHEMBL941,,,,,,,,,,,,,,,,,,1,0,0,1
314,C3N-02588,25.5225009435601,12.66,1,CPTAC,CPTAC,13.072192414390653,12.6046447755037,17.767914942942703,10.583122355255949,18.86502063329012,17.99546391996231,unknown,other,0.0,CHEMBL941,CHEMBL203,KD,10000.0,5.0,23,nM,imatinib,Cc1ccc(NC(=O)c2ccc(CN3CCN(C)CC3)cc2)cc1Nc1nccc(-c2cccnc2)n1,493.6150000000002,4.590320000000004,86.28000000000002,2,7,7,5,37,other_KD,CHEMBL203_CHEMBL941,,,,,,,,,,,,,,,,,,0,1,0,1
315,C3N-02729,25.9227866754068,14.3,1,CPTAC,CPTAC,13.072192414390653,12.6046447755037,17.767914942942703,10.583122355255949,19.5244167289084,19.5244167289084,unknown,other,0.0,CHEMBL1079742,CHEMBL203,IC50,42.5,7.489405350465031,4,nM,erlotinib hydrochloride,C#Cc1cccc(Nc2ncnc3cc(OCCOC)c(OCCOC)cc23)c1.Cl,429.90400000000017,3.8269000000000033,74.73000000000002,1,7,10,3,30,other_IC50,CHEMBL203_CHEMBL1079742,,,,,,,,,,,,,,,,,,1,0,1,0
316,C3N-02729,25.9227866754068,14.3,1,CPTAC,CPTAC,13.072192414390653,12.6046447755037,17.767914942942703,10.583122355255949,19.5244167289084,19.5244167289084,unknown,other,0.0,CHEMBL941,CHEMBL203,IC50,50000.055,6.979303657420888,2,nM,imatinib,Cc1ccc(NC(=O)c2ccc(CN3CCN(C)CC3)cc2)cc1Nc1nccc(-c2cccnc2)n1,493.6150000000002,4.590320000000004,86.28000000000002,2,7,7,5,37,other_IC50,CHEMBL203_CHEMBL941,,,,,,,,,,,,,,,,,,1,0,0,1
317,C3N-02729,25.9227866754068,14.3,1,CPTAC,CPTAC,13.072192414390653,12.6046447755037,17.767914942942703,10.583122355255949,19.5244167289084,19.5244167289084,unknown,other,0.0,CHEMBL941,CHEMBL203,KD,10000.0,5.0,23,nM,imatinib,Cc1ccc(NC(=O)c2ccc(CN3CCN(C)CC3)cc2)cc1Nc1nccc(-c2cccnc2)n1,493.6150000000002,4.590320000000004,86.28000000000002,2,7,7,5,37,other_KD,CHEMBL203_CHEMBL941,,,,,,,,,,,,,,,,,,0,1,0,1
