patient_id,mutation,EGFR_type,cohort,batch_domain,gene,egfr_hotspot_label,mutation_class,is_nonsynonymous,has_exon19del,has_L858R,has_L861Q,has_G719X,has_exon20_alteration,has_other_mutation,mutation_count,is_compound_mutation,is_egfr_hotspot,231,Heterocyclic deriv. 65a::5-{[(3-{[(2S)-1-carboxy-3-oxopropan-2-yl]carbamoyl}-1,2-oxazol-5-yl)methyl]sulfamoyl}-2-hydroxybenzoic acid::(S)-5-{[3-(1-Carboxymethyl-2-oxo-ethylcarbamoyl)is-oxazol-5-ylmethyl]sulfamoyl}-2-hydroxy-benzoic Acid::Inhibitor 65a,OC(=O)C[C@H](NC(=O)c1cc(CNS(=O)(=O)c2ccc(O)c(c2)C(O)=O)on1)C=O |r|
TCGA-05-4382-01,R222L E545Q,Other,TCGA,TCGA,EGFR,other,other,0,0,0,0,0,0,1,2,1,0,260,5-{[(5-{[(2S)-1-carboxy-3-oxopropan-2-yl]carbamoyl}-4-methylthiophen-2-yl)methyl]sulfamoyl}-2-hydroxybenzoic acid::(S)-5-{[5-(1-Carboxymethyl-2-oxo-ethylcarbamoyl)-4-methyl-thiophen-2-ylmethyl]sulfamoyl}-2-hydroxy-benzoic Acid::Heterocyclic deriv. 69a::Inhibitor 69a,Cc1cc(CNS(=O)(=O)c2ccc(O)c(c2)C(O)=O)sc1C(=O)N[C@@H](CC(O)=O)C=O |r|,
TCGA-05-4382-01,R222L E545Q,Other,TCGA,TCGA,EGFR,other,other,0,0,0,0,0,0,1,2,1,0,279,6-[(4-Hydroxy-3-methyl-benzenesulfonylamino)methyl]-N-[1-(7-methoxy-benzooxazole-2-carbonyl)propyl]nicotinamide::5-{[(5-{[(2S)-3-carboxy-1-(7-methoxy-1,3-benzoxazol-2-yl)-1-oxopropan-2-yl]carbamoyl}pyridin-2-yl)methyl]sulfamoyl}-2-hydroxybenzoic acid::Pyridine Scaffold 61::Inhibitor 61,COc1cccc2nc(oc12)C(=O)[C@H](CC(O)=O)NC(=O)c1ccc(CNS(=O)(=O)c2ccc(O)c(c2)C(O)=O)nc1 |r|
TCGA-05-4382-01,R222L E545Q,Other,TCGA,TCGA,EGFR,other,other,0,0,0,0,0,0,1,2,1,0,13534,VX680::N-[4-[[4-(4-methylpiperazino)-6-[(5-methyl-1H-pyrazol-3-yl)amino]pyrimidin-2-yl]thio]phenyl]cyclopropanecarboxamide::cyclopropane carboxylic acid {4-[4-(4-methyl-piperazin-1-yl)-6-(5-methyl-2H-pyrazol-3-ylamino)-pyrimidin-2ylsulphanyl]-phenyl}-amide::CHEMBL572878::N-[4-({4-[(3-methyl-1H-pyrazol-5-yl)amino]-6-(4-methylpiperazin-1-yl)pyrimidin-2-yl}sulfanyl)phenyl]cyclopropanecarboxamide::VX-680,CN1CCN(CC1)c1cc(Nc2cc(C)n[nH]2)nc(Sc2ccc(NC(=O)C3CC3)cc2)n1,
TCGA-05-4382-01,R222L E545Q,Other,TCGA,TCGA,EGFR,other,other,0,0,0,0,0,0,1,2,1,0,13645,4-amino-3-[2-(2,4-dichlorophenyl)ethoxy]-N-{[1-(pyridin-4-yl)piperidin-4-yl]methyl}benzamide::3-Oxybenzamide 31,Nc1ccc(cc1OCCc1ccc(Cl)cc1Cl)C(=O)NCC1CCN(CC1)c1ccncc1
TCGA-05-4382-01,R222L E545Q,Other,TCGA,TCGA,EGFR,other,other,0,0,0,0,0,0,1,2,1,0,24828,N-[2-(1H-indol-3-yl)ethyl][(naphthalen-2-ylmethyl)sulfanyl]carbothioamide::Brassinin derivative, 16,S=C(NCCc1c[nH]c2ccccc12)SCc1ccc2ccccc2c1
TCGA-05-4402-01,T751_I759delinsN I759N,Exon19,TCGA,TCGA,EGFR,other,deletion,1,1,0,0,0,0,1,2,1,1,260,5-{[(5-{[(2S)-1-carboxy-3-oxopropan-2-yl]carbamoyl}-4-methylthiophen-2-yl)methyl]sulfamoyl}-2-hydroxybenzoic acid::(S)-5-{[5-(1-Carboxymethyl-2-oxo-ethylcarbamoyl)-4-methyl-thiophen-2-ylmethyl]sulfamoyl}-2-hydroxy-benzoic Acid::Heterocyclic deriv. 69a::Inhibitor 69a,Cc1cc(CNS(=O)(=O)c2ccc(O)c(c2)C(O)=O)sc1C(=O)N[C@@H](CC(O)=O)C=O |r|,
TCGA-05-4402-01,T751_I759delinsN I759N,Exon19,TCGA,TCGA,EGFR,other,deletion,1,1,0,0,0,0,1,2,1,1,279,6-[(4-Hydroxy-3-methyl-benzenesulfonylamino)methyl]-N-[1-(7-methoxy-benzooxazole-2-carbonyl)propyl]nicotinamide::5-{[(5-{[(2S)-3-carboxy-1-(7-methoxy-1,3-benzoxazol-2-yl)-1-oxopropan-2-yl]carbamoyl}pyridin-2-yl)methyl]sulfamoyl}-2-hydroxybenzoic acid::Pyridine Scaffold 61::Inhibitor 61,COc1cccc2nc(oc12)C(=O)[C@H](CC(O)=O)NC(=O)c1ccc(CNS(=O)(=O)c2ccc(O)c(c2)C(O)=O)nc1 |r|
TCGA-05-4402-01,T751_I759delinsN I759N,Exon19,TCGA,TCGA,EGFR,other,deletion,1,1,0,0,0,0,1,2,1,1,13534,VX680::N-[4-[[4-(4-methylpiperazino)-6-[(5-methyl-1H-pyrazol-3-yl)amino]pyrimidin-2-yl]thio]phenyl]cyclopropanecarboxamide::cyclopropane carboxylic acid {4-[4-(4-methyl-piperazin-1-yl)-6-(5-methyl-2H-pyrazol-3-ylamino)-pyrimidin-2ylsulphanyl]-phenyl}-amide::CHEMBL572878::N-[4-({4-[(3-methyl-1H-pyrazol-5-yl)amino]-6-(4-methylpiperazin-1-yl)pyrimidin-2-yl}sulfanyl)phenyl]cyclopropanecarboxamide::VX-680,CN1CCN(CC1)c1cc(Nc2cc(C)n[nH]2)nc(Sc2ccc(NC(=O)C3CC3)cc2)n1,
TCGA-05-4402-01,T751_I759delinsN I759N,Exon19,TCGA,TCGA,EGFR,other,deletion,1,1,0,0,0,0,1,2,1,1,13645,4-amino-3-[2-(2,4-dichlorophenyl)ethoxy]-N-{[1-(pyridin-4-yl)piperidin-4-yl]methyl}benzamide::3-Oxybenzamide 31,Nc1ccc(cc1OCCc1ccc(Cl)cc1Cl)C(=O)NCC1CCN(CC1)c1ccncc1
TCGA-05-4402-01,T751_I759delinsN I759N,Exon19,TCGA,TCGA,EGFR,other,deletion,1,1,0,0,0,0,1,2,1,1,24828,N-[2-(1H-indol-3-yl)ethyl][(naphthalen-2-ylmethyl)sulfanyl]carbothioamide::Brassinin derivative, 16,S=C(NCCc1c[nH]c2ccccc12)SCc1ccc2ccccc2c1
TCGA-05-4410-01,R377S,Other,TCGA,TCGA,EGFR,other,other,0,0,0,0,0,0,1,1,0,0,260,5-{[(5-{[(2S)-1-carboxy-3-oxopropan-2-yl]carbamoyl}-4-methylthiophen-2-yl)methyl]sulfamoyl}-2-hydroxybenzoic acid::(S)-5-{[5-(1-Carboxymethyl-2-oxo-ethylcarbamoyl)-4-methyl-thiophen-2-ylmethyl]sulfamoyl}-2-hydroxy-benzoic Acid::Heterocyclic deriv. 69a::Inhibitor 69a,Cc1cc(CNS(=O)(=O)c2ccc(O)c(c2)C(O)=O)sc1C(=O)N[C@@H](CC(O)=O)C=O |r|,
TCGA-05-4410-01,R377S,Other,TCGA,TCGA,EGFR,other,other,0,0,0,0,0,0,1,1,0,0,279,6-[(4-Hydroxy-3-methyl-benzenesulfonylamino)methyl]-N-[1-(7-methoxy-benzooxazole-2-carbonyl)propyl]nicotinamide::5-{[(5-{[(2S)-3-carboxy-1-(7-methoxy-1,3-benzoxazol-2-yl)-1-oxopropan-2-yl]carbamoyl}pyridin-2-yl)methyl]sulfamoyl}-2-hydroxybenzoic acid::Pyridine Scaffold 61::Inhibitor 61,COc1cccc2nc(oc12)C(=O)[C@H](CC(O)=O)NC(=O)c1ccc(CNS(=O)(=O)c2ccc(O)c(c2)C(O)=O)nc1 |r|
TCGA-05-4410-01,R377S,Other,TCGA,TCGA,EGFR,other,other,0,0,0,0,0,0,1,1,0,0,13534,VX680::N-[4-[[4-(4-methylpiperazino)-6-[(5-methyl-1H-pyrazol-3-yl)amino]pyrimidin-2-yl]thio]phenyl]cyclopropanecarboxamide::cyclopropane carboxylic acid {4-[4-(4-methyl-piperazin-1-yl)-6-(5-methyl-2H-pyrazol-3-ylamino)-pyrimidin-2ylsulphanyl]-phenyl}-amide::CHEMBL572878::N-[4-({4-[(3-methyl-1H-pyrazol-5-yl)amino]-6-(4-methylpiperazin-1-yl)pyrimidin-2-yl}sulfanyl)phenyl]cyclopropanecarboxamide::VX-680,CN1CCN(CC1)c1cc(Nc2cc(C)n[nH]2)nc(Sc2ccc(NC(=O)C3CC3)cc2)n1,
TCGA-05-4410-01,R377S,Other,TCGA,TCGA,EGFR,other,other,0,0,0,0,0,0,1,1,0,0,13645,4-amino-3-[2-(2,4-dichlorophenyl)ethoxy]-N-{[1-(pyridin-4-yl)piperidin-4-yl]methyl}benzamide::3-Oxybenzamide 31,Nc1ccc(cc1OCCc1ccc(Cl)cc1Cl)C(=O)NCC1CCN(CC1)c1ccncc1
TCGA-05-4410-01,R377S,Other,TCGA,TCGA,EGFR,other,other,0,0,0,0,0,0,1,1,0,0,24828,N-[2-(1H-indol-3-yl)ethyl][(naphthalen-2-ylmethyl)sulfanyl]carbothioamide::Brassinin derivative, 16,S=C(NCCc1c[nH]c2ccccc12)SCc1ccc2ccccc2c1
TCGA-05-5423-01,L833F L861Q,Other,TCGA,TCGA,EGFR,other,other,0,0,0,1,0,0,1,2,1,1,260,5-{[(5-{[(2S)-1-carboxy-3-oxopropan-2-yl]carbamoyl}-4-methylthiophen-2-yl)methyl]sulfamoyl}-2-hydroxybenzoic acid::(S)-5-{[5-(1-Carboxymethyl-2-oxo-ethylcarbamoyl)-4-methyl-thiophen-2-ylmethyl]sulfamoyl}-2-hydroxy-benzoic Acid::Heterocyclic deriv. 69a::Inhibitor 69a,Cc1cc(CNS(=O)(=O)c2ccc(O)c(c2)C(O)=O)sc1C(=O)N[C@@H](CC(O)=O)C=O |r|,
TCGA-05-5423-01,L833F L861Q,Other,TCGA,TCGA,EGFR,other,other,0,0,0,1,0,0,1,2,1,1,279,6-[(4-Hydroxy-3-methyl-benzenesulfonylamino)methyl]-N-[1-(7-methoxy-benzooxazole-2-carbonyl)propyl]nicotinamide::5-{[(5-{[(2S)-3-carboxy-1-(7-methoxy-1,3-benzoxazol-2-yl)-1-oxopropan-2-yl]carbamoyl}pyridin-2-yl)methyl]sulfamoyl}-2-hydroxybenzoic acid::Pyridine Scaffold 61::Inhibitor 61,COc1cccc2nc(oc12)C(=O)[C@H](CC(O)=O)NC(=O)c1ccc(CNS(=O)(=O)c2ccc(O)c(c2)C(O)=O)nc1 |r|
TCGA-05-5423-01,L833F L861Q,Other,TCGA,TCGA,EGFR,other,other,0,0,0,1,0,0,1,2,1,1,13534,VX680::N-[4-[[4-(4-methylpiperazino)-6-[(5-methyl-1H-pyrazol-3-yl)amino]pyrimidin-2-yl]thio]phenyl]cyclopropanecarboxamide::cyclopropane carboxylic acid {4-[4-(4-methyl-piperazin-1-yl)-6-(5-methyl-2H-pyrazol-3-ylamino)-pyrimidin-2ylsulphanyl]-phenyl}-amide::CHEMBL572878::N-[4-({4-[(3-methyl-1H-pyrazol-5-yl)amino]-6-(4-methylpiperazin-1-yl)pyrimidin-2-yl}sulfanyl)phenyl]cyclopropanecarboxamide::VX-680,CN1CCN(CC1)c1cc(Nc2cc(C)n[nH]2)nc(Sc2ccc(NC(=O)C3CC3)cc2)n1,
TCGA-05-5423-01,L833F L861Q,Other,TCGA,TCGA,EGFR,other,other,0,0,0,1,0,0,1,2,1,1,13645,4-amino-3-[2-(2,4-dichlorophenyl)ethoxy]-N-{[1-(pyridin-4-yl)piperidin-4-yl]methyl}benzamide::3-Oxybenzamide 31,Nc1ccc(cc1OCCc1ccc(Cl)cc1Cl)C(=O)NCC1CCN(CC1)c1ccncc1
TCGA-05-5423-01,L833F L861Q,Other,TCGA,TCGA,EGFR,other,other,0,0,0,1,0,0,1,2,1,1,24828,N-[2-(1H-indol-3-yl)ethyl][(naphthalen-2-ylmethyl)sulfanyl]carbothioamide::Brassinin derivative, 16,S=C(NCCc1c[nH]c2ccccc12)SCc1ccc2ccccc2c1
TCGA-17-Z026-01,G721V,Other,TCGA,TCGA,EGFR,other,other,0,0,0,0,0,0,1,1,0,0,260,5-{[(5-{[(2S)-1-carboxy-3-oxopropan-2-yl]carbamoyl}-4-methylthiophen-2-yl)methyl]sulfamoyl}-2-hydroxybenzoic acid::(S)-5-{[5-(1-Carboxymethyl-2-oxo-ethylcarbamoyl)-4-methyl-thiophen-2-ylmethyl]sulfamoyl}-2-hydroxy-benzoic Acid::Heterocyclic deriv. 69a::Inhibitor 69a,Cc1cc(CNS(=O)(=O)c2ccc(O)c(c2)C(O)=O)sc1C(=O)N[C@@H](CC(O)=O)C=O |r|,
TCGA-17-Z026-01,G721V,Other,TCGA,TCGA,EGFR,other,other,0,0,0,0,0,0,1,1,0,0,279,6-[(4-Hydroxy-3-methyl-benzenesulfonylamino)methyl]-N-[1-(7-methoxy-benzooxazole-2-carbonyl)propyl]nicotinamide::5-{[(5-{[(2S)-3-carboxy-1-(7-methoxy-1,3-benzoxazol-2-yl)-1-oxopropan-2-yl]carbamoyl}pyridin-2-yl)methyl]sulfamoyl}-2-hydroxybenzoic acid::Pyridine Scaffold 61::Inhibitor 61,COc1cccc2nc(oc12)C(=O)[C@H](CC(O)=O)NC(=O)c1ccc(CNS(=O)(=O)c2ccc(O)c(c2)C(O)=O)nc1 |r|
TCGA-17-Z026-01,G721V,Other,TCGA,TCGA,EGFR,other,other,0,0,0,0,0,0,1,1,0,0,13534,VX680::N-[4-[[4-(4-methylpiperazino)-6-[(5-methyl-1H-pyrazol-3-yl)amino]pyrimidin-2-yl]thio]phenyl]cyclopropanecarboxamide::cyclopropane carboxylic acid {4-[4-(4-methyl-piperazin-1-yl)-6-(5-methyl-2H-pyrazol-3-ylamino)-pyrimidin-2ylsulphanyl]-phenyl}-amide::CHEMBL572878::N-[4-({4-[(3-methyl-1H-pyrazol-5-yl)amino]-6-(4-methylpiperazin-1-yl)pyrimidin-2-yl}sulfanyl)phenyl]cyclopropanecarboxamide::VX-680,CN1CCN(CC1)c1cc(Nc2cc(C)n[nH]2)nc(Sc2ccc(NC(=O)C3CC3)cc2)n1,
TCGA-17-Z026-01,G721V,Other,TCGA,TCGA,EGFR,other,other,0,0,0,0,0,0,1,1,0,0,13645,4-amino-3-[2-(2,4-dichlorophenyl)ethoxy]-N-{[1-(pyridin-4-yl)piperidin-4-yl]methyl}benzamide::3-Oxybenzamide 31,Nc1ccc(cc1OCCc1ccc(Cl)cc1Cl)C(=O)NCC1CCN(CC1)c1ccncc1
TCGA-17-Z026-01,G721V,Other,TCGA,TCGA,EGFR,other,other,0,0,0,0,0,0,1,1,0,0,24828,N-[2-(1H-indol-3-yl)ethyl][(naphthalen-2-ylmethyl)sulfanyl]carbothioamide::Brassinin derivative, 16,S=C(NCCc1c[nH]c2ccccc12)SCc1ccc2ccccc2c1
TCGA-17-Z032-01,E746_A750del,Exon19,TCGA,TCGA,EGFR,other,deletion,1,1,0,0,0,0,0,1,0,1,260,5-{[(5-{[(2S)-1-carboxy-3-oxopropan-2-yl]carbamoyl}-4-methylthiophen-2-yl)methyl]sulfamoyl}-2-hydroxybenzoic acid::(S)-5-{[5-(1-Carboxymethyl-2-oxo-ethylcarbamoyl)-4-methyl-thiophen-2-ylmethyl]sulfamoyl}-2-hydroxy-benzoic Acid::Heterocyclic deriv. 69a::Inhibitor 69a,Cc1cc(CNS(=O)(=O)c2ccc(O)c(c2)C(O)=O)sc1C(=O)N[C@@H](CC(O)=O)C=O |r|,
TCGA-17-Z032-01,E746_A750del,Exon19,TCGA,TCGA,EGFR,other,deletion,1,1,0,0,0,0,0,1,0,1,279,6-[(4-Hydroxy-3-methyl-benzenesulfonylamino)methyl]-N-[1-(7-methoxy-benzooxazole-2-carbonyl)propyl]nicotinamide::5-{[(5-{[(2S)-3-carboxy-1-(7-methoxy-1,3-benzoxazol-2-yl)-1-oxopropan-2-yl]carbamoyl}pyridin-2-yl)methyl]sulfamoyl}-2-hydroxybenzoic acid::Pyridine Scaffold 61::Inhibitor 61,COc1cccc2nc(oc12)C(=O)[C@H](CC(O)=O)NC(=O)c1ccc(CNS(=O)(=O)c2ccc(O)c(c2)C(O)=O)nc1 |r|
TCGA-17-Z032-01,E746_A750del,Exon19,TCGA,TCGA,EGFR,other,deletion,1,1,0,0,0,0,0,1,0,1,13534,VX680::N-[4-[[4-(4-methylpiperazino)-6-[(5-methyl-1H-pyrazol-3-yl)amino]pyrimidin-2-yl]thio]phenyl]cyclopropanecarboxamide::cyclopropane carboxylic acid {4-[4-(4-methyl-piperazin-1-yl)-6-(5-methyl-2H-pyrazol-3-ylamino)-pyrimidin-2ylsulphanyl]-phenyl}-amide::CHEMBL572878::N-[4-({4-[(3-methyl-1H-pyrazol-5-yl)amino]-6-(4-methylpiperazin-1-yl)pyrimidin-2-yl}sulfanyl)phenyl]cyclopropanecarboxamide::VX-680,CN1CCN(CC1)c1cc(Nc2cc(C)n[nH]2)nc(Sc2ccc(NC(=O)C3CC3)cc2)n1,
TCGA-17-Z032-01,E746_A750del,Exon19,TCGA,TCGA,EGFR,other,deletion,1,1,0,0,0,0,0,1,0,1,13645,4-amino-3-[2-(2,4-dichlorophenyl)ethoxy]-N-{[1-(pyridin-4-yl)piperidin-4-yl]methyl}benzamide::3-Oxybenzamide 31,Nc1ccc(cc1OCCc1ccc(Cl)cc1Cl)C(=O)NCC1CCN(CC1)c1ccncc1
TCGA-17-Z032-01,E746_A750del,Exon19,TCGA,TCGA,EGFR,other,deletion,1,1,0,0,0,0,0,1,0,1,24828,N-[2-(1H-indol-3-yl)ethyl][(naphthalen-2-ylmethyl)sulfanyl]carbothioamide::Brassinin derivative, 16,S=C(NCCc1c[nH]c2ccccc12)SCc1ccc2ccccc2c1
TCGA-17-Z047-01,L858R,L858R,TCGA,TCGA,EGFR,L858R,other,0,0,1,0,0,0,0,1,0,1,260,5-{[(5-{[(2S)-1-carboxy-3-oxopropan-2-yl]carbamoyl}-4-methylthiophen-2-yl)methyl]sulfamoyl}-2-hydroxybenzoic acid::(S)-5-{[5-(1-Carboxymethyl-2-oxo-ethylcarbamoyl)-4-methyl-thiophen-2-ylmethyl]sulfamoyl}-2-hydroxy-benzoic Acid::Heterocyclic deriv. 69a::Inhibitor 69a,Cc1cc(CNS(=O)(=O)c2ccc(O)c(c2)C(O)=O)sc1C(=O)N[C@@H](CC(O)=O)C=O |r|,
TCGA-17-Z047-01,L858R,L858R,TCGA,TCGA,EGFR,L858R,other,0,0,1,0,0,0,0,1,0,1,279,6-[(4-Hydroxy-3-methyl-benzenesulfonylamino)methyl]-N-[1-(7-methoxy-benzooxazole-2-carbonyl)propyl]nicotinamide::5-{[(5-{[(2S)-3-carboxy-1-(7-methoxy-1,3-benzoxazol-2-yl)-1-oxopropan-2-yl]carbamoyl}pyridin-2-yl)methyl]sulfamoyl}-2-hydroxybenzoic acid::Pyridine Scaffold 61::Inhibitor 61,COc1cccc2nc(oc12)C(=O)[C@H](CC(O)=O)NC(=O)c1ccc(CNS(=O)(=O)c2ccc(O)c(c2)C(O)=O)nc1 |r|
TCGA-17-Z047-01,L858R,L858R,TCGA,TCGA,EGFR,L858R,other,0,0,1,0,0,0,0,1,0,1,13534,VX680::N-[4-[[4-(4-methylpiperazino)-6-[(5-methyl-1H-pyrazol-3-yl)amino]pyrimidin-2-yl]thio]phenyl]cyclopropanecarboxamide::cyclopropane carboxylic acid {4-[4-(4-methyl-piperazin-1-yl)-6-(5-methyl-2H-pyrazol-3-ylamino)-pyrimidin-2ylsulphanyl]-phenyl}-amide::CHEMBL572878::N-[4-({4-[(3-methyl-1H-pyrazol-5-yl)amino]-6-(4-methylpiperazin-1-yl)pyrimidin-2-yl}sulfanyl)phenyl]cyclopropanecarboxamide::VX-680,CN1CCN(CC1)c1cc(Nc2cc(C)n[nH]2)nc(Sc2ccc(NC(=O)C3CC3)cc2)n1,
TCGA-17-Z047-01,L858R,L858R,TCGA,TCGA,EGFR,L858R,other,0,0,1,0,0,0,0,1,0,1,13645,4-amino-3-[2-(2,4-dichlorophenyl)ethoxy]-N-{[1-(pyridin-4-yl)piperidin-4-yl]methyl}benzamide::3-Oxybenzamide 31,Nc1ccc(cc1OCCc1ccc(Cl)cc1Cl)C(=O)NCC1CCN(CC1)c1ccncc1
TCGA-17-Z047-01,L858R,L858R,TCGA,TCGA,EGFR,L858R,other,0,0,1,0,0,0,0,1,0,1,24828,N-[2-(1H-indol-3-yl)ethyl][(naphthalen-2-ylmethyl)sulfanyl]carbothioamide::Brassinin derivative, 16,S=C(NCCc1c[nH]c2ccccc12)SCc1ccc2ccccc2c1
TCGA-17-Z048-01,D770_N771insGL,Other,TCGA,TCGA,EGFR,other,other,0,0,0,0,0,1,0,1,0,0,260,5-{[(5-{[(2S)-1-carboxy-3-oxopropan-2-yl]carbamoyl}-4-methylthiophen-2-yl)methyl]sulfamoyl}-2-hydroxybenzoic acid::(S)-5-{[5-(1-Carboxymethyl-2-oxo-ethylcarbamoyl)-4-methyl-thiophen-2-ylmethyl]sulfamoyl}-2-hydroxy-benzoic Acid::Heterocyclic deriv. 69a::Inhibitor 69a,Cc1cc(CNS(=O)(=O)c2ccc(O)c(c2)C(O)=O)sc1C(=O)N[C@@H](CC(O)=O)C=O |r|,
TCGA-17-Z048-01,D770_N771insGL,Other,TCGA,TCGA,EGFR,other,other,0,0,0,0,0,1,0,1,0,0,279,6-[(4-Hydroxy-3-methyl-benzenesulfonylamino)methyl]-N-[1-(7-methoxy-benzooxazole-2-carbonyl)propyl]nicotinamide::5-{[(5-{[(2S)-3-carboxy-1-(7-methoxy-1,3-benzoxazol-2-yl)-1-oxopropan-2-yl]carbamoyl}pyridin-2-yl)methyl]sulfamoyl}-2-hydroxybenzoic acid::Pyridine Scaffold 61::Inhibitor 61,COc1cccc2nc(oc12)C(=O)[C@H](CC(O)=O)NC(=O)c1ccc(CNS(=O)(=O)c2ccc(O)c(c2)C(O)=O)nc1 |r|
TCGA-17-Z048-01,D770_N771insGL,Other,TCGA,TCGA,EGFR,other,other,0,0,0,0,0,1,0,1,0,0,13534,VX680::N-[4-[[4-(4-methylpiperazino)-6-[(5-methyl-1H-pyrazol-3-yl)amino]pyrimidin-2-yl]thio]phenyl]cyclopropanecarboxamide::cyclopropane carboxylic acid {4-[4-(4-methyl-piperazin-1-yl)-6-(5-methyl-2H-pyrazol-3-ylamino)-pyrimidin-2ylsulphanyl]-phenyl}-amide::CHEMBL572878::N-[4-({4-[(3-methyl-1H-pyrazol-5-yl)amino]-6-(4-methylpiperazin-1-yl)pyrimidin-2-yl}sulfanyl)phenyl]cyclopropanecarboxamide::VX-680,CN1CCN(CC1)c1cc(Nc2cc(C)n[nH]2)nc(Sc2ccc(NC(=O)C3CC3)cc2)n1,
TCGA-17-Z048-01,D770_N771insGL,Other,TCGA,TCGA,EGFR,other,other,0,0,0,0,0,1,0,1,0,0,13645,4-amino-3-[2-(2,4-dichlorophenyl)ethoxy]-N-{[1-(pyridin-4-yl)piperidin-4-yl]methyl}benzamide::3-Oxybenzamide 31,Nc1ccc(cc1OCCc1ccc(Cl)cc1Cl)C(=O)NCC1CCN(CC1)c1ccncc1
TCGA-17-Z048-01,D770_N771insGL,Other,TCGA,TCGA,EGFR,other,other,0,0,0,0,0,1,0,1,0,0,24828,N-[2-(1H-indol-3-yl)ethyl][(naphthalen-2-ylmethyl)sulfanyl]carbothioamide::Brassinin derivative, 16,S=C(NCCc1c[nH]c2ccccc12)SCc1ccc2ccccc2c1
TCGA-38-4627-01,L62R L858R,L858R,TCGA,TCGA,EGFR,L858R,other,0,0,1,0,0,0,1,2,1,1,260,5-{[(5-{[(2S)-1-carboxy-3-oxopropan-2-yl]carbamoyl}-4-methylthiophen-2-yl)methyl]sulfamoyl}-2-hydroxybenzoic acid::(S)-5-{[5-(1-Carboxymethyl-2-oxo-ethylcarbamoyl)-4-methyl-thiophen-2-ylmethyl]sulfamoyl}-2-hydroxy-benzoic Acid::Heterocyclic deriv. 69a::Inhibitor 69a,Cc1cc(CNS(=O)(=O)c2ccc(O)c(c2)C(O)=O)sc1C(=O)N[C@@H](CC(O)=O)C=O |r|,
TCGA-38-4627-01,L62R L858R,L858R,TCGA,TCGA,EGFR,L858R,other,0,0,1,0,0,0,1,2,1,1,279,6-[(4-Hydroxy-3-methyl-benzenesulfonylamino)methyl]-N-[1-(7-methoxy-benzooxazole-2-carbonyl)propyl]nicotinamide::5-{[(5-{[(2S)-3-carboxy-1-(7-methoxy-1,3-benzoxazol-2-yl)-1-oxopropan-2-yl]carbamoyl}pyridin-2-yl)methyl]sulfamoyl}-2-hydroxybenzoic acid::Pyridine Scaffold 61::Inhibitor 61,COc1cccc2nc(oc12)C(=O)[C@H](CC(O)=O)NC(=O)c1ccc(CNS(=O)(=O)c2ccc(O)c(c2)C(O)=O)nc1 |r|
TCGA-38-4627-01,L62R L858R,L858R,TCGA,TCGA,EGFR,L858R,other,0,0,1,0,0,0,1,2,1,1,13534,VX680::N-[4-[[4-(4-methylpiperazino)-6-[(5-methyl-1H-pyrazol-3-yl)amino]pyrimidin-2-yl]thio]phenyl]cyclopropanecarboxamide::cyclopropane carboxylic acid {4-[4-(4-methyl-piperazin-1-yl)-6-(5-methyl-2H-pyrazol-3-ylamino)-pyrimidin-2ylsulphanyl]-phenyl}-amide::CHEMBL572878::N-[4-({4-[(3-methyl-1H-pyrazol-5-yl)amino]-6-(4-methylpiperazin-1-yl)pyrimidin-2-yl}sulfanyl)phenyl]cyclopropanecarboxamide::VX-680,CN1CCN(CC1)c1cc(Nc2cc(C)n[nH]2)nc(Sc2ccc(NC(=O)C3CC3)cc2)n1,
TCGA-38-4627-01,L62R L858R,L858R,TCGA,TCGA,EGFR,L858R,other,0,0,1,0,0,0,1,2,1,1,13645,4-amino-3-[2-(2,4-dichlorophenyl)ethoxy]-N-{[1-(pyridin-4-yl)piperidin-4-yl]methyl}benzamide::3-Oxybenzamide 31,Nc1ccc(cc1OCCc1ccc(Cl)cc1Cl)C(=O)NCC1CCN(CC1)c1ccncc1
TCGA-38-4627-01,L62R L858R,L858R,TCGA,TCGA,EGFR,L858R,other,0,0,1,0,0,0,1,2,1,1,24828,N-[2-(1H-indol-3-yl)ethyl][(naphthalen-2-ylmethyl)sulfanyl]carbothioamide::Brassinin derivative, 16,S=C(NCCc1c[nH]c2ccccc12)SCc1ccc2ccccc2c1
TCGA-38-4628-01,E746_A750del,Exon19,TCGA,TCGA,EGFR,other,deletion,1,1,0,0,0,0,0,1,0,1,260,5-{[(5-{[(2S)-1-carboxy-3-oxopropan-2-yl]carbamoyl}-4-methylthiophen-2-yl)methyl]sulfamoyl}-2-hydroxybenzoic acid::(S)-5-{[5-(1-Carboxymethyl-2-oxo-ethylcarbamoyl)-4-methyl-thiophen-2-ylmethyl]sulfamoyl}-2-hydroxy-benzoic Acid::Heterocyclic deriv. 69a::Inhibitor 69a,Cc1cc(CNS(=O)(=O)c2ccc(O)c(c2)C(O)=O)sc1C(=O)N[C@@H](CC(O)=O)C=O |r|,
TCGA-38-4628-01,E746_A750del,Exon19,TCGA,TCGA,EGFR,other,deletion,1,1,0,0,0,0,0,1,0,1,279,6-[(4-Hydroxy-3-methyl-benzenesulfonylamino)methyl]-N-[1-(7-methoxy-benzooxazole-2-carbonyl)propyl]nicotinamide::5-{[(5-{[(2S)-3-carboxy-1-(7-methoxy-1,3-benzoxazol-2-yl)-1-oxopropan-2-yl]carbamoyl}pyridin-2-yl)methyl]sulfamoyl}-2-hydroxybenzoic acid::Pyridine Scaffold 61::Inhibitor 61,COc1cccc2nc(oc12)C(=O)[C@H](CC(O)=O)NC(=O)c1ccc(CNS(=O)(=O)c2ccc(O)c(c2)C(O)=O)nc1 |r|
TCGA-38-4628-01,E746_A750del,Exon19,TCGA,TCGA,EGFR,other,deletion,1,1,0,0,0,0,0,1,0,1,13534,VX680::N-[4-[[4-(4-methylpiperazino)-6-[(5-methyl-1H-pyrazol-3-yl)amino]pyrimidin-2-yl]thio]phenyl]cyclopropanecarboxamide::cyclopropane carboxylic acid {4-[4-(4-methyl-piperazin-1-yl)-6-(5-methyl-2H-pyrazol-3-ylamino)-pyrimidin-2ylsulphanyl]-phenyl}-amide::CHEMBL572878::N-[4-({4-[(3-methyl-1H-pyrazol-5-yl)amino]-6-(4-methylpiperazin-1-yl)pyrimidin-2-yl}sulfanyl)phenyl]cyclopropanecarboxamide::VX-680,CN1CCN(CC1)c1cc(Nc2cc(C)n[nH]2)nc(Sc2ccc(NC(=O)C3CC3)cc2)n1,
TCGA-38-4628-01,E746_A750del,Exon19,TCGA,TCGA,EGFR,other,deletion,1,1,0,0,0,0,0,1,0,1,13645,4-amino-3-[2-(2,4-dichlorophenyl)ethoxy]-N-{[1-(pyridin-4-yl)piperidin-4-yl]methyl}benzamide::3-Oxybenzamide 31,Nc1ccc(cc1OCCc1ccc(Cl)cc1Cl)C(=O)NCC1CCN(CC1)c1ccncc1
TCGA-38-4628-01,E746_A750del,Exon19,TCGA,TCGA,EGFR,other,deletion,1,1,0,0,0,0,0,1,0,1,24828,N-[2-(1H-indol-3-yl)ethyl][(naphthalen-2-ylmethyl)sulfanyl]carbothioamide::Brassinin derivative, 16,S=C(NCCc1c[nH]c2ccccc12)SCc1ccc2ccccc2c1
TCGA-38-6178-01,E746_A750del,Exon19,TCGA,TCGA,EGFR,other,deletion,1,1,0,0,0,0,0,1,0,1,260,5-{[(5-{[(2S)-1-carboxy-3-oxopropan-2-yl]carbamoyl}-4-methylthiophen-2-yl)methyl]sulfamoyl}-2-hydroxybenzoic acid::(S)-5-{[5-(1-Carboxymethyl-2-oxo-ethylcarbamoyl)-4-methyl-thiophen-2-ylmethyl]sulfamoyl}-2-hydroxy-benzoic Acid::Heterocyclic deriv. 69a::Inhibitor 69a,Cc1cc(CNS(=O)(=O)c2ccc(O)c(c2)C(O)=O)sc1C(=O)N[C@@H](CC(O)=O)C=O |r|,
TCGA-38-6178-01,E746_A750del,Exon19,TCGA,TCGA,EGFR,other,deletion,1,1,0,0,0,0,0,1,0,1,279,6-[(4-Hydroxy-3-methyl-benzenesulfonylamino)methyl]-N-[1-(7-methoxy-benzooxazole-2-carbonyl)propyl]nicotinamide::5-{[(5-{[(2S)-3-carboxy-1-(7-methoxy-1,3-benzoxazol-2-yl)-1-oxopropan-2-yl]carbamoyl}pyridin-2-yl)methyl]sulfamoyl}-2-hydroxybenzoic acid::Pyridine Scaffold 61::Inhibitor 61,COc1cccc2nc(oc12)C(=O)[C@H](CC(O)=O)NC(=O)c1ccc(CNS(=O)(=O)c2ccc(O)c(c2)C(O)=O)nc1 |r|
TCGA-38-6178-01,E746_A750del,Exon19,TCGA,TCGA,EGFR,other,deletion,1,1,0,0,0,0,0,1,0,1,13534,VX680::N-[4-[[4-(4-methylpiperazino)-6-[(5-methyl-1H-pyrazol-3-yl)amino]pyrimidin-2-yl]thio]phenyl]cyclopropanecarboxamide::cyclopropane carboxylic acid {4-[4-(4-methyl-piperazin-1-yl)-6-(5-methyl-2H-pyrazol-3-ylamino)-pyrimidin-2ylsulphanyl]-phenyl}-amide::CHEMBL572878::N-[4-({4-[(3-methyl-1H-pyrazol-5-yl)amino]-6-(4-methylpiperazin-1-yl)pyrimidin-2-yl}sulfanyl)phenyl]cyclopropanecarboxamide::VX-680,CN1CCN(CC1)c1cc(Nc2cc(C)n[nH]2)nc(Sc2ccc(NC(=O)C3CC3)cc2)n1,
TCGA-38-6178-01,E746_A750del,Exon19,TCGA,TCGA,EGFR,other,deletion,1,1,0,0,0,0,0,1,0,1,13645,4-amino-3-[2-(2,4-dichlorophenyl)ethoxy]-N-{[1-(pyridin-4-yl)piperidin-4-yl]methyl}benzamide::3-Oxybenzamide 31,Nc1ccc(cc1OCCc1ccc(Cl)cc1Cl)C(=O)NCC1CCN(CC1)c1ccncc1
TCGA-38-6178-01,E746_A750del,Exon19,TCGA,TCGA,EGFR,other,deletion,1,1,0,0,0,0,0,1,0,1,24828,N-[2-(1H-indol-3-yl)ethyl][(naphthalen-2-ylmethyl)sulfanyl]carbothioamide::Brassinin derivative, 16,S=C(NCCc1c[nH]c2ccccc12)SCc1ccc2ccccc2c1
TCGA-44-5645-01,A767_V769dup,Other,TCGA,TCGA,EGFR,other,other,0,0,0,0,0,1,0,1,0,0,260,5-{[(5-{[(2S)-1-carboxy-3-oxopropan-2-yl]carbamoyl}-4-methylthiophen-2-yl)methyl]sulfamoyl}-2-hydroxybenzoic acid::(S)-5-{[5-(1-Carboxymethyl-2-oxo-ethylcarbamoyl)-4-methyl-thiophen-2-ylmethyl]sulfamoyl}-2-hydroxy-benzoic Acid::Heterocyclic deriv. 69a::Inhibitor 69a,Cc1cc(CNS(=O)(=O)c2ccc(O)c(c2)C(O)=O)sc1C(=O)N[C@@H](CC(O)=O)C=O |r|,
TCGA-44-5645-01,A767_V769dup,Other,TCGA,TCGA,EGFR,other,other,0,0,0,0,0,1,0,1,0,0,279,6-[(4-Hydroxy-3-methyl-benzenesulfonylamino)methyl]-N-[1-(7-methoxy-benzooxazole-2-carbonyl)propyl]nicotinamide::5-{[(5-{[(2S)-3-carboxy-1-(7-methoxy-1,3-benzoxazol-2-yl)-1-oxopropan-2-yl]carbamoyl}pyridin-2-yl)methyl]sulfamoyl}-2-hydroxybenzoic acid::Pyridine Scaffold 61::Inhibitor 61,COc1cccc2nc(oc12)C(=O)[C@H](CC(O)=O)NC(=O)c1ccc(CNS(=O)(=O)c2ccc(O)c(c2)C(O)=O)nc1 |r|
TCGA-44-5645-01,A767_V769dup,Other,TCGA,TCGA,EGFR,other,other,0,0,0,0,0,1,0,1,0,0,13534,VX680::N-[4-[[4-(4-methylpiperazino)-6-[(5-methyl-1H-pyrazol-3-yl)amino]pyrimidin-2-yl]thio]phenyl]cyclopropanecarboxamide::cyclopropane carboxylic acid {4-[4-(4-methyl-piperazin-1-yl)-6-(5-methyl-2H-pyrazol-3-ylamino)-pyrimidin-2ylsulphanyl]-phenyl}-amide::CHEMBL572878::N-[4-({4-[(3-methyl-1H-pyrazol-5-yl)amino]-6-(4-methylpiperazin-1-yl)pyrimidin-2-yl}sulfanyl)phenyl]cyclopropanecarboxamide::VX-680,CN1CCN(CC1)c1cc(Nc2cc(C)n[nH]2)nc(Sc2ccc(NC(=O)C3CC3)cc2)n1,
TCGA-44-5645-01,A767_V769dup,Other,TCGA,TCGA,EGFR,other,other,0,0,0,0,0,1,0,1,0,0,13645,4-amino-3-[2-(2,4-dichlorophenyl)ethoxy]-N-{[1-(pyridin-4-yl)piperidin-4-yl]methyl}benzamide::3-Oxybenzamide 31,Nc1ccc(cc1OCCc1ccc(Cl)cc1Cl)C(=O)NCC1CCN(CC1)c1ccncc1
TCGA-44-5645-01,A767_V769dup,Other,TCGA,TCGA,EGFR,other,other,0,0,0,0,0,1,0,1,0,0,24828,N-[2-(1H-indol-3-yl)ethyl][(naphthalen-2-ylmethyl)sulfanyl]carbothioamide::Brassinin derivative, 16,S=C(NCCc1c[nH]c2ccccc12)SCc1ccc2ccccc2c1
TCGA-44-A4SU-01,G719C S768I,Other,TCGA,TCGA,EGFR,other,other,0,0,0,0,1,1,0,2,1,1,260,5-{[(5-{[(2S)-1-carboxy-3-oxopropan-2-yl]carbamoyl}-4-methylthiophen-2-yl)methyl]sulfamoyl}-2-hydroxybenzoic acid::(S)-5-{[5-(1-Carboxymethyl-2-oxo-ethylcarbamoyl)-4-methyl-thiophen-2-ylmethyl]sulfamoyl}-2-hydroxy-benzoic Acid::Heterocyclic deriv. 69a::Inhibitor 69a,Cc1cc(CNS(=O)(=O)c2ccc(O)c(c2)C(O)=O)sc1C(=O)N[C@@H](CC(O)=O)C=O |r|,
TCGA-44-A4SU-01,G719C S768I,Other,TCGA,TCGA,EGFR,other,other,0,0,0,0,1,1,0,2,1,1,279,6-[(4-Hydroxy-3-methyl-benzenesulfonylamino)methyl]-N-[1-(7-methoxy-benzooxazole-2-carbonyl)propyl]nicotinamide::5-{[(5-{[(2S)-3-carboxy-1-(7-methoxy-1,3-benzoxazol-2-yl)-1-oxopropan-2-yl]carbamoyl}pyridin-2-yl)methyl]sulfamoyl}-2-hydroxybenzoic acid::Pyridine Scaffold 61::Inhibitor 61,COc1cccc2nc(oc12)C(=O)[C@H](CC(O)=O)NC(=O)c1ccc(CNS(=O)(=O)c2ccc(O)c(c2)C(O)=O)nc1 |r|
TCGA-44-A4SU-01,G719C S768I,Other,TCGA,TCGA,EGFR,other,other,0,0,0,0,1,1,0,2,1,1,13534,VX680::N-[4-[[4-(4-methylpiperazino)-6-[(5-methyl-1H-pyrazol-3-yl)amino]pyrimidin-2-yl]thio]phenyl]cyclopropanecarboxamide::cyclopropane carboxylic acid {4-[4-(4-methyl-piperazin-1-yl)-6-(5-methyl-2H-pyrazol-3-ylamino)-pyrimidin-2ylsulphanyl]-phenyl}-amide::CHEMBL572878::N-[4-({4-[(3-methyl-1H-pyrazol-5-yl)amino]-6-(4-methylpiperazin-1-yl)pyrimidin-2-yl}sulfanyl)phenyl]cyclopropanecarboxamide::VX-680,CN1CCN(CC1)c1cc(Nc2cc(C)n[nH]2)nc(Sc2ccc(NC(=O)C3CC3)cc2)n1,
TCGA-44-A4SU-01,G719C S768I,Other,TCGA,TCGA,EGFR,other,other,0,0,0,0,1,1,0,2,1,1,13645,4-amino-3-[2-(2,4-dichlorophenyl)ethoxy]-N-{[1-(pyridin-4-yl)piperidin-4-yl]methyl}benzamide::3-Oxybenzamide 31,Nc1ccc(cc1OCCc1ccc(Cl)cc1Cl)C(=O)NCC1CCN(CC1)c1ccncc1
TCGA-44-A4SU-01,G719C S768I,Other,TCGA,TCGA,EGFR,other,other,0,0,0,0,1,1,0,2,1,1,24828,N-[2-(1H-indol-3-yl)ethyl][(naphthalen-2-ylmethyl)sulfanyl]carbothioamide::Brassinin derivative, 16,S=C(NCCc1c[nH]c2ccccc12)SCc1ccc2ccccc2c1
TCGA-49-4490-01,L858R,L858R,TCGA,TCGA,EGFR,L858R,other,0,0,1,0,0,0,0,1,0,1,260,5-{[(5-{[(2S)-1-carboxy-3-oxopropan-2-yl]carbamoyl}-4-methylthiophen-2-yl)methyl]sulfamoyl}-2-hydroxybenzoic acid::(S)-5-{[5-(1-Carboxymethyl-2-oxo-ethylcarbamoyl)-4-methyl-thiophen-2-ylmethyl]sulfamoyl}-2-hydroxy-benzoic Acid::Heterocyclic deriv. 69a::Inhibitor 69a,Cc1cc(CNS(=O)(=O)c2ccc(O)c(c2)C(O)=O)sc1C(=O)N[C@@H](CC(O)=O)C=O |r|,
TCGA-49-4490-01,L858R,L858R,TCGA,TCGA,EGFR,L858R,other,0,0,1,0,0,0,0,1,0,1,279,6-[(4-Hydroxy-3-methyl-benzenesulfonylamino)methyl]-N-[1-(7-methoxy-benzooxazole-2-carbonyl)propyl]nicotinamide::5-{[(5-{[(2S)-3-carboxy-1-(7-methoxy-1,3-benzoxazol-2-yl)-1-oxopropan-2-yl]carbamoyl}pyridin-2-yl)methyl]sulfamoyl}-2-hydroxybenzoic acid::Pyridine Scaffold 61::Inhibitor 61,COc1cccc2nc(oc12)C(=O)[C@H](CC(O)=O)NC(=O)c1ccc(CNS(=O)(=O)c2ccc(O)c(c2)C(O)=O)nc1 |r|
TCGA-49-4490-01,L858R,L858R,TCGA,TCGA,EGFR,L858R,other,0,0,1,0,0,0,0,1,0,1,13534,VX680::N-[4-[[4-(4-methylpiperazino)-6-[(5-methyl-1H-pyrazol-3-yl)amino]pyrimidin-2-yl]thio]phenyl]cyclopropanecarboxamide::cyclopropane carboxylic acid {4-[4-(4-methyl-piperazin-1-yl)-6-(5-methyl-2H-pyrazol-3-ylamino)-pyrimidin-2ylsulphanyl]-phenyl}-amide::CHEMBL572878::N-[4-({4-[(3-methyl-1H-pyrazol-5-yl)amino]-6-(4-methylpiperazin-1-yl)pyrimidin-2-yl}sulfanyl)phenyl]cyclopropanecarboxamide::VX-680,CN1CCN(CC1)c1cc(Nc2cc(C)n[nH]2)nc(Sc2ccc(NC(=O)C3CC3)cc2)n1,
TCGA-49-4490-01,L858R,L858R,TCGA,TCGA,EGFR,L858R,other,0,0,1,0,0,0,0,1,0,1,13645,4-amino-3-[2-(2,4-dichlorophenyl)ethoxy]-N-{[1-(pyridin-4-yl)piperidin-4-yl]methyl}benzamide::3-Oxybenzamide 31,Nc1ccc(cc1OCCc1ccc(Cl)cc1Cl)C(=O)NCC1CCN(CC1)c1ccncc1
TCGA-49-4490-01,L858R,L858R,TCGA,TCGA,EGFR,L858R,other,0,0,1,0,0,0,0,1,0,1,24828,N-[2-(1H-indol-3-yl)ethyl][(naphthalen-2-ylmethyl)sulfanyl]carbothioamide::Brassinin derivative, 16,S=C(NCCc1c[nH]c2ccccc12)SCc1ccc2ccccc2c1
TCGA-49-4494-01,L858R T790M,L858R,TCGA,TCGA,EGFR,L858R,other,0,0,1,0,0,0,1,2,1,1,260,5-{[(5-{[(2S)-1-carboxy-3-oxopropan-2-yl]carbamoyl}-4-methylthiophen-2-yl)methyl]sulfamoyl}-2-hydroxybenzoic acid::(S)-5-{[5-(1-Carboxymethyl-2-oxo-ethylcarbamoyl)-4-methyl-thiophen-2-ylmethyl]sulfamoyl}-2-hydroxy-benzoic Acid::Heterocyclic deriv. 69a::Inhibitor 69a,Cc1cc(CNS(=O)(=O)c2ccc(O)c(c2)C(O)=O)sc1C(=O)N[C@@H](CC(O)=O)C=O |r|,
TCGA-49-4494-01,L858R T790M,L858R,TCGA,TCGA,EGFR,L858R,other,0,0,1,0,0,0,1,2,1,1,279,6-[(4-Hydroxy-3-methyl-benzenesulfonylamino)methyl]-N-[1-(7-methoxy-benzooxazole-2-carbonyl)propyl]nicotinamide::5-{[(5-{[(2S)-3-carboxy-1-(7-methoxy-1,3-benzoxazol-2-yl)-1-oxopropan-2-yl]carbamoyl}pyridin-2-yl)methyl]sulfamoyl}-2-hydroxybenzoic acid::Pyridine Scaffold 61::Inhibitor 61,COc1cccc2nc(oc12)C(=O)[C@H](CC(O)=O)NC(=O)c1ccc(CNS(=O)(=O)c2ccc(O)c(c2)C(O)=O)nc1 |r|
TCGA-49-4494-01,L858R T790M,L858R,TCGA,TCGA,EGFR,L858R,other,0,0,1,0,0,0,1,2,1,1,13534,VX680::N-[4-[[4-(4-methylpiperazino)-6-[(5-methyl-1H-pyrazol-3-yl)amino]pyrimidin-2-yl]thio]phenyl]cyclopropanecarboxamide::cyclopropane carboxylic acid {4-[4-(4-methyl-piperazin-1-yl)-6-(5-methyl-2H-pyrazol-3-ylamino)-pyrimidin-2ylsulphanyl]-phenyl}-amide::CHEMBL572878::N-[4-({4-[(3-methyl-1H-pyrazol-5-yl)amino]-6-(4-methylpiperazin-1-yl)pyrimidin-2-yl}sulfanyl)phenyl]cyclopropanecarboxamide::VX-680,CN1CCN(CC1)c1cc(Nc2cc(C)n[nH]2)nc(Sc2ccc(NC(=O)C3CC3)cc2)n1,
TCGA-49-4494-01,L858R T790M,L858R,TCGA,TCGA,EGFR,L858R,other,0,0,1,0,0,0,1,2,1,1,13645,4-amino-3-[2-(2,4-dichlorophenyl)ethoxy]-N-{[1-(pyridin-4-yl)piperidin-4-yl]methyl}benzamide::3-Oxybenzamide 31,Nc1ccc(cc1OCCc1ccc(Cl)cc1Cl)C(=O)NCC1CCN(CC1)c1ccncc1
TCGA-49-4494-01,L858R T790M,L858R,TCGA,TCGA,EGFR,L858R,other,0,0,1,0,0,0,1,2,1,1,24828,N-[2-(1H-indol-3-yl)ethyl][(naphthalen-2-ylmethyl)sulfanyl]carbothioamide::Brassinin derivative, 16,S=C(NCCc1c[nH]c2ccccc12)SCc1ccc2ccccc2c1
TCGA-49-4501-01,E746_A750del,Exon19,TCGA,TCGA,EGFR,other,deletion,1,1,0,0,0,0,0,1,0,1,260,5-{[(5-{[(2S)-1-carboxy-3-oxopropan-2-yl]carbamoyl}-4-methylthiophen-2-yl)methyl]sulfamoyl}-2-hydroxybenzoic acid::(S)-5-{[5-(1-Carboxymethyl-2-oxo-ethylcarbamoyl)-4-methyl-thiophen-2-ylmethyl]sulfamoyl}-2-hydroxy-benzoic Acid::Heterocyclic deriv. 69a::Inhibitor 69a,Cc1cc(CNS(=O)(=O)c2ccc(O)c(c2)C(O)=O)sc1C(=O)N[C@@H](CC(O)=O)C=O |r|,
TCGA-49-4501-01,E746_A750del,Exon19,TCGA,TCGA,EGFR,other,deletion,1,1,0,0,0,0,0,1,0,1,279,6-[(4-Hydroxy-3-methyl-benzenesulfonylamino)methyl]-N-[1-(7-methoxy-benzooxazole-2-carbonyl)propyl]nicotinamide::5-{[(5-{[(2S)-3-carboxy-1-(7-methoxy-1,3-benzoxazol-2-yl)-1-oxopropan-2-yl]carbamoyl}pyridin-2-yl)methyl]sulfamoyl}-2-hydroxybenzoic acid::Pyridine Scaffold 61::Inhibitor 61,COc1cccc2nc(oc12)C(=O)[C@H](CC(O)=O)NC(=O)c1ccc(CNS(=O)(=O)c2ccc(O)c(c2)C(O)=O)nc1 |r|
TCGA-49-4501-01,E746_A750del,Exon19,TCGA,TCGA,EGFR,other,deletion,1,1,0,0,0,0,0,1,0,1,13534,VX680::N-[4-[[4-(4-methylpiperazino)-6-[(5-methyl-1H-pyrazol-3-yl)amino]pyrimidin-2-yl]thio]phenyl]cyclopropanecarboxamide::cyclopropane carboxylic acid {4-[4-(4-methyl-piperazin-1-yl)-6-(5-methyl-2H-pyrazol-3-ylamino)-pyrimidin-2ylsulphanyl]-phenyl}-amide::CHEMBL572878::N-[4-({4-[(3-methyl-1H-pyrazol-5-yl)amino]-6-(4-methylpiperazin-1-yl)pyrimidin-2-yl}sulfanyl)phenyl]cyclopropanecarboxamide::VX-680,CN1CCN(CC1)c1cc(Nc2cc(C)n[nH]2)nc(Sc2ccc(NC(=O)C3CC3)cc2)n1,
TCGA-49-4501-01,E746_A750del,Exon19,TCGA,TCGA,EGFR,other,deletion,1,1,0,0,0,0,0,1,0,1,13645,4-amino-3-[2-(2,4-dichlorophenyl)ethoxy]-N-{[1-(pyridin-4-yl)piperidin-4-yl]methyl}benzamide::3-Oxybenzamide 31,Nc1ccc(cc1OCCc1ccc(Cl)cc1Cl)C(=O)NCC1CCN(CC1)c1ccncc1
TCGA-49-4501-01,E746_A750del,Exon19,TCGA,TCGA,EGFR,other,deletion,1,1,0,0,0,0,0,1,0,1,24828,N-[2-(1H-indol-3-yl)ethyl][(naphthalen-2-ylmethyl)sulfanyl]carbothioamide::Brassinin derivative, 16,S=C(NCCc1c[nH]c2ccccc12)SCc1ccc2ccccc2c1
TCGA-50-5066-01,X210_splice,Other,TCGA,TCGA,EGFR,other,splice,1,0,0,0,0,0,1,1,0,0,260,5-{[(5-{[(2S)-1-carboxy-3-oxopropan-2-yl]carbamoyl}-4-methylthiophen-2-yl)methyl]sulfamoyl}-2-hydroxybenzoic acid::(S)-5-{[5-(1-Carboxymethyl-2-oxo-ethylcarbamoyl)-4-methyl-thiophen-2-ylmethyl]sulfamoyl}-2-hydroxy-benzoic Acid::Heterocyclic deriv. 69a::Inhibitor 69a,Cc1cc(CNS(=O)(=O)c2ccc(O)c(c2)C(O)=O)sc1C(=O)N[C@@H](CC(O)=O)C=O |r|,
TCGA-50-5066-01,X210_splice,Other,TCGA,TCGA,EGFR,other,splice,1,0,0,0,0,0,1,1,0,0,279,6-[(4-Hydroxy-3-methyl-benzenesulfonylamino)methyl]-N-[1-(7-methoxy-benzooxazole-2-carbonyl)propyl]nicotinamide::5-{[(5-{[(2S)-3-carboxy-1-(7-methoxy-1,3-benzoxazol-2-yl)-1-oxopropan-2-yl]carbamoyl}pyridin-2-yl)methyl]sulfamoyl}-2-hydroxybenzoic acid::Pyridine Scaffold 61::Inhibitor 61,COc1cccc2nc(oc12)C(=O)[C@H](CC(O)=O)NC(=O)c1ccc(CNS(=O)(=O)c2ccc(O)c(c2)C(O)=O)nc1 |r|
TCGA-50-5066-01,X210_splice,Other,TCGA,TCGA,EGFR,other,splice,1,0,0,0,0,0,1,1,0,0,13534,VX680::N-[4-[[4-(4-methylpiperazino)-6-[(5-methyl-1H-pyrazol-3-yl)amino]pyrimidin-2-yl]thio]phenyl]cyclopropanecarboxamide::cyclopropane carboxylic acid {4-[4-(4-methyl-piperazin-1-yl)-6-(5-methyl-2H-pyrazol-3-ylamino)-pyrimidin-2ylsulphanyl]-phenyl}-amide::CHEMBL572878::N-[4-({4-[(3-methyl-1H-pyrazol-5-yl)amino]-6-(4-methylpiperazin-1-yl)pyrimidin-2-yl}sulfanyl)phenyl]cyclopropanecarboxamide::VX-680,CN1CCN(CC1)c1cc(Nc2cc(C)n[nH]2)nc(Sc2ccc(NC(=O)C3CC3)cc2)n1,
TCGA-50-5066-01,X210_splice,Other,TCGA,TCGA,EGFR,other,splice,1,0,0,0,0,0,1,1,0,0,13645,4-amino-3-[2-(2,4-dichlorophenyl)ethoxy]-N-{[1-(pyridin-4-yl)piperidin-4-yl]methyl}benzamide::3-Oxybenzamide 31,Nc1ccc(cc1OCCc1ccc(Cl)cc1Cl)C(=O)NCC1CCN(CC1)c1ccncc1
TCGA-50-5066-01,X210_splice,Other,TCGA,TCGA,EGFR,other,splice,1,0,0,0,0,0,1,1,0,0,24828,N-[2-(1H-indol-3-yl)ethyl][(naphthalen-2-ylmethyl)sulfanyl]carbothioamide::Brassinin derivative, 16,S=C(NCCc1c[nH]c2ccccc12)SCc1ccc2ccccc2c1
TCGA-50-5944-01,L858R,L858R,TCGA,TCGA,EGFR,L858R,other,0,0,1,0,0,0,0,1,0,1,260,5-{[(5-{[(2S)-1-carboxy-3-oxopropan-2-yl]carbamoyl}-4-methylthiophen-2-yl)methyl]sulfamoyl}-2-hydroxybenzoic acid::(S)-5-{[5-(1-Carboxymethyl-2-oxo-ethylcarbamoyl)-4-methyl-thiophen-2-ylmethyl]sulfamoyl}-2-hydroxy-benzoic Acid::Heterocyclic deriv. 69a::Inhibitor 69a,Cc1cc(CNS(=O)(=O)c2ccc(O)c(c2)C(O)=O)sc1C(=O)N[C@@H](CC(O)=O)C=O |r|,
TCGA-50-5944-01,L858R,L858R,TCGA,TCGA,EGFR,L858R,other,0,0,1,0,0,0,0,1,0,1,279,6-[(4-Hydroxy-3-methyl-benzenesulfonylamino)methyl]-N-[1-(7-methoxy-benzooxazole-2-carbonyl)propyl]nicotinamide::5-{[(5-{[(2S)-3-carboxy-1-(7-methoxy-1,3-benzoxazol-2-yl)-1-oxopropan-2-yl]carbamoyl}pyridin-2-yl)methyl]sulfamoyl}-2-hydroxybenzoic acid::Pyridine Scaffold 61::Inhibitor 61,COc1cccc2nc(oc12)C(=O)[C@H](CC(O)=O)NC(=O)c1ccc(CNS(=O)(=O)c2ccc(O)c(c2)C(O)=O)nc1 |r|
TCGA-50-5944-01,L858R,L858R,TCGA,TCGA,EGFR,L858R,other,0,0,1,0,0,0,0,1,0,1,13534,VX680::N-[4-[[4-(4-methylpiperazino)-6-[(5-methyl-1H-pyrazol-3-yl)amino]pyrimidin-2-yl]thio]phenyl]cyclopropanecarboxamide::cyclopropane carboxylic acid {4-[4-(4-methyl-piperazin-1-yl)-6-(5-methyl-2H-pyrazol-3-ylamino)-pyrimidin-2ylsulphanyl]-phenyl}-amide::CHEMBL572878::N-[4-({4-[(3-methyl-1H-pyrazol-5-yl)amino]-6-(4-methylpiperazin-1-yl)pyrimidin-2-yl}sulfanyl)phenyl]cyclopropanecarboxamide::VX-680,CN1CCN(CC1)c1cc(Nc2cc(C)n[nH]2)nc(Sc2ccc(NC(=O)C3CC3)cc2)n1,
TCGA-50-5944-01,L858R,L858R,TCGA,TCGA,EGFR,L858R,other,0,0,1,0,0,0,0,1,0,1,13645,4-amino-3-[2-(2,4-dichlorophenyl)ethoxy]-N-{[1-(pyridin-4-yl)piperidin-4-yl]methyl}benzamide::3-Oxybenzamide 31,Nc1ccc(cc1OCCc1ccc(Cl)cc1Cl)C(=O)NCC1CCN(CC1)c1ccncc1
TCGA-50-5944-01,L858R,L858R,TCGA,TCGA,EGFR,L858R,other,0,0,1,0,0,0,0,1,0,1,24828,N-[2-(1H-indol-3-yl)ethyl][(naphthalen-2-ylmethyl)sulfanyl]carbothioamide::Brassinin derivative, 16,S=C(NCCc1c[nH]c2ccccc12)SCc1ccc2ccccc2c1
TCGA-50-6591-01,K754_I759del L833V,Exon19,TCGA,TCGA,EGFR,other,deletion,1,1,0,0,0,0,1,2,1,1,260,5-{[(5-{[(2S)-1-carboxy-3-oxopropan-2-yl]carbamoyl}-4-methylthiophen-2-yl)methyl]sulfamoyl}-2-hydroxybenzoic acid::(S)-5-{[5-(1-Carboxymethyl-2-oxo-ethylcarbamoyl)-4-methyl-thiophen-2-ylmethyl]sulfamoyl}-2-hydroxy-benzoic Acid::Heterocyclic deriv. 69a::Inhibitor 69a,Cc1cc(CNS(=O)(=O)c2ccc(O)c(c2)C(O)=O)sc1C(=O)N[C@@H](CC(O)=O)C=O |r|,
TCGA-50-6591-01,K754_I759del L833V,Exon19,TCGA,TCGA,EGFR,other,deletion,1,1,0,0,0,0,1,2,1,1,279,6-[(4-Hydroxy-3-methyl-benzenesulfonylamino)methyl]-N-[1-(7-methoxy-benzooxazole-2-carbonyl)propyl]nicotinamide::5-{[(5-{[(2S)-3-carboxy-1-(7-methoxy-1,3-benzoxazol-2-yl)-1-oxopropan-2-yl]carbamoyl}pyridin-2-yl)methyl]sulfamoyl}-2-hydroxybenzoic acid::Pyridine Scaffold 61::Inhibitor 61,COc1cccc2nc(oc12)C(=O)[C@H](CC(O)=O)NC(=O)c1ccc(CNS(=O)(=O)c2ccc(O)c(c2)C(O)=O)nc1 |r|
TCGA-50-6591-01,K754_I759del L833V,Exon19,TCGA,TCGA,EGFR,other,deletion,1,1,0,0,0,0,1,2,1,1,13534,VX680::N-[4-[[4-(4-methylpiperazino)-6-[(5-methyl-1H-pyrazol-3-yl)amino]pyrimidin-2-yl]thio]phenyl]cyclopropanecarboxamide::cyclopropane carboxylic acid {4-[4-(4-methyl-piperazin-1-yl)-6-(5-methyl-2H-pyrazol-3-ylamino)-pyrimidin-2ylsulphanyl]-phenyl}-amide::CHEMBL572878::N-[4-({4-[(3-methyl-1H-pyrazol-5-yl)amino]-6-(4-methylpiperazin-1-yl)pyrimidin-2-yl}sulfanyl)phenyl]cyclopropanecarboxamide::VX-680,CN1CCN(CC1)c1cc(Nc2cc(C)n[nH]2)nc(Sc2ccc(NC(=O)C3CC3)cc2)n1,
TCGA-50-6591-01,K754_I759del L833V,Exon19,TCGA,TCGA,EGFR,other,deletion,1,1,0,0,0,0,1,2,1,1,13645,4-amino-3-[2-(2,4-dichlorophenyl)ethoxy]-N-{[1-(pyridin-4-yl)piperidin-4-yl]methyl}benzamide::3-Oxybenzamide 31,Nc1ccc(cc1OCCc1ccc(Cl)cc1Cl)C(=O)NCC1CCN(CC1)c1ccncc1
TCGA-50-6591-01,K754_I759del L833V,Exon19,TCGA,TCGA,EGFR,other,deletion,1,1,0,0,0,0,1,2,1,1,24828,N-[2-(1H-indol-3-yl)ethyl][(naphthalen-2-ylmethyl)sulfanyl]carbothioamide::Brassinin derivative, 16,S=C(NCCc1c[nH]c2ccccc12)SCc1ccc2ccccc2c1
TCGA-50-6595-01,G719A S768I,Other,TCGA,TCGA,EGFR,other,other,0,0,0,0,1,1,0,2,1,1,260,5-{[(5-{[(2S)-1-carboxy-3-oxopropan-2-yl]carbamoyl}-4-methylthiophen-2-yl)methyl]sulfamoyl}-2-hydroxybenzoic acid::(S)-5-{[5-(1-Carboxymethyl-2-oxo-ethylcarbamoyl)-4-methyl-thiophen-2-ylmethyl]sulfamoyl}-2-hydroxy-benzoic Acid::Heterocyclic deriv. 69a::Inhibitor 69a,Cc1cc(CNS(=O)(=O)c2ccc(O)c(c2)C(O)=O)sc1C(=O)N[C@@H](CC(O)=O)C=O |r|,
TCGA-50-6595-01,G719A S768I,Other,TCGA,TCGA,EGFR,other,other,0,0,0,0,1,1,0,2,1,1,279,6-[(4-Hydroxy-3-methyl-benzenesulfonylamino)methyl]-N-[1-(7-methoxy-benzooxazole-2-carbonyl)propyl]nicotinamide::5-{[(5-{[(2S)-3-carboxy-1-(7-methoxy-1,3-benzoxazol-2-yl)-1-oxopropan-2-yl]carbamoyl}pyridin-2-yl)methyl]sulfamoyl}-2-hydroxybenzoic acid::Pyridine Scaffold 61::Inhibitor 61,COc1cccc2nc(oc12)C(=O)[C@H](CC(O)=O)NC(=O)c1ccc(CNS(=O)(=O)c2ccc(O)c(c2)C(O)=O)nc1 |r|
TCGA-50-6595-01,G719A S768I,Other,TCGA,TCGA,EGFR,other,other,0,0,0,0,1,1,0,2,1,1,13534,VX680::N-[4-[[4-(4-methylpiperazino)-6-[(5-methyl-1H-pyrazol-3-yl)amino]pyrimidin-2-yl]thio]phenyl]cyclopropanecarboxamide::cyclopropane carboxylic acid {4-[4-(4-methyl-piperazin-1-yl)-6-(5-methyl-2H-pyrazol-3-ylamino)-pyrimidin-2ylsulphanyl]-phenyl}-amide::CHEMBL572878::N-[4-({4-[(3-methyl-1H-pyrazol-5-yl)amino]-6-(4-methylpiperazin-1-yl)pyrimidin-2-yl}sulfanyl)phenyl]cyclopropanecarboxamide::VX-680,CN1CCN(CC1)c1cc(Nc2cc(C)n[nH]2)nc(Sc2ccc(NC(=O)C3CC3)cc2)n1,
TCGA-50-6595-01,G719A S768I,Other,TCGA,TCGA,EGFR,other,other,0,0,0,0,1,1,0,2,1,1,13645,4-amino-3-[2-(2,4-dichlorophenyl)ethoxy]-N-{[1-(pyridin-4-yl)piperidin-4-yl]methyl}benzamide::3-Oxybenzamide 31,Nc1ccc(cc1OCCc1ccc(Cl)cc1Cl)C(=O)NCC1CCN(CC1)c1ccncc1
TCGA-50-6595-01,G719A S768I,Other,TCGA,TCGA,EGFR,other,other,0,0,0,0,1,1,0,2,1,1,24828,N-[2-(1H-indol-3-yl)ethyl][(naphthalen-2-ylmethyl)sulfanyl]carbothioamide::Brassinin derivative, 16,S=C(NCCc1c[nH]c2ccccc12)SCc1ccc2ccccc2c1
TCGA-50-6673-01,H773dup,Other,TCGA,TCGA,EGFR,other,other,0,0,0,0,0,1,0,1,0,0,260,5-{[(5-{[(2S)-1-carboxy-3-oxopropan-2-yl]carbamoyl}-4-methylthiophen-2-yl)methyl]sulfamoyl}-2-hydroxybenzoic acid::(S)-5-{[5-(1-Carboxymethyl-2-oxo-ethylcarbamoyl)-4-methyl-thiophen-2-ylmethyl]sulfamoyl}-2-hydroxy-benzoic Acid::Heterocyclic deriv. 69a::Inhibitor 69a,Cc1cc(CNS(=O)(=O)c2ccc(O)c(c2)C(O)=O)sc1C(=O)N[C@@H](CC(O)=O)C=O |r|,
TCGA-50-6673-01,H773dup,Other,TCGA,TCGA,EGFR,other,other,0,0,0,0,0,1,0,1,0,0,279,6-[(4-Hydroxy-3-methyl-benzenesulfonylamino)methyl]-N-[1-(7-methoxy-benzooxazole-2-carbonyl)propyl]nicotinamide::5-{[(5-{[(2S)-3-carboxy-1-(7-methoxy-1,3-benzoxazol-2-yl)-1-oxopropan-2-yl]carbamoyl}pyridin-2-yl)methyl]sulfamoyl}-2-hydroxybenzoic acid::Pyridine Scaffold 61::Inhibitor 61,COc1cccc2nc(oc12)C(=O)[C@H](CC(O)=O)NC(=O)c1ccc(CNS(=O)(=O)c2ccc(O)c(c2)C(O)=O)nc1 |r|
TCGA-50-6673-01,H773dup,Other,TCGA,TCGA,EGFR,other,other,0,0,0,0,0,1,0,1,0,0,13534,VX680::N-[4-[[4-(4-methylpiperazino)-6-[(5-methyl-1H-pyrazol-3-yl)amino]pyrimidin-2-yl]thio]phenyl]cyclopropanecarboxamide::cyclopropane carboxylic acid {4-[4-(4-methyl-piperazin-1-yl)-6-(5-methyl-2H-pyrazol-3-ylamino)-pyrimidin-2ylsulphanyl]-phenyl}-amide::CHEMBL572878::N-[4-({4-[(3-methyl-1H-pyrazol-5-yl)amino]-6-(4-methylpiperazin-1-yl)pyrimidin-2-yl}sulfanyl)phenyl]cyclopropanecarboxamide::VX-680,CN1CCN(CC1)c1cc(Nc2cc(C)n[nH]2)nc(Sc2ccc(NC(=O)C3CC3)cc2)n1,
TCGA-50-6673-01,H773dup,Other,TCGA,TCGA,EGFR,other,other,0,0,0,0,0,1,0,1,0,0,13645,4-amino-3-[2-(2,4-dichlorophenyl)ethoxy]-N-{[1-(pyridin-4-yl)piperidin-4-yl]methyl}benzamide::3-Oxybenzamide 31,Nc1ccc(cc1OCCc1ccc(Cl)cc1Cl)C(=O)NCC1CCN(CC1)c1ccncc1
TCGA-50-6673-01,H773dup,Other,TCGA,TCGA,EGFR,other,other,0,0,0,0,0,1,0,1,0,0,24828,N-[2-(1H-indol-3-yl)ethyl][(naphthalen-2-ylmethyl)sulfanyl]carbothioamide::Brassinin derivative, 16,S=C(NCCc1c[nH]c2ccccc12)SCc1ccc2ccccc2c1
TCGA-55-6968-01,E866K,Other,TCGA,TCGA,EGFR,other,other,0,0,0,0,0,0,1,1,0,0,260,5-{[(5-{[(2S)-1-carboxy-3-oxopropan-2-yl]carbamoyl}-4-methylthiophen-2-yl)methyl]sulfamoyl}-2-hydroxybenzoic acid::(S)-5-{[5-(1-Carboxymethyl-2-oxo-ethylcarbamoyl)-4-methyl-thiophen-2-ylmethyl]sulfamoyl}-2-hydroxy-benzoic Acid::Heterocyclic deriv. 69a::Inhibitor 69a,Cc1cc(CNS(=O)(=O)c2ccc(O)c(c2)C(O)=O)sc1C(=O)N[C@@H](CC(O)=O)C=O |r|,
TCGA-55-6968-01,E866K,Other,TCGA,TCGA,EGFR,other,other,0,0,0,0,0,0,1,1,0,0,279,6-[(4-Hydroxy-3-methyl-benzenesulfonylamino)methyl]-N-[1-(7-methoxy-benzooxazole-2-carbonyl)propyl]nicotinamide::5-{[(5-{[(2S)-3-carboxy-1-(7-methoxy-1,3-benzoxazol-2-yl)-1-oxopropan-2-yl]carbamoyl}pyridin-2-yl)methyl]sulfamoyl}-2-hydroxybenzoic acid::Pyridine Scaffold 61::Inhibitor 61,COc1cccc2nc(oc12)C(=O)[C@H](CC(O)=O)NC(=O)c1ccc(CNS(=O)(=O)c2ccc(O)c(c2)C(O)=O)nc1 |r|
TCGA-55-6968-01,E866K,Other,TCGA,TCGA,EGFR,other,other,0,0,0,0,0,0,1,1,0,0,13534,VX680::N-[4-[[4-(4-methylpiperazino)-6-[(5-methyl-1H-pyrazol-3-yl)amino]pyrimidin-2-yl]thio]phenyl]cyclopropanecarboxamide::cyclopropane carboxylic acid {4-[4-(4-methyl-piperazin-1-yl)-6-(5-methyl-2H-pyrazol-3-ylamino)-pyrimidin-2ylsulphanyl]-phenyl}-amide::CHEMBL572878::N-[4-({4-[(3-methyl-1H-pyrazol-5-yl)amino]-6-(4-methylpiperazin-1-yl)pyrimidin-2-yl}sulfanyl)phenyl]cyclopropanecarboxamide::VX-680,CN1CCN(CC1)c1cc(Nc2cc(C)n[nH]2)nc(Sc2ccc(NC(=O)C3CC3)cc2)n1,
TCGA-55-6968-01,E866K,Other,TCGA,TCGA,EGFR,other,other,0,0,0,0,0,0,1,1,0,0,13645,4-amino-3-[2-(2,4-dichlorophenyl)ethoxy]-N-{[1-(pyridin-4-yl)piperidin-4-yl]methyl}benzamide::3-Oxybenzamide 31,Nc1ccc(cc1OCCc1ccc(Cl)cc1Cl)C(=O)NCC1CCN(CC1)c1ccncc1
TCGA-55-6968-01,E866K,Other,TCGA,TCGA,EGFR,other,other,0,0,0,0,0,0,1,1,0,0,24828,N-[2-(1H-indol-3-yl)ethyl][(naphthalen-2-ylmethyl)sulfanyl]carbothioamide::Brassinin derivative, 16,S=C(NCCc1c[nH]c2ccccc12)SCc1ccc2ccccc2c1
TCGA-55-6980-01,E709_T710delinsD,Exon19,TCGA,TCGA,EGFR,other,deletion,1,0,0,0,0,0,1,1,0,0,260,5-{[(5-{[(2S)-1-carboxy-3-oxopropan-2-yl]carbamoyl}-4-methylthiophen-2-yl)methyl]sulfamoyl}-2-hydroxybenzoic acid::(S)-5-{[5-(1-Carboxymethyl-2-oxo-ethylcarbamoyl)-4-methyl-thiophen-2-ylmethyl]sulfamoyl}-2-hydroxy-benzoic Acid::Heterocyclic deriv. 69a::Inhibitor 69a,Cc1cc(CNS(=O)(=O)c2ccc(O)c(c2)C(O)=O)sc1C(=O)N[C@@H](CC(O)=O)C=O |r|,
TCGA-55-6980-01,E709_T710delinsD,Exon19,TCGA,TCGA,EGFR,other,deletion,1,0,0,0,0,0,1,1,0,0,279,6-[(4-Hydroxy-3-methyl-benzenesulfonylamino)methyl]-N-[1-(7-methoxy-benzooxazole-2-carbonyl)propyl]nicotinamide::5-{[(5-{[(2S)-3-carboxy-1-(7-methoxy-1,3-benzoxazol-2-yl)-1-oxopropan-2-yl]carbamoyl}pyridin-2-yl)methyl]sulfamoyl}-2-hydroxybenzoic acid::Pyridine Scaffold 61::Inhibitor 61,COc1cccc2nc(oc12)C(=O)[C@H](CC(O)=O)NC(=O)c1ccc(CNS(=O)(=O)c2ccc(O)c(c2)C(O)=O)nc1 |r|
TCGA-55-6980-01,E709_T710delinsD,Exon19,TCGA,TCGA,EGFR,other,deletion,1,0,0,0,0,0,1,1,0,0,13534,VX680::N-[4-[[4-(4-methylpiperazino)-6-[(5-methyl-1H-pyrazol-3-yl)amino]pyrimidin-2-yl]thio]phenyl]cyclopropanecarboxamide::cyclopropane carboxylic acid {4-[4-(4-methyl-piperazin-1-yl)-6-(5-methyl-2H-pyrazol-3-ylamino)-pyrimidin-2ylsulphanyl]-phenyl}-amide::CHEMBL572878::N-[4-({4-[(3-methyl-1H-pyrazol-5-yl)amino]-6-(4-methylpiperazin-1-yl)pyrimidin-2-yl}sulfanyl)phenyl]cyclopropanecarboxamide::VX-680,CN1CCN(CC1)c1cc(Nc2cc(C)n[nH]2)nc(Sc2ccc(NC(=O)C3CC3)cc2)n1,
TCGA-55-6980-01,E709_T710delinsD,Exon19,TCGA,TCGA,EGFR,other,deletion,1,0,0,0,0,0,1,1,0,0,13645,4-amino-3-[2-(2,4-dichlorophenyl)ethoxy]-N-{[1-(pyridin-4-yl)piperidin-4-yl]methyl}benzamide::3-Oxybenzamide 31,Nc1ccc(cc1OCCc1ccc(Cl)cc1Cl)C(=O)NCC1CCN(CC1)c1ccncc1
TCGA-55-6980-01,E709_T710delinsD,Exon19,TCGA,TCGA,EGFR,other,deletion,1,0,0,0,0,0,1,1,0,0,24828,N-[2-(1H-indol-3-yl)ethyl][(naphthalen-2-ylmethyl)sulfanyl]carbothioamide::Brassinin derivative, 16,S=C(NCCc1c[nH]c2ccccc12)SCc1ccc2ccccc2c1
TCGA-55-6981-01,L747_T751del,Exon19,TCGA,TCGA,EGFR,other,deletion,1,1,0,0,0,0,0,1,0,1,260,5-{[(5-{[(2S)-1-carboxy-3-oxopropan-2-yl]carbamoyl}-4-methylthiophen-2-yl)methyl]sulfamoyl}-2-hydroxybenzoic acid::(S)-5-{[5-(1-Carboxymethyl-2-oxo-ethylcarbamoyl)-4-methyl-thiophen-2-ylmethyl]sulfamoyl}-2-hydroxy-benzoic Acid::Heterocyclic deriv. 69a::Inhibitor 69a,Cc1cc(CNS(=O)(=O)c2ccc(O)c(c2)C(O)=O)sc1C(=O)N[C@@H](CC(O)=O)C=O |r|,
TCGA-55-6981-01,L747_T751del,Exon19,TCGA,TCGA,EGFR,other,deletion,1,1,0,0,0,0,0,1,0,1,279,6-[(4-Hydroxy-3-methyl-benzenesulfonylamino)methyl]-N-[1-(7-methoxy-benzooxazole-2-carbonyl)propyl]nicotinamide::5-{[(5-{[(2S)-3-carboxy-1-(7-methoxy-1,3-benzoxazol-2-yl)-1-oxopropan-2-yl]carbamoyl}pyridin-2-yl)methyl]sulfamoyl}-2-hydroxybenzoic acid::Pyridine Scaffold 61::Inhibitor 61,COc1cccc2nc(oc12)C(=O)[C@H](CC(O)=O)NC(=O)c1ccc(CNS(=O)(=O)c2ccc(O)c(c2)C(O)=O)nc1 |r|
TCGA-55-6981-01,L747_T751del,Exon19,TCGA,TCGA,EGFR,other,deletion,1,1,0,0,0,0,0,1,0,1,13534,VX680::N-[4-[[4-(4-methylpiperazino)-6-[(5-methyl-1H-pyrazol-3-yl)amino]pyrimidin-2-yl]thio]phenyl]cyclopropanecarboxamide::cyclopropane carboxylic acid {4-[4-(4-methyl-piperazin-1-yl)-6-(5-methyl-2H-pyrazol-3-ylamino)-pyrimidin-2ylsulphanyl]-phenyl}-amide::CHEMBL572878::N-[4-({4-[(3-methyl-1H-pyrazol-5-yl)amino]-6-(4-methylpiperazin-1-yl)pyrimidin-2-yl}sulfanyl)phenyl]cyclopropanecarboxamide::VX-680,CN1CCN(CC1)c1cc(Nc2cc(C)n[nH]2)nc(Sc2ccc(NC(=O)C3CC3)cc2)n1,
TCGA-55-6981-01,L747_T751del,Exon19,TCGA,TCGA,EGFR,other,deletion,1,1,0,0,0,0,0,1,0,1,13645,4-amino-3-[2-(2,4-dichlorophenyl)ethoxy]-N-{[1-(pyridin-4-yl)piperidin-4-yl]methyl}benzamide::3-Oxybenzamide 31,Nc1ccc(cc1OCCc1ccc(Cl)cc1Cl)C(=O)NCC1CCN(CC1)c1ccncc1
TCGA-55-6981-01,L747_T751del,Exon19,TCGA,TCGA,EGFR,other,deletion,1,1,0,0,0,0,0,1,0,1,24828,N-[2-(1H-indol-3-yl)ethyl][(naphthalen-2-ylmethyl)sulfanyl]carbothioamide::Brassinin derivative, 16,S=C(NCCc1c[nH]c2ccccc12)SCc1ccc2ccccc2c1
TCGA-55-7570-01,V300M,Other,TCGA,TCGA,EGFR,other,other,0,0,0,0,0,0,1,1,0,0,260,5-{[(5-{[(2S)-1-carboxy-3-oxopropan-2-yl]carbamoyl}-4-methylthiophen-2-yl)methyl]sulfamoyl}-2-hydroxybenzoic acid::(S)-5-{[5-(1-Carboxymethyl-2-oxo-ethylcarbamoyl)-4-methyl-thiophen-2-ylmethyl]sulfamoyl}-2-hydroxy-benzoic Acid::Heterocyclic deriv. 69a::Inhibitor 69a,Cc1cc(CNS(=O)(=O)c2ccc(O)c(c2)C(O)=O)sc1C(=O)N[C@@H](CC(O)=O)C=O |r|,
TCGA-55-7570-01,V300M,Other,TCGA,TCGA,EGFR,other,other,0,0,0,0,0,0,1,1,0,0,279,6-[(4-Hydroxy-3-methyl-benzenesulfonylamino)methyl]-N-[1-(7-methoxy-benzooxazole-2-carbonyl)propyl]nicotinamide::5-{[(5-{[(2S)-3-carboxy-1-(7-methoxy-1,3-benzoxazol-2-yl)-1-oxopropan-2-yl]carbamoyl}pyridin-2-yl)methyl]sulfamoyl}-2-hydroxybenzoic acid::Pyridine Scaffold 61::Inhibitor 61,COc1cccc2nc(oc12)C(=O)[C@H](CC(O)=O)NC(=O)c1ccc(CNS(=O)(=O)c2ccc(O)c(c2)C(O)=O)nc1 |r|
TCGA-55-7570-01,V300M,Other,TCGA,TCGA,EGFR,other,other,0,0,0,0,0,0,1,1,0,0,13534,VX680::N-[4-[[4-(4-methylpiperazino)-6-[(5-methyl-1H-pyrazol-3-yl)amino]pyrimidin-2-yl]thio]phenyl]cyclopropanecarboxamide::cyclopropane carboxylic acid {4-[4-(4-methyl-piperazin-1-yl)-6-(5-methyl-2H-pyrazol-3-ylamino)-pyrimidin-2ylsulphanyl]-phenyl}-amide::CHEMBL572878::N-[4-({4-[(3-methyl-1H-pyrazol-5-yl)amino]-6-(4-methylpiperazin-1-yl)pyrimidin-2-yl}sulfanyl)phenyl]cyclopropanecarboxamide::VX-680,CN1CCN(CC1)c1cc(Nc2cc(C)n[nH]2)nc(Sc2ccc(NC(=O)C3CC3)cc2)n1,
TCGA-55-7570-01,V300M,Other,TCGA,TCGA,EGFR,other,other,0,0,0,0,0,0,1,1,0,0,13645,4-amino-3-[2-(2,4-dichlorophenyl)ethoxy]-N-{[1-(pyridin-4-yl)piperidin-4-yl]methyl}benzamide::3-Oxybenzamide 31,Nc1ccc(cc1OCCc1ccc(Cl)cc1Cl)C(=O)NCC1CCN(CC1)c1ccncc1
TCGA-55-7570-01,V300M,Other,TCGA,TCGA,EGFR,other,other,0,0,0,0,0,0,1,1,0,0,24828,N-[2-(1H-indol-3-yl)ethyl][(naphthalen-2-ylmethyl)sulfanyl]carbothioamide::Brassinin derivative, 16,S=C(NCCc1c[nH]c2ccccc12)SCc1ccc2ccccc2c1
TCGA-55-7573-01,K754E L747_E749del,Exon19,TCGA,TCGA,EGFR,other,deletion,1,1,0,0,0,0,1,2,1,1,260,5-{[(5-{[(2S)-1-carboxy-3-oxopropan-2-yl]carbamoyl}-4-methylthiophen-2-yl)methyl]sulfamoyl}-2-hydroxybenzoic acid::(S)-5-{[5-(1-Carboxymethyl-2-oxo-ethylcarbamoyl)-4-methyl-thiophen-2-ylmethyl]sulfamoyl}-2-hydroxy-benzoic Acid::Heterocyclic deriv. 69a::Inhibitor 69a,Cc1cc(CNS(=O)(=O)c2ccc(O)c(c2)C(O)=O)sc1C(=O)N[C@@H](CC(O)=O)C=O |r|,
TCGA-55-7573-01,K754E L747_E749del,Exon19,TCGA,TCGA,EGFR,other,deletion,1,1,0,0,0,0,1,2,1,1,279,6-[(4-Hydroxy-3-methyl-benzenesulfonylamino)methyl]-N-[1-(7-methoxy-benzooxazole-2-carbonyl)propyl]nicotinamide::5-{[(5-{[(2S)-3-carboxy-1-(7-methoxy-1,3-benzoxazol-2-yl)-1-oxopropan-2-yl]carbamoyl}pyridin-2-yl)methyl]sulfamoyl}-2-hydroxybenzoic acid::Pyridine Scaffold 61::Inhibitor 61,COc1cccc2nc(oc12)C(=O)[C@H](CC(O)=O)NC(=O)c1ccc(CNS(=O)(=O)c2ccc(O)c(c2)C(O)=O)nc1 |r|
TCGA-55-7573-01,K754E L747_E749del,Exon19,TCGA,TCGA,EGFR,other,deletion,1,1,0,0,0,0,1,2,1,1,13534,VX680::N-[4-[[4-(4-methylpiperazino)-6-[(5-methyl-1H-pyrazol-3-yl)amino]pyrimidin-2-yl]thio]phenyl]cyclopropanecarboxamide::cyclopropane carboxylic acid {4-[4-(4-methyl-piperazin-1-yl)-6-(5-methyl-2H-pyrazol-3-ylamino)-pyrimidin-2ylsulphanyl]-phenyl}-amide::CHEMBL572878::N-[4-({4-[(3-methyl-1H-pyrazol-5-yl)amino]-6-(4-methylpiperazin-1-yl)pyrimidin-2-yl}sulfanyl)phenyl]cyclopropanecarboxamide::VX-680,CN1CCN(CC1)c1cc(Nc2cc(C)n[nH]2)nc(Sc2ccc(NC(=O)C3CC3)cc2)n1,
TCGA-55-7573-01,K754E L747_E749del,Exon19,TCGA,TCGA,EGFR,other,deletion,1,1,0,0,0,0,1,2,1,1,13645,4-amino-3-[2-(2,4-dichlorophenyl)ethoxy]-N-{[1-(pyridin-4-yl)piperidin-4-yl]methyl}benzamide::3-Oxybenzamide 31,Nc1ccc(cc1OCCc1ccc(Cl)cc1Cl)C(=O)NCC1CCN(CC1)c1ccncc1
TCGA-55-7573-01,K754E L747_E749del,Exon19,TCGA,TCGA,EGFR,other,deletion,1,1,0,0,0,0,1,2,1,1,24828,N-[2-(1H-indol-3-yl)ethyl][(naphthalen-2-ylmethyl)sulfanyl]carbothioamide::Brassinin derivative, 16,S=C(NCCc1c[nH]c2ccccc12)SCc1ccc2ccccc2c1
TCGA-55-8096-01,L858R,L858R,TCGA,TCGA,EGFR,L858R,other,0,0,1,0,0,0,0,1,0,1,260,5-{[(5-{[(2S)-1-carboxy-3-oxopropan-2-yl]carbamoyl}-4-methylthiophen-2-yl)methyl]sulfamoyl}-2-hydroxybenzoic acid::(S)-5-{[5-(1-Carboxymethyl-2-oxo-ethylcarbamoyl)-4-methyl-thiophen-2-ylmethyl]sulfamoyl}-2-hydroxy-benzoic Acid::Heterocyclic deriv. 69a::Inhibitor 69a,Cc1cc(CNS(=O)(=O)c2ccc(O)c(c2)C(O)=O)sc1C(=O)N[C@@H](CC(O)=O)C=O |r|,
TCGA-55-8096-01,L858R,L858R,TCGA,TCGA,EGFR,L858R,other,0,0,1,0,0,0,0,1,0,1,279,6-[(4-Hydroxy-3-methyl-benzenesulfonylamino)methyl]-N-[1-(7-methoxy-benzooxazole-2-carbonyl)propyl]nicotinamide::5-{[(5-{[(2S)-3-carboxy-1-(7-methoxy-1,3-benzoxazol-2-yl)-1-oxopropan-2-yl]carbamoyl}pyridin-2-yl)methyl]sulfamoyl}-2-hydroxybenzoic acid::Pyridine Scaffold 61::Inhibitor 61,COc1cccc2nc(oc12)C(=O)[C@H](CC(O)=O)NC(=O)c1ccc(CNS(=O)(=O)c2ccc(O)c(c2)C(O)=O)nc1 |r|
TCGA-55-8096-01,L858R,L858R,TCGA,TCGA,EGFR,L858R,other,0,0,1,0,0,0,0,1,0,1,13534,VX680::N-[4-[[4-(4-methylpiperazino)-6-[(5-methyl-1H-pyrazol-3-yl)amino]pyrimidin-2-yl]thio]phenyl]cyclopropanecarboxamide::cyclopropane carboxylic acid {4-[4-(4-methyl-piperazin-1-yl)-6-(5-methyl-2H-pyrazol-3-ylamino)-pyrimidin-2ylsulphanyl]-phenyl}-amide::CHEMBL572878::N-[4-({4-[(3-methyl-1H-pyrazol-5-yl)amino]-6-(4-methylpiperazin-1-yl)pyrimidin-2-yl}sulfanyl)phenyl]cyclopropanecarboxamide::VX-680,CN1CCN(CC1)c1cc(Nc2cc(C)n[nH]2)nc(Sc2ccc(NC(=O)C3CC3)cc2)n1,
TCGA-55-8096-01,L858R,L858R,TCGA,TCGA,EGFR,L858R,other,0,0,1,0,0,0,0,1,0,1,13645,4-amino-3-[2-(2,4-dichlorophenyl)ethoxy]-N-{[1-(pyridin-4-yl)piperidin-4-yl]methyl}benzamide::3-Oxybenzamide 31,Nc1ccc(cc1OCCc1ccc(Cl)cc1Cl)C(=O)NCC1CCN(CC1)c1ccncc1
TCGA-55-8096-01,L858R,L858R,TCGA,TCGA,EGFR,L858R,other,0,0,1,0,0,0,0,1,0,1,24828,N-[2-(1H-indol-3-yl)ethyl][(naphthalen-2-ylmethyl)sulfanyl]carbothioamide::Brassinin derivative, 16,S=C(NCCc1c[nH]c2ccccc12)SCc1ccc2ccccc2c1
TCGA-55-8206-01,E746_A750del,Exon19,TCGA,TCGA,EGFR,other,deletion,1,1,0,0,0,0,0,1,0,1,260,5-{[(5-{[(2S)-1-carboxy-3-oxopropan-2-yl]carbamoyl}-4-methylthiophen-2-yl)methyl]sulfamoyl}-2-hydroxybenzoic acid::(S)-5-{[5-(1-Carboxymethyl-2-oxo-ethylcarbamoyl)-4-methyl-thiophen-2-ylmethyl]sulfamoyl}-2-hydroxy-benzoic Acid::Heterocyclic deriv. 69a::Inhibitor 69a,Cc1cc(CNS(=O)(=O)c2ccc(O)c(c2)C(O)=O)sc1C(=O)N[C@@H](CC(O)=O)C=O |r|,
TCGA-55-8206-01,E746_A750del,Exon19,TCGA,TCGA,EGFR,other,deletion,1,1,0,0,0,0,0,1,0,1,279,6-[(4-Hydroxy-3-methyl-benzenesulfonylamino)methyl]-N-[1-(7-methoxy-benzooxazole-2-carbonyl)propyl]nicotinamide::5-{[(5-{[(2S)-3-carboxy-1-(7-methoxy-1,3-benzoxazol-2-yl)-1-oxopropan-2-yl]carbamoyl}pyridin-2-yl)methyl]sulfamoyl}-2-hydroxybenzoic acid::Pyridine Scaffold 61::Inhibitor 61,COc1cccc2nc(oc12)C(=O)[C@H](CC(O)=O)NC(=O)c1ccc(CNS(=O)(=O)c2ccc(O)c(c2)C(O)=O)nc1 |r|
TCGA-55-8206-01,E746_A750del,Exon19,TCGA,TCGA,EGFR,other,deletion,1,1,0,0,0,0,0,1,0,1,13534,VX680::N-[4-[[4-(4-methylpiperazino)-6-[(5-methyl-1H-pyrazol-3-yl)amino]pyrimidin-2-yl]thio]phenyl]cyclopropanecarboxamide::cyclopropane carboxylic acid {4-[4-(4-methyl-piperazin-1-yl)-6-(5-methyl-2H-pyrazol-3-ylamino)-pyrimidin-2ylsulphanyl]-phenyl}-amide::CHEMBL572878::N-[4-({4-[(3-methyl-1H-pyrazol-5-yl)amino]-6-(4-methylpiperazin-1-yl)pyrimidin-2-yl}sulfanyl)phenyl]cyclopropanecarboxamide::VX-680,CN1CCN(CC1)c1cc(Nc2cc(C)n[nH]2)nc(Sc2ccc(NC(=O)C3CC3)cc2)n1,
TCGA-55-8206-01,E746_A750del,Exon19,TCGA,TCGA,EGFR,other,deletion,1,1,0,0,0,0,0,1,0,1,13645,4-amino-3-[2-(2,4-dichlorophenyl)ethoxy]-N-{[1-(pyridin-4-yl)piperidin-4-yl]methyl}benzamide::3-Oxybenzamide 31,Nc1ccc(cc1OCCc1ccc(Cl)cc1Cl)C(=O)NCC1CCN(CC1)c1ccncc1
TCGA-55-8206-01,E746_A750del,Exon19,TCGA,TCGA,EGFR,other,deletion,1,1,0,0,0,0,0,1,0,1,24828,N-[2-(1H-indol-3-yl)ethyl][(naphthalen-2-ylmethyl)sulfanyl]carbothioamide::Brassinin derivative, 16,S=C(NCCc1c[nH]c2ccccc12)SCc1ccc2ccccc2c1
TCGA-55-8506-01,L858R,L858R,TCGA,TCGA,EGFR,L858R,other,0,0,1,0,0,0,0,1,0,1,260,5-{[(5-{[(2S)-1-carboxy-3-oxopropan-2-yl]carbamoyl}-4-methylthiophen-2-yl)methyl]sulfamoyl}-2-hydroxybenzoic acid::(S)-5-{[5-(1-Carboxymethyl-2-oxo-ethylcarbamoyl)-4-methyl-thiophen-2-ylmethyl]sulfamoyl}-2-hydroxy-benzoic Acid::Heterocyclic deriv. 69a::Inhibitor 69a,Cc1cc(CNS(=O)(=O)c2ccc(O)c(c2)C(O)=O)sc1C(=O)N[C@@H](CC(O)=O)C=O |r|,
TCGA-55-8506-01,L858R,L858R,TCGA,TCGA,EGFR,L858R,other,0,0,1,0,0,0,0,1,0,1,279,6-[(4-Hydroxy-3-methyl-benzenesulfonylamino)methyl]-N-[1-(7-methoxy-benzooxazole-2-carbonyl)propyl]nicotinamide::5-{[(5-{[(2S)-3-carboxy-1-(7-methoxy-1,3-benzoxazol-2-yl)-1-oxopropan-2-yl]carbamoyl}pyridin-2-yl)methyl]sulfamoyl}-2-hydroxybenzoic acid::Pyridine Scaffold 61::Inhibitor 61,COc1cccc2nc(oc12)C(=O)[C@H](CC(O)=O)NC(=O)c1ccc(CNS(=O)(=O)c2ccc(O)c(c2)C(O)=O)nc1 |r|
TCGA-55-8506-01,L858R,L858R,TCGA,TCGA,EGFR,L858R,other,0,0,1,0,0,0,0,1,0,1,13534,VX680::N-[4-[[4-(4-methylpiperazino)-6-[(5-methyl-1H-pyrazol-3-yl)amino]pyrimidin-2-yl]thio]phenyl]cyclopropanecarboxamide::cyclopropane carboxylic acid {4-[4-(4-methyl-piperazin-1-yl)-6-(5-methyl-2H-pyrazol-3-ylamino)-pyrimidin-2ylsulphanyl]-phenyl}-amide::CHEMBL572878::N-[4-({4-[(3-methyl-1H-pyrazol-5-yl)amino]-6-(4-methylpiperazin-1-yl)pyrimidin-2-yl}sulfanyl)phenyl]cyclopropanecarboxamide::VX-680,CN1CCN(CC1)c1cc(Nc2cc(C)n[nH]2)nc(Sc2ccc(NC(=O)C3CC3)cc2)n1,
TCGA-55-8506-01,L858R,L858R,TCGA,TCGA,EGFR,L858R,other,0,0,1,0,0,0,0,1,0,1,13645,4-amino-3-[2-(2,4-dichlorophenyl)ethoxy]-N-{[1-(pyridin-4-yl)piperidin-4-yl]methyl}benzamide::3-Oxybenzamide 31,Nc1ccc(cc1OCCc1ccc(Cl)cc1Cl)C(=O)NCC1CCN(CC1)c1ccncc1
TCGA-55-8506-01,L858R,L858R,TCGA,TCGA,EGFR,L858R,other,0,0,1,0,0,0,0,1,0,1,24828,N-[2-(1H-indol-3-yl)ethyl][(naphthalen-2-ylmethyl)sulfanyl]carbothioamide::Brassinin derivative, 16,S=C(NCCc1c[nH]c2ccccc12)SCc1ccc2ccccc2c1
TCGA-55-A48Z-01,G719A,Other,TCGA,TCGA,EGFR,other,other,0,0,0,0,1,0,0,1,0,1,260,5-{[(5-{[(2S)-1-carboxy-3-oxopropan-2-yl]carbamoyl}-4-methylthiophen-2-yl)methyl]sulfamoyl}-2-hydroxybenzoic acid::(S)-5-{[5-(1-Carboxymethyl-2-oxo-ethylcarbamoyl)-4-methyl-thiophen-2-ylmethyl]sulfamoyl}-2-hydroxy-benzoic Acid::Heterocyclic deriv. 69a::Inhibitor 69a,Cc1cc(CNS(=O)(=O)c2ccc(O)c(c2)C(O)=O)sc1C(=O)N[C@@H](CC(O)=O)C=O |r|,
TCGA-55-A48Z-01,G719A,Other,TCGA,TCGA,EGFR,other,other,0,0,0,0,1,0,0,1,0,1,279,6-[(4-Hydroxy-3-methyl-benzenesulfonylamino)methyl]-N-[1-(7-methoxy-benzooxazole-2-carbonyl)propyl]nicotinamide::5-{[(5-{[(2S)-3-carboxy-1-(7-methoxy-1,3-benzoxazol-2-yl)-1-oxopropan-2-yl]carbamoyl}pyridin-2-yl)methyl]sulfamoyl}-2-hydroxybenzoic acid::Pyridine Scaffold 61::Inhibitor 61,COc1cccc2nc(oc12)C(=O)[C@H](CC(O)=O)NC(=O)c1ccc(CNS(=O)(=O)c2ccc(O)c(c2)C(O)=O)nc1 |r|
TCGA-55-A48Z-01,G719A,Other,TCGA,TCGA,EGFR,other,other,0,0,0,0,1,0,0,1,0,1,13534,VX680::N-[4-[[4-(4-methylpiperazino)-6-[(5-methyl-1H-pyrazol-3-yl)amino]pyrimidin-2-yl]thio]phenyl]cyclopropanecarboxamide::cyclopropane carboxylic acid {4-[4-(4-methyl-piperazin-1-yl)-6-(5-methyl-2H-pyrazol-3-ylamino)-pyrimidin-2ylsulphanyl]-phenyl}-amide::CHEMBL572878::N-[4-({4-[(3-methyl-1H-pyrazol-5-yl)amino]-6-(4-methylpiperazin-1-yl)pyrimidin-2-yl}sulfanyl)phenyl]cyclopropanecarboxamide::VX-680,CN1CCN(CC1)c1cc(Nc2cc(C)n[nH]2)nc(Sc2ccc(NC(=O)C3CC3)cc2)n1,
TCGA-55-A48Z-01,G719A,Other,TCGA,TCGA,EGFR,other,other,0,0,0,0,1,0,0,1,0,1,13645,4-amino-3-[2-(2,4-dichlorophenyl)ethoxy]-N-{[1-(pyridin-4-yl)piperidin-4-yl]methyl}benzamide::3-Oxybenzamide 31,Nc1ccc(cc1OCCc1ccc(Cl)cc1Cl)C(=O)NCC1CCN(CC1)c1ccncc1
TCGA-55-A48Z-01,G719A,Other,TCGA,TCGA,EGFR,other,other,0,0,0,0,1,0,0,1,0,1,24828,N-[2-(1H-indol-3-yl)ethyl][(naphthalen-2-ylmethyl)sulfanyl]carbothioamide::Brassinin derivative, 16,S=C(NCCc1c[nH]c2ccccc12)SCc1ccc2ccccc2c1
TCGA-55-A57B-01,L747_T751del,Exon19,TCGA,TCGA,EGFR,other,deletion,1,1,0,0,0,0,0,1,0,1,260,5-{[(5-{[(2S)-1-carboxy-3-oxopropan-2-yl]carbamoyl}-4-methylthiophen-2-yl)methyl]sulfamoyl}-2-hydroxybenzoic acid::(S)-5-{[5-(1-Carboxymethyl-2-oxo-ethylcarbamoyl)-4-methyl-thiophen-2-ylmethyl]sulfamoyl}-2-hydroxy-benzoic Acid::Heterocyclic deriv. 69a::Inhibitor 69a,Cc1cc(CNS(=O)(=O)c2ccc(O)c(c2)C(O)=O)sc1C(=O)N[C@@H](CC(O)=O)C=O |r|,
TCGA-55-A57B-01,L747_T751del,Exon19,TCGA,TCGA,EGFR,other,deletion,1,1,0,0,0,0,0,1,0,1,279,6-[(4-Hydroxy-3-methyl-benzenesulfonylamino)methyl]-N-[1-(7-methoxy-benzooxazole-2-carbonyl)propyl]nicotinamide::5-{[(5-{[(2S)-3-carboxy-1-(7-methoxy-1,3-benzoxazol-2-yl)-1-oxopropan-2-yl]carbamoyl}pyridin-2-yl)methyl]sulfamoyl}-2-hydroxybenzoic acid::Pyridine Scaffold 61::Inhibitor 61,COc1cccc2nc(oc12)C(=O)[C@H](CC(O)=O)NC(=O)c1ccc(CNS(=O)(=O)c2ccc(O)c(c2)C(O)=O)nc1 |r|
TCGA-55-A57B-01,L747_T751del,Exon19,TCGA,TCGA,EGFR,other,deletion,1,1,0,0,0,0,0,1,0,1,13534,VX680::N-[4-[[4-(4-methylpiperazino)-6-[(5-methyl-1H-pyrazol-3-yl)amino]pyrimidin-2-yl]thio]phenyl]cyclopropanecarboxamide::cyclopropane carboxylic acid {4-[4-(4-methyl-piperazin-1-yl)-6-(5-methyl-2H-pyrazol-3-ylamino)-pyrimidin-2ylsulphanyl]-phenyl}-amide::CHEMBL572878::N-[4-({4-[(3-methyl-1H-pyrazol-5-yl)amino]-6-(4-methylpiperazin-1-yl)pyrimidin-2-yl}sulfanyl)phenyl]cyclopropanecarboxamide::VX-680,CN1CCN(CC1)c1cc(Nc2cc(C)n[nH]2)nc(Sc2ccc(NC(=O)C3CC3)cc2)n1,
TCGA-55-A57B-01,L747_T751del,Exon19,TCGA,TCGA,EGFR,other,deletion,1,1,0,0,0,0,0,1,0,1,13645,4-amino-3-[2-(2,4-dichlorophenyl)ethoxy]-N-{[1-(pyridin-4-yl)piperidin-4-yl]methyl}benzamide::3-Oxybenzamide 31,Nc1ccc(cc1OCCc1ccc(Cl)cc1Cl)C(=O)NCC1CCN(CC1)c1ccncc1
TCGA-55-A57B-01,L747_T751del,Exon19,TCGA,TCGA,EGFR,other,deletion,1,1,0,0,0,0,0,1,0,1,24828,N-[2-(1H-indol-3-yl)ethyl][(naphthalen-2-ylmethyl)sulfanyl]carbothioamide::Brassinin derivative, 16,S=C(NCCc1c[nH]c2ccccc12)SCc1ccc2ccccc2c1
TCGA-62-8394-01,L858R,L858R,TCGA,TCGA,EGFR,L858R,other,0,0,1,0,0,0,0,1,0,1,260,5-{[(5-{[(2S)-1-carboxy-3-oxopropan-2-yl]carbamoyl}-4-methylthiophen-2-yl)methyl]sulfamoyl}-2-hydroxybenzoic acid::(S)-5-{[5-(1-Carboxymethyl-2-oxo-ethylcarbamoyl)-4-methyl-thiophen-2-ylmethyl]sulfamoyl}-2-hydroxy-benzoic Acid::Heterocyclic deriv. 69a::Inhibitor 69a,Cc1cc(CNS(=O)(=O)c2ccc(O)c(c2)C(O)=O)sc1C(=O)N[C@@H](CC(O)=O)C=O |r|,
TCGA-62-8394-01,L858R,L858R,TCGA,TCGA,EGFR,L858R,other,0,0,1,0,0,0,0,1,0,1,279,6-[(4-Hydroxy-3-methyl-benzenesulfonylamino)methyl]-N-[1-(7-methoxy-benzooxazole-2-carbonyl)propyl]nicotinamide::5-{[(5-{[(2S)-3-carboxy-1-(7-methoxy-1,3-benzoxazol-2-yl)-1-oxopropan-2-yl]carbamoyl}pyridin-2-yl)methyl]sulfamoyl}-2-hydroxybenzoic acid::Pyridine Scaffold 61::Inhibitor 61,COc1cccc2nc(oc12)C(=O)[C@H](CC(O)=O)NC(=O)c1ccc(CNS(=O)(=O)c2ccc(O)c(c2)C(O)=O)nc1 |r|
TCGA-62-8394-01,L858R,L858R,TCGA,TCGA,EGFR,L858R,other,0,0,1,0,0,0,0,1,0,1,13534,VX680::N-[4-[[4-(4-methylpiperazino)-6-[(5-methyl-1H-pyrazol-3-yl)amino]pyrimidin-2-yl]thio]phenyl]cyclopropanecarboxamide::cyclopropane carboxylic acid {4-[4-(4-methyl-piperazin-1-yl)-6-(5-methyl-2H-pyrazol-3-ylamino)-pyrimidin-2ylsulphanyl]-phenyl}-amide::CHEMBL572878::N-[4-({4-[(3-methyl-1H-pyrazol-5-yl)amino]-6-(4-methylpiperazin-1-yl)pyrimidin-2-yl}sulfanyl)phenyl]cyclopropanecarboxamide::VX-680,CN1CCN(CC1)c1cc(Nc2cc(C)n[nH]2)nc(Sc2ccc(NC(=O)C3CC3)cc2)n1,
TCGA-62-8394-01,L858R,L858R,TCGA,TCGA,EGFR,L858R,other,0,0,1,0,0,0,0,1,0,1,13645,4-amino-3-[2-(2,4-dichlorophenyl)ethoxy]-N-{[1-(pyridin-4-yl)piperidin-4-yl]methyl}benzamide::3-Oxybenzamide 31,Nc1ccc(cc1OCCc1ccc(Cl)cc1Cl)C(=O)NCC1CCN(CC1)c1ccncc1
TCGA-62-8394-01,L858R,L858R,TCGA,TCGA,EGFR,L858R,other,0,0,1,0,0,0,0,1,0,1,24828,N-[2-(1H-indol-3-yl)ethyl][(naphthalen-2-ylmethyl)sulfanyl]carbothioamide::Brassinin derivative, 16,S=C(NCCc1c[nH]c2ccccc12)SCc1ccc2ccccc2c1
TCGA-62-8402-01,E746_A750del,Exon19,TCGA,TCGA,EGFR,other,deletion,1,1,0,0,0,0,0,1,0,1,260,5-{[(5-{[(2S)-1-carboxy-3-oxopropan-2-yl]carbamoyl}-4-methylthiophen-2-yl)methyl]sulfamoyl}-2-hydroxybenzoic acid::(S)-5-{[5-(1-Carboxymethyl-2-oxo-ethylcarbamoyl)-4-methyl-thiophen-2-ylmethyl]sulfamoyl}-2-hydroxy-benzoic Acid::Heterocyclic deriv. 69a::Inhibitor 69a,Cc1cc(CNS(=O)(=O)c2ccc(O)c(c2)C(O)=O)sc1C(=O)N[C@@H](CC(O)=O)C=O |r|,
TCGA-62-8402-01,E746_A750del,Exon19,TCGA,TCGA,EGFR,other,deletion,1,1,0,0,0,0,0,1,0,1,279,6-[(4-Hydroxy-3-methyl-benzenesulfonylamino)methyl]-N-[1-(7-methoxy-benzooxazole-2-carbonyl)propyl]nicotinamide::5-{[(5-{[(2S)-3-carboxy-1-(7-methoxy-1,3-benzoxazol-2-yl)-1-oxopropan-2-yl]carbamoyl}pyridin-2-yl)methyl]sulfamoyl}-2-hydroxybenzoic acid::Pyridine Scaffold 61::Inhibitor 61,COc1cccc2nc(oc12)C(=O)[C@H](CC(O)=O)NC(=O)c1ccc(CNS(=O)(=O)c2ccc(O)c(c2)C(O)=O)nc1 |r|
TCGA-62-8402-01,E746_A750del,Exon19,TCGA,TCGA,EGFR,other,deletion,1,1,0,0,0,0,0,1,0,1,13534,VX680::N-[4-[[4-(4-methylpiperazino)-6-[(5-methyl-1H-pyrazol-3-yl)amino]pyrimidin-2-yl]thio]phenyl]cyclopropanecarboxamide::cyclopropane carboxylic acid {4-[4-(4-methyl-piperazin-1-yl)-6-(5-methyl-2H-pyrazol-3-ylamino)-pyrimidin-2ylsulphanyl]-phenyl}-amide::CHEMBL572878::N-[4-({4-[(3-methyl-1H-pyrazol-5-yl)amino]-6-(4-methylpiperazin-1-yl)pyrimidin-2-yl}sulfanyl)phenyl]cyclopropanecarboxamide::VX-680,CN1CCN(CC1)c1cc(Nc2cc(C)n[nH]2)nc(Sc2ccc(NC(=O)C3CC3)cc2)n1,
TCGA-62-8402-01,E746_A750del,Exon19,TCGA,TCGA,EGFR,other,deletion,1,1,0,0,0,0,0,1,0,1,13645,4-amino-3-[2-(2,4-dichlorophenyl)ethoxy]-N-{[1-(pyridin-4-yl)piperidin-4-yl]methyl}benzamide::3-Oxybenzamide 31,Nc1ccc(cc1OCCc1ccc(Cl)cc1Cl)C(=O)NCC1CCN(CC1)c1ccncc1
TCGA-62-8402-01,E746_A750del,Exon19,TCGA,TCGA,EGFR,other,deletion,1,1,0,0,0,0,0,1,0,1,24828,N-[2-(1H-indol-3-yl)ethyl][(naphthalen-2-ylmethyl)sulfanyl]carbothioamide::Brassinin derivative, 16,S=C(NCCc1c[nH]c2ccccc12)SCc1ccc2ccccc2c1
TCGA-62-A46U-01,E746_A750del,Exon19,TCGA,TCGA,EGFR,other,deletion,1,1,0,0,0,0,0,1,0,1,260,5-{[(5-{[(2S)-1-carboxy-3-oxopropan-2-yl]carbamoyl}-4-methylthiophen-2-yl)methyl]sulfamoyl}-2-hydroxybenzoic acid::(S)-5-{[5-(1-Carboxymethyl-2-oxo-ethylcarbamoyl)-4-methyl-thiophen-2-ylmethyl]sulfamoyl}-2-hydroxy-benzoic Acid::Heterocyclic deriv. 69a::Inhibitor 69a,Cc1cc(CNS(=O)(=O)c2ccc(O)c(c2)C(O)=O)sc1C(=O)N[C@@H](CC(O)=O)C=O |r|,
TCGA-62-A46U-01,E746_A750del,Exon19,TCGA,TCGA,EGFR,other,deletion,1,1,0,0,0,0,0,1,0,1,279,6-[(4-Hydroxy-3-methyl-benzenesulfonylamino)methyl]-N-[1-(7-methoxy-benzooxazole-2-carbonyl)propyl]nicotinamide::5-{[(5-{[(2S)-3-carboxy-1-(7-methoxy-1,3-benzoxazol-2-yl)-1-oxopropan-2-yl]carbamoyl}pyridin-2-yl)methyl]sulfamoyl}-2-hydroxybenzoic acid::Pyridine Scaffold 61::Inhibitor 61,COc1cccc2nc(oc12)C(=O)[C@H](CC(O)=O)NC(=O)c1ccc(CNS(=O)(=O)c2ccc(O)c(c2)C(O)=O)nc1 |r|
TCGA-62-A46U-01,E746_A750del,Exon19,TCGA,TCGA,EGFR,other,deletion,1,1,0,0,0,0,0,1,0,1,13534,VX680::N-[4-[[4-(4-methylpiperazino)-6-[(5-methyl-1H-pyrazol-3-yl)amino]pyrimidin-2-yl]thio]phenyl]cyclopropanecarboxamide::cyclopropane carboxylic acid {4-[4-(4-methyl-piperazin-1-yl)-6-(5-methyl-2H-pyrazol-3-ylamino)-pyrimidin-2ylsulphanyl]-phenyl}-amide::CHEMBL572878::N-[4-({4-[(3-methyl-1H-pyrazol-5-yl)amino]-6-(4-methylpiperazin-1-yl)pyrimidin-2-yl}sulfanyl)phenyl]cyclopropanecarboxamide::VX-680,CN1CCN(CC1)c1cc(Nc2cc(C)n[nH]2)nc(Sc2ccc(NC(=O)C3CC3)cc2)n1,
TCGA-62-A46U-01,E746_A750del,Exon19,TCGA,TCGA,EGFR,other,deletion,1,1,0,0,0,0,0,1,0,1,13645,4-amino-3-[2-(2,4-dichlorophenyl)ethoxy]-N-{[1-(pyridin-4-yl)piperidin-4-yl]methyl}benzamide::3-Oxybenzamide 31,Nc1ccc(cc1OCCc1ccc(Cl)cc1Cl)C(=O)NCC1CCN(CC1)c1ccncc1
TCGA-62-A46U-01,E746_A750del,Exon19,TCGA,TCGA,EGFR,other,deletion,1,1,0,0,0,0,0,1,0,1,24828,N-[2-(1H-indol-3-yl)ethyl][(naphthalen-2-ylmethyl)sulfanyl]carbothioamide::Brassinin derivative, 16,S=C(NCCc1c[nH]c2ccccc12)SCc1ccc2ccccc2c1
TCGA-64-1681-01,L858R,L858R,TCGA,TCGA,EGFR,L858R,other,0,0,1,0,0,0,0,1,0,1,260,5-{[(5-{[(2S)-1-carboxy-3-oxopropan-2-yl]carbamoyl}-4-methylthiophen-2-yl)methyl]sulfamoyl}-2-hydroxybenzoic acid::(S)-5-{[5-(1-Carboxymethyl-2-oxo-ethylcarbamoyl)-4-methyl-thiophen-2-ylmethyl]sulfamoyl}-2-hydroxy-benzoic Acid::Heterocyclic deriv. 69a::Inhibitor 69a,Cc1cc(CNS(=O)(=O)c2ccc(O)c(c2)C(O)=O)sc1C(=O)N[C@@H](CC(O)=O)C=O |r|,
TCGA-64-1681-01,L858R,L858R,TCGA,TCGA,EGFR,L858R,other,0,0,1,0,0,0,0,1,0,1,279,6-[(4-Hydroxy-3-methyl-benzenesulfonylamino)methyl]-N-[1-(7-methoxy-benzooxazole-2-carbonyl)propyl]nicotinamide::5-{[(5-{[(2S)-3-carboxy-1-(7-methoxy-1,3-benzoxazol-2-yl)-1-oxopropan-2-yl]carbamoyl}pyridin-2-yl)methyl]sulfamoyl}-2-hydroxybenzoic acid::Pyridine Scaffold 61::Inhibitor 61,COc1cccc2nc(oc12)C(=O)[C@H](CC(O)=O)NC(=O)c1ccc(CNS(=O)(=O)c2ccc(O)c(c2)C(O)=O)nc1 |r|
TCGA-64-1681-01,L858R,L858R,TCGA,TCGA,EGFR,L858R,other,0,0,1,0,0,0,0,1,0,1,13534,VX680::N-[4-[[4-(4-methylpiperazino)-6-[(5-methyl-1H-pyrazol-3-yl)amino]pyrimidin-2-yl]thio]phenyl]cyclopropanecarboxamide::cyclopropane carboxylic acid {4-[4-(4-methyl-piperazin-1-yl)-6-(5-methyl-2H-pyrazol-3-ylamino)-pyrimidin-2ylsulphanyl]-phenyl}-amide::CHEMBL572878::N-[4-({4-[(3-methyl-1H-pyrazol-5-yl)amino]-6-(4-methylpiperazin-1-yl)pyrimidin-2-yl}sulfanyl)phenyl]cyclopropanecarboxamide::VX-680,CN1CCN(CC1)c1cc(Nc2cc(C)n[nH]2)nc(Sc2ccc(NC(=O)C3CC3)cc2)n1,
TCGA-64-1681-01,L858R,L858R,TCGA,TCGA,EGFR,L858R,other,0,0,1,0,0,0,0,1,0,1,13645,4-amino-3-[2-(2,4-dichlorophenyl)ethoxy]-N-{[1-(pyridin-4-yl)piperidin-4-yl]methyl}benzamide::3-Oxybenzamide 31,Nc1ccc(cc1OCCc1ccc(Cl)cc1Cl)C(=O)NCC1CCN(CC1)c1ccncc1
TCGA-64-1681-01,L858R,L858R,TCGA,TCGA,EGFR,L858R,other,0,0,1,0,0,0,0,1,0,1,24828,N-[2-(1H-indol-3-yl)ethyl][(naphthalen-2-ylmethyl)sulfanyl]carbothioamide::Brassinin derivative, 16,S=C(NCCc1c[nH]c2ccccc12)SCc1ccc2ccccc2c1
TCGA-67-3770-01,L858R,L858R,TCGA,TCGA,EGFR,L858R,other,0,0,1,0,0,0,0,1,0,1,260,5-{[(5-{[(2S)-1-carboxy-3-oxopropan-2-yl]carbamoyl}-4-methylthiophen-2-yl)methyl]sulfamoyl}-2-hydroxybenzoic acid::(S)-5-{[5-(1-Carboxymethyl-2-oxo-ethylcarbamoyl)-4-methyl-thiophen-2-ylmethyl]sulfamoyl}-2-hydroxy-benzoic Acid::Heterocyclic deriv. 69a::Inhibitor 69a,Cc1cc(CNS(=O)(=O)c2ccc(O)c(c2)C(O)=O)sc1C(=O)N[C@@H](CC(O)=O)C=O |r|,
TCGA-67-3770-01,L858R,L858R,TCGA,TCGA,EGFR,L858R,other,0,0,1,0,0,0,0,1,0,1,279,6-[(4-Hydroxy-3-methyl-benzenesulfonylamino)methyl]-N-[1-(7-methoxy-benzooxazole-2-carbonyl)propyl]nicotinamide::5-{[(5-{[(2S)-3-carboxy-1-(7-methoxy-1,3-benzoxazol-2-yl)-1-oxopropan-2-yl]carbamoyl}pyridin-2-yl)methyl]sulfamoyl}-2-hydroxybenzoic acid::Pyridine Scaffold 61::Inhibitor 61,COc1cccc2nc(oc12)C(=O)[C@H](CC(O)=O)NC(=O)c1ccc(CNS(=O)(=O)c2ccc(O)c(c2)C(O)=O)nc1 |r|
TCGA-67-3770-01,L858R,L858R,TCGA,TCGA,EGFR,L858R,other,0,0,1,0,0,0,0,1,0,1,13534,VX680::N-[4-[[4-(4-methylpiperazino)-6-[(5-methyl-1H-pyrazol-3-yl)amino]pyrimidin-2-yl]thio]phenyl]cyclopropanecarboxamide::cyclopropane carboxylic acid {4-[4-(4-methyl-piperazin-1-yl)-6-(5-methyl-2H-pyrazol-3-ylamino)-pyrimidin-2ylsulphanyl]-phenyl}-amide::CHEMBL572878::N-[4-({4-[(3-methyl-1H-pyrazol-5-yl)amino]-6-(4-methylpiperazin-1-yl)pyrimidin-2-yl}sulfanyl)phenyl]cyclopropanecarboxamide::VX-680,CN1CCN(CC1)c1cc(Nc2cc(C)n[nH]2)nc(Sc2ccc(NC(=O)C3CC3)cc2)n1,
TCGA-67-3770-01,L858R,L858R,TCGA,TCGA,EGFR,L858R,other,0,0,1,0,0,0,0,1,0,1,13645,4-amino-3-[2-(2,4-dichlorophenyl)ethoxy]-N-{[1-(pyridin-4-yl)piperidin-4-yl]methyl}benzamide::3-Oxybenzamide 31,Nc1ccc(cc1OCCc1ccc(Cl)cc1Cl)C(=O)NCC1CCN(CC1)c1ccncc1
TCGA-67-3770-01,L858R,L858R,TCGA,TCGA,EGFR,L858R,other,0,0,1,0,0,0,0,1,0,1,24828,N-[2-(1H-indol-3-yl)ethyl][(naphthalen-2-ylmethyl)sulfanyl]carbothioamide::Brassinin derivative, 16,S=C(NCCc1c[nH]c2ccccc12)SCc1ccc2ccccc2c1
TCGA-67-3772-01,L858R,L858R,TCGA,TCGA,EGFR,L858R,other,0,0,1,0,0,0,0,1,0,1,260,5-{[(5-{[(2S)-1-carboxy-3-oxopropan-2-yl]carbamoyl}-4-methylthiophen-2-yl)methyl]sulfamoyl}-2-hydroxybenzoic acid::(S)-5-{[5-(1-Carboxymethyl-2-oxo-ethylcarbamoyl)-4-methyl-thiophen-2-ylmethyl]sulfamoyl}-2-hydroxy-benzoic Acid::Heterocyclic deriv. 69a::Inhibitor 69a,Cc1cc(CNS(=O)(=O)c2ccc(O)c(c2)C(O)=O)sc1C(=O)N[C@@H](CC(O)=O)C=O |r|,
TCGA-67-3772-01,L858R,L858R,TCGA,TCGA,EGFR,L858R,other,0,0,1,0,0,0,0,1,0,1,279,6-[(4-Hydroxy-3-methyl-benzenesulfonylamino)methyl]-N-[1-(7-methoxy-benzooxazole-2-carbonyl)propyl]nicotinamide::5-{[(5-{[(2S)-3-carboxy-1-(7-methoxy-1,3-benzoxazol-2-yl)-1-oxopropan-2-yl]carbamoyl}pyridin-2-yl)methyl]sulfamoyl}-2-hydroxybenzoic acid::Pyridine Scaffold 61::Inhibitor 61,COc1cccc2nc(oc12)C(=O)[C@H](CC(O)=O)NC(=O)c1ccc(CNS(=O)(=O)c2ccc(O)c(c2)C(O)=O)nc1 |r|
TCGA-67-3772-01,L858R,L858R,TCGA,TCGA,EGFR,L858R,other,0,0,1,0,0,0,0,1,0,1,13534,VX680::N-[4-[[4-(4-methylpiperazino)-6-[(5-methyl-1H-pyrazol-3-yl)amino]pyrimidin-2-yl]thio]phenyl]cyclopropanecarboxamide::cyclopropane carboxylic acid {4-[4-(4-methyl-piperazin-1-yl)-6-(5-methyl-2H-pyrazol-3-ylamino)-pyrimidin-2ylsulphanyl]-phenyl}-amide::CHEMBL572878::N-[4-({4-[(3-methyl-1H-pyrazol-5-yl)amino]-6-(4-methylpiperazin-1-yl)pyrimidin-2-yl}sulfanyl)phenyl]cyclopropanecarboxamide::VX-680,CN1CCN(CC1)c1cc(Nc2cc(C)n[nH]2)nc(Sc2ccc(NC(=O)C3CC3)cc2)n1,
TCGA-67-3772-01,L858R,L858R,TCGA,TCGA,EGFR,L858R,other,0,0,1,0,0,0,0,1,0,1,13645,4-amino-3-[2-(2,4-dichlorophenyl)ethoxy]-N-{[1-(pyridin-4-yl)piperidin-4-yl]methyl}benzamide::3-Oxybenzamide 31,Nc1ccc(cc1OCCc1ccc(Cl)cc1Cl)C(=O)NCC1CCN(CC1)c1ccncc1
TCGA-67-3772-01,L858R,L858R,TCGA,TCGA,EGFR,L858R,other,0,0,1,0,0,0,0,1,0,1,24828,N-[2-(1H-indol-3-yl)ethyl][(naphthalen-2-ylmethyl)sulfanyl]carbothioamide::Brassinin derivative, 16,S=C(NCCc1c[nH]c2ccccc12)SCc1ccc2ccccc2c1
TCGA-67-6217-01,L858R,L858R,TCGA,TCGA,EGFR,L858R,other,0,0,1,0,0,0,0,1,0,1,260,5-{[(5-{[(2S)-1-carboxy-3-oxopropan-2-yl]carbamoyl}-4-methylthiophen-2-yl)methyl]sulfamoyl}-2-hydroxybenzoic acid::(S)-5-{[5-(1-Carboxymethyl-2-oxo-ethylcarbamoyl)-4-methyl-thiophen-2-ylmethyl]sulfamoyl}-2-hydroxy-benzoic Acid::Heterocyclic deriv. 69a::Inhibitor 69a,Cc1cc(CNS(=O)(=O)c2ccc(O)c(c2)C(O)=O)sc1C(=O)N[C@@H](CC(O)=O)C=O |r|,
TCGA-67-6217-01,L858R,L858R,TCGA,TCGA,EGFR,L858R,other,0,0,1,0,0,0,0,1,0,1,279,6-[(4-Hydroxy-3-methyl-benzenesulfonylamino)methyl]-N-[1-(7-methoxy-benzooxazole-2-carbonyl)propyl]nicotinamide::5-{[(5-{[(2S)-3-carboxy-1-(7-methoxy-1,3-benzoxazol-2-yl)-1-oxopropan-2-yl]carbamoyl}pyridin-2-yl)methyl]sulfamoyl}-2-hydroxybenzoic acid::Pyridine Scaffold 61::Inhibitor 61,COc1cccc2nc(oc12)C(=O)[C@H](CC(O)=O)NC(=O)c1ccc(CNS(=O)(=O)c2ccc(O)c(c2)C(O)=O)nc1 |r|
TCGA-67-6217-01,L858R,L858R,TCGA,TCGA,EGFR,L858R,other,0,0,1,0,0,0,0,1,0,1,13534,VX680::N-[4-[[4-(4-methylpiperazino)-6-[(5-methyl-1H-pyrazol-3-yl)amino]pyrimidin-2-yl]thio]phenyl]cyclopropanecarboxamide::cyclopropane carboxylic acid {4-[4-(4-methyl-piperazin-1-yl)-6-(5-methyl-2H-pyrazol-3-ylamino)-pyrimidin-2ylsulphanyl]-phenyl}-amide::CHEMBL572878::N-[4-({4-[(3-methyl-1H-pyrazol-5-yl)amino]-6-(4-methylpiperazin-1-yl)pyrimidin-2-yl}sulfanyl)phenyl]cyclopropanecarboxamide::VX-680,CN1CCN(CC1)c1cc(Nc2cc(C)n[nH]2)nc(Sc2ccc(NC(=O)C3CC3)cc2)n1,
TCGA-67-6217-01,L858R,L858R,TCGA,TCGA,EGFR,L858R,other,0,0,1,0,0,0,0,1,0,1,13645,4-amino-3-[2-(2,4-dichlorophenyl)ethoxy]-N-{[1-(pyridin-4-yl)piperidin-4-yl]methyl}benzamide::3-Oxybenzamide 31,Nc1ccc(cc1OCCc1ccc(Cl)cc1Cl)C(=O)NCC1CCN(CC1)c1ccncc1
TCGA-67-6217-01,L858R,L858R,TCGA,TCGA,EGFR,L858R,other,0,0,1,0,0,0,0,1,0,1,24828,N-[2-(1H-indol-3-yl)ethyl][(naphthalen-2-ylmethyl)sulfanyl]carbothioamide::Brassinin derivative, 16,S=C(NCCc1c[nH]c2ccccc12)SCc1ccc2ccccc2c1
TCGA-69-7760-01,E709_T710delinsD,Exon19,TCGA,TCGA,EGFR,other,deletion,1,0,0,0,0,0,1,1,0,0,260,5-{[(5-{[(2S)-1-carboxy-3-oxopropan-2-yl]carbamoyl}-4-methylthiophen-2-yl)methyl]sulfamoyl}-2-hydroxybenzoic acid::(S)-5-{[5-(1-Carboxymethyl-2-oxo-ethylcarbamoyl)-4-methyl-thiophen-2-ylmethyl]sulfamoyl}-2-hydroxy-benzoic Acid::Heterocyclic deriv. 69a::Inhibitor 69a,Cc1cc(CNS(=O)(=O)c2ccc(O)c(c2)C(O)=O)sc1C(=O)N[C@@H](CC(O)=O)C=O |r|,
TCGA-69-7760-01,E709_T710delinsD,Exon19,TCGA,TCGA,EGFR,other,deletion,1,0,0,0,0,0,1,1,0,0,279,6-[(4-Hydroxy-3-methyl-benzenesulfonylamino)methyl]-N-[1-(7-methoxy-benzooxazole-2-carbonyl)propyl]nicotinamide::5-{[(5-{[(2S)-3-carboxy-1-(7-methoxy-1,3-benzoxazol-2-yl)-1-oxopropan-2-yl]carbamoyl}pyridin-2-yl)methyl]sulfamoyl}-2-hydroxybenzoic acid::Pyridine Scaffold 61::Inhibitor 61,COc1cccc2nc(oc12)C(=O)[C@H](CC(O)=O)NC(=O)c1ccc(CNS(=O)(=O)c2ccc(O)c(c2)C(O)=O)nc1 |r|
TCGA-69-7760-01,E709_T710delinsD,Exon19,TCGA,TCGA,EGFR,other,deletion,1,0,0,0,0,0,1,1,0,0,13534,VX680::N-[4-[[4-(4-methylpiperazino)-6-[(5-methyl-1H-pyrazol-3-yl)amino]pyrimidin-2-yl]thio]phenyl]cyclopropanecarboxamide::cyclopropane carboxylic acid {4-[4-(4-methyl-piperazin-1-yl)-6-(5-methyl-2H-pyrazol-3-ylamino)-pyrimidin-2ylsulphanyl]-phenyl}-amide::CHEMBL572878::N-[4-({4-[(3-methyl-1H-pyrazol-5-yl)amino]-6-(4-methylpiperazin-1-yl)pyrimidin-2-yl}sulfanyl)phenyl]cyclopropanecarboxamide::VX-680,CN1CCN(CC1)c1cc(Nc2cc(C)n[nH]2)nc(Sc2ccc(NC(=O)C3CC3)cc2)n1,
TCGA-69-7760-01,E709_T710delinsD,Exon19,TCGA,TCGA,EGFR,other,deletion,1,0,0,0,0,0,1,1,0,0,13645,4-amino-3-[2-(2,4-dichlorophenyl)ethoxy]-N-{[1-(pyridin-4-yl)piperidin-4-yl]methyl}benzamide::3-Oxybenzamide 31,Nc1ccc(cc1OCCc1ccc(Cl)cc1Cl)C(=O)NCC1CCN(CC1)c1ccncc1
TCGA-69-7760-01,E709_T710delinsD,Exon19,TCGA,TCGA,EGFR,other,deletion,1,0,0,0,0,0,1,1,0,0,24828,N-[2-(1H-indol-3-yl)ethyl][(naphthalen-2-ylmethyl)sulfanyl]carbothioamide::Brassinin derivative, 16,S=C(NCCc1c[nH]c2ccccc12)SCc1ccc2ccccc2c1
TCGA-69-7765-01,Q486*,Other,TCGA,TCGA,EGFR,other,other,0,0,0,0,0,0,1,1,0,0,260,5-{[(5-{[(2S)-1-carboxy-3-oxopropan-2-yl]carbamoyl}-4-methylthiophen-2-yl)methyl]sulfamoyl}-2-hydroxybenzoic acid::(S)-5-{[5-(1-Carboxymethyl-2-oxo-ethylcarbamoyl)-4-methyl-thiophen-2-ylmethyl]sulfamoyl}-2-hydroxy-benzoic Acid::Heterocyclic deriv. 69a::Inhibitor 69a,Cc1cc(CNS(=O)(=O)c2ccc(O)c(c2)C(O)=O)sc1C(=O)N[C@@H](CC(O)=O)C=O |r|,
TCGA-69-7765-01,Q486*,Other,TCGA,TCGA,EGFR,other,other,0,0,0,0,0,0,1,1,0,0,279,6-[(4-Hydroxy-3-methyl-benzenesulfonylamino)methyl]-N-[1-(7-methoxy-benzooxazole-2-carbonyl)propyl]nicotinamide::5-{[(5-{[(2S)-3-carboxy-1-(7-methoxy-1,3-benzoxazol-2-yl)-1-oxopropan-2-yl]carbamoyl}pyridin-2-yl)methyl]sulfamoyl}-2-hydroxybenzoic acid::Pyridine Scaffold 61::Inhibitor 61,COc1cccc2nc(oc12)C(=O)[C@H](CC(O)=O)NC(=O)c1ccc(CNS(=O)(=O)c2ccc(O)c(c2)C(O)=O)nc1 |r|
TCGA-69-7765-01,Q486*,Other,TCGA,TCGA,EGFR,other,other,0,0,0,0,0,0,1,1,0,0,13534,VX680::N-[4-[[4-(4-methylpiperazino)-6-[(5-methyl-1H-pyrazol-3-yl)amino]pyrimidin-2-yl]thio]phenyl]cyclopropanecarboxamide::cyclopropane carboxylic acid {4-[4-(4-methyl-piperazin-1-yl)-6-(5-methyl-2H-pyrazol-3-ylamino)-pyrimidin-2ylsulphanyl]-phenyl}-amide::CHEMBL572878::N-[4-({4-[(3-methyl-1H-pyrazol-5-yl)amino]-6-(4-methylpiperazin-1-yl)pyrimidin-2-yl}sulfanyl)phenyl]cyclopropanecarboxamide::VX-680,CN1CCN(CC1)c1cc(Nc2cc(C)n[nH]2)nc(Sc2ccc(NC(=O)C3CC3)cc2)n1,
TCGA-69-7765-01,Q486*,Other,TCGA,TCGA,EGFR,other,other,0,0,0,0,0,0,1,1,0,0,13645,4-amino-3-[2-(2,4-dichlorophenyl)ethoxy]-N-{[1-(pyridin-4-yl)piperidin-4-yl]methyl}benzamide::3-Oxybenzamide 31,Nc1ccc(cc1OCCc1ccc(Cl)cc1Cl)C(=O)NCC1CCN(CC1)c1ccncc1
TCGA-69-7765-01,Q486*,Other,TCGA,TCGA,EGFR,other,other,0,0,0,0,0,0,1,1,0,0,24828,N-[2-(1H-indol-3-yl)ethyl][(naphthalen-2-ylmethyl)sulfanyl]carbothioamide::Brassinin derivative, 16,S=C(NCCc1c[nH]c2ccccc12)SCc1ccc2ccccc2c1
TCGA-71-8520-01,L62R L858R,L858R,TCGA,TCGA,EGFR,L858R,other,0,0,1,0,0,0,1,2,1,1,260,5-{[(5-{[(2S)-1-carboxy-3-oxopropan-2-yl]carbamoyl}-4-methylthiophen-2-yl)methyl]sulfamoyl}-2-hydroxybenzoic acid::(S)-5-{[5-(1-Carboxymethyl-2-oxo-ethylcarbamoyl)-4-methyl-thiophen-2-ylmethyl]sulfamoyl}-2-hydroxy-benzoic Acid::Heterocyclic deriv. 69a::Inhibitor 69a,Cc1cc(CNS(=O)(=O)c2ccc(O)c(c2)C(O)=O)sc1C(=O)N[C@@H](CC(O)=O)C=O |r|,
TCGA-71-8520-01,L62R L858R,L858R,TCGA,TCGA,EGFR,L858R,other,0,0,1,0,0,0,1,2,1,1,279,6-[(4-Hydroxy-3-methyl-benzenesulfonylamino)methyl]-N-[1-(7-methoxy-benzooxazole-2-carbonyl)propyl]nicotinamide::5-{[(5-{[(2S)-3-carboxy-1-(7-methoxy-1,3-benzoxazol-2-yl)-1-oxopropan-2-yl]carbamoyl}pyridin-2-yl)methyl]sulfamoyl}-2-hydroxybenzoic acid::Pyridine Scaffold 61::Inhibitor 61,COc1cccc2nc(oc12)C(=O)[C@H](CC(O)=O)NC(=O)c1ccc(CNS(=O)(=O)c2ccc(O)c(c2)C(O)=O)nc1 |r|
TCGA-71-8520-01,L62R L858R,L858R,TCGA,TCGA,EGFR,L858R,other,0,0,1,0,0,0,1,2,1,1,13534,VX680::N-[4-[[4-(4-methylpiperazino)-6-[(5-methyl-1H-pyrazol-3-yl)amino]pyrimidin-2-yl]thio]phenyl]cyclopropanecarboxamide::cyclopropane carboxylic acid {4-[4-(4-methyl-piperazin-1-yl)-6-(5-methyl-2H-pyrazol-3-ylamino)-pyrimidin-2ylsulphanyl]-phenyl}-amide::CHEMBL572878::N-[4-({4-[(3-methyl-1H-pyrazol-5-yl)amino]-6-(4-methylpiperazin-1-yl)pyrimidin-2-yl}sulfanyl)phenyl]cyclopropanecarboxamide::VX-680,CN1CCN(CC1)c1cc(Nc2cc(C)n[nH]2)nc(Sc2ccc(NC(=O)C3CC3)cc2)n1,
TCGA-71-8520-01,L62R L858R,L858R,TCGA,TCGA,EGFR,L858R,other,0,0,1,0,0,0,1,2,1,1,13645,4-amino-3-[2-(2,4-dichlorophenyl)ethoxy]-N-{[1-(pyridin-4-yl)piperidin-4-yl]methyl}benzamide::3-Oxybenzamide 31,Nc1ccc(cc1OCCc1ccc(Cl)cc1Cl)C(=O)NCC1CCN(CC1)c1ccncc1
TCGA-71-8520-01,L62R L858R,L858R,TCGA,TCGA,EGFR,L858R,other,0,0,1,0,0,0,1,2,1,1,24828,N-[2-(1H-indol-3-yl)ethyl][(naphthalen-2-ylmethyl)sulfanyl]carbothioamide::Brassinin derivative, 16,S=C(NCCc1c[nH]c2ccccc12)SCc1ccc2ccccc2c1
TCGA-75-6207-01,E746_A750del,Exon19,TCGA,TCGA,EGFR,other,deletion,1,1,0,0,0,0,0,1,0,1,260,5-{[(5-{[(2S)-1-carboxy-3-oxopropan-2-yl]carbamoyl}-4-methylthiophen-2-yl)methyl]sulfamoyl}-2-hydroxybenzoic acid::(S)-5-{[5-(1-Carboxymethyl-2-oxo-ethylcarbamoyl)-4-methyl-thiophen-2-ylmethyl]sulfamoyl}-2-hydroxy-benzoic Acid::Heterocyclic deriv. 69a::Inhibitor 69a,Cc1cc(CNS(=O)(=O)c2ccc(O)c(c2)C(O)=O)sc1C(=O)N[C@@H](CC(O)=O)C=O |r|,
TCGA-75-6207-01,E746_A750del,Exon19,TCGA,TCGA,EGFR,other,deletion,1,1,0,0,0,0,0,1,0,1,279,6-[(4-Hydroxy-3-methyl-benzenesulfonylamino)methyl]-N-[1-(7-methoxy-benzooxazole-2-carbonyl)propyl]nicotinamide::5-{[(5-{[(2S)-3-carboxy-1-(7-methoxy-1,3-benzoxazol-2-yl)-1-oxopropan-2-yl]carbamoyl}pyridin-2-yl)methyl]sulfamoyl}-2-hydroxybenzoic acid::Pyridine Scaffold 61::Inhibitor 61,COc1cccc2nc(oc12)C(=O)[C@H](CC(O)=O)NC(=O)c1ccc(CNS(=O)(=O)c2ccc(O)c(c2)C(O)=O)nc1 |r|
TCGA-75-6207-01,E746_A750del,Exon19,TCGA,TCGA,EGFR,other,deletion,1,1,0,0,0,0,0,1,0,1,13534,VX680::N-[4-[[4-(4-methylpiperazino)-6-[(5-methyl-1H-pyrazol-3-yl)amino]pyrimidin-2-yl]thio]phenyl]cyclopropanecarboxamide::cyclopropane carboxylic acid {4-[4-(4-methyl-piperazin-1-yl)-6-(5-methyl-2H-pyrazol-3-ylamino)-pyrimidin-2ylsulphanyl]-phenyl}-amide::CHEMBL572878::N-[4-({4-[(3-methyl-1H-pyrazol-5-yl)amino]-6-(4-methylpiperazin-1-yl)pyrimidin-2-yl}sulfanyl)phenyl]cyclopropanecarboxamide::VX-680,CN1CCN(CC1)c1cc(Nc2cc(C)n[nH]2)nc(Sc2ccc(NC(=O)C3CC3)cc2)n1,
TCGA-75-6207-01,E746_A750del,Exon19,TCGA,TCGA,EGFR,other,deletion,1,1,0,0,0,0,0,1,0,1,13645,4-amino-3-[2-(2,4-dichlorophenyl)ethoxy]-N-{[1-(pyridin-4-yl)piperidin-4-yl]methyl}benzamide::3-Oxybenzamide 31,Nc1ccc(cc1OCCc1ccc(Cl)cc1Cl)C(=O)NCC1CCN(CC1)c1ccncc1
TCGA-75-6207-01,E746_A750del,Exon19,TCGA,TCGA,EGFR,other,deletion,1,1,0,0,0,0,0,1,0,1,24828,N-[2-(1H-indol-3-yl)ethyl][(naphthalen-2-ylmethyl)sulfanyl]carbothioamide::Brassinin derivative, 16,S=C(NCCc1c[nH]c2ccccc12)SCc1ccc2ccccc2c1
TCGA-75-6212-01,L747_A750delinsP,Exon19,TCGA,TCGA,EGFR,other,deletion,1,1,0,0,0,0,0,1,0,1,260,5-{[(5-{[(2S)-1-carboxy-3-oxopropan-2-yl]carbamoyl}-4-methylthiophen-2-yl)methyl]sulfamoyl}-2-hydroxybenzoic acid::(S)-5-{[5-(1-Carboxymethyl-2-oxo-ethylcarbamoyl)-4-methyl-thiophen-2-ylmethyl]sulfamoyl}-2-hydroxy-benzoic Acid::Heterocyclic deriv. 69a::Inhibitor 69a,Cc1cc(CNS(=O)(=O)c2ccc(O)c(c2)C(O)=O)sc1C(=O)N[C@@H](CC(O)=O)C=O |r|,
TCGA-75-6212-01,L747_A750delinsP,Exon19,TCGA,TCGA,EGFR,other,deletion,1,1,0,0,0,0,0,1,0,1,279,6-[(4-Hydroxy-3-methyl-benzenesulfonylamino)methyl]-N-[1-(7-methoxy-benzooxazole-2-carbonyl)propyl]nicotinamide::5-{[(5-{[(2S)-3-carboxy-1-(7-methoxy-1,3-benzoxazol-2-yl)-1-oxopropan-2-yl]carbamoyl}pyridin-2-yl)methyl]sulfamoyl}-2-hydroxybenzoic acid::Pyridine Scaffold 61::Inhibitor 61,COc1cccc2nc(oc12)C(=O)[C@H](CC(O)=O)NC(=O)c1ccc(CNS(=O)(=O)c2ccc(O)c(c2)C(O)=O)nc1 |r|
TCGA-75-6212-01,L747_A750delinsP,Exon19,TCGA,TCGA,EGFR,other,deletion,1,1,0,0,0,0,0,1,0,1,13534,VX680::N-[4-[[4-(4-methylpiperazino)-6-[(5-methyl-1H-pyrazol-3-yl)amino]pyrimidin-2-yl]thio]phenyl]cyclopropanecarboxamide::cyclopropane carboxylic acid {4-[4-(4-methyl-piperazin-1-yl)-6-(5-methyl-2H-pyrazol-3-ylamino)-pyrimidin-2ylsulphanyl]-phenyl}-amide::CHEMBL572878::N-[4-({4-[(3-methyl-1H-pyrazol-5-yl)amino]-6-(4-methylpiperazin-1-yl)pyrimidin-2-yl}sulfanyl)phenyl]cyclopropanecarboxamide::VX-680,CN1CCN(CC1)c1cc(Nc2cc(C)n[nH]2)nc(Sc2ccc(NC(=O)C3CC3)cc2)n1,
TCGA-75-6212-01,L747_A750delinsP,Exon19,TCGA,TCGA,EGFR,other,deletion,1,1,0,0,0,0,0,1,0,1,13645,4-amino-3-[2-(2,4-dichlorophenyl)ethoxy]-N-{[1-(pyridin-4-yl)piperidin-4-yl]methyl}benzamide::3-Oxybenzamide 31,Nc1ccc(cc1OCCc1ccc(Cl)cc1Cl)C(=O)NCC1CCN(CC1)c1ccncc1
TCGA-75-6212-01,L747_A750delinsP,Exon19,TCGA,TCGA,EGFR,other,deletion,1,1,0,0,0,0,0,1,0,1,24828,N-[2-(1H-indol-3-yl)ethyl][(naphthalen-2-ylmethyl)sulfanyl]carbothioamide::Brassinin derivative, 16,S=C(NCCc1c[nH]c2ccccc12)SCc1ccc2ccccc2c1
TCGA-75-7025-01,E746_A750del,Exon19,TCGA,TCGA,EGFR,other,deletion,1,1,0,0,0,0,0,1,0,1,260,5-{[(5-{[(2S)-1-carboxy-3-oxopropan-2-yl]carbamoyl}-4-methylthiophen-2-yl)methyl]sulfamoyl}-2-hydroxybenzoic acid::(S)-5-{[5-(1-Carboxymethyl-2-oxo-ethylcarbamoyl)-4-methyl-thiophen-2-ylmethyl]sulfamoyl}-2-hydroxy-benzoic Acid::Heterocyclic deriv. 69a::Inhibitor 69a,Cc1cc(CNS(=O)(=O)c2ccc(O)c(c2)C(O)=O)sc1C(=O)N[C@@H](CC(O)=O)C=O |r|,
TCGA-75-7025-01,E746_A750del,Exon19,TCGA,TCGA,EGFR,other,deletion,1,1,0,0,0,0,0,1,0,1,279,6-[(4-Hydroxy-3-methyl-benzenesulfonylamino)methyl]-N-[1-(7-methoxy-benzooxazole-2-carbonyl)propyl]nicotinamide::5-{[(5-{[(2S)-3-carboxy-1-(7-methoxy-1,3-benzoxazol-2-yl)-1-oxopropan-2-yl]carbamoyl}pyridin-2-yl)methyl]sulfamoyl}-2-hydroxybenzoic acid::Pyridine Scaffold 61::Inhibitor 61,COc1cccc2nc(oc12)C(=O)[C@H](CC(O)=O)NC(=O)c1ccc(CNS(=O)(=O)c2ccc(O)c(c2)C(O)=O)nc1 |r|
TCGA-75-7025-01,E746_A750del,Exon19,TCGA,TCGA,EGFR,other,deletion,1,1,0,0,0,0,0,1,0,1,13534,VX680::N-[4-[[4-(4-methylpiperazino)-6-[(5-methyl-1H-pyrazol-3-yl)amino]pyrimidin-2-yl]thio]phenyl]cyclopropanecarboxamide::cyclopropane carboxylic acid {4-[4-(4-methyl-piperazin-1-yl)-6-(5-methyl-2H-pyrazol-3-ylamino)-pyrimidin-2ylsulphanyl]-phenyl}-amide::CHEMBL572878::N-[4-({4-[(3-methyl-1H-pyrazol-5-yl)amino]-6-(4-methylpiperazin-1-yl)pyrimidin-2-yl}sulfanyl)phenyl]cyclopropanecarboxamide::VX-680,CN1CCN(CC1)c1cc(Nc2cc(C)n[nH]2)nc(Sc2ccc(NC(=O)C3CC3)cc2)n1,
TCGA-75-7025-01,E746_A750del,Exon19,TCGA,TCGA,EGFR,other,deletion,1,1,0,0,0,0,0,1,0,1,13645,4-amino-3-[2-(2,4-dichlorophenyl)ethoxy]-N-{[1-(pyridin-4-yl)piperidin-4-yl]methyl}benzamide::3-Oxybenzamide 31,Nc1ccc(cc1OCCc1ccc(Cl)cc1Cl)C(=O)NCC1CCN(CC1)c1ccncc1
TCGA-75-7025-01,E746_A750del,Exon19,TCGA,TCGA,EGFR,other,deletion,1,1,0,0,0,0,0,1,0,1,24828,N-[2-(1H-indol-3-yl)ethyl][(naphthalen-2-ylmethyl)sulfanyl]carbothioamide::Brassinin derivative, 16,S=C(NCCc1c[nH]c2ccccc12)SCc1ccc2ccccc2c1
TCGA-78-7147-01,L861Q D1083Efs*11 L387M,Other,TCGA,TCGA,EGFR,other,other,0,0,0,1,0,0,1,3,1,1,260,5-{[(5-{[(2S)-1-carboxy-3-oxopropan-2-yl]carbamoyl}-4-methylthiophen-2-yl)methyl]sulfamoyl}-2-hydroxybenzoic acid::(S)-5-{[5-(1-Carboxymethyl-2-oxo-ethylcarbamoyl)-4-methyl-thiophen-2-ylmethyl]sulfamoyl}-2-hydroxy-benzoic Acid::Heterocyclic deriv. 69a::Inhibitor 69a,Cc1cc(CNS(=O)(=O)c2ccc(O)c(c2)C(O)=O)sc1C(=O)N[C@@H](CC(O)=O)C=O |r|,
TCGA-78-7147-01,L861Q D1083Efs*11 L387M,Other,TCGA,TCGA,EGFR,other,other,0,0,0,1,0,0,1,3,1,1,279,6-[(4-Hydroxy-3-methyl-benzenesulfonylamino)methyl]-N-[1-(7-methoxy-benzooxazole-2-carbonyl)propyl]nicotinamide::5-{[(5-{[(2S)-3-carboxy-1-(7-methoxy-1,3-benzoxazol-2-yl)-1-oxopropan-2-yl]carbamoyl}pyridin-2-yl)methyl]sulfamoyl}-2-hydroxybenzoic acid::Pyridine Scaffold 61::Inhibitor 61,COc1cccc2nc(oc12)C(=O)[C@H](CC(O)=O)NC(=O)c1ccc(CNS(=O)(=O)c2ccc(O)c(c2)C(O)=O)nc1 |r|
TCGA-78-7147-01,L861Q D1083Efs*11 L387M,Other,TCGA,TCGA,EGFR,other,other,0,0,0,1,0,0,1,3,1,1,13534,VX680::N-[4-[[4-(4-methylpiperazino)-6-[(5-methyl-1H-pyrazol-3-yl)amino]pyrimidin-2-yl]thio]phenyl]cyclopropanecarboxamide::cyclopropane carboxylic acid {4-[4-(4-methyl-piperazin-1-yl)-6-(5-methyl-2H-pyrazol-3-ylamino)-pyrimidin-2ylsulphanyl]-phenyl}-amide::CHEMBL572878::N-[4-({4-[(3-methyl-1H-pyrazol-5-yl)amino]-6-(4-methylpiperazin-1-yl)pyrimidin-2-yl}sulfanyl)phenyl]cyclopropanecarboxamide::VX-680,CN1CCN(CC1)c1cc(Nc2cc(C)n[nH]2)nc(Sc2ccc(NC(=O)C3CC3)cc2)n1,
TCGA-78-7147-01,L861Q D1083Efs*11 L387M,Other,TCGA,TCGA,EGFR,other,other,0,0,0,1,0,0,1,3,1,1,13645,4-amino-3-[2-(2,4-dichlorophenyl)ethoxy]-N-{[1-(pyridin-4-yl)piperidin-4-yl]methyl}benzamide::3-Oxybenzamide 31,Nc1ccc(cc1OCCc1ccc(Cl)cc1Cl)C(=O)NCC1CCN(CC1)c1ccncc1
TCGA-78-7147-01,L861Q D1083Efs*11 L387M,Other,TCGA,TCGA,EGFR,other,other,0,0,0,1,0,0,1,3,1,1,24828,N-[2-(1H-indol-3-yl)ethyl][(naphthalen-2-ylmethyl)sulfanyl]carbothioamide::Brassinin derivative, 16,S=C(NCCc1c[nH]c2ccccc12)SCc1ccc2ccccc2c1
TCGA-78-7155-01,K754I G901V Q432H,Other,TCGA,TCGA,EGFR,other,other,0,0,0,0,0,0,1,3,1,0,260,5-{[(5-{[(2S)-1-carboxy-3-oxopropan-2-yl]carbamoyl}-4-methylthiophen-2-yl)methyl]sulfamoyl}-2-hydroxybenzoic acid::(S)-5-{[5-(1-Carboxymethyl-2-oxo-ethylcarbamoyl)-4-methyl-thiophen-2-ylmethyl]sulfamoyl}-2-hydroxy-benzoic Acid::Heterocyclic deriv. 69a::Inhibitor 69a,Cc1cc(CNS(=O)(=O)c2ccc(O)c(c2)C(O)=O)sc1C(=O)N[C@@H](CC(O)=O)C=O |r|,
TCGA-78-7155-01,K754I G901V Q432H,Other,TCGA,TCGA,EGFR,other,other,0,0,0,0,0,0,1,3,1,0,279,6-[(4-Hydroxy-3-methyl-benzenesulfonylamino)methyl]-N-[1-(7-methoxy-benzooxazole-2-carbonyl)propyl]nicotinamide::5-{[(5-{[(2S)-3-carboxy-1-(7-methoxy-1,3-benzoxazol-2-yl)-1-oxopropan-2-yl]carbamoyl}pyridin-2-yl)methyl]sulfamoyl}-2-hydroxybenzoic acid::Pyridine Scaffold 61::Inhibitor 61,COc1cccc2nc(oc12)C(=O)[C@H](CC(O)=O)NC(=O)c1ccc(CNS(=O)(=O)c2ccc(O)c(c2)C(O)=O)nc1 |r|
TCGA-78-7155-01,K754I G901V Q432H,Other,TCGA,TCGA,EGFR,other,other,0,0,0,0,0,0,1,3,1,0,13534,VX680::N-[4-[[4-(4-methylpiperazino)-6-[(5-methyl-1H-pyrazol-3-yl)amino]pyrimidin-2-yl]thio]phenyl]cyclopropanecarboxamide::cyclopropane carboxylic acid {4-[4-(4-methyl-piperazin-1-yl)-6-(5-methyl-2H-pyrazol-3-ylamino)-pyrimidin-2ylsulphanyl]-phenyl}-amide::CHEMBL572878::N-[4-({4-[(3-methyl-1H-pyrazol-5-yl)amino]-6-(4-methylpiperazin-1-yl)pyrimidin-2-yl}sulfanyl)phenyl]cyclopropanecarboxamide::VX-680,CN1CCN(CC1)c1cc(Nc2cc(C)n[nH]2)nc(Sc2ccc(NC(=O)C3CC3)cc2)n1,
TCGA-78-7155-01,K754I G901V Q432H,Other,TCGA,TCGA,EGFR,other,other,0,0,0,0,0,0,1,3,1,0,13645,4-amino-3-[2-(2,4-dichlorophenyl)ethoxy]-N-{[1-(pyridin-4-yl)piperidin-4-yl]methyl}benzamide::3-Oxybenzamide 31,Nc1ccc(cc1OCCc1ccc(Cl)cc1Cl)C(=O)NCC1CCN(CC1)c1ccncc1
TCGA-78-7155-01,K754I G901V Q432H,Other,TCGA,TCGA,EGFR,other,other,0,0,0,0,0,0,1,3,1,0,24828,N-[2-(1H-indol-3-yl)ethyl][(naphthalen-2-ylmethyl)sulfanyl]carbothioamide::Brassinin derivative, 16,S=C(NCCc1c[nH]c2ccccc12)SCc1ccc2ccccc2c1
TCGA-78-7158-01,L907M,Other,TCGA,TCGA,EGFR,other,other,0,0,0,0,0,0,1,1,0,0,260,5-{[(5-{[(2S)-1-carboxy-3-oxopropan-2-yl]carbamoyl}-4-methylthiophen-2-yl)methyl]sulfamoyl}-2-hydroxybenzoic acid::(S)-5-{[5-(1-Carboxymethyl-2-oxo-ethylcarbamoyl)-4-methyl-thiophen-2-ylmethyl]sulfamoyl}-2-hydroxy-benzoic Acid::Heterocyclic deriv. 69a::Inhibitor 69a,Cc1cc(CNS(=O)(=O)c2ccc(O)c(c2)C(O)=O)sc1C(=O)N[C@@H](CC(O)=O)C=O |r|,
TCGA-78-7158-01,L907M,Other,TCGA,TCGA,EGFR,other,other,0,0,0,0,0,0,1,1,0,0,279,6-[(4-Hydroxy-3-methyl-benzenesulfonylamino)methyl]-N-[1-(7-methoxy-benzooxazole-2-carbonyl)propyl]nicotinamide::5-{[(5-{[(2S)-3-carboxy-1-(7-methoxy-1,3-benzoxazol-2-yl)-1-oxopropan-2-yl]carbamoyl}pyridin-2-yl)methyl]sulfamoyl}-2-hydroxybenzoic acid::Pyridine Scaffold 61::Inhibitor 61,COc1cccc2nc(oc12)C(=O)[C@H](CC(O)=O)NC(=O)c1ccc(CNS(=O)(=O)c2ccc(O)c(c2)C(O)=O)nc1 |r|
TCGA-78-7158-01,L907M,Other,TCGA,TCGA,EGFR,other,other,0,0,0,0,0,0,1,1,0,0,13534,VX680::N-[4-[[4-(4-methylpiperazino)-6-[(5-methyl-1H-pyrazol-3-yl)amino]pyrimidin-2-yl]thio]phenyl]cyclopropanecarboxamide::cyclopropane carboxylic acid {4-[4-(4-methyl-piperazin-1-yl)-6-(5-methyl-2H-pyrazol-3-ylamino)-pyrimidin-2ylsulphanyl]-phenyl}-amide::CHEMBL572878::N-[4-({4-[(3-methyl-1H-pyrazol-5-yl)amino]-6-(4-methylpiperazin-1-yl)pyrimidin-2-yl}sulfanyl)phenyl]cyclopropanecarboxamide::VX-680,CN1CCN(CC1)c1cc(Nc2cc(C)n[nH]2)nc(Sc2ccc(NC(=O)C3CC3)cc2)n1,
TCGA-78-7158-01,L907M,Other,TCGA,TCGA,EGFR,other,other,0,0,0,0,0,0,1,1,0,0,13645,4-amino-3-[2-(2,4-dichlorophenyl)ethoxy]-N-{[1-(pyridin-4-yl)piperidin-4-yl]methyl}benzamide::3-Oxybenzamide 31,Nc1ccc(cc1OCCc1ccc(Cl)cc1Cl)C(=O)NCC1CCN(CC1)c1ccncc1
TCGA-78-7158-01,L907M,Other,TCGA,TCGA,EGFR,other,other,0,0,0,0,0,0,1,1,0,0,24828,N-[2-(1H-indol-3-yl)ethyl][(naphthalen-2-ylmethyl)sulfanyl]carbothioamide::Brassinin derivative, 16,S=C(NCCc1c[nH]c2ccccc12)SCc1ccc2ccccc2c1
TCGA-86-8055-01,L858R,L858R,TCGA,TCGA,EGFR,L858R,other,0,0,1,0,0,0,0,1,0,1,260,5-{[(5-{[(2S)-1-carboxy-3-oxopropan-2-yl]carbamoyl}-4-methylthiophen-2-yl)methyl]sulfamoyl}-2-hydroxybenzoic acid::(S)-5-{[5-(1-Carboxymethyl-2-oxo-ethylcarbamoyl)-4-methyl-thiophen-2-ylmethyl]sulfamoyl}-2-hydroxy-benzoic Acid::Heterocyclic deriv. 69a::Inhibitor 69a,Cc1cc(CNS(=O)(=O)c2ccc(O)c(c2)C(O)=O)sc1C(=O)N[C@@H](CC(O)=O)C=O |r|,
TCGA-86-8055-01,L858R,L858R,TCGA,TCGA,EGFR,L858R,other,0,0,1,0,0,0,0,1,0,1,279,6-[(4-Hydroxy-3-methyl-benzenesulfonylamino)methyl]-N-[1-(7-methoxy-benzooxazole-2-carbonyl)propyl]nicotinamide::5-{[(5-{[(2S)-3-carboxy-1-(7-methoxy-1,3-benzoxazol-2-yl)-1-oxopropan-2-yl]carbamoyl}pyridin-2-yl)methyl]sulfamoyl}-2-hydroxybenzoic acid::Pyridine Scaffold 61::Inhibitor 61,COc1cccc2nc(oc12)C(=O)[C@H](CC(O)=O)NC(=O)c1ccc(CNS(=O)(=O)c2ccc(O)c(c2)C(O)=O)nc1 |r|
TCGA-86-8055-01,L858R,L858R,TCGA,TCGA,EGFR,L858R,other,0,0,1,0,0,0,0,1,0,1,13534,VX680::N-[4-[[4-(4-methylpiperazino)-6-[(5-methyl-1H-pyrazol-3-yl)amino]pyrimidin-2-yl]thio]phenyl]cyclopropanecarboxamide::cyclopropane carboxylic acid {4-[4-(4-methyl-piperazin-1-yl)-6-(5-methyl-2H-pyrazol-3-ylamino)-pyrimidin-2ylsulphanyl]-phenyl}-amide::CHEMBL572878::N-[4-({4-[(3-methyl-1H-pyrazol-5-yl)amino]-6-(4-methylpiperazin-1-yl)pyrimidin-2-yl}sulfanyl)phenyl]cyclopropanecarboxamide::VX-680,CN1CCN(CC1)c1cc(Nc2cc(C)n[nH]2)nc(Sc2ccc(NC(=O)C3CC3)cc2)n1,
TCGA-86-8055-01,L858R,L858R,TCGA,TCGA,EGFR,L858R,other,0,0,1,0,0,0,0,1,0,1,13645,4-amino-3-[2-(2,4-dichlorophenyl)ethoxy]-N-{[1-(pyridin-4-yl)piperidin-4-yl]methyl}benzamide::3-Oxybenzamide 31,Nc1ccc(cc1OCCc1ccc(Cl)cc1Cl)C(=O)NCC1CCN(CC1)c1ccncc1
TCGA-86-8055-01,L858R,L858R,TCGA,TCGA,EGFR,L858R,other,0,0,1,0,0,0,0,1,0,1,24828,N-[2-(1H-indol-3-yl)ethyl][(naphthalen-2-ylmethyl)sulfanyl]carbothioamide::Brassinin derivative, 16,S=C(NCCc1c[nH]c2ccccc12)SCc1ccc2ccccc2c1
TCGA-86-8074-01,E746_A750del,Exon19,TCGA,TCGA,EGFR,other,deletion,1,1,0,0,0,0,0,1,0,1,260,5-{[(5-{[(2S)-1-carboxy-3-oxopropan-2-yl]carbamoyl}-4-methylthiophen-2-yl)methyl]sulfamoyl}-2-hydroxybenzoic acid::(S)-5-{[5-(1-Carboxymethyl-2-oxo-ethylcarbamoyl)-4-methyl-thiophen-2-ylmethyl]sulfamoyl}-2-hydroxy-benzoic Acid::Heterocyclic deriv. 69a::Inhibitor 69a,Cc1cc(CNS(=O)(=O)c2ccc(O)c(c2)C(O)=O)sc1C(=O)N[C@@H](CC(O)=O)C=O |r|,
TCGA-86-8074-01,E746_A750del,Exon19,TCGA,TCGA,EGFR,other,deletion,1,1,0,0,0,0,0,1,0,1,279,6-[(4-Hydroxy-3-methyl-benzenesulfonylamino)methyl]-N-[1-(7-methoxy-benzooxazole-2-carbonyl)propyl]nicotinamide::5-{[(5-{[(2S)-3-carboxy-1-(7-methoxy-1,3-benzoxazol-2-yl)-1-oxopropan-2-yl]carbamoyl}pyridin-2-yl)methyl]sulfamoyl}-2-hydroxybenzoic acid::Pyridine Scaffold 61::Inhibitor 61,COc1cccc2nc(oc12)C(=O)[C@H](CC(O)=O)NC(=O)c1ccc(CNS(=O)(=O)c2ccc(O)c(c2)C(O)=O)nc1 |r|
TCGA-86-8074-01,E746_A750del,Exon19,TCGA,TCGA,EGFR,other,deletion,1,1,0,0,0,0,0,1,0,1,13534,VX680::N-[4-[[4-(4-methylpiperazino)-6-[(5-methyl-1H-pyrazol-3-yl)amino]pyrimidin-2-yl]thio]phenyl]cyclopropanecarboxamide::cyclopropane carboxylic acid {4-[4-(4-methyl-piperazin-1-yl)-6-(5-methyl-2H-pyrazol-3-ylamino)-pyrimidin-2ylsulphanyl]-phenyl}-amide::CHEMBL572878::N-[4-({4-[(3-methyl-1H-pyrazol-5-yl)amino]-6-(4-methylpiperazin-1-yl)pyrimidin-2-yl}sulfanyl)phenyl]cyclopropanecarboxamide::VX-680,CN1CCN(CC1)c1cc(Nc2cc(C)n[nH]2)nc(Sc2ccc(NC(=O)C3CC3)cc2)n1,
TCGA-86-8074-01,E746_A750del,Exon19,TCGA,TCGA,EGFR,other,deletion,1,1,0,0,0,0,0,1,0,1,13645,4-amino-3-[2-(2,4-dichlorophenyl)ethoxy]-N-{[1-(pyridin-4-yl)piperidin-4-yl]methyl}benzamide::3-Oxybenzamide 31,Nc1ccc(cc1OCCc1ccc(Cl)cc1Cl)C(=O)NCC1CCN(CC1)c1ccncc1
TCGA-86-8074-01,E746_A750del,Exon19,TCGA,TCGA,EGFR,other,deletion,1,1,0,0,0,0,0,1,0,1,24828,N-[2-(1H-indol-3-yl)ethyl][(naphthalen-2-ylmethyl)sulfanyl]carbothioamide::Brassinin derivative, 16,S=C(NCCc1c[nH]c2ccccc12)SCc1ccc2ccccc2c1
TCGA-86-8075-01,L858R,L858R,TCGA,TCGA,EGFR,L858R,other,0,0,1,0,0,0,0,1,0,1,260,5-{[(5-{[(2S)-1-carboxy-3-oxopropan-2-yl]carbamoyl}-4-methylthiophen-2-yl)methyl]sulfamoyl}-2-hydroxybenzoic acid::(S)-5-{[5-(1-Carboxymethyl-2-oxo-ethylcarbamoyl)-4-methyl-thiophen-2-ylmethyl]sulfamoyl}-2-hydroxy-benzoic Acid::Heterocyclic deriv. 69a::Inhibitor 69a,Cc1cc(CNS(=O)(=O)c2ccc(O)c(c2)C(O)=O)sc1C(=O)N[C@@H](CC(O)=O)C=O |r|,
TCGA-86-8075-01,L858R,L858R,TCGA,TCGA,EGFR,L858R,other,0,0,1,0,0,0,0,1,0,1,279,6-[(4-Hydroxy-3-methyl-benzenesulfonylamino)methyl]-N-[1-(7-methoxy-benzooxazole-2-carbonyl)propyl]nicotinamide::5-{[(5-{[(2S)-3-carboxy-1-(7-methoxy-1,3-benzoxazol-2-yl)-1-oxopropan-2-yl]carbamoyl}pyridin-2-yl)methyl]sulfamoyl}-2-hydroxybenzoic acid::Pyridine Scaffold 61::Inhibitor 61,COc1cccc2nc(oc12)C(=O)[C@H](CC(O)=O)NC(=O)c1ccc(CNS(=O)(=O)c2ccc(O)c(c2)C(O)=O)nc1 |r|
TCGA-86-8075-01,L858R,L858R,TCGA,TCGA,EGFR,L858R,other,0,0,1,0,0,0,0,1,0,1,13534,VX680::N-[4-[[4-(4-methylpiperazino)-6-[(5-methyl-1H-pyrazol-3-yl)amino]pyrimidin-2-yl]thio]phenyl]cyclopropanecarboxamide::cyclopropane carboxylic acid {4-[4-(4-methyl-piperazin-1-yl)-6-(5-methyl-2H-pyrazol-3-ylamino)-pyrimidin-2ylsulphanyl]-phenyl}-amide::CHEMBL572878::N-[4-({4-[(3-methyl-1H-pyrazol-5-yl)amino]-6-(4-methylpiperazin-1-yl)pyrimidin-2-yl}sulfanyl)phenyl]cyclopropanecarboxamide::VX-680,CN1CCN(CC1)c1cc(Nc2cc(C)n[nH]2)nc(Sc2ccc(NC(=O)C3CC3)cc2)n1,
TCGA-86-8075-01,L858R,L858R,TCGA,TCGA,EGFR,L858R,other,0,0,1,0,0,0,0,1,0,1,13645,4-amino-3-[2-(2,4-dichlorophenyl)ethoxy]-N-{[1-(pyridin-4-yl)piperidin-4-yl]methyl}benzamide::3-Oxybenzamide 31,Nc1ccc(cc1OCCc1ccc(Cl)cc1Cl)C(=O)NCC1CCN(CC1)c1ccncc1
TCGA-86-8075-01,L858R,L858R,TCGA,TCGA,EGFR,L858R,other,0,0,1,0,0,0,0,1,0,1,24828,N-[2-(1H-indol-3-yl)ethyl][(naphthalen-2-ylmethyl)sulfanyl]carbothioamide::Brassinin derivative, 16,S=C(NCCc1c[nH]c2ccccc12)SCc1ccc2ccccc2c1
TCGA-86-8280-01,E746_A750del,Exon19,TCGA,TCGA,EGFR,other,deletion,1,1,0,0,0,0,0,1,0,1,260,5-{[(5-{[(2S)-1-carboxy-3-oxopropan-2-yl]carbamoyl}-4-methylthiophen-2-yl)methyl]sulfamoyl}-2-hydroxybenzoic acid::(S)-5-{[5-(1-Carboxymethyl-2-oxo-ethylcarbamoyl)-4-methyl-thiophen-2-ylmethyl]sulfamoyl}-2-hydroxy-benzoic Acid::Heterocyclic deriv. 69a::Inhibitor 69a,Cc1cc(CNS(=O)(=O)c2ccc(O)c(c2)C(O)=O)sc1C(=O)N[C@@H](CC(O)=O)C=O |r|,
TCGA-86-8280-01,E746_A750del,Exon19,TCGA,TCGA,EGFR,other,deletion,1,1,0,0,0,0,0,1,0,1,279,6-[(4-Hydroxy-3-methyl-benzenesulfonylamino)methyl]-N-[1-(7-methoxy-benzooxazole-2-carbonyl)propyl]nicotinamide::5-{[(5-{[(2S)-3-carboxy-1-(7-methoxy-1,3-benzoxazol-2-yl)-1-oxopropan-2-yl]carbamoyl}pyridin-2-yl)methyl]sulfamoyl}-2-hydroxybenzoic acid::Pyridine Scaffold 61::Inhibitor 61,COc1cccc2nc(oc12)C(=O)[C@H](CC(O)=O)NC(=O)c1ccc(CNS(=O)(=O)c2ccc(O)c(c2)C(O)=O)nc1 |r|
TCGA-86-8280-01,E746_A750del,Exon19,TCGA,TCGA,EGFR,other,deletion,1,1,0,0,0,0,0,1,0,1,13534,VX680::N-[4-[[4-(4-methylpiperazino)-6-[(5-methyl-1H-pyrazol-3-yl)amino]pyrimidin-2-yl]thio]phenyl]cyclopropanecarboxamide::cyclopropane carboxylic acid {4-[4-(4-methyl-piperazin-1-yl)-6-(5-methyl-2H-pyrazol-3-ylamino)-pyrimidin-2ylsulphanyl]-phenyl}-amide::CHEMBL572878::N-[4-({4-[(3-methyl-1H-pyrazol-5-yl)amino]-6-(4-methylpiperazin-1-yl)pyrimidin-2-yl}sulfanyl)phenyl]cyclopropanecarboxamide::VX-680,CN1CCN(CC1)c1cc(Nc2cc(C)n[nH]2)nc(Sc2ccc(NC(=O)C3CC3)cc2)n1,
TCGA-86-8280-01,E746_A750del,Exon19,TCGA,TCGA,EGFR,other,deletion,1,1,0,0,0,0,0,1,0,1,13645,4-amino-3-[2-(2,4-dichlorophenyl)ethoxy]-N-{[1-(pyridin-4-yl)piperidin-4-yl]methyl}benzamide::3-Oxybenzamide 31,Nc1ccc(cc1OCCc1ccc(Cl)cc1Cl)C(=O)NCC1CCN(CC1)c1ccncc1
TCGA-86-8280-01,E746_A750del,Exon19,TCGA,TCGA,EGFR,other,deletion,1,1,0,0,0,0,0,1,0,1,24828,N-[2-(1H-indol-3-yl)ethyl][(naphthalen-2-ylmethyl)sulfanyl]carbothioamide::Brassinin derivative, 16,S=C(NCCc1c[nH]c2ccccc12)SCc1ccc2ccccc2c1
TCGA-86-8668-01,L858R,L858R,TCGA,TCGA,EGFR,L858R,other,0,0,1,0,0,0,0,1,0,1,260,5-{[(5-{[(2S)-1-carboxy-3-oxopropan-2-yl]carbamoyl}-4-methylthiophen-2-yl)methyl]sulfamoyl}-2-hydroxybenzoic acid::(S)-5-{[5-(1-Carboxymethyl-2-oxo-ethylcarbamoyl)-4-methyl-thiophen-2-ylmethyl]sulfamoyl}-2-hydroxy-benzoic Acid::Heterocyclic deriv. 69a::Inhibitor 69a,Cc1cc(CNS(=O)(=O)c2ccc(O)c(c2)C(O)=O)sc1C(=O)N[C@@H](CC(O)=O)C=O |r|,
TCGA-86-8668-01,L858R,L858R,TCGA,TCGA,EGFR,L858R,other,0,0,1,0,0,0,0,1,0,1,279,6-[(4-Hydroxy-3-methyl-benzenesulfonylamino)methyl]-N-[1-(7-methoxy-benzooxazole-2-carbonyl)propyl]nicotinamide::5-{[(5-{[(2S)-3-carboxy-1-(7-methoxy-1,3-benzoxazol-2-yl)-1-oxopropan-2-yl]carbamoyl}pyridin-2-yl)methyl]sulfamoyl}-2-hydroxybenzoic acid::Pyridine Scaffold 61::Inhibitor 61,COc1cccc2nc(oc12)C(=O)[C@H](CC(O)=O)NC(=O)c1ccc(CNS(=O)(=O)c2ccc(O)c(c2)C(O)=O)nc1 |r|
TCGA-86-8668-01,L858R,L858R,TCGA,TCGA,EGFR,L858R,other,0,0,1,0,0,0,0,1,0,1,13534,VX680::N-[4-[[4-(4-methylpiperazino)-6-[(5-methyl-1H-pyrazol-3-yl)amino]pyrimidin-2-yl]thio]phenyl]cyclopropanecarboxamide::cyclopropane carboxylic acid {4-[4-(4-methyl-piperazin-1-yl)-6-(5-methyl-2H-pyrazol-3-ylamino)-pyrimidin-2ylsulphanyl]-phenyl}-amide::CHEMBL572878::N-[4-({4-[(3-methyl-1H-pyrazol-5-yl)amino]-6-(4-methylpiperazin-1-yl)pyrimidin-2-yl}sulfanyl)phenyl]cyclopropanecarboxamide::VX-680,CN1CCN(CC1)c1cc(Nc2cc(C)n[nH]2)nc(Sc2ccc(NC(=O)C3CC3)cc2)n1,
TCGA-86-8668-01,L858R,L858R,TCGA,TCGA,EGFR,L858R,other,0,0,1,0,0,0,0,1,0,1,13645,4-amino-3-[2-(2,4-dichlorophenyl)ethoxy]-N-{[1-(pyridin-4-yl)piperidin-4-yl]methyl}benzamide::3-Oxybenzamide 31,Nc1ccc(cc1OCCc1ccc(Cl)cc1Cl)C(=O)NCC1CCN(CC1)c1ccncc1
TCGA-86-8668-01,L858R,L858R,TCGA,TCGA,EGFR,L858R,other,0,0,1,0,0,0,0,1,0,1,24828,N-[2-(1H-indol-3-yl)ethyl][(naphthalen-2-ylmethyl)sulfanyl]carbothioamide::Brassinin derivative, 16,S=C(NCCc1c[nH]c2ccccc12)SCc1ccc2ccccc2c1
TCGA-86-A4P7-01,E709_T710delinsD,Exon19,TCGA,TCGA,EGFR,other,deletion,1,0,0,0,0,0,1,1,0,0,260,5-{[(5-{[(2S)-1-carboxy-3-oxopropan-2-yl]carbamoyl}-4-methylthiophen-2-yl)methyl]sulfamoyl}-2-hydroxybenzoic acid::(S)-5-{[5-(1-Carboxymethyl-2-oxo-ethylcarbamoyl)-4-methyl-thiophen-2-ylmethyl]sulfamoyl}-2-hydroxy-benzoic Acid::Heterocyclic deriv. 69a::Inhibitor 69a,Cc1cc(CNS(=O)(=O)c2ccc(O)c(c2)C(O)=O)sc1C(=O)N[C@@H](CC(O)=O)C=O |r|,
TCGA-86-A4P7-01,E709_T710delinsD,Exon19,TCGA,TCGA,EGFR,other,deletion,1,0,0,0,0,0,1,1,0,0,279,6-[(4-Hydroxy-3-methyl-benzenesulfonylamino)methyl]-N-[1-(7-methoxy-benzooxazole-2-carbonyl)propyl]nicotinamide::5-{[(5-{[(2S)-3-carboxy-1-(7-methoxy-1,3-benzoxazol-2-yl)-1-oxopropan-2-yl]carbamoyl}pyridin-2-yl)methyl]sulfamoyl}-2-hydroxybenzoic acid::Pyridine Scaffold 61::Inhibitor 61,COc1cccc2nc(oc12)C(=O)[C@H](CC(O)=O)NC(=O)c1ccc(CNS(=O)(=O)c2ccc(O)c(c2)C(O)=O)nc1 |r|
TCGA-86-A4P7-01,E709_T710delinsD,Exon19,TCGA,TCGA,EGFR,other,deletion,1,0,0,0,0,0,1,1,0,0,13534,VX680::N-[4-[[4-(4-methylpiperazino)-6-[(5-methyl-1H-pyrazol-3-yl)amino]pyrimidin-2-yl]thio]phenyl]cyclopropanecarboxamide::cyclopropane carboxylic acid {4-[4-(4-methyl-piperazin-1-yl)-6-(5-methyl-2H-pyrazol-3-ylamino)-pyrimidin-2ylsulphanyl]-phenyl}-amide::CHEMBL572878::N-[4-({4-[(3-methyl-1H-pyrazol-5-yl)amino]-6-(4-methylpiperazin-1-yl)pyrimidin-2-yl}sulfanyl)phenyl]cyclopropanecarboxamide::VX-680,CN1CCN(CC1)c1cc(Nc2cc(C)n[nH]2)nc(Sc2ccc(NC(=O)C3CC3)cc2)n1,
TCGA-86-A4P7-01,E709_T710delinsD,Exon19,TCGA,TCGA,EGFR,other,deletion,1,0,0,0,0,0,1,1,0,0,13645,4-amino-3-[2-(2,4-dichlorophenyl)ethoxy]-N-{[1-(pyridin-4-yl)piperidin-4-yl]methyl}benzamide::3-Oxybenzamide 31,Nc1ccc(cc1OCCc1ccc(Cl)cc1Cl)C(=O)NCC1CCN(CC1)c1ccncc1
TCGA-86-A4P7-01,E709_T710delinsD,Exon19,TCGA,TCGA,EGFR,other,deletion,1,0,0,0,0,0,1,1,0,0,24828,N-[2-(1H-indol-3-yl)ethyl][(naphthalen-2-ylmethyl)sulfanyl]carbothioamide::Brassinin derivative, 16,S=C(NCCc1c[nH]c2ccccc12)SCc1ccc2ccccc2c1
TCGA-91-6835-01,L858R,L858R,TCGA,TCGA,EGFR,L858R,other,0,0,1,0,0,0,0,1,0,1,260,5-{[(5-{[(2S)-1-carboxy-3-oxopropan-2-yl]carbamoyl}-4-methylthiophen-2-yl)methyl]sulfamoyl}-2-hydroxybenzoic acid::(S)-5-{[5-(1-Carboxymethyl-2-oxo-ethylcarbamoyl)-4-methyl-thiophen-2-ylmethyl]sulfamoyl}-2-hydroxy-benzoic Acid::Heterocyclic deriv. 69a::Inhibitor 69a,Cc1cc(CNS(=O)(=O)c2ccc(O)c(c2)C(O)=O)sc1C(=O)N[C@@H](CC(O)=O)C=O |r|,
TCGA-91-6835-01,L858R,L858R,TCGA,TCGA,EGFR,L858R,other,0,0,1,0,0,0,0,1,0,1,279,6-[(4-Hydroxy-3-methyl-benzenesulfonylamino)methyl]-N-[1-(7-methoxy-benzooxazole-2-carbonyl)propyl]nicotinamide::5-{[(5-{[(2S)-3-carboxy-1-(7-methoxy-1,3-benzoxazol-2-yl)-1-oxopropan-2-yl]carbamoyl}pyridin-2-yl)methyl]sulfamoyl}-2-hydroxybenzoic acid::Pyridine Scaffold 61::Inhibitor 61,COc1cccc2nc(oc12)C(=O)[C@H](CC(O)=O)NC(=O)c1ccc(CNS(=O)(=O)c2ccc(O)c(c2)C(O)=O)nc1 |r|
TCGA-91-6835-01,L858R,L858R,TCGA,TCGA,EGFR,L858R,other,0,0,1,0,0,0,0,1,0,1,13534,VX680::N-[4-[[4-(4-methylpiperazino)-6-[(5-methyl-1H-pyrazol-3-yl)amino]pyrimidin-2-yl]thio]phenyl]cyclopropanecarboxamide::cyclopropane carboxylic acid {4-[4-(4-methyl-piperazin-1-yl)-6-(5-methyl-2H-pyrazol-3-ylamino)-pyrimidin-2ylsulphanyl]-phenyl}-amide::CHEMBL572878::N-[4-({4-[(3-methyl-1H-pyrazol-5-yl)amino]-6-(4-methylpiperazin-1-yl)pyrimidin-2-yl}sulfanyl)phenyl]cyclopropanecarboxamide::VX-680,CN1CCN(CC1)c1cc(Nc2cc(C)n[nH]2)nc(Sc2ccc(NC(=O)C3CC3)cc2)n1,
TCGA-91-6835-01,L858R,L858R,TCGA,TCGA,EGFR,L858R,other,0,0,1,0,0,0,0,1,0,1,13645,4-amino-3-[2-(2,4-dichlorophenyl)ethoxy]-N-{[1-(pyridin-4-yl)piperidin-4-yl]methyl}benzamide::3-Oxybenzamide 31,Nc1ccc(cc1OCCc1ccc(Cl)cc1Cl)C(=O)NCC1CCN(CC1)c1ccncc1
TCGA-91-6835-01,L858R,L858R,TCGA,TCGA,EGFR,L858R,other,0,0,1,0,0,0,0,1,0,1,24828,N-[2-(1H-indol-3-yl)ethyl][(naphthalen-2-ylmethyl)sulfanyl]carbothioamide::Brassinin derivative, 16,S=C(NCCc1c[nH]c2ccccc12)SCc1ccc2ccccc2c1
TCGA-93-A4JP-01,L861Q,Other,TCGA,TCGA,EGFR,other,other,0,0,0,1,0,0,0,1,0,1,260,5-{[(5-{[(2S)-1-carboxy-3-oxopropan-2-yl]carbamoyl}-4-methylthiophen-2-yl)methyl]sulfamoyl}-2-hydroxybenzoic acid::(S)-5-{[5-(1-Carboxymethyl-2-oxo-ethylcarbamoyl)-4-methyl-thiophen-2-ylmethyl]sulfamoyl}-2-hydroxy-benzoic Acid::Heterocyclic deriv. 69a::Inhibitor 69a,Cc1cc(CNS(=O)(=O)c2ccc(O)c(c2)C(O)=O)sc1C(=O)N[C@@H](CC(O)=O)C=O |r|,
TCGA-93-A4JP-01,L861Q,Other,TCGA,TCGA,EGFR,other,other,0,0,0,1,0,0,0,1,0,1,279,6-[(4-Hydroxy-3-methyl-benzenesulfonylamino)methyl]-N-[1-(7-methoxy-benzooxazole-2-carbonyl)propyl]nicotinamide::5-{[(5-{[(2S)-3-carboxy-1-(7-methoxy-1,3-benzoxazol-2-yl)-1-oxopropan-2-yl]carbamoyl}pyridin-2-yl)methyl]sulfamoyl}-2-hydroxybenzoic acid::Pyridine Scaffold 61::Inhibitor 61,COc1cccc2nc(oc12)C(=O)[C@H](CC(O)=O)NC(=O)c1ccc(CNS(=O)(=O)c2ccc(O)c(c2)C(O)=O)nc1 |r|
TCGA-93-A4JP-01,L861Q,Other,TCGA,TCGA,EGFR,other,other,0,0,0,1,0,0,0,1,0,1,13534,VX680::N-[4-[[4-(4-methylpiperazino)-6-[(5-methyl-1H-pyrazol-3-yl)amino]pyrimidin-2-yl]thio]phenyl]cyclopropanecarboxamide::cyclopropane carboxylic acid {4-[4-(4-methyl-piperazin-1-yl)-6-(5-methyl-2H-pyrazol-3-ylamino)-pyrimidin-2ylsulphanyl]-phenyl}-amide::CHEMBL572878::N-[4-({4-[(3-methyl-1H-pyrazol-5-yl)amino]-6-(4-methylpiperazin-1-yl)pyrimidin-2-yl}sulfanyl)phenyl]cyclopropanecarboxamide::VX-680,CN1CCN(CC1)c1cc(Nc2cc(C)n[nH]2)nc(Sc2ccc(NC(=O)C3CC3)cc2)n1,
TCGA-93-A4JP-01,L861Q,Other,TCGA,TCGA,EGFR,other,other,0,0,0,1,0,0,0,1,0,1,13645,4-amino-3-[2-(2,4-dichlorophenyl)ethoxy]-N-{[1-(pyridin-4-yl)piperidin-4-yl]methyl}benzamide::3-Oxybenzamide 31,Nc1ccc(cc1OCCc1ccc(Cl)cc1Cl)C(=O)NCC1CCN(CC1)c1ccncc1
TCGA-93-A4JP-01,L861Q,Other,TCGA,TCGA,EGFR,other,other,0,0,0,1,0,0,0,1,0,1,24828,N-[2-(1H-indol-3-yl)ethyl][(naphthalen-2-ylmethyl)sulfanyl]carbothioamide::Brassinin derivative, 16,S=C(NCCc1c[nH]c2ccccc12)SCc1ccc2ccccc2c1
TCGA-95-7039-01,S921R,Other,TCGA,TCGA,EGFR,other,other,0,0,0,0,0,0,1,1,0,0,260,5-{[(5-{[(2S)-1-carboxy-3-oxopropan-2-yl]carbamoyl}-4-methylthiophen-2-yl)methyl]sulfamoyl}-2-hydroxybenzoic acid::(S)-5-{[5-(1-Carboxymethyl-2-oxo-ethylcarbamoyl)-4-methyl-thiophen-2-ylmethyl]sulfamoyl}-2-hydroxy-benzoic Acid::Heterocyclic deriv. 69a::Inhibitor 69a,Cc1cc(CNS(=O)(=O)c2ccc(O)c(c2)C(O)=O)sc1C(=O)N[C@@H](CC(O)=O)C=O |r|,
TCGA-95-7039-01,S921R,Other,TCGA,TCGA,EGFR,other,other,0,0,0,0,0,0,1,1,0,0,279,6-[(4-Hydroxy-3-methyl-benzenesulfonylamino)methyl]-N-[1-(7-methoxy-benzooxazole-2-carbonyl)propyl]nicotinamide::5-{[(5-{[(2S)-3-carboxy-1-(7-methoxy-1,3-benzoxazol-2-yl)-1-oxopropan-2-yl]carbamoyl}pyridin-2-yl)methyl]sulfamoyl}-2-hydroxybenzoic acid::Pyridine Scaffold 61::Inhibitor 61,COc1cccc2nc(oc12)C(=O)[C@H](CC(O)=O)NC(=O)c1ccc(CNS(=O)(=O)c2ccc(O)c(c2)C(O)=O)nc1 |r|
TCGA-95-7039-01,S921R,Other,TCGA,TCGA,EGFR,other,other,0,0,0,0,0,0,1,1,0,0,13534,VX680::N-[4-[[4-(4-methylpiperazino)-6-[(5-methyl-1H-pyrazol-3-yl)amino]pyrimidin-2-yl]thio]phenyl]cyclopropanecarboxamide::cyclopropane carboxylic acid {4-[4-(4-methyl-piperazin-1-yl)-6-(5-methyl-2H-pyrazol-3-ylamino)-pyrimidin-2ylsulphanyl]-phenyl}-amide::CHEMBL572878::N-[4-({4-[(3-methyl-1H-pyrazol-5-yl)amino]-6-(4-methylpiperazin-1-yl)pyrimidin-2-yl}sulfanyl)phenyl]cyclopropanecarboxamide::VX-680,CN1CCN(CC1)c1cc(Nc2cc(C)n[nH]2)nc(Sc2ccc(NC(=O)C3CC3)cc2)n1,
TCGA-95-7039-01,S921R,Other,TCGA,TCGA,EGFR,other,other,0,0,0,0,0,0,1,1,0,0,13645,4-amino-3-[2-(2,4-dichlorophenyl)ethoxy]-N-{[1-(pyridin-4-yl)piperidin-4-yl]methyl}benzamide::3-Oxybenzamide 31,Nc1ccc(cc1OCCc1ccc(Cl)cc1Cl)C(=O)NCC1CCN(CC1)c1ccncc1
TCGA-95-7039-01,S921R,Other,TCGA,TCGA,EGFR,other,other,0,0,0,0,0,0,1,1,0,0,24828,N-[2-(1H-indol-3-yl)ethyl][(naphthalen-2-ylmethyl)sulfanyl]carbothioamide::Brassinin derivative, 16,S=C(NCCc1c[nH]c2ccccc12)SCc1ccc2ccccc2c1
TCGA-95-7947-01,I91V R1052I,Other,TCGA,TCGA,EGFR,other,other,0,0,0,0,0,0,1,2,1,0,260,5-{[(5-{[(2S)-1-carboxy-3-oxopropan-2-yl]carbamoyl}-4-methylthiophen-2-yl)methyl]sulfamoyl}-2-hydroxybenzoic acid::(S)-5-{[5-(1-Carboxymethyl-2-oxo-ethylcarbamoyl)-4-methyl-thiophen-2-ylmethyl]sulfamoyl}-2-hydroxy-benzoic Acid::Heterocyclic deriv. 69a::Inhibitor 69a,Cc1cc(CNS(=O)(=O)c2ccc(O)c(c2)C(O)=O)sc1C(=O)N[C@@H](CC(O)=O)C=O |r|,
TCGA-95-7947-01,I91V R1052I,Other,TCGA,TCGA,EGFR,other,other,0,0,0,0,0,0,1,2,1,0,279,6-[(4-Hydroxy-3-methyl-benzenesulfonylamino)methyl]-N-[1-(7-methoxy-benzooxazole-2-carbonyl)propyl]nicotinamide::5-{[(5-{[(2S)-3-carboxy-1-(7-methoxy-1,3-benzoxazol-2-yl)-1-oxopropan-2-yl]carbamoyl}pyridin-2-yl)methyl]sulfamoyl}-2-hydroxybenzoic acid::Pyridine Scaffold 61::Inhibitor 61,COc1cccc2nc(oc12)C(=O)[C@H](CC(O)=O)NC(=O)c1ccc(CNS(=O)(=O)c2ccc(O)c(c2)C(O)=O)nc1 |r|
TCGA-95-7947-01,I91V R1052I,Other,TCGA,TCGA,EGFR,other,other,0,0,0,0,0,0,1,2,1,0,13534,VX680::N-[4-[[4-(4-methylpiperazino)-6-[(5-methyl-1H-pyrazol-3-yl)amino]pyrimidin-2-yl]thio]phenyl]cyclopropanecarboxamide::cyclopropane carboxylic acid {4-[4-(4-methyl-piperazin-1-yl)-6-(5-methyl-2H-pyrazol-3-ylamino)-pyrimidin-2ylsulphanyl]-phenyl}-amide::CHEMBL572878::N-[4-({4-[(3-methyl-1H-pyrazol-5-yl)amino]-6-(4-methylpiperazin-1-yl)pyrimidin-2-yl}sulfanyl)phenyl]cyclopropanecarboxamide::VX-680,CN1CCN(CC1)c1cc(Nc2cc(C)n[nH]2)nc(Sc2ccc(NC(=O)C3CC3)cc2)n1,
TCGA-95-7947-01,I91V R1052I,Other,TCGA,TCGA,EGFR,other,other,0,0,0,0,0,0,1,2,1,0,13645,4-amino-3-[2-(2,4-dichlorophenyl)ethoxy]-N-{[1-(pyridin-4-yl)piperidin-4-yl]methyl}benzamide::3-Oxybenzamide 31,Nc1ccc(cc1OCCc1ccc(Cl)cc1Cl)C(=O)NCC1CCN(CC1)c1ccncc1
TCGA-95-7947-01,I91V R1052I,Other,TCGA,TCGA,EGFR,other,other,0,0,0,0,0,0,1,2,1,0,24828,N-[2-(1H-indol-3-yl)ethyl][(naphthalen-2-ylmethyl)sulfanyl]carbothioamide::Brassinin derivative, 16,S=C(NCCc1c[nH]c2ccccc12)SCc1ccc2ccccc2c1
TCGA-97-8171-01,E746_A750del,Exon19,TCGA,TCGA,EGFR,other,deletion,1,1,0,0,0,0,0,1,0,1,260,5-{[(5-{[(2S)-1-carboxy-3-oxopropan-2-yl]carbamoyl}-4-methylthiophen-2-yl)methyl]sulfamoyl}-2-hydroxybenzoic acid::(S)-5-{[5-(1-Carboxymethyl-2-oxo-ethylcarbamoyl)-4-methyl-thiophen-2-ylmethyl]sulfamoyl}-2-hydroxy-benzoic Acid::Heterocyclic deriv. 69a::Inhibitor 69a,Cc1cc(CNS(=O)(=O)c2ccc(O)c(c2)C(O)=O)sc1C(=O)N[C@@H](CC(O)=O)C=O |r|,
TCGA-97-8171-01,E746_A750del,Exon19,TCGA,TCGA,EGFR,other,deletion,1,1,0,0,0,0,0,1,0,1,279,6-[(4-Hydroxy-3-methyl-benzenesulfonylamino)methyl]-N-[1-(7-methoxy-benzooxazole-2-carbonyl)propyl]nicotinamide::5-{[(5-{[(2S)-3-carboxy-1-(7-methoxy-1,3-benzoxazol-2-yl)-1-oxopropan-2-yl]carbamoyl}pyridin-2-yl)methyl]sulfamoyl}-2-hydroxybenzoic acid::Pyridine Scaffold 61::Inhibitor 61,COc1cccc2nc(oc12)C(=O)[C@H](CC(O)=O)NC(=O)c1ccc(CNS(=O)(=O)c2ccc(O)c(c2)C(O)=O)nc1 |r|
TCGA-97-8171-01,E746_A750del,Exon19,TCGA,TCGA,EGFR,other,deletion,1,1,0,0,0,0,0,1,0,1,13534,VX680::N-[4-[[4-(4-methylpiperazino)-6-[(5-methyl-1H-pyrazol-3-yl)amino]pyrimidin-2-yl]thio]phenyl]cyclopropanecarboxamide::cyclopropane carboxylic acid {4-[4-(4-methyl-piperazin-1-yl)-6-(5-methyl-2H-pyrazol-3-ylamino)-pyrimidin-2ylsulphanyl]-phenyl}-amide::CHEMBL572878::N-[4-({4-[(3-methyl-1H-pyrazol-5-yl)amino]-6-(4-methylpiperazin-1-yl)pyrimidin-2-yl}sulfanyl)phenyl]cyclopropanecarboxamide::VX-680,CN1CCN(CC1)c1cc(Nc2cc(C)n[nH]2)nc(Sc2ccc(NC(=O)C3CC3)cc2)n1,
TCGA-97-8171-01,E746_A750del,Exon19,TCGA,TCGA,EGFR,other,deletion,1,1,0,0,0,0,0,1,0,1,13645,4-amino-3-[2-(2,4-dichlorophenyl)ethoxy]-N-{[1-(pyridin-4-yl)piperidin-4-yl]methyl}benzamide::3-Oxybenzamide 31,Nc1ccc(cc1OCCc1ccc(Cl)cc1Cl)C(=O)NCC1CCN(CC1)c1ccncc1
TCGA-97-8171-01,E746_A750del,Exon19,TCGA,TCGA,EGFR,other,deletion,1,1,0,0,0,0,0,1,0,1,24828,N-[2-(1H-indol-3-yl)ethyl][(naphthalen-2-ylmethyl)sulfanyl]carbothioamide::Brassinin derivative, 16,S=C(NCCc1c[nH]c2ccccc12)SCc1ccc2ccccc2c1
TCGA-97-8172-01,G627*,Other,TCGA,TCGA,EGFR,other,other,0,0,0,0,0,0,1,1,0,0,260,5-{[(5-{[(2S)-1-carboxy-3-oxopropan-2-yl]carbamoyl}-4-methylthiophen-2-yl)methyl]sulfamoyl}-2-hydroxybenzoic acid::(S)-5-{[5-(1-Carboxymethyl-2-oxo-ethylcarbamoyl)-4-methyl-thiophen-2-ylmethyl]sulfamoyl}-2-hydroxy-benzoic Acid::Heterocyclic deriv. 69a::Inhibitor 69a,Cc1cc(CNS(=O)(=O)c2ccc(O)c(c2)C(O)=O)sc1C(=O)N[C@@H](CC(O)=O)C=O |r|,
TCGA-97-8172-01,G627*,Other,TCGA,TCGA,EGFR,other,other,0,0,0,0,0,0,1,1,0,0,279,6-[(4-Hydroxy-3-methyl-benzenesulfonylamino)methyl]-N-[1-(7-methoxy-benzooxazole-2-carbonyl)propyl]nicotinamide::5-{[(5-{[(2S)-3-carboxy-1-(7-methoxy-1,3-benzoxazol-2-yl)-1-oxopropan-2-yl]carbamoyl}pyridin-2-yl)methyl]sulfamoyl}-2-hydroxybenzoic acid::Pyridine Scaffold 61::Inhibitor 61,COc1cccc2nc(oc12)C(=O)[C@H](CC(O)=O)NC(=O)c1ccc(CNS(=O)(=O)c2ccc(O)c(c2)C(O)=O)nc1 |r|
TCGA-97-8172-01,G627*,Other,TCGA,TCGA,EGFR,other,other,0,0,0,0,0,0,1,1,0,0,13534,VX680::N-[4-[[4-(4-methylpiperazino)-6-[(5-methyl-1H-pyrazol-3-yl)amino]pyrimidin-2-yl]thio]phenyl]cyclopropanecarboxamide::cyclopropane carboxylic acid {4-[4-(4-methyl-piperazin-1-yl)-6-(5-methyl-2H-pyrazol-3-ylamino)-pyrimidin-2ylsulphanyl]-phenyl}-amide::CHEMBL572878::N-[4-({4-[(3-methyl-1H-pyrazol-5-yl)amino]-6-(4-methylpiperazin-1-yl)pyrimidin-2-yl}sulfanyl)phenyl]cyclopropanecarboxamide::VX-680,CN1CCN(CC1)c1cc(Nc2cc(C)n[nH]2)nc(Sc2ccc(NC(=O)C3CC3)cc2)n1,
TCGA-97-8172-01,G627*,Other,TCGA,TCGA,EGFR,other,other,0,0,0,0,0,0,1,1,0,0,13645,4-amino-3-[2-(2,4-dichlorophenyl)ethoxy]-N-{[1-(pyridin-4-yl)piperidin-4-yl]methyl}benzamide::3-Oxybenzamide 31,Nc1ccc(cc1OCCc1ccc(Cl)cc1Cl)C(=O)NCC1CCN(CC1)c1ccncc1
TCGA-97-8172-01,G627*,Other,TCGA,TCGA,EGFR,other,other,0,0,0,0,0,0,1,1,0,0,24828,N-[2-(1H-indol-3-yl)ethyl][(naphthalen-2-ylmethyl)sulfanyl]carbothioamide::Brassinin derivative, 16,S=C(NCCc1c[nH]c2ccccc12)SCc1ccc2ccccc2c1
TCGA-97-8177-01,L858R,L858R,TCGA,TCGA,EGFR,L858R,other,0,0,1,0,0,0,0,1,0,1,260,5-{[(5-{[(2S)-1-carboxy-3-oxopropan-2-yl]carbamoyl}-4-methylthiophen-2-yl)methyl]sulfamoyl}-2-hydroxybenzoic acid::(S)-5-{[5-(1-Carboxymethyl-2-oxo-ethylcarbamoyl)-4-methyl-thiophen-2-ylmethyl]sulfamoyl}-2-hydroxy-benzoic Acid::Heterocyclic deriv. 69a::Inhibitor 69a,Cc1cc(CNS(=O)(=O)c2ccc(O)c(c2)C(O)=O)sc1C(=O)N[C@@H](CC(O)=O)C=O |r|,
TCGA-97-8177-01,L858R,L858R,TCGA,TCGA,EGFR,L858R,other,0,0,1,0,0,0,0,1,0,1,279,6-[(4-Hydroxy-3-methyl-benzenesulfonylamino)methyl]-N-[1-(7-methoxy-benzooxazole-2-carbonyl)propyl]nicotinamide::5-{[(5-{[(2S)-3-carboxy-1-(7-methoxy-1,3-benzoxazol-2-yl)-1-oxopropan-2-yl]carbamoyl}pyridin-2-yl)methyl]sulfamoyl}-2-hydroxybenzoic acid::Pyridine Scaffold 61::Inhibitor 61,COc1cccc2nc(oc12)C(=O)[C@H](CC(O)=O)NC(=O)c1ccc(CNS(=O)(=O)c2ccc(O)c(c2)C(O)=O)nc1 |r|
TCGA-97-8177-01,L858R,L858R,TCGA,TCGA,EGFR,L858R,other,0,0,1,0,0,0,0,1,0,1,13534,VX680::N-[4-[[4-(4-methylpiperazino)-6-[(5-methyl-1H-pyrazol-3-yl)amino]pyrimidin-2-yl]thio]phenyl]cyclopropanecarboxamide::cyclopropane carboxylic acid {4-[4-(4-methyl-piperazin-1-yl)-6-(5-methyl-2H-pyrazol-3-ylamino)-pyrimidin-2ylsulphanyl]-phenyl}-amide::CHEMBL572878::N-[4-({4-[(3-methyl-1H-pyrazol-5-yl)amino]-6-(4-methylpiperazin-1-yl)pyrimidin-2-yl}sulfanyl)phenyl]cyclopropanecarboxamide::VX-680,CN1CCN(CC1)c1cc(Nc2cc(C)n[nH]2)nc(Sc2ccc(NC(=O)C3CC3)cc2)n1,
TCGA-97-8177-01,L858R,L858R,TCGA,TCGA,EGFR,L858R,other,0,0,1,0,0,0,0,1,0,1,13645,4-amino-3-[2-(2,4-dichlorophenyl)ethoxy]-N-{[1-(pyridin-4-yl)piperidin-4-yl]methyl}benzamide::3-Oxybenzamide 31,Nc1ccc(cc1OCCc1ccc(Cl)cc1Cl)C(=O)NCC1CCN(CC1)c1ccncc1
TCGA-97-8177-01,L858R,L858R,TCGA,TCGA,EGFR,L858R,other,0,0,1,0,0,0,0,1,0,1,24828,N-[2-(1H-indol-3-yl)ethyl][(naphthalen-2-ylmethyl)sulfanyl]carbothioamide::Brassinin derivative, 16,S=C(NCCc1c[nH]c2ccccc12)SCc1ccc2ccccc2c1
TCGA-97-8547-01,E746_A750del,Exon19,TCGA,TCGA,EGFR,other,deletion,1,1,0,0,0,0,0,1,0,1,260,5-{[(5-{[(2S)-1-carboxy-3-oxopropan-2-yl]carbamoyl}-4-methylthiophen-2-yl)methyl]sulfamoyl}-2-hydroxybenzoic acid::(S)-5-{[5-(1-Carboxymethyl-2-oxo-ethylcarbamoyl)-4-methyl-thiophen-2-ylmethyl]sulfamoyl}-2-hydroxy-benzoic Acid::Heterocyclic deriv. 69a::Inhibitor 69a,Cc1cc(CNS(=O)(=O)c2ccc(O)c(c2)C(O)=O)sc1C(=O)N[C@@H](CC(O)=O)C=O |r|,
TCGA-97-8547-01,E746_A750del,Exon19,TCGA,TCGA,EGFR,other,deletion,1,1,0,0,0,0,0,1,0,1,279,6-[(4-Hydroxy-3-methyl-benzenesulfonylamino)methyl]-N-[1-(7-methoxy-benzooxazole-2-carbonyl)propyl]nicotinamide::5-{[(5-{[(2S)-3-carboxy-1-(7-methoxy-1,3-benzoxazol-2-yl)-1-oxopropan-2-yl]carbamoyl}pyridin-2-yl)methyl]sulfamoyl}-2-hydroxybenzoic acid::Pyridine Scaffold 61::Inhibitor 61,COc1cccc2nc(oc12)C(=O)[C@H](CC(O)=O)NC(=O)c1ccc(CNS(=O)(=O)c2ccc(O)c(c2)C(O)=O)nc1 |r|
TCGA-97-8547-01,E746_A750del,Exon19,TCGA,TCGA,EGFR,other,deletion,1,1,0,0,0,0,0,1,0,1,13534,VX680::N-[4-[[4-(4-methylpiperazino)-6-[(5-methyl-1H-pyrazol-3-yl)amino]pyrimidin-2-yl]thio]phenyl]cyclopropanecarboxamide::cyclopropane carboxylic acid {4-[4-(4-methyl-piperazin-1-yl)-6-(5-methyl-2H-pyrazol-3-ylamino)-pyrimidin-2ylsulphanyl]-phenyl}-amide::CHEMBL572878::N-[4-({4-[(3-methyl-1H-pyrazol-5-yl)amino]-6-(4-methylpiperazin-1-yl)pyrimidin-2-yl}sulfanyl)phenyl]cyclopropanecarboxamide::VX-680,CN1CCN(CC1)c1cc(Nc2cc(C)n[nH]2)nc(Sc2ccc(NC(=O)C3CC3)cc2)n1,
TCGA-97-8547-01,E746_A750del,Exon19,TCGA,TCGA,EGFR,other,deletion,1,1,0,0,0,0,0,1,0,1,13645,4-amino-3-[2-(2,4-dichlorophenyl)ethoxy]-N-{[1-(pyridin-4-yl)piperidin-4-yl]methyl}benzamide::3-Oxybenzamide 31,Nc1ccc(cc1OCCc1ccc(Cl)cc1Cl)C(=O)NCC1CCN(CC1)c1ccncc1
TCGA-97-8547-01,E746_A750del,Exon19,TCGA,TCGA,EGFR,other,deletion,1,1,0,0,0,0,0,1,0,1,24828,N-[2-(1H-indol-3-yl)ethyl][(naphthalen-2-ylmethyl)sulfanyl]carbothioamide::Brassinin derivative, 16,S=C(NCCc1c[nH]c2ccccc12)SCc1ccc2ccccc2c1
TCGA-97-8552-01,E746_A750del,Exon19,TCGA,TCGA,EGFR,other,deletion,1,1,0,0,0,0,0,1,0,1,260,5-{[(5-{[(2S)-1-carboxy-3-oxopropan-2-yl]carbamoyl}-4-methylthiophen-2-yl)methyl]sulfamoyl}-2-hydroxybenzoic acid::(S)-5-{[5-(1-Carboxymethyl-2-oxo-ethylcarbamoyl)-4-methyl-thiophen-2-ylmethyl]sulfamoyl}-2-hydroxy-benzoic Acid::Heterocyclic deriv. 69a::Inhibitor 69a,Cc1cc(CNS(=O)(=O)c2ccc(O)c(c2)C(O)=O)sc1C(=O)N[C@@H](CC(O)=O)C=O |r|,
TCGA-97-8552-01,E746_A750del,Exon19,TCGA,TCGA,EGFR,other,deletion,1,1,0,0,0,0,0,1,0,1,279,6-[(4-Hydroxy-3-methyl-benzenesulfonylamino)methyl]-N-[1-(7-methoxy-benzooxazole-2-carbonyl)propyl]nicotinamide::5-{[(5-{[(2S)-3-carboxy-1-(7-methoxy-1,3-benzoxazol-2-yl)-1-oxopropan-2-yl]carbamoyl}pyridin-2-yl)methyl]sulfamoyl}-2-hydroxybenzoic acid::Pyridine Scaffold 61::Inhibitor 61,COc1cccc2nc(oc12)C(=O)[C@H](CC(O)=O)NC(=O)c1ccc(CNS(=O)(=O)c2ccc(O)c(c2)C(O)=O)nc1 |r|
TCGA-97-8552-01,E746_A750del,Exon19,TCGA,TCGA,EGFR,other,deletion,1,1,0,0,0,0,0,1,0,1,13534,VX680::N-[4-[[4-(4-methylpiperazino)-6-[(5-methyl-1H-pyrazol-3-yl)amino]pyrimidin-2-yl]thio]phenyl]cyclopropanecarboxamide::cyclopropane carboxylic acid {4-[4-(4-methyl-piperazin-1-yl)-6-(5-methyl-2H-pyrazol-3-ylamino)-pyrimidin-2ylsulphanyl]-phenyl}-amide::CHEMBL572878::N-[4-({4-[(3-methyl-1H-pyrazol-5-yl)amino]-6-(4-methylpiperazin-1-yl)pyrimidin-2-yl}sulfanyl)phenyl]cyclopropanecarboxamide::VX-680,CN1CCN(CC1)c1cc(Nc2cc(C)n[nH]2)nc(Sc2ccc(NC(=O)C3CC3)cc2)n1,
TCGA-97-8552-01,E746_A750del,Exon19,TCGA,TCGA,EGFR,other,deletion,1,1,0,0,0,0,0,1,0,1,13645,4-amino-3-[2-(2,4-dichlorophenyl)ethoxy]-N-{[1-(pyridin-4-yl)piperidin-4-yl]methyl}benzamide::3-Oxybenzamide 31,Nc1ccc(cc1OCCc1ccc(Cl)cc1Cl)C(=O)NCC1CCN(CC1)c1ccncc1
TCGA-97-8552-01,E746_A750del,Exon19,TCGA,TCGA,EGFR,other,deletion,1,1,0,0,0,0,0,1,0,1,24828,N-[2-(1H-indol-3-yl)ethyl][(naphthalen-2-ylmethyl)sulfanyl]carbothioamide::Brassinin derivative, 16,S=C(NCCc1c[nH]c2ccccc12)SCc1ccc2ccccc2c1
TCGA-97-A4M1-01,L858R,L858R,TCGA,TCGA,EGFR,L858R,other,0,0,1,0,0,0,0,1,0,1,260,5-{[(5-{[(2S)-1-carboxy-3-oxopropan-2-yl]carbamoyl}-4-methylthiophen-2-yl)methyl]sulfamoyl}-2-hydroxybenzoic acid::(S)-5-{[5-(1-Carboxymethyl-2-oxo-ethylcarbamoyl)-4-methyl-thiophen-2-ylmethyl]sulfamoyl}-2-hydroxy-benzoic Acid::Heterocyclic deriv. 69a::Inhibitor 69a,Cc1cc(CNS(=O)(=O)c2ccc(O)c(c2)C(O)=O)sc1C(=O)N[C@@H](CC(O)=O)C=O |r|,
TCGA-97-A4M1-01,L858R,L858R,TCGA,TCGA,EGFR,L858R,other,0,0,1,0,0,0,0,1,0,1,279,6-[(4-Hydroxy-3-methyl-benzenesulfonylamino)methyl]-N-[1-(7-methoxy-benzooxazole-2-carbonyl)propyl]nicotinamide::5-{[(5-{[(2S)-3-carboxy-1-(7-methoxy-1,3-benzoxazol-2-yl)-1-oxopropan-2-yl]carbamoyl}pyridin-2-yl)methyl]sulfamoyl}-2-hydroxybenzoic acid::Pyridine Scaffold 61::Inhibitor 61,COc1cccc2nc(oc12)C(=O)[C@H](CC(O)=O)NC(=O)c1ccc(CNS(=O)(=O)c2ccc(O)c(c2)C(O)=O)nc1 |r|
TCGA-97-A4M1-01,L858R,L858R,TCGA,TCGA,EGFR,L858R,other,0,0,1,0,0,0,0,1,0,1,13534,VX680::N-[4-[[4-(4-methylpiperazino)-6-[(5-methyl-1H-pyrazol-3-yl)amino]pyrimidin-2-yl]thio]phenyl]cyclopropanecarboxamide::cyclopropane carboxylic acid {4-[4-(4-methyl-piperazin-1-yl)-6-(5-methyl-2H-pyrazol-3-ylamino)-pyrimidin-2ylsulphanyl]-phenyl}-amide::CHEMBL572878::N-[4-({4-[(3-methyl-1H-pyrazol-5-yl)amino]-6-(4-methylpiperazin-1-yl)pyrimidin-2-yl}sulfanyl)phenyl]cyclopropanecarboxamide::VX-680,CN1CCN(CC1)c1cc(Nc2cc(C)n[nH]2)nc(Sc2ccc(NC(=O)C3CC3)cc2)n1,
TCGA-97-A4M1-01,L858R,L858R,TCGA,TCGA,EGFR,L858R,other,0,0,1,0,0,0,0,1,0,1,13645,4-amino-3-[2-(2,4-dichlorophenyl)ethoxy]-N-{[1-(pyridin-4-yl)piperidin-4-yl]methyl}benzamide::3-Oxybenzamide 31,Nc1ccc(cc1OCCc1ccc(Cl)cc1Cl)C(=O)NCC1CCN(CC1)c1ccncc1
TCGA-97-A4M1-01,L858R,L858R,TCGA,TCGA,EGFR,L858R,other,0,0,1,0,0,0,0,1,0,1,24828,N-[2-(1H-indol-3-yl)ethyl][(naphthalen-2-ylmethyl)sulfanyl]carbothioamide::Brassinin derivative, 16,S=C(NCCc1c[nH]c2ccccc12)SCc1ccc2ccccc2c1
TCGA-97-A4M6-01,E746_A750del,Exon19,TCGA,TCGA,EGFR,other,deletion,1,1,0,0,0,0,0,1,0,1,260,5-{[(5-{[(2S)-1-carboxy-3-oxopropan-2-yl]carbamoyl}-4-methylthiophen-2-yl)methyl]sulfamoyl}-2-hydroxybenzoic acid::(S)-5-{[5-(1-Carboxymethyl-2-oxo-ethylcarbamoyl)-4-methyl-thiophen-2-ylmethyl]sulfamoyl}-2-hydroxy-benzoic Acid::Heterocyclic deriv. 69a::Inhibitor 69a,Cc1cc(CNS(=O)(=O)c2ccc(O)c(c2)C(O)=O)sc1C(=O)N[C@@H](CC(O)=O)C=O |r|,
TCGA-97-A4M6-01,E746_A750del,Exon19,TCGA,TCGA,EGFR,other,deletion,1,1,0,0,0,0,0,1,0,1,279,6-[(4-Hydroxy-3-methyl-benzenesulfonylamino)methyl]-N-[1-(7-methoxy-benzooxazole-2-carbonyl)propyl]nicotinamide::5-{[(5-{[(2S)-3-carboxy-1-(7-methoxy-1,3-benzoxazol-2-yl)-1-oxopropan-2-yl]carbamoyl}pyridin-2-yl)methyl]sulfamoyl}-2-hydroxybenzoic acid::Pyridine Scaffold 61::Inhibitor 61,COc1cccc2nc(oc12)C(=O)[C@H](CC(O)=O)NC(=O)c1ccc(CNS(=O)(=O)c2ccc(O)c(c2)C(O)=O)nc1 |r|
TCGA-97-A4M6-01,E746_A750del,Exon19,TCGA,TCGA,EGFR,other,deletion,1,1,0,0,0,0,0,1,0,1,13534,VX680::N-[4-[[4-(4-methylpiperazino)-6-[(5-methyl-1H-pyrazol-3-yl)amino]pyrimidin-2-yl]thio]phenyl]cyclopropanecarboxamide::cyclopropane carboxylic acid {4-[4-(4-methyl-piperazin-1-yl)-6-(5-methyl-2H-pyrazol-3-ylamino)-pyrimidin-2ylsulphanyl]-phenyl}-amide::CHEMBL572878::N-[4-({4-[(3-methyl-1H-pyrazol-5-yl)amino]-6-(4-methylpiperazin-1-yl)pyrimidin-2-yl}sulfanyl)phenyl]cyclopropanecarboxamide::VX-680,CN1CCN(CC1)c1cc(Nc2cc(C)n[nH]2)nc(Sc2ccc(NC(=O)C3CC3)cc2)n1,
TCGA-97-A4M6-01,E746_A750del,Exon19,TCGA,TCGA,EGFR,other,deletion,1,1,0,0,0,0,0,1,0,1,13645,4-amino-3-[2-(2,4-dichlorophenyl)ethoxy]-N-{[1-(pyridin-4-yl)piperidin-4-yl]methyl}benzamide::3-Oxybenzamide 31,Nc1ccc(cc1OCCc1ccc(Cl)cc1Cl)C(=O)NCC1CCN(CC1)c1ccncc1
TCGA-97-A4M6-01,E746_A750del,Exon19,TCGA,TCGA,EGFR,other,deletion,1,1,0,0,0,0,0,1,0,1,24828,N-[2-(1H-indol-3-yl)ethyl][(naphthalen-2-ylmethyl)sulfanyl]carbothioamide::Brassinin derivative, 16,S=C(NCCc1c[nH]c2ccccc12)SCc1ccc2ccccc2c1
TCGA-97-A4M7-01,L858R,L858R,TCGA,TCGA,EGFR,L858R,other,0,0,1,0,0,0,0,1,0,1,260,5-{[(5-{[(2S)-1-carboxy-3-oxopropan-2-yl]carbamoyl}-4-methylthiophen-2-yl)methyl]sulfamoyl}-2-hydroxybenzoic acid::(S)-5-{[5-(1-Carboxymethyl-2-oxo-ethylcarbamoyl)-4-methyl-thiophen-2-ylmethyl]sulfamoyl}-2-hydroxy-benzoic Acid::Heterocyclic deriv. 69a::Inhibitor 69a,Cc1cc(CNS(=O)(=O)c2ccc(O)c(c2)C(O)=O)sc1C(=O)N[C@@H](CC(O)=O)C=O |r|,
TCGA-97-A4M7-01,L858R,L858R,TCGA,TCGA,EGFR,L858R,other,0,0,1,0,0,0,0,1,0,1,279,6-[(4-Hydroxy-3-methyl-benzenesulfonylamino)methyl]-N-[1-(7-methoxy-benzooxazole-2-carbonyl)propyl]nicotinamide::5-{[(5-{[(2S)-3-carboxy-1-(7-methoxy-1,3-benzoxazol-2-yl)-1-oxopropan-2-yl]carbamoyl}pyridin-2-yl)methyl]sulfamoyl}-2-hydroxybenzoic acid::Pyridine Scaffold 61::Inhibitor 61,COc1cccc2nc(oc12)C(=O)[C@H](CC(O)=O)NC(=O)c1ccc(CNS(=O)(=O)c2ccc(O)c(c2)C(O)=O)nc1 |r|
TCGA-97-A4M7-01,L858R,L858R,TCGA,TCGA,EGFR,L858R,other,0,0,1,0,0,0,0,1,0,1,13534,VX680::N-[4-[[4-(4-methylpiperazino)-6-[(5-methyl-1H-pyrazol-3-yl)amino]pyrimidin-2-yl]thio]phenyl]cyclopropanecarboxamide::cyclopropane carboxylic acid {4-[4-(4-methyl-piperazin-1-yl)-6-(5-methyl-2H-pyrazol-3-ylamino)-pyrimidin-2ylsulphanyl]-phenyl}-amide::CHEMBL572878::N-[4-({4-[(3-methyl-1H-pyrazol-5-yl)amino]-6-(4-methylpiperazin-1-yl)pyrimidin-2-yl}sulfanyl)phenyl]cyclopropanecarboxamide::VX-680,CN1CCN(CC1)c1cc(Nc2cc(C)n[nH]2)nc(Sc2ccc(NC(=O)C3CC3)cc2)n1,
TCGA-97-A4M7-01,L858R,L858R,TCGA,TCGA,EGFR,L858R,other,0,0,1,0,0,0,0,1,0,1,13645,4-amino-3-[2-(2,4-dichlorophenyl)ethoxy]-N-{[1-(pyridin-4-yl)piperidin-4-yl]methyl}benzamide::3-Oxybenzamide 31,Nc1ccc(cc1OCCc1ccc(Cl)cc1Cl)C(=O)NCC1CCN(CC1)c1ccncc1
TCGA-97-A4M7-01,L858R,L858R,TCGA,TCGA,EGFR,L858R,other,0,0,1,0,0,0,0,1,0,1,24828,N-[2-(1H-indol-3-yl)ethyl][(naphthalen-2-ylmethyl)sulfanyl]carbothioamide::Brassinin derivative, 16,S=C(NCCc1c[nH]c2ccccc12)SCc1ccc2ccccc2c1
TCGA-J2-8192-01,E746_A750del,Exon19,TCGA,TCGA,EGFR,other,deletion,1,1,0,0,0,0,0,1,0,1,260,5-{[(5-{[(2S)-1-carboxy-3-oxopropan-2-yl]carbamoyl}-4-methylthiophen-2-yl)methyl]sulfamoyl}-2-hydroxybenzoic acid::(S)-5-{[5-(1-Carboxymethyl-2-oxo-ethylcarbamoyl)-4-methyl-thiophen-2-ylmethyl]sulfamoyl}-2-hydroxy-benzoic Acid::Heterocyclic deriv. 69a::Inhibitor 69a,Cc1cc(CNS(=O)(=O)c2ccc(O)c(c2)C(O)=O)sc1C(=O)N[C@@H](CC(O)=O)C=O |r|,
TCGA-J2-8192-01,E746_A750del,Exon19,TCGA,TCGA,EGFR,other,deletion,1,1,0,0,0,0,0,1,0,1,279,6-[(4-Hydroxy-3-methyl-benzenesulfonylamino)methyl]-N-[1-(7-methoxy-benzooxazole-2-carbonyl)propyl]nicotinamide::5-{[(5-{[(2S)-3-carboxy-1-(7-methoxy-1,3-benzoxazol-2-yl)-1-oxopropan-2-yl]carbamoyl}pyridin-2-yl)methyl]sulfamoyl}-2-hydroxybenzoic acid::Pyridine Scaffold 61::Inhibitor 61,COc1cccc2nc(oc12)C(=O)[C@H](CC(O)=O)NC(=O)c1ccc(CNS(=O)(=O)c2ccc(O)c(c2)C(O)=O)nc1 |r|
TCGA-J2-8192-01,E746_A750del,Exon19,TCGA,TCGA,EGFR,other,deletion,1,1,0,0,0,0,0,1,0,1,13534,VX680::N-[4-[[4-(4-methylpiperazino)-6-[(5-methyl-1H-pyrazol-3-yl)amino]pyrimidin-2-yl]thio]phenyl]cyclopropanecarboxamide::cyclopropane carboxylic acid {4-[4-(4-methyl-piperazin-1-yl)-6-(5-methyl-2H-pyrazol-3-ylamino)-pyrimidin-2ylsulphanyl]-phenyl}-amide::CHEMBL572878::N-[4-({4-[(3-methyl-1H-pyrazol-5-yl)amino]-6-(4-methylpiperazin-1-yl)pyrimidin-2-yl}sulfanyl)phenyl]cyclopropanecarboxamide::VX-680,CN1CCN(CC1)c1cc(Nc2cc(C)n[nH]2)nc(Sc2ccc(NC(=O)C3CC3)cc2)n1,
TCGA-J2-8192-01,E746_A750del,Exon19,TCGA,TCGA,EGFR,other,deletion,1,1,0,0,0,0,0,1,0,1,13645,4-amino-3-[2-(2,4-dichlorophenyl)ethoxy]-N-{[1-(pyridin-4-yl)piperidin-4-yl]methyl}benzamide::3-Oxybenzamide 31,Nc1ccc(cc1OCCc1ccc(Cl)cc1Cl)C(=O)NCC1CCN(CC1)c1ccncc1
TCGA-J2-8192-01,E746_A750del,Exon19,TCGA,TCGA,EGFR,other,deletion,1,1,0,0,0,0,0,1,0,1,24828,N-[2-(1H-indol-3-yl)ethyl][(naphthalen-2-ylmethyl)sulfanyl]carbothioamide::Brassinin derivative, 16,S=C(NCCc1c[nH]c2ccccc12)SCc1ccc2ccccc2c1
TCGA-L9-A50W-01,L858R T790M,L858R,TCGA,TCGA,EGFR,L858R,other,0,0,1,0,0,0,1,2,1,1,260,5-{[(5-{[(2S)-1-carboxy-3-oxopropan-2-yl]carbamoyl}-4-methylthiophen-2-yl)methyl]sulfamoyl}-2-hydroxybenzoic acid::(S)-5-{[5-(1-Carboxymethyl-2-oxo-ethylcarbamoyl)-4-methyl-thiophen-2-ylmethyl]sulfamoyl}-2-hydroxy-benzoic Acid::Heterocyclic deriv. 69a::Inhibitor 69a,Cc1cc(CNS(=O)(=O)c2ccc(O)c(c2)C(O)=O)sc1C(=O)N[C@@H](CC(O)=O)C=O |r|,
TCGA-L9-A50W-01,L858R T790M,L858R,TCGA,TCGA,EGFR,L858R,other,0,0,1,0,0,0,1,2,1,1,279,6-[(4-Hydroxy-3-methyl-benzenesulfonylamino)methyl]-N-[1-(7-methoxy-benzooxazole-2-carbonyl)propyl]nicotinamide::5-{[(5-{[(2S)-3-carboxy-1-(7-methoxy-1,3-benzoxazol-2-yl)-1-oxopropan-2-yl]carbamoyl}pyridin-2-yl)methyl]sulfamoyl}-2-hydroxybenzoic acid::Pyridine Scaffold 61::Inhibitor 61,COc1cccc2nc(oc12)C(=O)[C@H](CC(O)=O)NC(=O)c1ccc(CNS(=O)(=O)c2ccc(O)c(c2)C(O)=O)nc1 |r|
TCGA-L9-A50W-01,L858R T790M,L858R,TCGA,TCGA,EGFR,L858R,other,0,0,1,0,0,0,1,2,1,1,13534,VX680::N-[4-[[4-(4-methylpiperazino)-6-[(5-methyl-1H-pyrazol-3-yl)amino]pyrimidin-2-yl]thio]phenyl]cyclopropanecarboxamide::cyclopropane carboxylic acid {4-[4-(4-methyl-piperazin-1-yl)-6-(5-methyl-2H-pyrazol-3-ylamino)-pyrimidin-2ylsulphanyl]-phenyl}-amide::CHEMBL572878::N-[4-({4-[(3-methyl-1H-pyrazol-5-yl)amino]-6-(4-methylpiperazin-1-yl)pyrimidin-2-yl}sulfanyl)phenyl]cyclopropanecarboxamide::VX-680,CN1CCN(CC1)c1cc(Nc2cc(C)n[nH]2)nc(Sc2ccc(NC(=O)C3CC3)cc2)n1,
TCGA-L9-A50W-01,L858R T790M,L858R,TCGA,TCGA,EGFR,L858R,other,0,0,1,0,0,0,1,2,1,1,13645,4-amino-3-[2-(2,4-dichlorophenyl)ethoxy]-N-{[1-(pyridin-4-yl)piperidin-4-yl]methyl}benzamide::3-Oxybenzamide 31,Nc1ccc(cc1OCCc1ccc(Cl)cc1Cl)C(=O)NCC1CCN(CC1)c1ccncc1
TCGA-L9-A50W-01,L858R T790M,L858R,TCGA,TCGA,EGFR,L858R,other,0,0,1,0,0,0,1,2,1,1,24828,N-[2-(1H-indol-3-yl)ethyl][(naphthalen-2-ylmethyl)sulfanyl]carbothioamide::Brassinin derivative, 16,S=C(NCCc1c[nH]c2ccccc12)SCc1ccc2ccccc2c1
TCGA-MP-A4SW-01,L858R,L858R,TCGA,TCGA,EGFR,L858R,other,0,0,1,0,0,0,0,1,0,1,260,5-{[(5-{[(2S)-1-carboxy-3-oxopropan-2-yl]carbamoyl}-4-methylthiophen-2-yl)methyl]sulfamoyl}-2-hydroxybenzoic acid::(S)-5-{[5-(1-Carboxymethyl-2-oxo-ethylcarbamoyl)-4-methyl-thiophen-2-ylmethyl]sulfamoyl}-2-hydroxy-benzoic Acid::Heterocyclic deriv. 69a::Inhibitor 69a,Cc1cc(CNS(=O)(=O)c2ccc(O)c(c2)C(O)=O)sc1C(=O)N[C@@H](CC(O)=O)C=O |r|,
TCGA-MP-A4SW-01,L858R,L858R,TCGA,TCGA,EGFR,L858R,other,0,0,1,0,0,0,0,1,0,1,279,6-[(4-Hydroxy-3-methyl-benzenesulfonylamino)methyl]-N-[1-(7-methoxy-benzooxazole-2-carbonyl)propyl]nicotinamide::5-{[(5-{[(2S)-3-carboxy-1-(7-methoxy-1,3-benzoxazol-2-yl)-1-oxopropan-2-yl]carbamoyl}pyridin-2-yl)methyl]sulfamoyl}-2-hydroxybenzoic acid::Pyridine Scaffold 61::Inhibitor 61,COc1cccc2nc(oc12)C(=O)[C@H](CC(O)=O)NC(=O)c1ccc(CNS(=O)(=O)c2ccc(O)c(c2)C(O)=O)nc1 |r|
TCGA-MP-A4SW-01,L858R,L858R,TCGA,TCGA,EGFR,L858R,other,0,0,1,0,0,0,0,1,0,1,13534,VX680::N-[4-[[4-(4-methylpiperazino)-6-[(5-methyl-1H-pyrazol-3-yl)amino]pyrimidin-2-yl]thio]phenyl]cyclopropanecarboxamide::cyclopropane carboxylic acid {4-[4-(4-methyl-piperazin-1-yl)-6-(5-methyl-2H-pyrazol-3-ylamino)-pyrimidin-2ylsulphanyl]-phenyl}-amide::CHEMBL572878::N-[4-({4-[(3-methyl-1H-pyrazol-5-yl)amino]-6-(4-methylpiperazin-1-yl)pyrimidin-2-yl}sulfanyl)phenyl]cyclopropanecarboxamide::VX-680,CN1CCN(CC1)c1cc(Nc2cc(C)n[nH]2)nc(Sc2ccc(NC(=O)C3CC3)cc2)n1,
TCGA-MP-A4SW-01,L858R,L858R,TCGA,TCGA,EGFR,L858R,other,0,0,1,0,0,0,0,1,0,1,13645,4-amino-3-[2-(2,4-dichlorophenyl)ethoxy]-N-{[1-(pyridin-4-yl)piperidin-4-yl]methyl}benzamide::3-Oxybenzamide 31,Nc1ccc(cc1OCCc1ccc(Cl)cc1Cl)C(=O)NCC1CCN(CC1)c1ccncc1
TCGA-MP-A4SW-01,L858R,L858R,TCGA,TCGA,EGFR,L858R,other,0,0,1,0,0,0,0,1,0,1,24828,N-[2-(1H-indol-3-yl)ethyl][(naphthalen-2-ylmethyl)sulfanyl]carbothioamide::Brassinin derivative, 16,S=C(NCCc1c[nH]c2ccccc12)SCc1ccc2ccccc2c1
TCGA-MP-A4T6-01,L747_A750delinsP,Exon19,TCGA,TCGA,EGFR,other,deletion,1,1,0,0,0,0,0,1,0,1,260,5-{[(5-{[(2S)-1-carboxy-3-oxopropan-2-yl]carbamoyl}-4-methylthiophen-2-yl)methyl]sulfamoyl}-2-hydroxybenzoic acid::(S)-5-{[5-(1-Carboxymethyl-2-oxo-ethylcarbamoyl)-4-methyl-thiophen-2-ylmethyl]sulfamoyl}-2-hydroxy-benzoic Acid::Heterocyclic deriv. 69a::Inhibitor 69a,Cc1cc(CNS(=O)(=O)c2ccc(O)c(c2)C(O)=O)sc1C(=O)N[C@@H](CC(O)=O)C=O |r|,
TCGA-MP-A4T6-01,L747_A750delinsP,Exon19,TCGA,TCGA,EGFR,other,deletion,1,1,0,0,0,0,0,1,0,1,279,6-[(4-Hydroxy-3-methyl-benzenesulfonylamino)methyl]-N-[1-(7-methoxy-benzooxazole-2-carbonyl)propyl]nicotinamide::5-{[(5-{[(2S)-3-carboxy-1-(7-methoxy-1,3-benzoxazol-2-yl)-1-oxopropan-2-yl]carbamoyl}pyridin-2-yl)methyl]sulfamoyl}-2-hydroxybenzoic acid::Pyridine Scaffold 61::Inhibitor 61,COc1cccc2nc(oc12)C(=O)[C@H](CC(O)=O)NC(=O)c1ccc(CNS(=O)(=O)c2ccc(O)c(c2)C(O)=O)nc1 |r|
TCGA-MP-A4T6-01,L747_A750delinsP,Exon19,TCGA,TCGA,EGFR,other,deletion,1,1,0,0,0,0,0,1,0,1,13534,VX680::N-[4-[[4-(4-methylpiperazino)-6-[(5-methyl-1H-pyrazol-3-yl)amino]pyrimidin-2-yl]thio]phenyl]cyclopropanecarboxamide::cyclopropane carboxylic acid {4-[4-(4-methyl-piperazin-1-yl)-6-(5-methyl-2H-pyrazol-3-ylamino)-pyrimidin-2ylsulphanyl]-phenyl}-amide::CHEMBL572878::N-[4-({4-[(3-methyl-1H-pyrazol-5-yl)amino]-6-(4-methylpiperazin-1-yl)pyrimidin-2-yl}sulfanyl)phenyl]cyclopropanecarboxamide::VX-680,CN1CCN(CC1)c1cc(Nc2cc(C)n[nH]2)nc(Sc2ccc(NC(=O)C3CC3)cc2)n1,
TCGA-MP-A4T6-01,L747_A750delinsP,Exon19,TCGA,TCGA,EGFR,other,deletion,1,1,0,0,0,0,0,1,0,1,13645,4-amino-3-[2-(2,4-dichlorophenyl)ethoxy]-N-{[1-(pyridin-4-yl)piperidin-4-yl]methyl}benzamide::3-Oxybenzamide 31,Nc1ccc(cc1OCCc1ccc(Cl)cc1Cl)C(=O)NCC1CCN(CC1)c1ccncc1
TCGA-MP-A4T6-01,L747_A750delinsP,Exon19,TCGA,TCGA,EGFR,other,deletion,1,1,0,0,0,0,0,1,0,1,24828,N-[2-(1H-indol-3-yl)ethyl][(naphthalen-2-ylmethyl)sulfanyl]carbothioamide::Brassinin derivative, 16,S=C(NCCc1c[nH]c2ccccc12)SCc1ccc2ccccc2c1
TCGA-MP-A4T9-01,L858R,L858R,TCGA,TCGA,EGFR,L858R,other,0,0,1,0,0,0,0,1,0,1,260,5-{[(5-{[(2S)-1-carboxy-3-oxopropan-2-yl]carbamoyl}-4-methylthiophen-2-yl)methyl]sulfamoyl}-2-hydroxybenzoic acid::(S)-5-{[5-(1-Carboxymethyl-2-oxo-ethylcarbamoyl)-4-methyl-thiophen-2-ylmethyl]sulfamoyl}-2-hydroxy-benzoic Acid::Heterocyclic deriv. 69a::Inhibitor 69a,Cc1cc(CNS(=O)(=O)c2ccc(O)c(c2)C(O)=O)sc1C(=O)N[C@@H](CC(O)=O)C=O |r|,
TCGA-MP-A4T9-01,L858R,L858R,TCGA,TCGA,EGFR,L858R,other,0,0,1,0,0,0,0,1,0,1,279,6-[(4-Hydroxy-3-methyl-benzenesulfonylamino)methyl]-N-[1-(7-methoxy-benzooxazole-2-carbonyl)propyl]nicotinamide::5-{[(5-{[(2S)-3-carboxy-1-(7-methoxy-1,3-benzoxazol-2-yl)-1-oxopropan-2-yl]carbamoyl}pyridin-2-yl)methyl]sulfamoyl}-2-hydroxybenzoic acid::Pyridine Scaffold 61::Inhibitor 61,COc1cccc2nc(oc12)C(=O)[C@H](CC(O)=O)NC(=O)c1ccc(CNS(=O)(=O)c2ccc(O)c(c2)C(O)=O)nc1 |r|
TCGA-MP-A4T9-01,L858R,L858R,TCGA,TCGA,EGFR,L858R,other,0,0,1,0,0,0,0,1,0,1,13534,VX680::N-[4-[[4-(4-methylpiperazino)-6-[(5-methyl-1H-pyrazol-3-yl)amino]pyrimidin-2-yl]thio]phenyl]cyclopropanecarboxamide::cyclopropane carboxylic acid {4-[4-(4-methyl-piperazin-1-yl)-6-(5-methyl-2H-pyrazol-3-ylamino)-pyrimidin-2ylsulphanyl]-phenyl}-amide::CHEMBL572878::N-[4-({4-[(3-methyl-1H-pyrazol-5-yl)amino]-6-(4-methylpiperazin-1-yl)pyrimidin-2-yl}sulfanyl)phenyl]cyclopropanecarboxamide::VX-680,CN1CCN(CC1)c1cc(Nc2cc(C)n[nH]2)nc(Sc2ccc(NC(=O)C3CC3)cc2)n1,
TCGA-MP-A4T9-01,L858R,L858R,TCGA,TCGA,EGFR,L858R,other,0,0,1,0,0,0,0,1,0,1,13645,4-amino-3-[2-(2,4-dichlorophenyl)ethoxy]-N-{[1-(pyridin-4-yl)piperidin-4-yl]methyl}benzamide::3-Oxybenzamide 31,Nc1ccc(cc1OCCc1ccc(Cl)cc1Cl)C(=O)NCC1CCN(CC1)c1ccncc1
TCGA-MP-A4T9-01,L858R,L858R,TCGA,TCGA,EGFR,L858R,other,0,0,1,0,0,0,0,1,0,1,24828,N-[2-(1H-indol-3-yl)ethyl][(naphthalen-2-ylmethyl)sulfanyl]carbothioamide::Brassinin derivative, 16,S=C(NCCc1c[nH]c2ccccc12)SCc1ccc2ccccc2c1
